Command line invocation:
    /Applications/Xcode_26.6.app/Contents/Developer/usr/bin/xcodebuild -project RedPen.xcodeproj -scheme RedPen -configuration Debug -destination id=22452A91-4697-4369-8812-53ADB77EB73B -derivedDataPath build -skipMacroValidation -skipPackagePluginValidation SWIFT_ENABLE_EXPLICIT_MODULES=NO CLANG_ENABLE_EXPLICIT_MODULES=NO CODE_SIGNING_ALLOWED=NO build

Build settings from command line:
    CLANG_ENABLE_EXPLICIT_MODULES = NO
    CODE_SIGNING_ALLOWED = NO
    SWIFT_ENABLE_EXPLICIT_MODULES = NO

Resolve Package Graph

Fetching from https://github.com/tattn/LocalLLMClient.git

Fetching from https://github.com/huggingface/swift-transformers

Fetching from https://github.com/ml-explore/mlx-swift-lm

Fetching from https://github.com/huggingface/swift-jinja

Fetching from https://github.com/swiftlang/swift-syntax

Fetching from https://github.com/ml-explore/mlx-swift

Fetching from https://github.com/apple/swift-numerics

Fetching from https://github.com/apple/swift-collections.git

Fetching from https://github.com/apple/swift-crypto.git

Fetching from https://github.com/huggingface/swift-huggingface.git

Fetching from https://github.com/ibireme/yyjson.git

Fetching from https://github.com/mattt/EventSource.git

Fetching from https://github.com/apple/swift-asn1.git

Creating working copy of package ‘mlx-swift’

Checking out 0.32.3 of package ‘mlx-swift’

Creating working copy of package ‘swift-numerics’

Checking out 1.1.1 of package ‘swift-numerics’

Creating working copy of package ‘swift-transformers’

Checking out 1.3.4 of package ‘swift-transformers’

Creating working copy of package ‘LocalLLMClient’

Checking out b68f71244baf308469a190cce4f54edf2fde4887 of package ‘LocalLLMClient’

Creating working copy of package ‘mlx-swift-lm’

Checking out 3.32.3 of package ‘mlx-swift-lm’

Creating working copy of package ‘EventSource’

Checking out 1.5.1 of package ‘EventSource’

Creating working copy of package ‘swift-jinja’

Checking out 2.5.1 of package ‘swift-jinja’

Creating working copy of package ‘swift-syntax’

Checking out 603.0.2 of package ‘swift-syntax’

Creating working copy of package ‘yyjson’

Checking out 0.12.0 of package ‘yyjson’

Creating working copy of package ‘swift-collections’

Checking out 1.7.2 of package ‘swift-collections’

Creating working copy of package ‘swift-huggingface’

Checking out 0.13.0 of package ‘swift-huggingface’

Creating working copy of package ‘swift-crypto’

Checking out 4.5.2 of package ‘swift-crypto’

Creating working copy of package ‘swift-asn1’

Checking out 1.7.3 of package ‘swift-asn1’

Downloading package prebuilt https://download.swift.org/prebuilts/swift-syntax/603.0.2/swiftlang-6.3.3.1.3-macosx26.5-MacroSupport.zip


Resolved source packages:
  swift-collections: https://github.com/apple/swift-collections.git @ 1.7.2
  LocalLLMClient: https://github.com/tattn/LocalLLMClient.git @ b68f712
  swift-syntax: https://github.com/swiftlang/swift-syntax @ 603.0.2
  yyjson: https://github.com/ibireme/yyjson.git @ 0.12.0
  swift-huggingface: https://github.com/huggingface/swift-huggingface.git @ 0.13.0
  swift-crypto: https://github.com/apple/swift-crypto.git @ 4.5.2
  swift-transformers: https://github.com/huggingface/swift-transformers @ 1.3.4
  mlx-swift: https://github.com/ml-explore/mlx-swift @ 0.32.3
  swift-numerics: https://github.com/apple/swift-numerics @ 1.1.1
  mlx-swift-lm: https://github.com/ml-explore/mlx-swift-lm @ 3.32.3
  Jinja: https://github.com/huggingface/swift-jinja @ 2.5.1
  swift-asn1: https://github.com/apple/swift-asn1.git @ 1.7.3
  EventSource: https://github.com/mattt/EventSource.git @ 1.5.1

--- xcodebuild: WARNING: Using the first of multiple matching destinations:
{ platform:iOS Simulator, arch:arm64, id:22452A91-4697-4369-8812-53ADB77EB73B, OS:26.5, name:iPhone 17 Pro }
{ platform:iOS Simulator, arch:x86_64, id:22452A91-4697-4369-8812-53ADB77EB73B, OS:26.5, name:iPhone 17 Pro }
ComputePackagePrebuildTargetDependencyGraph

Prepare packages

CreateBuildRequest

SendProjectDescription

CreateBuildOperation

ComputeTargetDependencyGraph
note: Building targets in dependency order
note: Target dependency graph (17 targets)
    Target 'RedPen' in project 'RedPen'
        ➜ Explicit dependency on target 'StethoscoreWidgets' in project 'RedPen'
        ➜ Explicit dependency on target 'LocalLLMClient' in project 'LocalLLMClient'
        ➜ Explicit dependency on target 'LocalLLMClientLlama' in project 'LocalLLMClient'
    Target 'LocalLLMClientLlama' in project 'LocalLLMClient'
        ➜ Explicit dependency on target 'LocalLLMClientLlama' in project 'LocalLLMClient'
        ➜ Explicit dependency on target 'LocalLLMClient_LocalLLMClientLlama' in project 'LocalLLMClient'
        ➜ Explicit dependency on target 'LocalLLMClientUtility' in project 'LocalLLMClient'
        ➜ Explicit dependency on target 'LocalLLMClientCore' in project 'LocalLLMClient'
        ➜ Explicit dependency on target 'LocalLLMClientLlamaC' in project 'LocalLLMClient'
        ➜ Explicit dependency on target 'Jinja' in project 'Jinja'
    Target 'LocalLLMClientLlama' in project 'LocalLLMClient'
        ➜ Explicit dependency on target 'LocalLLMClient_LocalLLMClientLlama' in project 'LocalLLMClient'
        ➜ Explicit dependency on target 'LocalLLMClientUtility' in project 'LocalLLMClient'
        ➜ Explicit dependency on target 'LocalLLMClientCore' in project 'LocalLLMClient'
        ➜ Explicit dependency on target 'LocalLLMClientLlamaC' in project 'LocalLLMClient'
        ➜ Explicit dependency on target 'Jinja' in project 'Jinja'
    Target 'LocalLLMClientLlamaC' in project 'LocalLLMClient' (no dependencies)
    Target 'LocalLLMClient_LocalLLMClientLlama' in project 'LocalLLMClient' (no dependencies)
    Target 'LocalLLMClient' in project 'LocalLLMClient'
        ➜ Explicit dependency on target 'LocalLLMClient' in project 'LocalLLMClient'
        ➜ Explicit dependency on target 'LocalLLMClientUtility' in project 'LocalLLMClient'
        ➜ Explicit dependency on target 'LocalLLMClientCore' in project 'LocalLLMClient'
        ➜ Explicit dependency on target 'LocalLLMClientMacrosPlugin' in project 'LocalLLMClient'
        ➜ Explicit dependency on target 'LocalLLMClientMacros' in project 'LocalLLMClient'
        ➜ Explicit dependency on target 'Jinja' in project 'Jinja'
    Target 'LocalLLMClient' in project 'LocalLLMClient'
        ➜ Explicit dependency on target 'LocalLLMClientUtility' in project 'LocalLLMClient'
        ➜ Explicit dependency on target 'LocalLLMClientCore' in project 'LocalLLMClient'
        ➜ Explicit dependency on target 'LocalLLMClientMacrosPlugin' in project 'LocalLLMClient'
        ➜ Explicit dependency on target 'LocalLLMClientMacros' in project 'LocalLLMClient'
        ➜ Explicit dependency on target 'Jinja' in project 'Jinja'
    Target 'LocalLLMClientMacros' in project 'LocalLLMClient'
        ➜ Explicit dependency on target 'LocalLLMClientMacrosPlugin' in project 'LocalLLMClient'
        ➜ Explicit dependency on target 'LocalLLMClientUtility' in project 'LocalLLMClient'
        ➜ Explicit dependency on target 'LocalLLMClientCore' in project 'LocalLLMClient'
        ➜ Explicit dependency on target 'Jinja' in project 'Jinja'
    Target 'LocalLLMClientMacrosPlugin' in project 'LocalLLMClient' (no dependencies)
    Target 'LocalLLMClientCore' in project 'LocalLLMClient'
        ➜ Explicit dependency on target 'LocalLLMClientUtility' in project 'LocalLLMClient'
        ➜ Explicit dependency on target 'Jinja' in project 'Jinja'
    Target 'Jinja' in project 'Jinja'
        ➜ Explicit dependency on target 'Jinja' in project 'Jinja'
        ➜ Explicit dependency on target 'OrderedCollections' in project 'swift-collections'
    Target 'Jinja' in project 'Jinja'
        ➜ Explicit dependency on target 'OrderedCollections' in project 'swift-collections'
    Target 'OrderedCollections' in project 'swift-collections'
        ➜ Explicit dependency on target 'OrderedCollections' in project 'swift-collections'
        ➜ Explicit dependency on target 'InternalCollectionsUtilities' in project 'swift-collections'
    Target 'OrderedCollections' in project 'swift-collections'
        ➜ Explicit dependency on target 'InternalCollectionsUtilities' in project 'swift-collections'
    Target 'InternalCollectionsUtilities' in project 'swift-collections' (no dependencies)
    Target 'LocalLLMClientUtility' in project 'LocalLLMClient' (no dependencies)
    Target 'StethoscoreWidgets' in project 'RedPen' (no dependencies)

GatherProvisioningInputs

CreateBuildDescription

ExecuteExternalTool /Applications/Xcode_26.6.app/Contents/Developer/Toolchains/XcodeDefault.xctoolchain/usr/bin/swiftc --version

ExecuteExternalTool /Applications/Xcode_26.6.app/Contents/Developer/Toolchains/XcodeDefault.xctoolchain/usr/bin/clang -v -E -dM -arch arm64 -isysroot /Applications/Xcode_26.6.app/Contents/Developer/Platforms/iPhoneSimulator.platform/Developer/SDKs/iPhoneSimulator26.5.sdk -x c++ -c /dev/null

ExecuteExternalTool /Applications/Xcode_26.6.app/Contents/Developer/usr/bin/xcstringstool compile --dry-run --output-directory /Users/runner/work/red-pen-ios/red-pen-ios/ios/build/Build/Intermediates.noindex/RedPen.build/Debug-iphonesimulator/RedPen.build /Users/runner/work/red-pen-ios/red-pen-ios/ios/RedPen/Resources/Localizable.xcstrings

ExecuteExternalTool /Applications/Xcode_26.6.app/Contents/Developer/Toolchains/XcodeDefault.xctoolchain/usr/bin/clang -v -E -dM -isysroot /Applications/Xcode_26.6.app/Contents/Developer/Platforms/iPhoneSimulator.platform/Developer/SDKs/iPhoneSimulator26.5.sdk -x c -c /dev/null

ExecuteExternalTool /Applications/Xcode_26.6.app/Contents/Developer/usr/bin/actool --print-asset-tag-combinations --output-format xml1 /Users/runner/work/red-pen-ios/red-pen-ios/ios/AppResources/AppIcon.icon /Users/runner/work/red-pen-ios/red-pen-ios/ios/RedPen/Assets.xcassets

ExecuteExternalTool /Applications/Xcode_26.6.app/Contents/Developer/Toolchains/XcodeDefault.xctoolchain/usr/bin/clang -v -E -dM -arch arm64 -isysroot /Applications/Xcode_26.6.app/Contents/Developer/Platforms/iPhoneSimulator.platform/Developer/SDKs/iPhoneSimulator26.5.sdk -x c -c /dev/null

ExecuteExternalTool /Applications/Xcode_26.6.app/Contents/Developer/Toolchains/XcodeDefault.xctoolchain/usr/bin/clang -v -E -dM -isysroot /Applications/Xcode_26.6.app/Contents/Developer/Platforms/MacOSX.platform/Developer/SDKs/MacOSX26.5.sdk -x c -c /dev/null

ExecuteExternalTool /Applications/Xcode_26.6.app/Contents/Developer/Toolchains/XcodeDefault.xctoolchain/usr/bin/ld -version_details

ReadFileContents /Applications/Xcode_26.6.app/Contents/Developer/Toolchains/XcodeDefault.xctoolchain/usr/share/docc/features.json

ExecuteExternalTool /Applications/Xcode_26.6.app/Contents/Developer/usr/bin/actool --version --output-format xml1

Build description signature: 42f7d09437be204a4d2d261162353f17
Build description path: /Users/runner/work/red-pen-ios/red-pen-ios/ios/build/Build/Intermediates.noindex/XCBuildData/42f7d09437be204a4d2d261162353f17.xcbuilddata
ClangStatCache /Applications/Xcode_26.6.app/Contents/Developer/Toolchains/XcodeDefault.xctoolchain/usr/bin/clang-stat-cache /Applications/Xcode_26.6.app/Contents/Developer/Platforms/iPhoneSimulator.platform/Developer/SDKs/iPhoneSimulator26.5.sdk /Users/runner/work/red-pen-ios/red-pen-ios/ios/build/SDKStatCaches.noindex/iphonesimulator26.5-23F81a-688ef53f1462e2c8f657fdc38a81448ff45c64a1807a658693f2a61704f17a36.sdkstatcache
    cd /Users/runner/work/red-pen-ios/red-pen-ios/ios/RedPen.xcodeproj
    /Applications/Xcode_26.6.app/Contents/Developer/Toolchains/XcodeDefault.xctoolchain/usr/bin/clang-stat-cache /Applications/Xcode_26.6.app/Contents/Developer/Platforms/iPhoneSimulator.platform/Developer/SDKs/iPhoneSimulator26.5.sdk -o /Users/runner/work/red-pen-ios/red-pen-ios/ios/build/SDKStatCaches.noindex/iphonesimulator26.5-23F81a-688ef53f1462e2c8f657fdc38a81448ff45c64a1807a658693f2a61704f17a36.sdkstatcache

ClangStatCache /Applications/Xcode_26.6.app/Contents/Developer/Toolchains/XcodeDefault.xctoolchain/usr/bin/clang-stat-cache /Applications/Xcode_26.6.app/Contents/Developer/Platforms/MacOSX.platform/Developer/SDKs/MacOSX26.5.sdk /Users/runner/work/red-pen-ios/red-pen-ios/ios/build/SDKStatCaches.noindex/macosx26.5-25F70-688ef53f1462e2c8f657fdc38a81448fee0e6409aa6676c5e6c013d148225433.sdkstatcache
    cd /Users/runner/work/red-pen-ios/red-pen-ios/ios/RedPen.xcodeproj
    /Applications/Xcode_26.6.app/Contents/Developer/Toolchains/XcodeDefault.xctoolchain/usr/bin/clang-stat-cache /Applications/Xcode_26.6.app/Contents/Developer/Platforms/MacOSX.platform/Developer/SDKs/MacOSX26.5.sdk -o /Users/runner/work/red-pen-ios/red-pen-ios/ios/build/SDKStatCaches.noindex/macosx26.5-25F70-688ef53f1462e2c8f657fdc38a81448fee0e6409aa6676c5e6c013d148225433.sdkstatcache

CreateBuildDirectory /Users/runner/work/red-pen-ios/red-pen-ios/ios/build/Build/Products
    cd /Users/runner/work/red-pen-ios/red-pen-ios/ios/RedPen.xcodeproj
    builtin-create-build-directory /Users/runner/work/red-pen-ios/red-pen-ios/ios/build/Build/Products

CreateBuildDirectory /Users/runner/work/red-pen-ios/red-pen-ios/ios/build/Build/Intermediates.noindex
    cd /Users/runner/work/red-pen-ios/red-pen-ios/ios/RedPen.xcodeproj
    builtin-create-build-directory /Users/runner/work/red-pen-ios/red-pen-ios/ios/build/Build/Intermediates.noindex

WriteAuxiliaryFile /Users/runner/work/red-pen-ios/red-pen-ios/ios/build/Build/Intermediates.noindex/RedPen.build/Debug-iphonesimulator/RedPen-599707e14dd5256a6604c828c0c573bf-VFS-iphonesimulator/all-product-headers.yaml
    cd /Users/runner/work/red-pen-ios/red-pen-ios/ios/RedPen.xcodeproj
    write-file /Users/runner/work/red-pen-ios/red-pen-ios/ios/build/Build/Intermediates.noindex/RedPen.build/Debug-iphonesimulator/RedPen-599707e14dd5256a6604c828c0c573bf-VFS-iphonesimulator/all-product-headers.yaml

CreateBuildDirectory /Users/runner/work/red-pen-ios/red-pen-ios/ios/build/Build/Products/Debug-iphonesimulator
    cd /Users/runner/work/red-pen-ios/red-pen-ios/ios/RedPen.xcodeproj
    builtin-create-build-directory /Users/runner/work/red-pen-ios/red-pen-ios/ios/build/Build/Products/Debug-iphonesimulator

CreateBuildDirectory /Users/runner/work/red-pen-ios/red-pen-ios/ios/build/Build/Products/Debug
    cd /Users/runner/work/red-pen-ios/red-pen-ios/ios/RedPen.xcodeproj
    builtin-create-build-directory /Users/runner/work/red-pen-ios/red-pen-ios/ios/build/Build/Products/Debug

CreateBuildDirectory /Users/runner/work/red-pen-ios/red-pen-ios/ios/build/Build/Intermediates.noindex/SwiftExplicitPrecompiledModules
    cd /Users/runner/work/red-pen-ios/red-pen-ios/ios/RedPen.xcodeproj
    builtin-create-build-directory /Users/runner/work/red-pen-ios/red-pen-ios/ios/build/Build/Intermediates.noindex/SwiftExplicitPrecompiledModules

CreateBuildDirectory /Users/runner/work/red-pen-ios/red-pen-ios/ios/build/Build/Intermediates.noindex/ExplicitPrecompiledModules
    cd /Users/runner/work/red-pen-ios/red-pen-ios/ios/RedPen.xcodeproj
    builtin-create-build-directory /Users/runner/work/red-pen-ios/red-pen-ios/ios/build/Build/Intermediates.noindex/ExplicitPrecompiledModules

CreateBuildDirectory /Users/runner/work/red-pen-ios/red-pen-ios/ios/build/Build/Intermediates.noindex/EagerLinkingTBDs/Debug-iphonesimulator
    cd /Users/runner/work/red-pen-ios/red-pen-ios/ios/RedPen.xcodeproj
    builtin-create-build-directory /Users/runner/work/red-pen-ios/red-pen-ios/ios/build/Build/Intermediates.noindex/EagerLinkingTBDs/Debug-iphonesimulator

CreateBuildDirectory /Users/runner/work/red-pen-ios/red-pen-ios/ios/build/Build/Products/Debug/PackageFrameworks
    cd /Users/runner/work/red-pen-ios/red-pen-ios/ios/RedPen.xcodeproj
    builtin-create-build-directory /Users/runner/work/red-pen-ios/red-pen-ios/ios/build/Build/Products/Debug/PackageFrameworks

WriteAuxiliaryFile /Users/runner/work/red-pen-ios/red-pen-ios/ios/build/Build/Intermediates.noindex/RedPen.build/Debug-iphonesimulator/StethoscoreWidgets.build/StethoscoreWidgets.hmap (in target 'StethoscoreWidgets' from project 'RedPen')
    cd /Users/runner/work/red-pen-ios/red-pen-ios/ios
    write-file /Users/runner/work/red-pen-ios/red-pen-ios/ios/build/Build/Intermediates.noindex/RedPen.build/Debug-iphonesimulator/StethoscoreWidgets.build/StethoscoreWidgets.hmap

WriteAuxiliaryFile /Users/runner/work/red-pen-ios/red-pen-ios/ios/build/Build/Intermediates.noindex/RedPen.build/Debug-iphonesimulator/StethoscoreWidgets.build/StethoscoreWidgets.DependencyStaticMetadataFileList (in target 'StethoscoreWidgets' from project 'RedPen')
    cd /Users/runner/work/red-pen-ios/red-pen-ios/ios
    write-file /Users/runner/work/red-pen-ios/red-pen-ios/ios/build/Build/Intermediates.noindex/RedPen.build/Debug-iphonesimulator/StethoscoreWidgets.build/StethoscoreWidgets.DependencyStaticMetadataFileList

WriteAuxiliaryFile /Users/runner/work/red-pen-ios/red-pen-ios/ios/build/Build/Intermediates.noindex/RedPen.build/Debug-iphonesimulator/StethoscoreWidgets.build/StethoscoreWidgets.DependencyMetadataFileList (in target 'StethoscoreWidgets' from project 'RedPen')
    cd /Users/runner/work/red-pen-ios/red-pen-ios/ios
    write-file /Users/runner/work/red-pen-ios/red-pen-ios/ios/build/Build/Intermediates.noindex/RedPen.build/Debug-iphonesimulator/StethoscoreWidgets.build/StethoscoreWidgets.DependencyMetadataFileList

WriteAuxiliaryFile /Users/runner/work/red-pen-ios/red-pen-ios/ios/build/Build/Intermediates.noindex/RedPen.build/Debug-iphonesimulator/StethoscoreWidgets.build/StethoscoreWidgets-project-headers.hmap (in target 'StethoscoreWidgets' from project 'RedPen')
    cd /Users/runner/work/red-pen-ios/red-pen-ios/ios
    write-file /Users/runner/work/red-pen-ios/red-pen-ios/ios/build/Build/Intermediates.noindex/RedPen.build/Debug-iphonesimulator/StethoscoreWidgets.build/StethoscoreWidgets-project-headers.hmap

WriteAuxiliaryFile /Users/runner/work/red-pen-ios/red-pen-ios/ios/build/Build/Intermediates.noindex/RedPen.build/Debug-iphonesimulator/StethoscoreWidgets.build/StethoscoreWidgets-own-target-headers.hmap (in target 'StethoscoreWidgets' from project 'RedPen')
    cd /Users/runner/work/red-pen-ios/red-pen-ios/ios
    write-file /Users/runner/work/red-pen-ios/red-pen-ios/ios/build/Build/Intermediates.noindex/RedPen.build/Debug-iphonesimulator/StethoscoreWidgets.build/StethoscoreWidgets-own-target-headers.hmap

WriteAuxiliaryFile /Users/runner/work/red-pen-ios/red-pen-ios/ios/build/Build/Intermediates.noindex/RedPen.build/Debug-iphonesimulator/StethoscoreWidgets.build/StethoscoreWidgets-generated-files.hmap (in target 'StethoscoreWidgets' from project 'RedPen')
    cd /Users/runner/work/red-pen-ios/red-pen-ios/ios
    write-file /Users/runner/work/red-pen-ios/red-pen-ios/ios/build/Build/Intermediates.noindex/RedPen.build/Debug-iphonesimulator/StethoscoreWidgets.build/StethoscoreWidgets-generated-files.hmap

WriteAuxiliaryFile /Users/runner/work/red-pen-ios/red-pen-ios/ios/build/Build/Intermediates.noindex/RedPen.build/Debug-iphonesimulator/StethoscoreWidgets.build/StethoscoreWidgets-all-target-headers.hmap (in target 'StethoscoreWidgets' from project 'RedPen')
    cd /Users/runner/work/red-pen-ios/red-pen-ios/ios
    write-file /Users/runner/work/red-pen-ios/red-pen-ios/ios/build/Build/Intermediates.noindex/RedPen.build/Debug-iphonesimulator/StethoscoreWidgets.build/StethoscoreWidgets-all-target-headers.hmap

WriteAuxiliaryFile /Users/runner/work/red-pen-ios/red-pen-ios/ios/build/Build/Intermediates.noindex/RedPen.build/Debug-iphonesimulator/StethoscoreWidgets.build/StethoscoreWidgets-all-non-framework-target-headers.hmap (in target 'StethoscoreWidgets' from project 'RedPen')
    cd /Users/runner/work/red-pen-ios/red-pen-ios/ios
    write-file /Users/runner/work/red-pen-ios/red-pen-ios/ios/build/Build/Intermediates.noindex/RedPen.build/Debug-iphonesimulator/StethoscoreWidgets.build/StethoscoreWidgets-all-non-framework-target-headers.hmap

WriteAuxiliaryFile /Users/runner/work/red-pen-ios/red-pen-ios/ios/build/Build/Intermediates.noindex/RedPen.build/Debug-iphonesimulator/StethoscoreWidgets.build/StethoscoreWidgets-DebugEntryPoint-normal-arm64.txt (in target 'StethoscoreWidgets' from project 'RedPen')
    cd /Users/runner/work/red-pen-ios/red-pen-ios/ios
    write-file /Users/runner/work/red-pen-ios/red-pen-ios/ios/build/Build/Intermediates.noindex/RedPen.build/Debug-iphonesimulator/StethoscoreWidgets.build/StethoscoreWidgets-DebugEntryPoint-normal-arm64.txt

WriteAuxiliaryFile /Users/runner/work/red-pen-ios/red-pen-ios/ios/build/Build/Intermediates.noindex/RedPen.build/Debug-iphonesimulator/StethoscoreWidgets.build/StethoscoreWidgets-DebugDylibPath-normal-arm64.txt (in target 'StethoscoreWidgets' from project 'RedPen')
    cd /Users/runner/work/red-pen-ios/red-pen-ios/ios
    write-file /Users/runner/work/red-pen-ios/red-pen-ios/ios/build/Build/Intermediates.noindex/RedPen.build/Debug-iphonesimulator/StethoscoreWidgets.build/StethoscoreWidgets-DebugDylibPath-normal-arm64.txt

WriteAuxiliaryFile /Users/runner/work/red-pen-ios/red-pen-ios/ios/build/Build/Intermediates.noindex/RedPen.build/Debug-iphonesimulator/StethoscoreWidgets.build/StethoscoreWidgets-DebugDylibInstallName-normal-arm64.txt (in target 'StethoscoreWidgets' from project 'RedPen')
    cd /Users/runner/work/red-pen-ios/red-pen-ios/ios
    write-file /Users/runner/work/red-pen-ios/red-pen-ios/ios/build/Build/Intermediates.noindex/RedPen.build/Debug-iphonesimulator/StethoscoreWidgets.build/StethoscoreWidgets-DebugDylibInstallName-normal-arm64.txt

WriteAuxiliaryFile /Users/runner/work/red-pen-ios/red-pen-ios/ios/build/Build/Intermediates.noindex/RedPen.build/Debug-iphonesimulator/StethoscoreWidgets.build/Objects-normal/arm64/StethoscoreWidgets_const_extract_protocols.json (in target 'StethoscoreWidgets' from project 'RedPen')
    cd /Users/runner/work/red-pen-ios/red-pen-ios/ios
    write-file /Users/runner/work/red-pen-ios/red-pen-ios/ios/build/Build/Intermediates.noindex/RedPen.build/Debug-iphonesimulator/StethoscoreWidgets.build/Objects-normal/arm64/StethoscoreWidgets_const_extract_protocols.json

WriteAuxiliaryFile /Users/runner/work/red-pen-ios/red-pen-ios/ios/build/Build/Intermediates.noindex/RedPen.build/Debug-iphonesimulator/StethoscoreWidgets.build/Objects-normal/arm64/StethoscoreWidgets.SwiftFileList (in target 'StethoscoreWidgets' from project 'RedPen')
    cd /Users/runner/work/red-pen-ios/red-pen-ios/ios
    write-file /Users/runner/work/red-pen-ios/red-pen-ios/ios/build/Build/Intermediates.noindex/RedPen.build/Debug-iphonesimulator/StethoscoreWidgets.build/Objects-normal/arm64/StethoscoreWidgets.SwiftFileList

WriteAuxiliaryFile /Users/runner/work/red-pen-ios/red-pen-ios/ios/build/Build/Intermediates.noindex/RedPen.build/Debug-iphonesimulator/StethoscoreWidgets.build/Objects-normal/arm64/StethoscoreWidgets.SwiftConstValuesFileList (in target 'StethoscoreWidgets' from project 'RedPen')
    cd /Users/runner/work/red-pen-ios/red-pen-ios/ios
    write-file /Users/runner/work/red-pen-ios/red-pen-ios/ios/build/Build/Intermediates.noindex/RedPen.build/Debug-iphonesimulator/StethoscoreWidgets.build/Objects-normal/arm64/StethoscoreWidgets.SwiftConstValuesFileList

WriteAuxiliaryFile /Users/runner/work/red-pen-ios/red-pen-ios/ios/build/Build/Intermediates.noindex/RedPen.build/Debug-iphonesimulator/StethoscoreWidgets.build/Objects-normal/arm64/StethoscoreWidgets.LinkFileList (in target 'StethoscoreWidgets' from project 'RedPen')
    cd /Users/runner/work/red-pen-ios/red-pen-ios/ios
    write-file /Users/runner/work/red-pen-ios/red-pen-ios/ios/build/Build/Intermediates.noindex/RedPen.build/Debug-iphonesimulator/StethoscoreWidgets.build/Objects-normal/arm64/StethoscoreWidgets.LinkFileList

WriteAuxiliaryFile /Users/runner/work/red-pen-ios/red-pen-ios/ios/build/Build/Intermediates.noindex/RedPen.build/Debug-iphonesimulator/StethoscoreWidgets.build/Objects-normal/arm64/StethoscoreWidgets-OutputFileMap.json (in target 'StethoscoreWidgets' from project 'RedPen')
    cd /Users/runner/work/red-pen-ios/red-pen-ios/ios
    write-file /Users/runner/work/red-pen-ios/red-pen-ios/ios/build/Build/Intermediates.noindex/RedPen.build/Debug-iphonesimulator/StethoscoreWidgets.build/Objects-normal/arm64/StethoscoreWidgets-OutputFileMap.json

MkDir /Users/runner/work/red-pen-ios/red-pen-ios/ios/build/Build/Products/Debug-iphonesimulator/StethoscoreWidgets.appex (in target 'StethoscoreWidgets' from project 'RedPen')
    cd /Users/runner/work/red-pen-ios/red-pen-ios/ios
    /bin/mkdir -p /Users/runner/work/red-pen-ios/red-pen-ios/ios/build/Build/Products/Debug-iphonesimulator/StethoscoreWidgets.appex

WriteAuxiliaryFile /Users/runner/work/red-pen-ios/red-pen-ios/ios/build/Build/Intermediates.noindex/swift-collections.build/Debug-iphonesimulator/OrderedCollections.build/OrderedCollections.modulemap (in target 'OrderedCollections' from project 'swift-collections')
    cd /Users/runner/work/red-pen-ios/red-pen-ios/ios/build/SourcePackages/checkouts/swift-collections
    write-file /Users/runner/work/red-pen-ios/red-pen-ios/ios/build/Build/Intermediates.noindex/swift-collections.build/Debug-iphonesimulator/OrderedCollections.build/OrderedCollections.modulemap

WriteAuxiliaryFile /Users/runner/work/red-pen-ios/red-pen-ios/ios/build/Build/Intermediates.noindex/swift-collections.build/Debug-iphonesimulator/OrderedCollections.build/OrderedCollections.DependencyStaticMetadataFileList (in target 'OrderedCollections' from project 'swift-collections')
    cd /Users/runner/work/red-pen-ios/red-pen-ios/ios/build/SourcePackages/checkouts/swift-collections
    write-file /Users/runner/work/red-pen-ios/red-pen-ios/ios/build/Build/Intermediates.noindex/swift-collections.build/Debug-iphonesimulator/OrderedCollections.build/OrderedCollections.DependencyStaticMetadataFileList

WriteAuxiliaryFile /Users/runner/work/red-pen-ios/red-pen-ios/ios/build/Build/Intermediates.noindex/swift-collections.build/Debug-iphonesimulator/OrderedCollections.build/OrderedCollections.DependencyMetadataFileList (in target 'OrderedCollections' from project 'swift-collections')
    cd /Users/runner/work/red-pen-ios/red-pen-ios/ios/build/SourcePackages/checkouts/swift-collections
    write-file /Users/runner/work/red-pen-ios/red-pen-ios/ios/build/Build/Intermediates.noindex/swift-collections.build/Debug-iphonesimulator/OrderedCollections.build/OrderedCollections.DependencyMetadataFileList

WriteAuxiliaryFile /Users/runner/work/red-pen-ios/red-pen-ios/ios/build/Build/Intermediates.noindex/swift-collections.build/Debug-iphonesimulator/OrderedCollections.build/Objects-normal/arm64/OrderedCollections_const_extract_protocols.json (in target 'OrderedCollections' from project 'swift-collections')
    cd /Users/runner/work/red-pen-ios/red-pen-ios/ios/build/SourcePackages/checkouts/swift-collections
    write-file /Users/runner/work/red-pen-ios/red-pen-ios/ios/build/Build/Intermediates.noindex/swift-collections.build/Debug-iphonesimulator/OrderedCollections.build/Objects-normal/arm64/OrderedCollections_const_extract_protocols.json

WriteAuxiliaryFile /Users/runner/work/red-pen-ios/red-pen-ios/ios/build/Build/Intermediates.noindex/swift-collections.build/Debug-iphonesimulator/OrderedCollections.build/Objects-normal/arm64/OrderedCollections.SwiftFileList (in target 'OrderedCollections' from project 'swift-collections')
    cd /Users/runner/work/red-pen-ios/red-pen-ios/ios/build/SourcePackages/checkouts/swift-collections
    write-file /Users/runner/work/red-pen-ios/red-pen-ios/ios/build/Build/Intermediates.noindex/swift-collections.build/Debug-iphonesimulator/OrderedCollections.build/Objects-normal/arm64/OrderedCollections.SwiftFileList

WriteAuxiliaryFile /Users/runner/work/red-pen-ios/red-pen-ios/ios/build/Build/Intermediates.noindex/swift-collections.build/Debug-iphonesimulator/OrderedCollections.build/Objects-normal/arm64/OrderedCollections.SwiftConstValuesFileList (in target 'OrderedCollections' from project 'swift-collections')
    cd /Users/runner/work/red-pen-ios/red-pen-ios/ios/build/SourcePackages/checkouts/swift-collections
    write-file /Users/runner/work/red-pen-ios/red-pen-ios/ios/build/Build/Intermediates.noindex/swift-collections.build/Debug-iphonesimulator/OrderedCollections.build/Objects-normal/arm64/OrderedCollections.SwiftConstValuesFileList

WriteAuxiliaryFile /Users/runner/work/red-pen-ios/red-pen-ios/ios/build/Build/Intermediates.noindex/swift-collections.build/Debug-iphonesimulator/OrderedCollections.build/Objects-normal/arm64/OrderedCollections.LinkFileList (in target 'OrderedCollections' from project 'swift-collections')
    cd /Users/runner/work/red-pen-ios/red-pen-ios/ios/build/SourcePackages/checkouts/swift-collections
    write-file /Users/runner/work/red-pen-ios/red-pen-ios/ios/build/Build/Intermediates.noindex/swift-collections.build/Debug-iphonesimulator/OrderedCollections.build/Objects-normal/arm64/OrderedCollections.LinkFileList

WriteAuxiliaryFile /Users/runner/work/red-pen-ios/red-pen-ios/ios/build/Build/Intermediates.noindex/swift-collections.build/Debug-iphonesimulator/OrderedCollections.build/Objects-normal/arm64/OrderedCollections-OutputFileMap.json (in target 'OrderedCollections' from project 'swift-collections')
    cd /Users/runner/work/red-pen-ios/red-pen-ios/ios/build/SourcePackages/checkouts/swift-collections
    write-file /Users/runner/work/red-pen-ios/red-pen-ios/ios/build/Build/Intermediates.noindex/swift-collections.build/Debug-iphonesimulator/OrderedCollections.build/Objects-normal/arm64/OrderedCollections-OutputFileMap.json

Copy /Users/runner/work/red-pen-ios/red-pen-ios/ios/build/Build/Intermediates.noindex/GeneratedModuleMaps-iphonesimulator/OrderedCollections.modulemap /Users/runner/work/red-pen-ios/red-pen-ios/ios/build/Build/Intermediates.noindex/swift-collections.build/Debug-iphonesimulator/OrderedCollections.build/OrderedCollections.modulemap (in target 'OrderedCollections' from project 'swift-collections')
    cd /Users/runner/work/red-pen-ios/red-pen-ios/ios/build/SourcePackages/checkouts/swift-collections
    builtin-copy -exclude .DS_Store -exclude CVS -exclude .svn -exclude .git -exclude .hg -resolve-src-symlinks /Users/runner/work/red-pen-ios/red-pen-ios/ios/build/Build/Intermediates.noindex/swift-collections.build/Debug-iphonesimulator/OrderedCollections.build/OrderedCollections.modulemap /Users/runner/work/red-pen-ios/red-pen-ios/ios/build/Build/Intermediates.noindex/GeneratedModuleMaps-iphonesimulator

WriteAuxiliaryFile /Users/runner/work/red-pen-ios/red-pen-ios/ios/build/Build/Intermediates.noindex/LocalLLMClient.build/Debug-iphonesimulator/LocalLLMClient_LocalLLMClientLlama.build/empty-LocalLLMClient_LocalLLMClientLlama.plist (in target 'LocalLLMClient_LocalLLMClientLlama' from project 'LocalLLMClient')
    cd /Users/runner/work/red-pen-ios/red-pen-ios/ios/build/SourcePackages/checkouts/LocalLLMClient
    write-file /Users/runner/work/red-pen-ios/red-pen-ios/ios/build/Build/Intermediates.noindex/LocalLLMClient.build/Debug-iphonesimulator/LocalLLMClient_LocalLLMClientLlama.build/empty-LocalLLMClient_LocalLLMClientLlama.plist

WriteAuxiliaryFile /Users/runner/work/red-pen-ios/red-pen-ios/ios/build/Build/Intermediates.noindex/LocalLLMClient.build/Debug-iphonesimulator/LocalLLMClient_LocalLLMClientLlama.build/LocalLLMClient_LocalLLMClientLlama.DependencyStaticMetadataFileList (in target 'LocalLLMClient_LocalLLMClientLlama' from project 'LocalLLMClient')
    cd /Users/runner/work/red-pen-ios/red-pen-ios/ios/build/SourcePackages/checkouts/LocalLLMClient
    write-file /Users/runner/work/red-pen-ios/red-pen-ios/ios/build/Build/Intermediates.noindex/LocalLLMClient.build/Debug-iphonesimulator/LocalLLMClient_LocalLLMClientLlama.build/LocalLLMClient_LocalLLMClientLlama.DependencyStaticMetadataFileList

WriteAuxiliaryFile /Users/runner/work/red-pen-ios/red-pen-ios/ios/build/Build/Intermediates.noindex/LocalLLMClient.build/Debug-iphonesimulator/LocalLLMClient_LocalLLMClientLlama.build/LocalLLMClient_LocalLLMClientLlama.DependencyMetadataFileList (in target 'LocalLLMClient_LocalLLMClientLlama' from project 'LocalLLMClient')
    cd /Users/runner/work/red-pen-ios/red-pen-ios/ios/build/SourcePackages/checkouts/LocalLLMClient
    write-file /Users/runner/work/red-pen-ios/red-pen-ios/ios/build/Build/Intermediates.noindex/LocalLLMClient.build/Debug-iphonesimulator/LocalLLMClient_LocalLLMClientLlama.build/LocalLLMClient_LocalLLMClientLlama.DependencyMetadataFileList

MkDir /Users/runner/work/red-pen-ios/red-pen-ios/ios/build/Build/Products/Debug-iphonesimulator/LocalLLMClient_LocalLLMClientLlama.bundle (in target 'LocalLLMClient_LocalLLMClientLlama' from project 'LocalLLMClient')
    cd /Users/runner/work/red-pen-ios/red-pen-ios/ios/build/SourcePackages/checkouts/LocalLLMClient
    /bin/mkdir -p /Users/runner/work/red-pen-ios/red-pen-ios/ios/build/Build/Products/Debug-iphonesimulator/LocalLLMClient_LocalLLMClientLlama.bundle

WriteAuxiliaryFile /Users/runner/work/red-pen-ios/red-pen-ios/ios/build/Build/Intermediates.noindex/LocalLLMClient.build/Debug-iphonesimulator/LocalLLMClientUtility.build/Objects-normal/arm64/LocalLLMClientUtility_const_extract_protocols.json (in target 'LocalLLMClientUtility' from project 'LocalLLMClient')
    cd /Users/runner/work/red-pen-ios/red-pen-ios/ios/build/SourcePackages/checkouts/LocalLLMClient
    write-file /Users/runner/work/red-pen-ios/red-pen-ios/ios/build/Build/Intermediates.noindex/LocalLLMClient.build/Debug-iphonesimulator/LocalLLMClientUtility.build/Objects-normal/arm64/LocalLLMClientUtility_const_extract_protocols.json

WriteAuxiliaryFile /Users/runner/work/red-pen-ios/red-pen-ios/ios/build/Build/Intermediates.noindex/LocalLLMClient.build/Debug-iphonesimulator/LocalLLMClientUtility.build/Objects-normal/arm64/LocalLLMClientUtility.SwiftFileList (in target 'LocalLLMClientUtility' from project 'LocalLLMClient')
    cd /Users/runner/work/red-pen-ios/red-pen-ios/ios/build/SourcePackages/checkouts/LocalLLMClient
    write-file /Users/runner/work/red-pen-ios/red-pen-ios/ios/build/Build/Intermediates.noindex/LocalLLMClient.build/Debug-iphonesimulator/LocalLLMClientUtility.build/Objects-normal/arm64/LocalLLMClientUtility.SwiftFileList

WriteAuxiliaryFile /Users/runner/work/red-pen-ios/red-pen-ios/ios/build/Build/Intermediates.noindex/LocalLLMClient.build/Debug-iphonesimulator/LocalLLMClientUtility.build/Objects-normal/arm64/LocalLLMClientUtility.SwiftConstValuesFileList (in target 'LocalLLMClientUtility' from project 'LocalLLMClient')
    cd /Users/runner/work/red-pen-ios/red-pen-ios/ios/build/SourcePackages/checkouts/LocalLLMClient
    write-file /Users/runner/work/red-pen-ios/red-pen-ios/ios/build/Build/Intermediates.noindex/LocalLLMClient.build/Debug-iphonesimulator/LocalLLMClientUtility.build/Objects-normal/arm64/LocalLLMClientUtility.SwiftConstValuesFileList

WriteAuxiliaryFile /Users/runner/work/red-pen-ios/red-pen-ios/ios/build/Build/Intermediates.noindex/LocalLLMClient.build/Debug-iphonesimulator/LocalLLMClientUtility.build/Objects-normal/arm64/LocalLLMClientUtility.LinkFileList (in target 'LocalLLMClientUtility' from project 'LocalLLMClient')
    cd /Users/runner/work/red-pen-ios/red-pen-ios/ios/build/SourcePackages/checkouts/LocalLLMClient
    write-file /Users/runner/work/red-pen-ios/red-pen-ios/ios/build/Build/Intermediates.noindex/LocalLLMClient.build/Debug-iphonesimulator/LocalLLMClientUtility.build/Objects-normal/arm64/LocalLLMClientUtility.LinkFileList

WriteAuxiliaryFile /Users/runner/work/red-pen-ios/red-pen-ios/ios/build/Build/Intermediates.noindex/LocalLLMClient.build/Debug-iphonesimulator/LocalLLMClientUtility.build/Objects-normal/arm64/LocalLLMClientUtility-OutputFileMap.json (in target 'LocalLLMClientUtility' from project 'LocalLLMClient')
    cd /Users/runner/work/red-pen-ios/red-pen-ios/ios/build/SourcePackages/checkouts/LocalLLMClient
    write-file /Users/runner/work/red-pen-ios/red-pen-ios/ios/build/Build/Intermediates.noindex/LocalLLMClient.build/Debug-iphonesimulator/LocalLLMClientUtility.build/Objects-normal/arm64/LocalLLMClientUtility-OutputFileMap.json

WriteAuxiliaryFile /Users/runner/work/red-pen-ios/red-pen-ios/ios/build/Build/Intermediates.noindex/LocalLLMClient.build/Debug-iphonesimulator/LocalLLMClientUtility.build/LocalLLMClientUtility.modulemap (in target 'LocalLLMClientUtility' from project 'LocalLLMClient')
    cd /Users/runner/work/red-pen-ios/red-pen-ios/ios/build/SourcePackages/checkouts/LocalLLMClient
    write-file /Users/runner/work/red-pen-ios/red-pen-ios/ios/build/Build/Intermediates.noindex/LocalLLMClient.build/Debug-iphonesimulator/LocalLLMClientUtility.build/LocalLLMClientUtility.modulemap

WriteAuxiliaryFile /Users/runner/work/red-pen-ios/red-pen-ios/ios/build/Build/Intermediates.noindex/LocalLLMClient.build/Debug-iphonesimulator/LocalLLMClientUtility.build/LocalLLMClientUtility.DependencyStaticMetadataFileList (in target 'LocalLLMClientUtility' from project 'LocalLLMClient')
    cd /Users/runner/work/red-pen-ios/red-pen-ios/ios/build/SourcePackages/checkouts/LocalLLMClient
    write-file /Users/runner/work/red-pen-ios/red-pen-ios/ios/build/Build/Intermediates.noindex/LocalLLMClient.build/Debug-iphonesimulator/LocalLLMClientUtility.build/LocalLLMClientUtility.DependencyStaticMetadataFileList

WriteAuxiliaryFile /Users/runner/work/red-pen-ios/red-pen-ios/ios/build/Build/Intermediates.noindex/LocalLLMClient.build/Debug-iphonesimulator/LocalLLMClientUtility.build/LocalLLMClientUtility.DependencyMetadataFileList (in target 'LocalLLMClientUtility' from project 'LocalLLMClient')
    cd /Users/runner/work/red-pen-ios/red-pen-ios/ios/build/SourcePackages/checkouts/LocalLLMClient
    write-file /Users/runner/work/red-pen-ios/red-pen-ios/ios/build/Build/Intermediates.noindex/LocalLLMClient.build/Debug-iphonesimulator/LocalLLMClientUtility.build/LocalLLMClientUtility.DependencyMetadataFileList

Copy /Users/runner/work/red-pen-ios/red-pen-ios/ios/build/Build/Intermediates.noindex/GeneratedModuleMaps-iphonesimulator/LocalLLMClientUtility.modulemap /Users/runner/work/red-pen-ios/red-pen-ios/ios/build/Build/Intermediates.noindex/LocalLLMClient.build/Debug-iphonesimulator/LocalLLMClientUtility.build/LocalLLMClientUtility.modulemap (in target 'LocalLLMClientUtility' from project 'LocalLLMClient')
    cd /Users/runner/work/red-pen-ios/red-pen-ios/ios/build/SourcePackages/checkouts/LocalLLMClient
    builtin-copy -exclude .DS_Store -exclude CVS -exclude .svn -exclude .git -exclude .hg -resolve-src-symlinks /Users/runner/work/red-pen-ios/red-pen-ios/ios/build/Build/Intermediates.noindex/LocalLLMClient.build/Debug-iphonesimulator/LocalLLMClientUtility.build/LocalLLMClientUtility.modulemap /Users/runner/work/red-pen-ios/red-pen-ios/ios/build/Build/Intermediates.noindex/GeneratedModuleMaps-iphonesimulator

ProcessXCFramework /Users/runner/work/red-pen-ios/red-pen-ios/ios/build/SourcePackages/artifacts/localllmclient/LocalLLMClientLlamaFramework/llama.xcframework /Users/runner/work/red-pen-ios/red-pen-ios/ios/build/Build/Products/Debug-iphonesimulator/llama.framework ios simulator
    cd /Users/runner/work/red-pen-ios/red-pen-ios/ios/RedPen.xcodeproj
    builtin-process-xcframework --xcframework /Users/runner/work/red-pen-ios/red-pen-ios/ios/build/SourcePackages/artifacts/localllmclient/LocalLLMClientLlamaFramework/llama.xcframework --platform ios --environment simulator --target-path /Users/runner/work/red-pen-ios/red-pen-ios/ios/build/Build/Products/Debug-iphonesimulator

WriteAuxiliaryFile /Users/runner/work/red-pen-ios/red-pen-ios/ios/build/Build/Intermediates.noindex/LocalLLMClient.build/Debug-iphonesimulator/LocalLLMClientMacros.build/Objects-normal/arm64/LocalLLMClientMacros_const_extract_protocols.json (in target 'LocalLLMClientMacros' from project 'LocalLLMClient')
    cd /Users/runner/work/red-pen-ios/red-pen-ios/ios/build/SourcePackages/checkouts/LocalLLMClient
    write-file /Users/runner/work/red-pen-ios/red-pen-ios/ios/build/Build/Intermediates.noindex/LocalLLMClient.build/Debug-iphonesimulator/LocalLLMClientMacros.build/Objects-normal/arm64/LocalLLMClientMacros_const_extract_protocols.json

WriteAuxiliaryFile /Users/runner/work/red-pen-ios/red-pen-ios/ios/build/Build/Intermediates.noindex/LocalLLMClient.build/Debug-iphonesimulator/LocalLLMClientMacros.build/Objects-normal/arm64/LocalLLMClientMacros.SwiftFileList (in target 'LocalLLMClientMacros' from project 'LocalLLMClient')
    cd /Users/runner/work/red-pen-ios/red-pen-ios/ios/build/SourcePackages/checkouts/LocalLLMClient
    write-file /Users/runner/work/red-pen-ios/red-pen-ios/ios/build/Build/Intermediates.noindex/LocalLLMClient.build/Debug-iphonesimulator/LocalLLMClientMacros.build/Objects-normal/arm64/LocalLLMClientMacros.SwiftFileList

WriteAuxiliaryFile /Users/runner/work/red-pen-ios/red-pen-ios/ios/build/Build/Intermediates.noindex/LocalLLMClient.build/Debug-iphonesimulator/LocalLLMClientMacros.build/Objects-normal/arm64/LocalLLMClientMacros.SwiftConstValuesFileList (in target 'LocalLLMClientMacros' from project 'LocalLLMClient')
    cd /Users/runner/work/red-pen-ios/red-pen-ios/ios/build/SourcePackages/checkouts/LocalLLMClient
    write-file /Users/runner/work/red-pen-ios/red-pen-ios/ios/build/Build/Intermediates.noindex/LocalLLMClient.build/Debug-iphonesimulator/LocalLLMClientMacros.build/Objects-normal/arm64/LocalLLMClientMacros.SwiftConstValuesFileList

WriteAuxiliaryFile /Users/runner/work/red-pen-ios/red-pen-ios/ios/build/Build/Intermediates.noindex/LocalLLMClient.build/Debug-iphonesimulator/LocalLLMClientMacros.build/Objects-normal/arm64/LocalLLMClientMacros.LinkFileList (in target 'LocalLLMClientMacros' from project 'LocalLLMClient')
    cd /Users/runner/work/red-pen-ios/red-pen-ios/ios/build/SourcePackages/checkouts/LocalLLMClient
    write-file /Users/runner/work/red-pen-ios/red-pen-ios/ios/build/Build/Intermediates.noindex/LocalLLMClient.build/Debug-iphonesimulator/LocalLLMClientMacros.build/Objects-normal/arm64/LocalLLMClientMacros.LinkFileList

WriteAuxiliaryFile /Users/runner/work/red-pen-ios/red-pen-ios/ios/build/Build/Intermediates.noindex/LocalLLMClient.build/Debug-iphonesimulator/LocalLLMClientMacros.build/Objects-normal/arm64/LocalLLMClientMacros-OutputFileMap.json (in target 'LocalLLMClientMacros' from project 'LocalLLMClient')
    cd /Users/runner/work/red-pen-ios/red-pen-ios/ios/build/SourcePackages/checkouts/LocalLLMClient
    write-file /Users/runner/work/red-pen-ios/red-pen-ios/ios/build/Build/Intermediates.noindex/LocalLLMClient.build/Debug-iphonesimulator/LocalLLMClientMacros.build/Objects-normal/arm64/LocalLLMClientMacros-OutputFileMap.json

WriteAuxiliaryFile /Users/runner/work/red-pen-ios/red-pen-ios/ios/build/Build/Intermediates.noindex/LocalLLMClient.build/Debug-iphonesimulator/LocalLLMClientMacros.build/LocalLLMClientMacros.modulemap (in target 'LocalLLMClientMacros' from project 'LocalLLMClient')
    cd /Users/runner/work/red-pen-ios/red-pen-ios/ios/build/SourcePackages/checkouts/LocalLLMClient
    write-file /Users/runner/work/red-pen-ios/red-pen-ios/ios/build/Build/Intermediates.noindex/LocalLLMClient.build/Debug-iphonesimulator/LocalLLMClientMacros.build/LocalLLMClientMacros.modulemap

WriteAuxiliaryFile /Users/runner/work/red-pen-ios/red-pen-ios/ios/build/Build/Intermediates.noindex/LocalLLMClient.build/Debug-iphonesimulator/LocalLLMClientMacros.build/LocalLLMClientMacros.DependencyStaticMetadataFileList (in target 'LocalLLMClientMacros' from project 'LocalLLMClient')
    cd /Users/runner/work/red-pen-ios/red-pen-ios/ios/build/SourcePackages/checkouts/LocalLLMClient
    write-file /Users/runner/work/red-pen-ios/red-pen-ios/ios/build/Build/Intermediates.noindex/LocalLLMClient.build/Debug-iphonesimulator/LocalLLMClientMacros.build/LocalLLMClientMacros.DependencyStaticMetadataFileList

WriteAuxiliaryFile /Users/runner/work/red-pen-ios/red-pen-ios/ios/build/Build/Intermediates.noindex/LocalLLMClient.build/Debug-iphonesimulator/LocalLLMClientMacros.build/LocalLLMClientMacros.DependencyMetadataFileList (in target 'LocalLLMClientMacros' from project 'LocalLLMClient')
    cd /Users/runner/work/red-pen-ios/red-pen-ios/ios/build/SourcePackages/checkouts/LocalLLMClient
    write-file /Users/runner/work/red-pen-ios/red-pen-ios/ios/build/Build/Intermediates.noindex/LocalLLMClient.build/Debug-iphonesimulator/LocalLLMClientMacros.build/LocalLLMClientMacros.DependencyMetadataFileList

Copy /Users/runner/work/red-pen-ios/red-pen-ios/ios/build/Build/Intermediates.noindex/GeneratedModuleMaps-iphonesimulator/LocalLLMClientMacros.modulemap /Users/runner/work/red-pen-ios/red-pen-ios/ios/build/Build/Intermediates.noindex/LocalLLMClient.build/Debug-iphonesimulator/LocalLLMClientMacros.build/LocalLLMClientMacros.modulemap (in target 'LocalLLMClientMacros' from project 'LocalLLMClient')
    cd /Users/runner/work/red-pen-ios/red-pen-ios/ios/build/SourcePackages/checkouts/LocalLLMClient
    builtin-copy -exclude .DS_Store -exclude CVS -exclude .svn -exclude .git -exclude .hg -resolve-src-symlinks /Users/runner/work/red-pen-ios/red-pen-ios/ios/build/Build/Intermediates.noindex/LocalLLMClient.build/Debug-iphonesimulator/LocalLLMClientMacros.build/LocalLLMClientMacros.modulemap /Users/runner/work/red-pen-ios/red-pen-ios/ios/build/Build/Intermediates.noindex/GeneratedModuleMaps-iphonesimulator

WriteAuxiliaryFile /Users/runner/work/red-pen-ios/red-pen-ios/ios/build/Build/Intermediates.noindex/LocalLLMClient.build/Debug-iphonesimulator/LocalLLMClientCore.build/Objects-normal/arm64/LocalLLMClientCore_const_extract_protocols.json (in target 'LocalLLMClientCore' from project 'LocalLLMClient')
    cd /Users/runner/work/red-pen-ios/red-pen-ios/ios/build/SourcePackages/checkouts/LocalLLMClient
    write-file /Users/runner/work/red-pen-ios/red-pen-ios/ios/build/Build/Intermediates.noindex/LocalLLMClient.build/Debug-iphonesimulator/LocalLLMClientCore.build/Objects-normal/arm64/LocalLLMClientCore_const_extract_protocols.json

WriteAuxiliaryFile /Users/runner/work/red-pen-ios/red-pen-ios/ios/build/Build/Intermediates.noindex/LocalLLMClient.build/Debug-iphonesimulator/LocalLLMClientCore.build/Objects-normal/arm64/LocalLLMClientCore.SwiftFileList (in target 'LocalLLMClientCore' from project 'LocalLLMClient')
    cd /Users/runner/work/red-pen-ios/red-pen-ios/ios/build/SourcePackages/checkouts/LocalLLMClient
    write-file /Users/runner/work/red-pen-ios/red-pen-ios/ios/build/Build/Intermediates.noindex/LocalLLMClient.build/Debug-iphonesimulator/LocalLLMClientCore.build/Objects-normal/arm64/LocalLLMClientCore.SwiftFileList

WriteAuxiliaryFile /Users/runner/work/red-pen-ios/red-pen-ios/ios/build/Build/Intermediates.noindex/LocalLLMClient.build/Debug-iphonesimulator/LocalLLMClientCore.build/Objects-normal/arm64/LocalLLMClientCore.SwiftConstValuesFileList (in target 'LocalLLMClientCore' from project 'LocalLLMClient')
    cd /Users/runner/work/red-pen-ios/red-pen-ios/ios/build/SourcePackages/checkouts/LocalLLMClient
    write-file /Users/runner/work/red-pen-ios/red-pen-ios/ios/build/Build/Intermediates.noindex/LocalLLMClient.build/Debug-iphonesimulator/LocalLLMClientCore.build/Objects-normal/arm64/LocalLLMClientCore.SwiftConstValuesFileList

WriteAuxiliaryFile /Users/runner/work/red-pen-ios/red-pen-ios/ios/build/Build/Intermediates.noindex/LocalLLMClient.build/Debug-iphonesimulator/LocalLLMClientCore.build/Objects-normal/arm64/LocalLLMClientCore.LinkFileList (in target 'LocalLLMClientCore' from project 'LocalLLMClient')
    cd /Users/runner/work/red-pen-ios/red-pen-ios/ios/build/SourcePackages/checkouts/LocalLLMClient
    write-file /Users/runner/work/red-pen-ios/red-pen-ios/ios/build/Build/Intermediates.noindex/LocalLLMClient.build/Debug-iphonesimulator/LocalLLMClientCore.build/Objects-normal/arm64/LocalLLMClientCore.LinkFileList

WriteAuxiliaryFile /Users/runner/work/red-pen-ios/red-pen-ios/ios/build/Build/Intermediates.noindex/LocalLLMClient.build/Debug-iphonesimulator/LocalLLMClientCore.build/Objects-normal/arm64/LocalLLMClientCore-OutputFileMap.json (in target 'LocalLLMClientCore' from project 'LocalLLMClient')
    cd /Users/runner/work/red-pen-ios/red-pen-ios/ios/build/SourcePackages/checkouts/LocalLLMClient
    write-file /Users/runner/work/red-pen-ios/red-pen-ios/ios/build/Build/Intermediates.noindex/LocalLLMClient.build/Debug-iphonesimulator/LocalLLMClientCore.build/Objects-normal/arm64/LocalLLMClientCore-OutputFileMap.json

WriteAuxiliaryFile /Users/runner/work/red-pen-ios/red-pen-ios/ios/build/Build/Intermediates.noindex/LocalLLMClient.build/Debug-iphonesimulator/LocalLLMClientCore.build/LocalLLMClientCore.modulemap (in target 'LocalLLMClientCore' from project 'LocalLLMClient')
    cd /Users/runner/work/red-pen-ios/red-pen-ios/ios/build/SourcePackages/checkouts/LocalLLMClient
    write-file /Users/runner/work/red-pen-ios/red-pen-ios/ios/build/Build/Intermediates.noindex/LocalLLMClient.build/Debug-iphonesimulator/LocalLLMClientCore.build/LocalLLMClientCore.modulemap

WriteAuxiliaryFile /Users/runner/work/red-pen-ios/red-pen-ios/ios/build/Build/Intermediates.noindex/LocalLLMClient.build/Debug-iphonesimulator/LocalLLMClientCore.build/LocalLLMClientCore.DependencyStaticMetadataFileList (in target 'LocalLLMClientCore' from project 'LocalLLMClient')
    cd /Users/runner/work/red-pen-ios/red-pen-ios/ios/build/SourcePackages/checkouts/LocalLLMClient
    write-file /Users/runner/work/red-pen-ios/red-pen-ios/ios/build/Build/Intermediates.noindex/LocalLLMClient.build/Debug-iphonesimulator/LocalLLMClientCore.build/LocalLLMClientCore.DependencyStaticMetadataFileList

WriteAuxiliaryFile /Users/runner/work/red-pen-ios/red-pen-ios/ios/build/Build/Intermediates.noindex/LocalLLMClient.build/Debug-iphonesimulator/LocalLLMClientCore.build/LocalLLMClientCore.DependencyMetadataFileList (in target 'LocalLLMClientCore' from project 'LocalLLMClient')
    cd /Users/runner/work/red-pen-ios/red-pen-ios/ios/build/SourcePackages/checkouts/LocalLLMClient
    write-file /Users/runner/work/red-pen-ios/red-pen-ios/ios/build/Build/Intermediates.noindex/LocalLLMClient.build/Debug-iphonesimulator/LocalLLMClientCore.build/LocalLLMClientCore.DependencyMetadataFileList

Copy /Users/runner/work/red-pen-ios/red-pen-ios/ios/build/Build/Intermediates.noindex/GeneratedModuleMaps-iphonesimulator/LocalLLMClientCore.modulemap /Users/runner/work/red-pen-ios/red-pen-ios/ios/build/Build/Intermediates.noindex/LocalLLMClient.build/Debug-iphonesimulator/LocalLLMClientCore.build/LocalLLMClientCore.modulemap (in target 'LocalLLMClientCore' from project 'LocalLLMClient')
    cd /Users/runner/work/red-pen-ios/red-pen-ios/ios/build/SourcePackages/checkouts/LocalLLMClient
    builtin-copy -exclude .DS_Store -exclude CVS -exclude .svn -exclude .git -exclude .hg -resolve-src-symlinks /Users/runner/work/red-pen-ios/red-pen-ios/ios/build/Build/Intermediates.noindex/LocalLLMClient.build/Debug-iphonesimulator/LocalLLMClientCore.build/LocalLLMClientCore.modulemap /Users/runner/work/red-pen-ios/red-pen-ios/ios/build/Build/Intermediates.noindex/GeneratedModuleMaps-iphonesimulator

WriteAuxiliaryFile /Users/runner/work/red-pen-ios/red-pen-ios/ios/build/Build/Intermediates.noindex/LocalLLMClient.build/Debug-iphonesimulator/LocalLLMClient.build/Objects-normal/arm64/LocalLLMClient_const_extract_protocols.json (in target 'LocalLLMClient' from project 'LocalLLMClient')
    cd /Users/runner/work/red-pen-ios/red-pen-ios/ios/build/SourcePackages/checkouts/LocalLLMClient
    write-file /Users/runner/work/red-pen-ios/red-pen-ios/ios/build/Build/Intermediates.noindex/LocalLLMClient.build/Debug-iphonesimulator/LocalLLMClient.build/Objects-normal/arm64/LocalLLMClient_const_extract_protocols.json

WriteAuxiliaryFile /Users/runner/work/red-pen-ios/red-pen-ios/ios/build/Build/Intermediates.noindex/LocalLLMClient.build/Debug-iphonesimulator/LocalLLMClient.build/Objects-normal/arm64/LocalLLMClient.SwiftFileList (in target 'LocalLLMClient' from project 'LocalLLMClient')
    cd /Users/runner/work/red-pen-ios/red-pen-ios/ios/build/SourcePackages/checkouts/LocalLLMClient
    write-file /Users/runner/work/red-pen-ios/red-pen-ios/ios/build/Build/Intermediates.noindex/LocalLLMClient.build/Debug-iphonesimulator/LocalLLMClient.build/Objects-normal/arm64/LocalLLMClient.SwiftFileList

WriteAuxiliaryFile /Users/runner/work/red-pen-ios/red-pen-ios/ios/build/Build/Intermediates.noindex/LocalLLMClient.build/Debug-iphonesimulator/LocalLLMClient.build/Objects-normal/arm64/LocalLLMClient.SwiftConstValuesFileList (in target 'LocalLLMClient' from project 'LocalLLMClient')
    cd /Users/runner/work/red-pen-ios/red-pen-ios/ios/build/SourcePackages/checkouts/LocalLLMClient
    write-file /Users/runner/work/red-pen-ios/red-pen-ios/ios/build/Build/Intermediates.noindex/LocalLLMClient.build/Debug-iphonesimulator/LocalLLMClient.build/Objects-normal/arm64/LocalLLMClient.SwiftConstValuesFileList

WriteAuxiliaryFile /Users/runner/work/red-pen-ios/red-pen-ios/ios/build/Build/Intermediates.noindex/LocalLLMClient.build/Debug-iphonesimulator/LocalLLMClient.build/Objects-normal/arm64/LocalLLMClient.LinkFileList (in target 'LocalLLMClient' from project 'LocalLLMClient')
    cd /Users/runner/work/red-pen-ios/red-pen-ios/ios/build/SourcePackages/checkouts/LocalLLMClient
    write-file /Users/runner/work/red-pen-ios/red-pen-ios/ios/build/Build/Intermediates.noindex/LocalLLMClient.build/Debug-iphonesimulator/LocalLLMClient.build/Objects-normal/arm64/LocalLLMClient.LinkFileList

WriteAuxiliaryFile /Users/runner/work/red-pen-ios/red-pen-ios/ios/build/Build/Intermediates.noindex/LocalLLMClient.build/Debug-iphonesimulator/LocalLLMClient.build/Objects-normal/arm64/LocalLLMClient-OutputFileMap.json (in target 'LocalLLMClient' from project 'LocalLLMClient')
    cd /Users/runner/work/red-pen-ios/red-pen-ios/ios/build/SourcePackages/checkouts/LocalLLMClient
    write-file /Users/runner/work/red-pen-ios/red-pen-ios/ios/build/Build/Intermediates.noindex/LocalLLMClient.build/Debug-iphonesimulator/LocalLLMClient.build/Objects-normal/arm64/LocalLLMClient-OutputFileMap.json

WriteAuxiliaryFile /Users/runner/work/red-pen-ios/red-pen-ios/ios/build/Build/Intermediates.noindex/LocalLLMClient.build/Debug-iphonesimulator/LocalLLMClient.build/LocalLLMClient.modulemap (in target 'LocalLLMClient' from project 'LocalLLMClient')
    cd /Users/runner/work/red-pen-ios/red-pen-ios/ios/build/SourcePackages/checkouts/LocalLLMClient
    write-file /Users/runner/work/red-pen-ios/red-pen-ios/ios/build/Build/Intermediates.noindex/LocalLLMClient.build/Debug-iphonesimulator/LocalLLMClient.build/LocalLLMClient.modulemap

WriteAuxiliaryFile /Users/runner/work/red-pen-ios/red-pen-ios/ios/build/Build/Intermediates.noindex/LocalLLMClient.build/Debug-iphonesimulator/LocalLLMClient.build/LocalLLMClient.DependencyStaticMetadataFileList (in target 'LocalLLMClient' from project 'LocalLLMClient')
    cd /Users/runner/work/red-pen-ios/red-pen-ios/ios/build/SourcePackages/checkouts/LocalLLMClient
    write-file /Users/runner/work/red-pen-ios/red-pen-ios/ios/build/Build/Intermediates.noindex/LocalLLMClient.build/Debug-iphonesimulator/LocalLLMClient.build/LocalLLMClient.DependencyStaticMetadataFileList

WriteAuxiliaryFile /Users/runner/work/red-pen-ios/red-pen-ios/ios/build/Build/Intermediates.noindex/LocalLLMClient.build/Debug-iphonesimulator/LocalLLMClient.build/LocalLLMClient.DependencyMetadataFileList (in target 'LocalLLMClient' from project 'LocalLLMClient')
    cd /Users/runner/work/red-pen-ios/red-pen-ios/ios/build/SourcePackages/checkouts/LocalLLMClient
    write-file /Users/runner/work/red-pen-ios/red-pen-ios/ios/build/Build/Intermediates.noindex/LocalLLMClient.build/Debug-iphonesimulator/LocalLLMClient.build/LocalLLMClient.DependencyMetadataFileList

Copy /Users/runner/work/red-pen-ios/red-pen-ios/ios/build/Build/Intermediates.noindex/GeneratedModuleMaps-iphonesimulator/LocalLLMClient.modulemap /Users/runner/work/red-pen-ios/red-pen-ios/ios/build/Build/Intermediates.noindex/LocalLLMClient.build/Debug-iphonesimulator/LocalLLMClient.build/LocalLLMClient.modulemap (in target 'LocalLLMClient' from project 'LocalLLMClient')
    cd /Users/runner/work/red-pen-ios/red-pen-ios/ios/build/SourcePackages/checkouts/LocalLLMClient
    builtin-copy -exclude .DS_Store -exclude CVS -exclude .svn -exclude .git -exclude .hg -resolve-src-symlinks /Users/runner/work/red-pen-ios/red-pen-ios/ios/build/Build/Intermediates.noindex/LocalLLMClient.build/Debug-iphonesimulator/LocalLLMClient.build/LocalLLMClient.modulemap /Users/runner/work/red-pen-ios/red-pen-ios/ios/build/Build/Intermediates.noindex/GeneratedModuleMaps-iphonesimulator

WriteAuxiliaryFile /Users/runner/work/red-pen-ios/red-pen-ios/ios/build/Build/Intermediates.noindex/Jinja.build/Debug-iphonesimulator/Jinja.build/Objects-normal/arm64/Jinja_const_extract_protocols.json (in target 'Jinja' from project 'Jinja')
    cd /Users/runner/work/red-pen-ios/red-pen-ios/ios/build/SourcePackages/checkouts/swift-jinja
    write-file /Users/runner/work/red-pen-ios/red-pen-ios/ios/build/Build/Intermediates.noindex/Jinja.build/Debug-iphonesimulator/Jinja.build/Objects-normal/arm64/Jinja_const_extract_protocols.json

WriteAuxiliaryFile /Users/runner/work/red-pen-ios/red-pen-ios/ios/build/Build/Intermediates.noindex/Jinja.build/Debug-iphonesimulator/Jinja.build/Objects-normal/arm64/Jinja.SwiftFileList (in target 'Jinja' from project 'Jinja')
    cd /Users/runner/work/red-pen-ios/red-pen-ios/ios/build/SourcePackages/checkouts/swift-jinja
    write-file /Users/runner/work/red-pen-ios/red-pen-ios/ios/build/Build/Intermediates.noindex/Jinja.build/Debug-iphonesimulator/Jinja.build/Objects-normal/arm64/Jinja.SwiftFileList

WriteAuxiliaryFile /Users/runner/work/red-pen-ios/red-pen-ios/ios/build/Build/Intermediates.noindex/Jinja.build/Debug-iphonesimulator/Jinja.build/Objects-normal/arm64/Jinja.SwiftConstValuesFileList (in target 'Jinja' from project 'Jinja')
    cd /Users/runner/work/red-pen-ios/red-pen-ios/ios/build/SourcePackages/checkouts/swift-jinja
    write-file /Users/runner/work/red-pen-ios/red-pen-ios/ios/build/Build/Intermediates.noindex/Jinja.build/Debug-iphonesimulator/Jinja.build/Objects-normal/arm64/Jinja.SwiftConstValuesFileList

WriteAuxiliaryFile /Users/runner/work/red-pen-ios/red-pen-ios/ios/build/Build/Intermediates.noindex/Jinja.build/Debug-iphonesimulator/Jinja.build/Objects-normal/arm64/Jinja.LinkFileList (in target 'Jinja' from project 'Jinja')
    cd /Users/runner/work/red-pen-ios/red-pen-ios/ios/build/SourcePackages/checkouts/swift-jinja
    write-file /Users/runner/work/red-pen-ios/red-pen-ios/ios/build/Build/Intermediates.noindex/Jinja.build/Debug-iphonesimulator/Jinja.build/Objects-normal/arm64/Jinja.LinkFileList

WriteAuxiliaryFile /Users/runner/work/red-pen-ios/red-pen-ios/ios/build/Build/Intermediates.noindex/Jinja.build/Debug-iphonesimulator/Jinja.build/Objects-normal/arm64/Jinja-OutputFileMap.json (in target 'Jinja' from project 'Jinja')
    cd /Users/runner/work/red-pen-ios/red-pen-ios/ios/build/SourcePackages/checkouts/swift-jinja
    write-file /Users/runner/work/red-pen-ios/red-pen-ios/ios/build/Build/Intermediates.noindex/Jinja.build/Debug-iphonesimulator/Jinja.build/Objects-normal/arm64/Jinja-OutputFileMap.json

WriteAuxiliaryFile /Users/runner/work/red-pen-ios/red-pen-ios/ios/build/Build/Intermediates.noindex/Jinja.build/Debug-iphonesimulator/Jinja.build/Jinja.modulemap (in target 'Jinja' from project 'Jinja')
    cd /Users/runner/work/red-pen-ios/red-pen-ios/ios/build/SourcePackages/checkouts/swift-jinja
    write-file /Users/runner/work/red-pen-ios/red-pen-ios/ios/build/Build/Intermediates.noindex/Jinja.build/Debug-iphonesimulator/Jinja.build/Jinja.modulemap

WriteAuxiliaryFile /Users/runner/work/red-pen-ios/red-pen-ios/ios/build/Build/Intermediates.noindex/Jinja.build/Debug-iphonesimulator/Jinja.build/Jinja.DependencyStaticMetadataFileList (in target 'Jinja' from project 'Jinja')
    cd /Users/runner/work/red-pen-ios/red-pen-ios/ios/build/SourcePackages/checkouts/swift-jinja
    write-file /Users/runner/work/red-pen-ios/red-pen-ios/ios/build/Build/Intermediates.noindex/Jinja.build/Debug-iphonesimulator/Jinja.build/Jinja.DependencyStaticMetadataFileList

WriteAuxiliaryFile /Users/runner/work/red-pen-ios/red-pen-ios/ios/build/Build/Intermediates.noindex/Jinja.build/Debug-iphonesimulator/Jinja.build/Jinja.DependencyMetadataFileList (in target 'Jinja' from project 'Jinja')
    cd /Users/runner/work/red-pen-ios/red-pen-ios/ios/build/SourcePackages/checkouts/swift-jinja
    write-file /Users/runner/work/red-pen-ios/red-pen-ios/ios/build/Build/Intermediates.noindex/Jinja.build/Debug-iphonesimulator/Jinja.build/Jinja.DependencyMetadataFileList

Copy /Users/runner/work/red-pen-ios/red-pen-ios/ios/build/Build/Intermediates.noindex/GeneratedModuleMaps-iphonesimulator/Jinja.modulemap /Users/runner/work/red-pen-ios/red-pen-ios/ios/build/Build/Intermediates.noindex/Jinja.build/Debug-iphonesimulator/Jinja.build/Jinja.modulemap (in target 'Jinja' from project 'Jinja')
    cd /Users/runner/work/red-pen-ios/red-pen-ios/ios/build/SourcePackages/checkouts/swift-jinja
    builtin-copy -exclude .DS_Store -exclude CVS -exclude .svn -exclude .git -exclude .hg -resolve-src-symlinks /Users/runner/work/red-pen-ios/red-pen-ios/ios/build/Build/Intermediates.noindex/Jinja.build/Debug-iphonesimulator/Jinja.build/Jinja.modulemap /Users/runner/work/red-pen-ios/red-pen-ios/ios/build/Build/Intermediates.noindex/GeneratedModuleMaps-iphonesimulator

WriteAuxiliaryFile /Users/runner/work/red-pen-ios/red-pen-ios/ios/build/Build/Intermediates.noindex/swift-collections.build/Debug-iphonesimulator/InternalCollectionsUtilities.build/Objects-normal/arm64/InternalCollectionsUtilities_const_extract_protocols.json (in target 'InternalCollectionsUtilities' from project 'swift-collections')
    cd /Users/runner/work/red-pen-ios/red-pen-ios/ios/build/SourcePackages/checkouts/swift-collections
    write-file /Users/runner/work/red-pen-ios/red-pen-ios/ios/build/Build/Intermediates.noindex/swift-collections.build/Debug-iphonesimulator/InternalCollectionsUtilities.build/Objects-normal/arm64/InternalCollectionsUtilities_const_extract_protocols.json

WriteAuxiliaryFile /Users/runner/work/red-pen-ios/red-pen-ios/ios/build/Build/Intermediates.noindex/swift-collections.build/Debug-iphonesimulator/InternalCollectionsUtilities.build/Objects-normal/arm64/InternalCollectionsUtilities.SwiftFileList (in target 'InternalCollectionsUtilities' from project 'swift-collections')
    cd /Users/runner/work/red-pen-ios/red-pen-ios/ios/build/SourcePackages/checkouts/swift-collections
    write-file /Users/runner/work/red-pen-ios/red-pen-ios/ios/build/Build/Intermediates.noindex/swift-collections.build/Debug-iphonesimulator/InternalCollectionsUtilities.build/Objects-normal/arm64/InternalCollectionsUtilities.SwiftFileList

WriteAuxiliaryFile /Users/runner/work/red-pen-ios/red-pen-ios/ios/build/Build/Intermediates.noindex/swift-collections.build/Debug-iphonesimulator/InternalCollectionsUtilities.build/Objects-normal/arm64/InternalCollectionsUtilities.SwiftConstValuesFileList (in target 'InternalCollectionsUtilities' from project 'swift-collections')
    cd /Users/runner/work/red-pen-ios/red-pen-ios/ios/build/SourcePackages/checkouts/swift-collections
    write-file /Users/runner/work/red-pen-ios/red-pen-ios/ios/build/Build/Intermediates.noindex/swift-collections.build/Debug-iphonesimulator/InternalCollectionsUtilities.build/Objects-normal/arm64/InternalCollectionsUtilities.SwiftConstValuesFileList

WriteAuxiliaryFile /Users/runner/work/red-pen-ios/red-pen-ios/ios/build/Build/Intermediates.noindex/swift-collections.build/Debug-iphonesimulator/InternalCollectionsUtilities.build/Objects-normal/arm64/InternalCollectionsUtilities.LinkFileList (in target 'InternalCollectionsUtilities' from project 'swift-collections')
    cd /Users/runner/work/red-pen-ios/red-pen-ios/ios/build/SourcePackages/checkouts/swift-collections
    write-file /Users/runner/work/red-pen-ios/red-pen-ios/ios/build/Build/Intermediates.noindex/swift-collections.build/Debug-iphonesimulator/InternalCollectionsUtilities.build/Objects-normal/arm64/InternalCollectionsUtilities.LinkFileList

WriteAuxiliaryFile /Users/runner/work/red-pen-ios/red-pen-ios/ios/build/Build/Intermediates.noindex/swift-collections.build/Debug-iphonesimulator/InternalCollectionsUtilities.build/Objects-normal/arm64/InternalCollectionsUtilities-OutputFileMap.json (in target 'InternalCollectionsUtilities' from project 'swift-collections')
    cd /Users/runner/work/red-pen-ios/red-pen-ios/ios/build/SourcePackages/checkouts/swift-collections
    write-file /Users/runner/work/red-pen-ios/red-pen-ios/ios/build/Build/Intermediates.noindex/swift-collections.build/Debug-iphonesimulator/InternalCollectionsUtilities.build/Objects-normal/arm64/InternalCollectionsUtilities-OutputFileMap.json

WriteAuxiliaryFile /Users/runner/work/red-pen-ios/red-pen-ios/ios/build/Build/Intermediates.noindex/swift-collections.build/Debug-iphonesimulator/InternalCollectionsUtilities.build/InternalCollectionsUtilities.modulemap (in target 'InternalCollectionsUtilities' from project 'swift-collections')
    cd /Users/runner/work/red-pen-ios/red-pen-ios/ios/build/SourcePackages/checkouts/swift-collections
    write-file /Users/runner/work/red-pen-ios/red-pen-ios/ios/build/Build/Intermediates.noindex/swift-collections.build/Debug-iphonesimulator/InternalCollectionsUtilities.build/InternalCollectionsUtilities.modulemap

WriteAuxiliaryFile /Users/runner/work/red-pen-ios/red-pen-ios/ios/build/Build/Intermediates.noindex/swift-collections.build/Debug-iphonesimulator/InternalCollectionsUtilities.build/InternalCollectionsUtilities.DependencyStaticMetadataFileList (in target 'InternalCollectionsUtilities' from project 'swift-collections')
    cd /Users/runner/work/red-pen-ios/red-pen-ios/ios/build/SourcePackages/checkouts/swift-collections
    write-file /Users/runner/work/red-pen-ios/red-pen-ios/ios/build/Build/Intermediates.noindex/swift-collections.build/Debug-iphonesimulator/InternalCollectionsUtilities.build/InternalCollectionsUtilities.DependencyStaticMetadataFileList

WriteAuxiliaryFile /Users/runner/work/red-pen-ios/red-pen-ios/ios/build/Build/Intermediates.noindex/swift-collections.build/Debug-iphonesimulator/InternalCollectionsUtilities.build/InternalCollectionsUtilities.DependencyMetadataFileList (in target 'InternalCollectionsUtilities' from project 'swift-collections')
    cd /Users/runner/work/red-pen-ios/red-pen-ios/ios/build/SourcePackages/checkouts/swift-collections
    write-file /Users/runner/work/red-pen-ios/red-pen-ios/ios/build/Build/Intermediates.noindex/swift-collections.build/Debug-iphonesimulator/InternalCollectionsUtilities.build/InternalCollectionsUtilities.DependencyMetadataFileList

Copy /Users/runner/work/red-pen-ios/red-pen-ios/ios/build/Build/Intermediates.noindex/GeneratedModuleMaps-iphonesimulator/InternalCollectionsUtilities.modulemap /Users/runner/work/red-pen-ios/red-pen-ios/ios/build/Build/Intermediates.noindex/swift-collections.build/Debug-iphonesimulator/InternalCollectionsUtilities.build/InternalCollectionsUtilities.modulemap (in target 'InternalCollectionsUtilities' from project 'swift-collections')
    cd /Users/runner/work/red-pen-ios/red-pen-ios/ios/build/SourcePackages/checkouts/swift-collections
    builtin-copy -exclude .DS_Store -exclude CVS -exclude .svn -exclude .git -exclude .hg -resolve-src-symlinks /Users/runner/work/red-pen-ios/red-pen-ios/ios/build/Build/Intermediates.noindex/swift-collections.build/Debug-iphonesimulator/InternalCollectionsUtilities.build/InternalCollectionsUtilities.modulemap /Users/runner/work/red-pen-ios/red-pen-ios/ios/build/Build/Intermediates.noindex/GeneratedModuleMaps-iphonesimulator

WriteAuxiliaryFile /Users/runner/work/red-pen-ios/red-pen-ios/ios/build/Build/Intermediates.noindex/RedPen.build/Debug-iphonesimulator/RedPen.build/RedPen.hmap (in target 'RedPen' from project 'RedPen')
    cd /Users/runner/work/red-pen-ios/red-pen-ios/ios
    write-file /Users/runner/work/red-pen-ios/red-pen-ios/ios/build/Build/Intermediates.noindex/RedPen.build/Debug-iphonesimulator/RedPen.build/RedPen.hmap

WriteAuxiliaryFile /Users/runner/work/red-pen-ios/red-pen-ios/ios/build/Build/Intermediates.noindex/RedPen.build/Debug-iphonesimulator/RedPen.build/RedPen.DependencyStaticMetadataFileList (in target 'RedPen' from project 'RedPen')
    cd /Users/runner/work/red-pen-ios/red-pen-ios/ios
    write-file /Users/runner/work/red-pen-ios/red-pen-ios/ios/build/Build/Intermediates.noindex/RedPen.build/Debug-iphonesimulator/RedPen.build/RedPen.DependencyStaticMetadataFileList

WriteAuxiliaryFile /Users/runner/work/red-pen-ios/red-pen-ios/ios/build/Build/Intermediates.noindex/RedPen.build/Debug-iphonesimulator/RedPen.build/RedPen.DependencyMetadataFileList (in target 'RedPen' from project 'RedPen')
    cd /Users/runner/work/red-pen-ios/red-pen-ios/ios
    write-file /Users/runner/work/red-pen-ios/red-pen-ios/ios/build/Build/Intermediates.noindex/RedPen.build/Debug-iphonesimulator/RedPen.build/RedPen.DependencyMetadataFileList

WriteAuxiliaryFile /Users/runner/work/red-pen-ios/red-pen-ios/ios/build/Build/Intermediates.noindex/RedPen.build/Debug-iphonesimulator/RedPen.build/RedPen-project-headers.hmap (in target 'RedPen' from project 'RedPen')
    cd /Users/runner/work/red-pen-ios/red-pen-ios/ios
    write-file /Users/runner/work/red-pen-ios/red-pen-ios/ios/build/Build/Intermediates.noindex/RedPen.build/Debug-iphonesimulator/RedPen.build/RedPen-project-headers.hmap

WriteAuxiliaryFile /Users/runner/work/red-pen-ios/red-pen-ios/ios/build/Build/Intermediates.noindex/RedPen.build/Debug-iphonesimulator/RedPen.build/RedPen-own-target-headers.hmap (in target 'RedPen' from project 'RedPen')
    cd /Users/runner/work/red-pen-ios/red-pen-ios/ios
    write-file /Users/runner/work/red-pen-ios/red-pen-ios/ios/build/Build/Intermediates.noindex/RedPen.build/Debug-iphonesimulator/RedPen.build/RedPen-own-target-headers.hmap

WriteAuxiliaryFile /Users/runner/work/red-pen-ios/red-pen-ios/ios/build/Build/Intermediates.noindex/RedPen.build/Debug-iphonesimulator/RedPen.build/RedPen-generated-files.hmap (in target 'RedPen' from project 'RedPen')
    cd /Users/runner/work/red-pen-ios/red-pen-ios/ios
    write-file /Users/runner/work/red-pen-ios/red-pen-ios/ios/build/Build/Intermediates.noindex/RedPen.build/Debug-iphonesimulator/RedPen.build/RedPen-generated-files.hmap

WriteAuxiliaryFile /Users/runner/work/red-pen-ios/red-pen-ios/ios/build/Build/Intermediates.noindex/RedPen.build/Debug-iphonesimulator/RedPen.build/RedPen-all-target-headers.hmap (in target 'RedPen' from project 'RedPen')
    cd /Users/runner/work/red-pen-ios/red-pen-ios/ios
    write-file /Users/runner/work/red-pen-ios/red-pen-ios/ios/build/Build/Intermediates.noindex/RedPen.build/Debug-iphonesimulator/RedPen.build/RedPen-all-target-headers.hmap

WriteAuxiliaryFile /Users/runner/work/red-pen-ios/red-pen-ios/ios/build/Build/Intermediates.noindex/RedPen.build/Debug-iphonesimulator/RedPen.build/RedPen-all-non-framework-target-headers.hmap (in target 'RedPen' from project 'RedPen')
    cd /Users/runner/work/red-pen-ios/red-pen-ios/ios
    write-file /Users/runner/work/red-pen-ios/red-pen-ios/ios/build/Build/Intermediates.noindex/RedPen.build/Debug-iphonesimulator/RedPen.build/RedPen-all-non-framework-target-headers.hmap

WriteAuxiliaryFile /Users/runner/work/red-pen-ios/red-pen-ios/ios/build/Build/Intermediates.noindex/RedPen.build/Debug-iphonesimulator/RedPen.build/RedPen-DebugDylibPath-normal-arm64.txt (in target 'RedPen' from project 'RedPen')
    cd /Users/runner/work/red-pen-ios/red-pen-ios/ios
    write-file /Users/runner/work/red-pen-ios/red-pen-ios/ios/build/Build/Intermediates.noindex/RedPen.build/Debug-iphonesimulator/RedPen.build/RedPen-DebugDylibPath-normal-arm64.txt

WriteAuxiliaryFile /Users/runner/work/red-pen-ios/red-pen-ios/ios/build/Build/Intermediates.noindex/RedPen.build/Debug-iphonesimulator/RedPen.build/RedPen-DebugDylibInstallName-normal-arm64.txt (in target 'RedPen' from project 'RedPen')
    cd /Users/runner/work/red-pen-ios/red-pen-ios/ios
    write-file /Users/runner/work/red-pen-ios/red-pen-ios/ios/build/Build/Intermediates.noindex/RedPen.build/Debug-iphonesimulator/RedPen.build/RedPen-DebugDylibInstallName-normal-arm64.txt

WriteAuxiliaryFile /Users/runner/work/red-pen-ios/red-pen-ios/ios/build/Build/Intermediates.noindex/RedPen.build/Debug-iphonesimulator/RedPen.build/Objects-normal/arm64/RedPen_const_extract_protocols.json (in target 'RedPen' from project 'RedPen')
    cd /Users/runner/work/red-pen-ios/red-pen-ios/ios
    write-file /Users/runner/work/red-pen-ios/red-pen-ios/ios/build/Build/Intermediates.noindex/RedPen.build/Debug-iphonesimulator/RedPen.build/Objects-normal/arm64/RedPen_const_extract_protocols.json

WriteAuxiliaryFile /Users/runner/work/red-pen-ios/red-pen-ios/ios/build/Build/Intermediates.noindex/RedPen.build/Debug-iphonesimulator/RedPen.build/Objects-normal/arm64/RedPen.SwiftFileList (in target 'RedPen' from project 'RedPen')
    cd /Users/runner/work/red-pen-ios/red-pen-ios/ios
    write-file /Users/runner/work/red-pen-ios/red-pen-ios/ios/build/Build/Intermediates.noindex/RedPen.build/Debug-iphonesimulator/RedPen.build/Objects-normal/arm64/RedPen.SwiftFileList

WriteAuxiliaryFile /Users/runner/work/red-pen-ios/red-pen-ios/ios/build/Build/Intermediates.noindex/RedPen.build/Debug-iphonesimulator/RedPen.build/Objects-normal/arm64/RedPen.SwiftConstValuesFileList (in target 'RedPen' from project 'RedPen')
    cd /Users/runner/work/red-pen-ios/red-pen-ios/ios
    write-file /Users/runner/work/red-pen-ios/red-pen-ios/ios/build/Build/Intermediates.noindex/RedPen.build/Debug-iphonesimulator/RedPen.build/Objects-normal/arm64/RedPen.SwiftConstValuesFileList

WriteAuxiliaryFile /Users/runner/work/red-pen-ios/red-pen-ios/ios/build/Build/Intermediates.noindex/RedPen.build/Debug-iphonesimulator/RedPen.build/Objects-normal/arm64/RedPen.LinkFileList (in target 'RedPen' from project 'RedPen')
    cd /Users/runner/work/red-pen-ios/red-pen-ios/ios
    write-file /Users/runner/work/red-pen-ios/red-pen-ios/ios/build/Build/Intermediates.noindex/RedPen.build/Debug-iphonesimulator/RedPen.build/Objects-normal/arm64/RedPen.LinkFileList

WriteAuxiliaryFile /Users/runner/work/red-pen-ios/red-pen-ios/ios/build/Build/Intermediates.noindex/RedPen.build/Debug-iphonesimulator/RedPen.build/Objects-normal/arm64/RedPen-OutputFileMap.json (in target 'RedPen' from project 'RedPen')
    cd /Users/runner/work/red-pen-ios/red-pen-ios/ios
    write-file /Users/runner/work/red-pen-ios/red-pen-ios/ios/build/Build/Intermediates.noindex/RedPen.build/Debug-iphonesimulator/RedPen.build/Objects-normal/arm64/RedPen-OutputFileMap.json

MkDir /Users/runner/work/red-pen-ios/red-pen-ios/ios/build/Build/Products/Debug-iphonesimulator/RedPen.app/PlugIns (in target 'RedPen' from project 'RedPen')
    cd /Users/runner/work/red-pen-ios/red-pen-ios/ios
    /bin/mkdir -p /Users/runner/work/red-pen-ios/red-pen-ios/ios/build/Build/Products/Debug-iphonesimulator/RedPen.app/PlugIns

MkDir /Users/runner/work/red-pen-ios/red-pen-ios/ios/build/Build/Products/Debug-iphonesimulator/RedPen.app/Frameworks (in target 'RedPen' from project 'RedPen')
    cd /Users/runner/work/red-pen-ios/red-pen-ios/ios
    /bin/mkdir -p /Users/runner/work/red-pen-ios/red-pen-ios/ios/build/Build/Products/Debug-iphonesimulator/RedPen.app/Frameworks

MkDir /Users/runner/work/red-pen-ios/red-pen-ios/ios/build/Build/Products/Debug-iphonesimulator/RedPen.app (in target 'RedPen' from project 'RedPen')
    cd /Users/runner/work/red-pen-ios/red-pen-ios/ios
    /bin/mkdir -p /Users/runner/work/red-pen-ios/red-pen-ios/ios/build/Build/Products/Debug-iphonesimulator/RedPen.app

WriteAuxiliaryFile /Users/runner/work/red-pen-ios/red-pen-ios/ios/build/Build/Intermediates.noindex/LocalLLMClient.build/Debug-iphonesimulator/LocalLLMClientLlamaC.build/Objects-normal/arm64/LocalLLMClientLlamaC.LinkFileList (in target 'LocalLLMClientLlamaC' from project 'LocalLLMClient')
    cd /Users/runner/work/red-pen-ios/red-pen-ios/ios/build/SourcePackages/checkouts/LocalLLMClient
    write-file /Users/runner/work/red-pen-ios/red-pen-ios/ios/build/Build/Intermediates.noindex/LocalLLMClient.build/Debug-iphonesimulator/LocalLLMClientLlamaC.build/Objects-normal/arm64/LocalLLMClientLlamaC.LinkFileList

WriteAuxiliaryFile /Users/runner/work/red-pen-ios/red-pen-ios/ios/build/Build/Intermediates.noindex/LocalLLMClient.build/Debug-iphonesimulator/LocalLLMClientLlamaC.build/Objects-normal/arm64/82b82416624d2658e5098eb0a28c15c5-common-args.resp (in target 'LocalLLMClientLlamaC' from project 'LocalLLMClient')
    cd /Users/runner/work/red-pen-ios/red-pen-ios/ios/build/SourcePackages/checkouts/LocalLLMClient
    write-file /Users/runner/work/red-pen-ios/red-pen-ios/ios/build/Build/Intermediates.noindex/LocalLLMClient.build/Debug-iphonesimulator/LocalLLMClientLlamaC.build/Objects-normal/arm64/82b82416624d2658e5098eb0a28c15c5-common-args.resp
'-std=c++17' -fmodules -fno-cxx-modules -gmodules '-fmodules-cache-path=/Users/runner/work/red-pen-ios/red-pen-ios/ios/build/ModuleCache.noindex' '-fmodule-name=LocalLLMClientLlamaC' '-D_LIBCPP_HARDENING_MODE=_LIBCPP_HARDENING_MODE_DEBUG' -fpascal-strings -O0 -DSWIFT_PACKAGE '-DDEBUG=1' '-DLLAMA_BUILD_NUMBER=8851' '-DLLAMA_BUILD_NUMBER=8851' -g -fvisibility-inlines-hidden -I/Users/runner/work/red-pen-ios/red-pen-ios/ios/build/Build/Products/Debug-iphonesimulator/include -I/Users/runner/work/red-pen-ios/red-pen-ios/ios/build/SourcePackages/checkouts/LocalLLMClient/Sources/LocalLLMClientLlamaC/include -I/Users/runner/work/red-pen-ios/red-pen-ios/ios/build/SourcePackages/checkouts/LocalLLMClient/Sources/LocalLLMClientLlamaC -I/Users/runner/work/red-pen-ios/red-pen-ios/ios/build/SourcePackages/checkouts/LocalLLMClient/Sources/LocalLLMClientLlamaC/common -I/Users/runner/work/red-pen-ios/red-pen-ios/ios/build/SourcePackages/checkouts/LocalLLMClient/Sources/LocalLLMClientLlamaC -I/Users/runner/work/red-pen-ios/red-pen-ios/ios/build/SourcePackages/checkouts/LocalLLMClient/Sources/LocalLLMClientLlamaC/common -I/Users/runner/work/red-pen-ios/red-pen-ios/ios/build/Build/Intermediates.noindex/LocalLLMClient.build/Debug-iphonesimulator/LocalLLMClientLlamaC.build/DerivedSources-normal/arm64 -I/Users/runner/work/red-pen-ios/red-pen-ios/ios/build/Build/Intermediates.noindex/LocalLLMClient.build/Debug-iphonesimulator/LocalLLMClientLlamaC.build/DerivedSources/arm64 -I/Users/runner/work/red-pen-ios/red-pen-ios/ios/build/Build/Intermediates.noindex/LocalLLMClient.build/Debug-iphonesimulator/LocalLLMClientLlamaC.build/DerivedSources -F/Users/runner/work/red-pen-ios/red-pen-ios/ios/build/Build/Products/Debug-iphonesimulator -iframework /Applications/Xcode_26.6.app/Contents/Developer/Platforms/iPhoneSimulator.platform/Developer/Library/Frameworks -iframework /Applications/Xcode_26.6.app/Contents/Developer/Platforms/iPhoneSimulator.platform/Developer/SDKs/iPhoneSimulator26.5.sdk/Developer/Library/Frameworks -DXcode -UDEBUG

WriteAuxiliaryFile /Users/runner/work/red-pen-ios/red-pen-ios/ios/build/Build/Intermediates.noindex/LocalLLMClient.build/Debug-iphonesimulator/LocalLLMClientLlamaC.build/LocalLLMClientLlamaC.DependencyStaticMetadataFileList (in target 'LocalLLMClientLlamaC' from project 'LocalLLMClient')
    cd /Users/runner/work/red-pen-ios/red-pen-ios/ios/build/SourcePackages/checkouts/LocalLLMClient
    write-file /Users/runner/work/red-pen-ios/red-pen-ios/ios/build/Build/Intermediates.noindex/LocalLLMClient.build/Debug-iphonesimulator/LocalLLMClientLlamaC.build/LocalLLMClientLlamaC.DependencyStaticMetadataFileList

WriteAuxiliaryFile /Users/runner/work/red-pen-ios/red-pen-ios/ios/build/Build/Intermediates.noindex/LocalLLMClient.build/Debug-iphonesimulator/LocalLLMClientLlamaC.build/LocalLLMClientLlamaC.DependencyMetadataFileList (in target 'LocalLLMClientLlamaC' from project 'LocalLLMClient')
    cd /Users/runner/work/red-pen-ios/red-pen-ios/ios/build/SourcePackages/checkouts/LocalLLMClient
    write-file /Users/runner/work/red-pen-ios/red-pen-ios/ios/build/Build/Intermediates.noindex/LocalLLMClient.build/Debug-iphonesimulator/LocalLLMClientLlamaC.build/LocalLLMClientLlamaC.DependencyMetadataFileList

WriteAuxiliaryFile /Users/runner/work/red-pen-ios/red-pen-ios/ios/build/Build/Intermediates.noindex/LocalLLMClient.build/Debug-iphonesimulator/LocalLLMClientLlama.build/Objects-normal/arm64/LocalLLMClientLlama_const_extract_protocols.json (in target 'LocalLLMClientLlama' from project 'LocalLLMClient')
    cd /Users/runner/work/red-pen-ios/red-pen-ios/ios/build/SourcePackages/checkouts/LocalLLMClient
    write-file /Users/runner/work/red-pen-ios/red-pen-ios/ios/build/Build/Intermediates.noindex/LocalLLMClient.build/Debug-iphonesimulator/LocalLLMClientLlama.build/Objects-normal/arm64/LocalLLMClientLlama_const_extract_protocols.json

WriteAuxiliaryFile /Users/runner/work/red-pen-ios/red-pen-ios/ios/build/Build/Intermediates.noindex/LocalLLMClient.build/Debug-iphonesimulator/LocalLLMClientLlama.build/Objects-normal/arm64/LocalLLMClientLlama.SwiftFileList (in target 'LocalLLMClientLlama' from project 'LocalLLMClient')
    cd /Users/runner/work/red-pen-ios/red-pen-ios/ios/build/SourcePackages/checkouts/LocalLLMClient
    write-file /Users/runner/work/red-pen-ios/red-pen-ios/ios/build/Build/Intermediates.noindex/LocalLLMClient.build/Debug-iphonesimulator/LocalLLMClientLlama.build/Objects-normal/arm64/LocalLLMClientLlama.SwiftFileList

WriteAuxiliaryFile /Users/runner/work/red-pen-ios/red-pen-ios/ios/build/Build/Intermediates.noindex/LocalLLMClient.build/Debug-iphonesimulator/LocalLLMClientLlama.build/Objects-normal/arm64/LocalLLMClientLlama.SwiftConstValuesFileList (in target 'LocalLLMClientLlama' from project 'LocalLLMClient')
    cd /Users/runner/work/red-pen-ios/red-pen-ios/ios/build/SourcePackages/checkouts/LocalLLMClient
    write-file /Users/runner/work/red-pen-ios/red-pen-ios/ios/build/Build/Intermediates.noindex/LocalLLMClient.build/Debug-iphonesimulator/LocalLLMClientLlama.build/Objects-normal/arm64/LocalLLMClientLlama.SwiftConstValuesFileList

WriteAuxiliaryFile /Users/runner/work/red-pen-ios/red-pen-ios/ios/build/Build/Intermediates.noindex/LocalLLMClient.build/Debug-iphonesimulator/LocalLLMClientLlama.build/Objects-normal/arm64/LocalLLMClientLlama.LinkFileList (in target 'LocalLLMClientLlama' from project 'LocalLLMClient')
    cd /Users/runner/work/red-pen-ios/red-pen-ios/ios/build/SourcePackages/checkouts/LocalLLMClient
    write-file /Users/runner/work/red-pen-ios/red-pen-ios/ios/build/Build/Intermediates.noindex/LocalLLMClient.build/Debug-iphonesimulator/LocalLLMClientLlama.build/Objects-normal/arm64/LocalLLMClientLlama.LinkFileList

WriteAuxiliaryFile /Users/runner/work/red-pen-ios/red-pen-ios/ios/build/Build/Intermediates.noindex/LocalLLMClient.build/Debug-iphonesimulator/LocalLLMClientLlama.build/Objects-normal/arm64/LocalLLMClientLlama-OutputFileMap.json (in target 'LocalLLMClientLlama' from project 'LocalLLMClient')
    cd /Users/runner/work/red-pen-ios/red-pen-ios/ios/build/SourcePackages/checkouts/LocalLLMClient
    write-file /Users/runner/work/red-pen-ios/red-pen-ios/ios/build/Build/Intermediates.noindex/LocalLLMClient.build/Debug-iphonesimulator/LocalLLMClientLlama.build/Objects-normal/arm64/LocalLLMClientLlama-OutputFileMap.json

WriteAuxiliaryFile /Users/runner/work/red-pen-ios/red-pen-ios/ios/build/Build/Intermediates.noindex/LocalLLMClient.build/Debug-iphonesimulator/LocalLLMClientLlama.build/LocalLLMClientLlama.modulemap (in target 'LocalLLMClientLlama' from project 'LocalLLMClient')
    cd /Users/runner/work/red-pen-ios/red-pen-ios/ios/build/SourcePackages/checkouts/LocalLLMClient
    write-file /Users/runner/work/red-pen-ios/red-pen-ios/ios/build/Build/Intermediates.noindex/LocalLLMClient.build/Debug-iphonesimulator/LocalLLMClientLlama.build/LocalLLMClientLlama.modulemap

WriteAuxiliaryFile /Users/runner/work/red-pen-ios/red-pen-ios/ios/build/Build/Intermediates.noindex/LocalLLMClient.build/Debug-iphonesimulator/LocalLLMClientLlama.build/LocalLLMClientLlama.DependencyStaticMetadataFileList (in target 'LocalLLMClientLlama' from project 'LocalLLMClient')
    cd /Users/runner/work/red-pen-ios/red-pen-ios/ios/build/SourcePackages/checkouts/LocalLLMClient
    write-file /Users/runner/work/red-pen-ios/red-pen-ios/ios/build/Build/Intermediates.noindex/LocalLLMClient.build/Debug-iphonesimulator/LocalLLMClientLlama.build/LocalLLMClientLlama.DependencyStaticMetadataFileList

WriteAuxiliaryFile /Users/runner/work/red-pen-ios/red-pen-ios/ios/build/Build/Intermediates.noindex/LocalLLMClient.build/Debug-iphonesimulator/LocalLLMClientLlama.build/LocalLLMClientLlama.DependencyMetadataFileList (in target 'LocalLLMClientLlama' from project 'LocalLLMClient')
    cd /Users/runner/work/red-pen-ios/red-pen-ios/ios/build/SourcePackages/checkouts/LocalLLMClient
    write-file /Users/runner/work/red-pen-ios/red-pen-ios/ios/build/Build/Intermediates.noindex/LocalLLMClient.build/Debug-iphonesimulator/LocalLLMClientLlama.build/LocalLLMClientLlama.DependencyMetadataFileList

WriteAuxiliaryFile /Users/runner/work/red-pen-ios/red-pen-ios/ios/build/Build/Intermediates.noindex/LocalLLMClient.build/Debug-iphonesimulator/LocalLLMClientLlama.build/DerivedSources/resource_bundle_accessor.swift (in target 'LocalLLMClientLlama' from project 'LocalLLMClient')
    cd /Users/runner/work/red-pen-ios/red-pen-ios/ios/build/SourcePackages/checkouts/LocalLLMClient
    write-file /Users/runner/work/red-pen-ios/red-pen-ios/ios/build/Build/Intermediates.noindex/LocalLLMClient.build/Debug-iphonesimulator/LocalLLMClientLlama.build/DerivedSources/resource_bundle_accessor.swift

Copy /Users/runner/work/red-pen-ios/red-pen-ios/ios/build/Build/Intermediates.noindex/GeneratedModuleMaps-iphonesimulator/LocalLLMClientLlama.modulemap /Users/runner/work/red-pen-ios/red-pen-ios/ios/build/Build/Intermediates.noindex/LocalLLMClient.build/Debug-iphonesimulator/LocalLLMClientLlama.build/LocalLLMClientLlama.modulemap (in target 'LocalLLMClientLlama' from project 'LocalLLMClient')
    cd /Users/runner/work/red-pen-ios/red-pen-ios/ios/build/SourcePackages/checkouts/LocalLLMClient
    builtin-copy -exclude .DS_Store -exclude CVS -exclude .svn -exclude .git -exclude .hg -resolve-src-symlinks /Users/runner/work/red-pen-ios/red-pen-ios/ios/build/Build/Intermediates.noindex/LocalLLMClient.build/Debug-iphonesimulator/LocalLLMClientLlama.build/LocalLLMClientLlama.modulemap /Users/runner/work/red-pen-ios/red-pen-ios/ios/build/Build/Intermediates.noindex/GeneratedModuleMaps-iphonesimulator

Ld /Users/runner/work/red-pen-ios/red-pen-ios/ios/build/Build/Products/Debug-iphonesimulator/StethoscoreWidgets.appex/__preview.dylib normal (in target 'StethoscoreWidgets' from project 'RedPen')
    cd /Users/runner/work/red-pen-ios/red-pen-ios/ios
    /Applications/Xcode_26.6.app/Contents/Developer/Toolchains/XcodeDefault.xctoolchain/usr/bin/clang -Xlinker -reproducible -target arm64-apple-ios26.0-simulator -dynamiclib -isysroot /Applications/Xcode_26.6.app/Contents/Developer/Platforms/iPhoneSimulator.platform/Developer/SDKs/iPhoneSimulator26.5.sdk -O0 -L/Users/runner/work/red-pen-ios/red-pen-ios/ios/build/Build/Products/Debug-iphonesimulator -F/Users/runner/work/red-pen-ios/red-pen-ios/ios/build/Build/Products/Debug-iphonesimulator -install_name @rpath/StethoscoreWidgets.debug.dylib -Xlinker -dead_strip -rdynamic -Xlinker -no_deduplicate -Xlinker -objc_abi_version -Xlinker 2 -Xlinker -dependency_info -Xlinker /Users/runner/work/red-pen-ios/red-pen-ios/ios/build/Build/Intermediates.noindex/RedPen.build/Debug-iphonesimulator/StethoscoreWidgets.build/Objects-normal/arm64/StethoscoreWidgets_dependency_info.dat -o /Users/runner/work/red-pen-ios/red-pen-ios/ios/build/Build/Products/Debug-iphonesimulator/StethoscoreWidgets.appex/__preview.dylib

ProcessInfoPlistFile /Users/runner/work/red-pen-ios/red-pen-ios/ios/build/Build/Products/Debug-iphonesimulator/StethoscoreWidgets.appex/Info.plist /Users/runner/work/red-pen-ios/red-pen-ios/ios/StethoscoreWidgets/Info.plist (in target 'StethoscoreWidgets' from project 'RedPen')
    cd /Users/runner/work/red-pen-ios/red-pen-ios/ios
    builtin-infoPlistUtility /Users/runner/work/red-pen-ios/red-pen-ios/ios/StethoscoreWidgets/Info.plist -producttype com.apple.product-type.app-extension -expandbuildsettings -format binary -platform iphonesimulator -o /Users/runner/work/red-pen-ios/red-pen-ios/ios/build/Build/Products/Debug-iphonesimulator/StethoscoreWidgets.appex/Info.plist

ProcessInfoPlistFile /Users/runner/work/red-pen-ios/red-pen-ios/ios/build/Build/Products/Debug-iphonesimulator/LocalLLMClient_LocalLLMClientLlama.bundle/Info.plist /Users/runner/work/red-pen-ios/red-pen-ios/ios/build/Build/Intermediates.noindex/LocalLLMClient.build/Debug-iphonesimulator/LocalLLMClient_LocalLLMClientLlama.build/empty-LocalLLMClient_LocalLLMClientLlama.plist (in target 'LocalLLMClient_LocalLLMClientLlama' from project 'LocalLLMClient')
    cd /Users/runner/work/red-pen-ios/red-pen-ios/ios/build/SourcePackages/checkouts/LocalLLMClient
    builtin-infoPlistUtility /Users/runner/work/red-pen-ios/red-pen-ios/ios/build/Build/Intermediates.noindex/LocalLLMClient.build/Debug-iphonesimulator/LocalLLMClient_LocalLLMClientLlama.build/empty-LocalLLMClient_LocalLLMClientLlama.plist -producttype com.apple.product-type.bundle -expandbuildsettings -format binary -platform iphonesimulator -o /Users/runner/work/red-pen-ios/red-pen-ios/ios/build/Build/Products/Debug-iphonesimulator/LocalLLMClient_LocalLLMClientLlama.bundle/Info.plist

CpResource /Users/runner/work/red-pen-ios/red-pen-ios/ios/build/Build/Products/Debug-iphonesimulator/LocalLLMClient_LocalLLMClientLlama.bundle/json.gbnf /Users/runner/work/red-pen-ios/red-pen-ios/ios/build/SourcePackages/checkouts/LocalLLMClient/Sources/LocalLLMClientLlama/Resources/Grammars/json.gbnf (in target 'LocalLLMClient_LocalLLMClientLlama' from project 'LocalLLMClient')
    cd /Users/runner/work/red-pen-ios/red-pen-ios/ios/build/SourcePackages/checkouts/LocalLLMClient
    builtin-copy -exclude .DS_Store -exclude CVS -exclude .svn -exclude .git -exclude .hg -resolve-src-symlinks /Users/runner/work/red-pen-ios/red-pen-ios/ios/build/SourcePackages/checkouts/LocalLLMClient/Sources/LocalLLMClientLlama/Resources/Grammars/json.gbnf /Users/runner/work/red-pen-ios/red-pen-ios/ios/build/Build/Products/Debug-iphonesimulator/LocalLLMClient_LocalLLMClientLlama.bundle

RegisterExecutionPolicyException /Users/runner/work/red-pen-ios/red-pen-ios/ios/build/Build/Products/Debug-iphonesimulator/LocalLLMClient_LocalLLMClientLlama.bundle (in target 'LocalLLMClient_LocalLLMClientLlama' from project 'LocalLLMClient')
    cd /Users/runner/work/red-pen-ios/red-pen-ios/ios/build/SourcePackages/checkouts/LocalLLMClient
    builtin-RegisterExecutionPolicyException /Users/runner/work/red-pen-ios/red-pen-ios/ios/build/Build/Products/Debug-iphonesimulator/LocalLLMClient_LocalLLMClientLlama.bundle

Touch /Users/runner/work/red-pen-ios/red-pen-ios/ios/build/Build/Products/Debug-iphonesimulator/LocalLLMClient_LocalLLMClientLlama.bundle (in target 'LocalLLMClient_LocalLLMClientLlama' from project 'LocalLLMClient')
    cd /Users/runner/work/red-pen-ios/red-pen-ios/ios/build/SourcePackages/checkouts/LocalLLMClient
    /usr/bin/touch -c /Users/runner/work/red-pen-ios/red-pen-ios/ios/build/Build/Products/Debug-iphonesimulator/LocalLLMClient_LocalLLMClientLlama.bundle

CreateBuildDirectory /Users/runner/work/red-pen-ios/red-pen-ios/ios/build/Build/Products/Debug-iphonesimulator/PackageFrameworks
    cd /Users/runner/work/red-pen-ios/red-pen-ios/ios/RedPen.xcodeproj
    builtin-create-build-directory /Users/runner/work/red-pen-ios/red-pen-ios/ios/build/Build/Products/Debug-iphonesimulator/PackageFrameworks

CreateBuildDirectory /Users/runner/work/red-pen-ios/red-pen-ios/ios/build/Build/Intermediates.noindex/EagerLinkingTBDs/Debug
    cd /Users/runner/work/red-pen-ios/red-pen-ios/ios/RedPen.xcodeproj
    builtin-create-build-directory /Users/runner/work/red-pen-ios/red-pen-ios/ios/build/Build/Intermediates.noindex/EagerLinkingTBDs/Debug

WriteAuxiliaryFile /Users/runner/work/red-pen-ios/red-pen-ios/ios/build/Build/Intermediates.noindex/LocalLLMClient.build/Debug/LocalLLMClientMacrosPlugin.build/Objects-normal/arm64/LocalLLMClientMacrosPlugin_const_extract_protocols.json (in target 'LocalLLMClientMacrosPlugin' from project 'LocalLLMClient')
    cd /Users/runner/work/red-pen-ios/red-pen-ios/ios/build/SourcePackages/checkouts/LocalLLMClient
    write-file /Users/runner/work/red-pen-ios/red-pen-ios/ios/build/Build/Intermediates.noindex/LocalLLMClient.build/Debug/LocalLLMClientMacrosPlugin.build/Objects-normal/arm64/LocalLLMClientMacrosPlugin_const_extract_protocols.json

WriteAuxiliaryFile /Users/runner/work/red-pen-ios/red-pen-ios/ios/build/Build/Intermediates.noindex/LocalLLMClient.build/Debug/LocalLLMClientMacrosPlugin.build/Objects-normal/arm64/LocalLLMClientMacrosPlugin.SwiftFileList (in target 'LocalLLMClientMacrosPlugin' from project 'LocalLLMClient')
    cd /Users/runner/work/red-pen-ios/red-pen-ios/ios/build/SourcePackages/checkouts/LocalLLMClient
    write-file /Users/runner/work/red-pen-ios/red-pen-ios/ios/build/Build/Intermediates.noindex/LocalLLMClient.build/Debug/LocalLLMClientMacrosPlugin.build/Objects-normal/arm64/LocalLLMClientMacrosPlugin.SwiftFileList

WriteAuxiliaryFile /Users/runner/work/red-pen-ios/red-pen-ios/ios/build/Build/Intermediates.noindex/LocalLLMClient.build/Debug/LocalLLMClientMacrosPlugin.build/Objects-normal/arm64/LocalLLMClientMacrosPlugin.LinkFileList (in target 'LocalLLMClientMacrosPlugin' from project 'LocalLLMClient')
    cd /Users/runner/work/red-pen-ios/red-pen-ios/ios/build/SourcePackages/checkouts/LocalLLMClient
    write-file /Users/runner/work/red-pen-ios/red-pen-ios/ios/build/Build/Intermediates.noindex/LocalLLMClient.build/Debug/LocalLLMClientMacrosPlugin.build/Objects-normal/arm64/LocalLLMClientMacrosPlugin.LinkFileList

WriteAuxiliaryFile /Users/runner/work/red-pen-ios/red-pen-ios/ios/build/Build/Intermediates.noindex/LocalLLMClient.build/Debug/LocalLLMClientMacrosPlugin.build/Objects-normal/arm64/LocalLLMClientMacrosPlugin-OutputFileMap.json (in target 'LocalLLMClientMacrosPlugin' from project 'LocalLLMClient')
    cd /Users/runner/work/red-pen-ios/red-pen-ios/ios/build/SourcePackages/checkouts/LocalLLMClient
    write-file /Users/runner/work/red-pen-ios/red-pen-ios/ios/build/Build/Intermediates.noindex/LocalLLMClient.build/Debug/LocalLLMClientMacrosPlugin.build/Objects-normal/arm64/LocalLLMClientMacrosPlugin-OutputFileMap.json

WriteAuxiliaryFile /Users/runner/work/red-pen-ios/red-pen-ios/ios/build/Build/Intermediates.noindex/LocalLLMClient.build/Debug/LocalLLMClientMacrosPlugin.build/LocalLLMClientMacrosPlugin.DependencyStaticMetadataFileList (in target 'LocalLLMClientMacrosPlugin' from project 'LocalLLMClient')
    cd /Users/runner/work/red-pen-ios/red-pen-ios/ios/build/SourcePackages/checkouts/LocalLLMClient
    write-file /Users/runner/work/red-pen-ios/red-pen-ios/ios/build/Build/Intermediates.noindex/LocalLLMClient.build/Debug/LocalLLMClientMacrosPlugin.build/LocalLLMClientMacrosPlugin.DependencyStaticMetadataFileList

WriteAuxiliaryFile /Users/runner/work/red-pen-ios/red-pen-ios/ios/build/Build/Intermediates.noindex/LocalLLMClient.build/Debug/LocalLLMClientMacrosPlugin.build/LocalLLMClientMacrosPlugin.DependencyMetadataFileList (in target 'LocalLLMClientMacrosPlugin' from project 'LocalLLMClient')
    cd /Users/runner/work/red-pen-ios/red-pen-ios/ios/build/SourcePackages/checkouts/LocalLLMClient
    write-file /Users/runner/work/red-pen-ios/red-pen-ios/ios/build/Build/Intermediates.noindex/LocalLLMClient.build/Debug/LocalLLMClientMacrosPlugin.build/LocalLLMClientMacrosPlugin.DependencyMetadataFileList

SwiftDriver StethoscoreWidgets normal arm64 com.apple.xcode.tools.swift.compiler (in target 'StethoscoreWidgets' from project 'RedPen')
    cd /Users/runner/work/red-pen-ios/red-pen-ios/ios
    builtin-SwiftDriver -- /Applications/Xcode_26.6.app/Contents/Developer/Toolchains/XcodeDefault.xctoolchain/usr/bin/swiftc -module-name StethoscoreWidgets -Onone @/Users/runner/work/red-pen-ios/red-pen-ios/ios/build/Build/Intermediates.noindex/RedPen.build/Debug-iphonesimulator/StethoscoreWidgets.build/Objects-normal/arm64/StethoscoreWidgets.SwiftFileList -DDEBUG -DWIDGET_EXTENSION -enable-bare-slash-regex -enable-experimental-feature DebugDescriptionMacro -sdk /Applications/Xcode_26.6.app/Contents/Developer/Platforms/iPhoneSimulator.platform/Developer/SDKs/iPhoneSimulator26.5.sdk -target arm64-apple-ios26.0-simulator -g -module-cache-path /Users/runner/work/red-pen-ios/red-pen-ios/ios/build/ModuleCache.noindex -Xfrontend -serialize-debugging-options -application-extension -enable-testing -index-store-path /Users/runner/work/red-pen-ios/red-pen-ios/ios/build/Index.noindex/DataStore -Xcc -D_LIBCPP_HARDENING_MODE\=_LIBCPP_HARDENING_MODE_DEBUG -swift-version 5 -I /Users/runner/work/red-pen-ios/red-pen-ios/ios/build/Build/Products/Debug-iphonesimulator -F /Users/runner/work/red-pen-ios/red-pen-ios/ios/build/Build/Products/Debug-iphonesimulator -c -j3 -enable-batch-mode -incremental -Xcc -ivfsstatcache -Xcc /Users/runner/work/red-pen-ios/red-pen-ios/ios/build/SDKStatCaches.noindex/iphonesimulator26.5-23F81a-688ef53f1462e2c8f657fdc38a81448ff45c64a1807a658693f2a61704f17a36.sdkstatcache -output-file-map /Users/runner/work/red-pen-ios/red-pen-ios/ios/build/Build/Intermediates.noindex/RedPen.build/Debug-iphonesimulator/StethoscoreWidgets.build/Objects-normal/arm64/StethoscoreWidgets-OutputFileMap.json -use-frontend-parseable-output -save-temps -no-color-diagnostics -serialize-diagnostics -emit-dependencies -emit-module -emit-module-path /Users/runner/work/red-pen-ios/red-pen-ios/ios/build/Build/Intermediates.noindex/RedPen.build/Debug-iphonesimulator/StethoscoreWidgets.build/Objects-normal/arm64/StethoscoreWidgets.swiftmodule -validate-clang-modules-once -clang-build-session-file /Users/runner/work/red-pen-ios/red-pen-ios/ios/build/ModuleCache.noindex/Session.modulevalidation -Xcc -I/Users/runner/work/red-pen-ios/red-pen-ios/ios/build/Build/Intermediates.noindex/RedPen.build/Debug-iphonesimulator/StethoscoreWidgets.build/swift-overrides.hmap -emit-const-values -Xfrontend -const-gather-protocols-file -Xfrontend /Users/runner/work/red-pen-ios/red-pen-ios/ios/build/Build/Intermediates.noindex/RedPen.build/Debug-iphonesimulator/StethoscoreWidgets.build/Objects-normal/arm64/StethoscoreWidgets_const_extract_protocols.json -Xcc -iquote -Xcc /Users/runner/work/red-pen-ios/red-pen-ios/ios/build/Build/Intermediates.noindex/RedPen.build/Debug-iphonesimulator/StethoscoreWidgets.build/StethoscoreWidgets-generated-files.hmap -Xcc -I/Users/runner/work/red-pen-ios/red-pen-ios/ios/build/Build/Intermediates.noindex/RedPen.build/Debug-iphonesimulator/StethoscoreWidgets.build/StethoscoreWidgets-own-target-headers.hmap -Xcc -I/Users/runner/work/red-pen-ios/red-pen-ios/ios/build/Build/Intermediates.noindex/RedPen.build/Debug-iphonesimulator/StethoscoreWidgets.build/StethoscoreWidgets-all-non-framework-target-headers.hmap -Xcc -ivfsoverlay -Xcc /Users/runner/work/red-pen-ios/red-pen-ios/ios/build/Build/Intermediates.noindex/RedPen.build/Debug-iphonesimulator/RedPen-599707e14dd5256a6604c828c0c573bf-VFS-iphonesimulator/all-product-headers.yaml -Xcc -iquote -Xcc /Users/runner/work/red-pen-ios/red-pen-ios/ios/build/Build/Intermediates.noindex/RedPen.build/Debug-iphonesimulator/StethoscoreWidgets.build/StethoscoreWidgets-project-headers.hmap -Xcc -I/Users/runner/work/red-pen-ios/red-pen-ios/ios/build/Build/Products/Debug-iphonesimulator/include -Xcc -I/Users/runner/work/red-pen-ios/red-pen-ios/ios/build/Build/Intermediates.noindex/RedPen.build/Debug-iphonesimulator/StethoscoreWidgets.build/DerivedSources-normal/arm64 -Xcc -I/Users/runner/work/red-pen-ios/red-pen-ios/ios/build/Build/Intermediates.noindex/RedPen.build/Debug-iphonesimulator/StethoscoreWidgets.build/DerivedSources/arm64 -Xcc -I/Users/runner/work/red-pen-ios/red-pen-ios/ios/build/Build/Intermediates.noindex/RedPen.build/Debug-iphonesimulator/StethoscoreWidgets.build/DerivedSources -Xcc -DDEBUG\=1 -emit-objc-header -emit-objc-header-path /Users/runner/work/red-pen-ios/red-pen-ios/ios/build/Build/Intermediates.noindex/RedPen.build/Debug-iphonesimulator/StethoscoreWidgets.build/Objects-normal/arm64/StethoscoreWidgets-Swift.h -working-directory /Users/runner/work/red-pen-ios/red-pen-ios/ios -experimental-emit-module-separately -disable-cmo

SwiftDriver LocalLLMClientUtility normal arm64 com.apple.xcode.tools.swift.compiler (in target 'LocalLLMClientUtility' from project 'LocalLLMClient')
    cd /Users/runner/work/red-pen-ios/red-pen-ios/ios/RedPen.xcodeproj
    builtin-SwiftDriver -- /Applications/Xcode_26.6.app/Contents/Developer/Toolchains/XcodeDefault.xctoolchain/usr/bin/swiftc -module-name LocalLLMClientUtility -Onone @/Users/runner/work/red-pen-ios/red-pen-ios/ios/build/Build/Intermediates.noindex/LocalLLMClient.build/Debug-iphonesimulator/LocalLLMClientUtility.build/Objects-normal/arm64/LocalLLMClientUtility.SwiftFileList -DSWIFT_PACKAGE -DDEBUG -DSWIFT_MODULE_RESOURCE_BUNDLE_UNAVAILABLE -DXcode -plugin-path /Applications/Xcode_26.6.app/Contents/Developer/Toolchains/XcodeDefault.xctoolchain/usr/lib/swift/host/plugins/testing -enable-experimental-feature DebugDescriptionMacro -sdk /Applications/Xcode_26.6.app/Contents/Developer/Platforms/iPhoneSimulator.platform/Developer/SDKs/iPhoneSimulator26.5.sdk -target arm64-apple-ios17.0-simulator -g -module-cache-path /Users/runner/work/red-pen-ios/red-pen-ios/ios/build/ModuleCache.noindex -Xfrontend -serialize-debugging-options -enable-testing -suppress-warnings -index-store-path /Users/runner/work/red-pen-ios/red-pen-ios/ios/build/Index.noindex/DataStore -Xcc -D_LIBCPP_HARDENING_MODE\=_LIBCPP_HARDENING_MODE_DEBUG -swift-version 6 -I /Users/runner/work/red-pen-ios/red-pen-ios/ios/build/Build/Products/Debug-iphonesimulator -Isystem /Applications/Xcode_26.6.app/Contents/Developer/Platforms/iPhoneSimulator.platform/Developer/usr/lib -F /Users/runner/work/red-pen-ios/red-pen-ios/ios/build/Build/Products/Debug-iphonesimulator -F /Applications/Xcode_26.6.app/Contents/Developer/Platforms/iPhoneSimulator.platform/Developer/Library/Frameworks -F /Applications/Xcode_26.6.app/Contents/Developer/Platforms/iPhoneSimulator.platform/Developer/SDKs/iPhoneSimulator26.5.sdk/Developer/Library/Frameworks -c -j3 -enable-batch-mode -incremental -Xcc -ivfsstatcache -Xcc /Users/runner/work/red-pen-ios/red-pen-ios/ios/build/SDKStatCaches.noindex/iphonesimulator26.5-23F81a-688ef53f1462e2c8f657fdc38a81448ff45c64a1807a658693f2a61704f17a36.sdkstatcache -output-file-map /Users/runner/work/red-pen-ios/red-pen-ios/ios/build/Build/Intermediates.noindex/LocalLLMClient.build/Debug-iphonesimulator/LocalLLMClientUtility.build/Objects-normal/arm64/LocalLLMClientUtility-OutputFileMap.json -use-frontend-parseable-output -save-temps -no-color-diagnostics -serialize-diagnostics -emit-dependencies -emit-module -emit-module-path /Users/runner/work/red-pen-ios/red-pen-ios/ios/build/Build/Intermediates.noindex/LocalLLMClient.build/Debug-iphonesimulator/LocalLLMClientUtility.build/Objects-normal/arm64/LocalLLMClientUtility.swiftmodule -validate-clang-modules-once -clang-build-session-file /Users/runner/work/red-pen-ios/red-pen-ios/ios/build/ModuleCache.noindex/Session.modulevalidation -package-name localllmclient -Xcc -I/Users/runner/work/red-pen-ios/red-pen-ios/ios/build/Build/Intermediates.noindex/LocalLLMClient.build/Debug-iphonesimulator/LocalLLMClientUtility.build/swift-overrides.hmap -emit-const-values -Xfrontend -const-gather-protocols-file -Xfrontend /Users/runner/work/red-pen-ios/red-pen-ios/ios/build/Build/Intermediates.noindex/LocalLLMClient.build/Debug-iphonesimulator/LocalLLMClientUtility.build/Objects-normal/arm64/LocalLLMClientUtility_const_extract_protocols.json -Xcc -I/Users/runner/work/red-pen-ios/red-pen-ios/ios/build/Build/Products/Debug-iphonesimulator/include -Xcc -I/Users/runner/work/red-pen-ios/red-pen-ios/ios/build/Build/Intermediates.noindex/LocalLLMClient.build/Debug-iphonesimulator/LocalLLMClientUtility.build/DerivedSources-normal/arm64 -Xcc -I/Users/runner/work/red-pen-ios/red-pen-ios/ios/build/Build/Intermediates.noindex/LocalLLMClient.build/Debug-iphonesimulator/LocalLLMClientUtility.build/DerivedSources/arm64 -Xcc -I/Users/runner/work/red-pen-ios/red-pen-ios/ios/build/Build/Intermediates.noindex/LocalLLMClient.build/Debug-iphonesimulator/LocalLLMClientUtility.build/DerivedSources -Xcc -DSWIFT_PACKAGE -Xcc -DDEBUG\=1 -emit-objc-header -emit-objc-header-path /Users/runner/work/red-pen-ios/red-pen-ios/ios/build/Build/Intermediates.noindex/LocalLLMClient.build/Debug-iphonesimulator/LocalLLMClientUtility.build/Objects-normal/arm64/LocalLLMClientUtility-Swift.h -working-directory /Users/runner/work/red-pen-ios/red-pen-ios/ios/RedPen.xcodeproj -experimental-emit-module-separately -disable-cmo

SwiftDriver InternalCollectionsUtilities normal arm64 com.apple.xcode.tools.swift.compiler (in target 'InternalCollectionsUtilities' from project 'swift-collections')
    cd /Users/runner/work/red-pen-ios/red-pen-ios/ios/RedPen.xcodeproj
    builtin-SwiftDriver -- /Applications/Xcode_26.6.app/Contents/Developer/Toolchains/XcodeDefault.xctoolchain/usr/bin/swiftc -module-name InternalCollectionsUtilities -Onone @/Users/runner/work/red-pen-ios/red-pen-ios/ios/build/Build/Intermediates.noindex/swift-collections.build/Debug-iphonesimulator/InternalCollectionsUtilities.build/Objects-normal/arm64/InternalCollectionsUtilities.SwiftFileList -DSWIFT_PACKAGE -DDEBUG -DSWIFT_MODULE_RESOURCE_BUNDLE_UNAVAILABLE -DCOLLECTIONS_RANDOMIZED_TESTING -DXcode -enable-experimental-feature AvailabilityMacro\=SwiftStdlib\ 5.0:\ macOS\ 10.14.4,\ iOS\ 12.2,\ watchOS\ 5.2,\ tvOS\ 12.2 -enable-experimental-feature AvailabilityMacro\=SwiftStdlib\ 5.1:\ macOS\ 10.15,\ iOS\ 13.0,\ watchOS\ 6.0,\ tvOS\ 13.0 -enable-experimental-feature AvailabilityMacro\=SwiftStdlib\ 5.6:\ macOS\ 12.3,\ iOS\ 15.4,\ watchOS\ 8.5,\ tvOS\ 15.4 -enable-experimental-feature AvailabilityMacro\=SwiftStdlib\ 5.7:\ macOS\ 13.0,\ iOS\ 16.0,\ watchOS\ 9.0,\ tvOS\ 16.0 -enable-experimental-feature AvailabilityMacro\=SwiftStdlib\ 5.8:\ macOS\ 13.3,\ iOS\ 16.4,\ watchOS\ 9.4,\ tvOS\ 16.4 -enable-experimental-feature AvailabilityMacro\=SwiftStdlib\ 5.9:\ macOS\ 14.0,\ iOS\ 17.0,\ watchOS\ 10.0,\ tvOS\ 17.0 -enable-experimental-feature AvailabilityMacro\=SwiftStdlib\ 5.10:\ macOS\ 14.4,\ iOS\ 17.4,\ watchOS\ 10.4,\ tvOS\ 17.4,\ visionOS\ 1.1 -enable-experimental-feature AvailabilityMacro\=SwiftStdlib\ 6.0:\ macOS\ 15.0,\ iOS\ 18.0,\ watchOS\ 11.0,\ tvOS\ 18.0,\ visionOS\ 2.0 -enable-experimental-feature AvailabilityMacro\=SwiftStdlib\ 6.1:\ macOS\ 15.4,\ iOS\ 18.4,\ watchOS\ 11.4,\ tvOS\ 18.4,\ visionOS\ 2.4 -enable-experimental-feature AvailabilityMacro\=SwiftStdlib\ 6.2:\ macOS\ 26.0,\ iOS\ 26.0,\ watchOS\ 26.0,\ tvOS\ 26.0,\ visionOS\ 26.0 -enable-experimental-feature AvailabilityMacro\=SwiftStdlib\ 6.3:\ macOS\ 26.4,\ iOS\ 26.4,\ watchOS\ 26.4,\ tvOS\ 26.4,\ visionOS\ 26.4 -enable-experimental-feature AvailabilityMacro\=SwiftStdlib\ 6.4:\ macOS\ 27.0,\ iOS\ 27.0,\ watchOS\ 27.0,\ tvOS\ 27.0,\ visionOS\ 27.0 -enable-experimental-feature AvailabilityMacro\=SwiftStdlib\ 6.5:\ macOS\ 9999,\ iOS\ 9999,\ watchOS\ 9999,\ tvOS\ 9999,\ visionOS\ 9999 -enable-upcoming-feature MemberImportVisibility -enable-experimental-feature BuiltinModule -enable-experimental-feature Lifetimes -enable-experimental-feature InoutLifetimeDependence -enable-experimental-feature AddressableParameters -enable-experimental-feature AddressableTypes -enable-experimental-feature SuppressedAssociatedTypesWithDefaults -enable-experimental-feature BorrowingSequence -plugin-path /Applications/Xcode_26.6.app/Contents/Developer/Toolchains/XcodeDefault.xctoolchain/usr/lib/swift/host/plugins/testing -enable-experimental-feature DebugDescriptionMacro -sdk /Applications/Xcode_26.6.app/Contents/Developer/Platforms/iPhoneSimulator.platform/Developer/SDKs/iPhoneSimulator26.5.sdk -target arm64-apple-ios12.0-simulator -g -module-cache-path /Users/runner/work/red-pen-ios/red-pen-ios/ios/build/ModuleCache.noindex -Xfrontend -serialize-debugging-options -enable-testing -suppress-warnings -index-store-path /Users/runner/work/red-pen-ios/red-pen-ios/ios/build/Index.noindex/DataStore -Xcc -D_LIBCPP_HARDENING_MODE\=_LIBCPP_HARDENING_MODE_DEBUG -swift-version 6 -I /Users/runner/work/red-pen-ios/red-pen-ios/ios/build/Build/Products/Debug-iphonesimulator -Isystem /Applications/Xcode_26.6.app/Contents/Developer/Platforms/iPhoneSimulator.platform/Developer/usr/lib -F /Users/runner/work/red-pen-ios/red-pen-ios/ios/build/Build/Products/Debug-iphonesimulator -F /Applications/Xcode_26.6.app/Contents/Developer/Platforms/iPhoneSimulator.platform/Developer/Library/Frameworks -F /Applications/Xcode_26.6.app/Contents/Developer/Platforms/iPhoneSimulator.platform/Developer/SDKs/iPhoneSimulator26.5.sdk/Developer/Library/Frameworks -c -j3 -enable-batch-mode -incremental -Xcc -ivfsstatcache -Xcc /Users/runner/work/red-pen-ios/red-pen-ios/ios/build/SDKStatCaches.noindex/iphonesimulator26.5-23F81a-688ef53f1462e2c8f657fdc38a81448ff45c64a1807a658693f2a61704f17a36.sdkstatcache -output-file-map /Users/runner/work/red-pen-ios/red-pen-ios/ios/build/Build/Intermediates.noindex/swift-collections.build/Debug-iphonesimulator/InternalCollectionsUtilities.build/Objects-normal/arm64/InternalCollectionsUtilities-OutputFileMap.json -use-frontend-parseable-output -save-temps -no-color-diagnostics -serialize-diagnostics -emit-dependencies -emit-module -emit-module-path /Users/runner/work/red-pen-ios/red-pen-ios/ios/build/Build/Intermediates.noindex/swift-collections.build/Debug-iphonesimulator/InternalCollectionsUtilities.build/Objects-normal/arm64/InternalCollectionsUtilities.swiftmodule -user-module-version 1.7.2 -validate-clang-modules-once -clang-build-session-file /Users/runner/work/red-pen-ios/red-pen-ios/ios/build/ModuleCache.noindex/Session.modulevalidation -package-name swift_collections -Xcc -I/Users/runner/work/red-pen-ios/red-pen-ios/ios/build/Build/Intermediates.noindex/swift-collections.build/Debug-iphonesimulator/InternalCollectionsUtilities.build/swift-overrides.hmap -emit-const-values -Xfrontend -const-gather-protocols-file -Xfrontend /Users/runner/work/red-pen-ios/red-pen-ios/ios/build/Build/Intermediates.noindex/swift-collections.build/Debug-iphonesimulator/InternalCollectionsUtilities.build/Objects-normal/arm64/InternalCollectionsUtilities_const_extract_protocols.json -Xcc -I/Users/runner/work/red-pen-ios/red-pen-ios/ios/build/Build/Products/Debug-iphonesimulator/include -Xcc -I/Users/runner/work/red-pen-ios/red-pen-ios/ios/build/Build/Intermediates.noindex/swift-collections.build/Debug-iphonesimulator/InternalCollectionsUtilities.build/DerivedSources-normal/arm64 -Xcc -I/Users/runner/work/red-pen-ios/red-pen-ios/ios/build/Build/Intermediates.noindex/swift-collections.build/Debug-iphonesimulator/InternalCollectionsUtilities.build/DerivedSources/arm64 -Xcc -I/Users/runner/work/red-pen-ios/red-pen-ios/ios/build/Build/Intermediates.noindex/swift-collections.build/Debug-iphonesimulator/InternalCollectionsUtilities.build/DerivedSources -Xcc -DSWIFT_PACKAGE -Xcc -DDEBUG\=1 -emit-objc-header -emit-objc-header-path /Users/runner/work/red-pen-ios/red-pen-ios/ios/build/Build/Intermediates.noindex/swift-collections.build/Debug-iphonesimulator/InternalCollectionsUtilities.build/Objects-normal/arm64/InternalCollectionsUtilities-Swift.h -working-directory /Users/runner/work/red-pen-ios/red-pen-ios/ios/RedPen.xcodeproj -experimental-emit-module-separately -disable-cmo

SwiftEmitModule normal arm64 Emitting\ module\ for\ LocalLLMClientUtility (in target 'LocalLLMClientUtility' from project 'LocalLLMClient')

EmitSwiftModule normal arm64 (in target 'LocalLLMClientUtility' from project 'LocalLLMClient')
    cd /Users/runner/work/red-pen-ios/red-pen-ios/ios/RedPen.xcodeproj
    

SwiftEmitModule normal arm64 Emitting\ module\ for\ StethoscoreWidgets (in target 'StethoscoreWidgets' from project 'RedPen')
EmitSwiftModule normal arm64 (in target 'StethoscoreWidgets' from project 'RedPen')
    cd /Users/runner/work/red-pen-ios/red-pen-ios/ios
    

SwiftEmitModule normal arm64 Emitting\ module\ for\ InternalCollectionsUtilities (in target 'InternalCollectionsUtilities' from project 'swift-collections')

EmitSwiftModule normal arm64 (in target 'InternalCollectionsUtilities' from project 'swift-collections')
    cd /Users/runner/work/red-pen-ios/red-pen-ios/ios/RedPen.xcodeproj
    

SwiftDriverJobDiscovery normal arm64 Emitting module for LocalLLMClientUtility (in target 'LocalLLMClientUtility' from project 'LocalLLMClient')

SwiftDriver\ Compilation\ Requirements LocalLLMClientUtility normal arm64 com.apple.xcode.tools.swift.compiler (in target 'LocalLLMClientUtility' from project 'LocalLLMClient')
    cd /Users/runner/work/red-pen-ios/red-pen-ios/ios/RedPen.xcodeproj
    builtin-Swift-Compilation-Requirements -- /Applications/Xcode_26.6.app/Contents/Developer/Toolchains/XcodeDefault.xctoolchain/usr/bin/swiftc -module-name LocalLLMClientUtility -Onone @/Users/runner/work/red-pen-ios/red-pen-ios/ios/build/Build/Intermediates.noindex/LocalLLMClient.build/Debug-iphonesimulator/LocalLLMClientUtility.build/Objects-normal/arm64/LocalLLMClientUtility.SwiftFileList -DSWIFT_PACKAGE -DDEBUG -DSWIFT_MODULE_RESOURCE_BUNDLE_UNAVAILABLE -DXcode -plugin-path /Applications/Xcode_26.6.app/Contents/Developer/Toolchains/XcodeDefault.xctoolchain/usr/lib/swift/host/plugins/testing -enable-experimental-feature DebugDescriptionMacro -sdk /Applications/Xcode_26.6.app/Contents/Developer/Platforms/iPhoneSimulator.platform/Developer/SDKs/iPhoneSimulator26.5.sdk -target arm64-apple-ios17.0-simulator -g -module-cache-path /Users/runner/work/red-pen-ios/red-pen-ios/ios/build/ModuleCache.noindex -Xfrontend -serialize-debugging-options -enable-testing -suppress-warnings -index-store-path /Users/runner/work/red-pen-ios/red-pen-ios/ios/build/Index.noindex/DataStore -Xcc -D_LIBCPP_HARDENING_MODE\=_LIBCPP_HARDENING_MODE_DEBUG -swift-version 6 -I /Users/runner/work/red-pen-ios/red-pen-ios/ios/build/Build/Products/Debug-iphonesimulator -Isystem /Applications/Xcode_26.6.app/Contents/Developer/Platforms/iPhoneSimulator.platform/Developer/usr/lib -F /Users/runner/work/red-pen-ios/red-pen-ios/ios/build/Build/Products/Debug-iphonesimulator -F /Applications/Xcode_26.6.app/Contents/Developer/Platforms/iPhoneSimulator.platform/Developer/Library/Frameworks -F /Applications/Xcode_26.6.app/Contents/Developer/Platforms/iPhoneSimulator.platform/Developer/SDKs/iPhoneSimulator26.5.sdk/Developer/Library/Frameworks -c -j3 -enable-batch-mode -incremental -Xcc -ivfsstatcache -Xcc /Users/runner/work/red-pen-ios/red-pen-ios/ios/build/SDKStatCaches.noindex/iphonesimulator26.5-23F81a-688ef53f1462e2c8f657fdc38a81448ff45c64a1807a658693f2a61704f17a36.sdkstatcache -output-file-map /Users/runner/work/red-pen-ios/red-pen-ios/ios/build/Build/Intermediates.noindex/LocalLLMClient.build/Debug-iphonesimulator/LocalLLMClientUtility.build/Objects-normal/arm64/LocalLLMClientUtility-OutputFileMap.json -use-frontend-parseable-output -save-temps -no-color-diagnostics -serialize-diagnostics -emit-dependencies -emit-module -emit-module-path /Users/runner/work/red-pen-ios/red-pen-ios/ios/build/Build/Intermediates.noindex/LocalLLMClient.build/Debug-iphonesimulator/LocalLLMClientUtility.build/Objects-normal/arm64/LocalLLMClientUtility.swiftmodule -validate-clang-modules-once -clang-build-session-file /Users/runner/work/red-pen-ios/red-pen-ios/ios/build/ModuleCache.noindex/Session.modulevalidation -package-name localllmclient -Xcc -I/Users/runner/work/red-pen-ios/red-pen-ios/ios/build/Build/Intermediates.noindex/LocalLLMClient.build/Debug-iphonesimulator/LocalLLMClientUtility.build/swift-overrides.hmap -emit-const-values -Xfrontend -const-gather-protocols-file -Xfrontend /Users/runner/work/red-pen-ios/red-pen-ios/ios/build/Build/Intermediates.noindex/LocalLLMClient.build/Debug-iphonesimulator/LocalLLMClientUtility.build/Objects-normal/arm64/LocalLLMClientUtility_const_extract_protocols.json -Xcc -I/Users/runner/work/red-pen-ios/red-pen-ios/ios/build/Build/Products/Debug-iphonesimulator/include -Xcc -I/Users/runner/work/red-pen-ios/red-pen-ios/ios/build/Build/Intermediates.noindex/LocalLLMClient.build/Debug-iphonesimulator/LocalLLMClientUtility.build/DerivedSources-normal/arm64 -Xcc -I/Users/runner/work/red-pen-ios/red-pen-ios/ios/build/Build/Intermediates.noindex/LocalLLMClient.build/Debug-iphonesimulator/LocalLLMClientUtility.build/DerivedSources/arm64 -Xcc -I/Users/runner/work/red-pen-ios/red-pen-ios/ios/build/Build/Intermediates.noindex/LocalLLMClient.build/Debug-iphonesimulator/LocalLLMClientUtility.build/DerivedSources -Xcc -DSWIFT_PACKAGE -Xcc -DDEBUG\=1 -emit-objc-header -emit-objc-header-path /Users/runner/work/red-pen-ios/red-pen-ios/ios/build/Build/Intermediates.noindex/LocalLLMClient.build/Debug-iphonesimulator/LocalLLMClientUtility.build/Objects-normal/arm64/LocalLLMClientUtility-Swift.h -working-directory /Users/runner/work/red-pen-ios/red-pen-ios/ios/RedPen.xcodeproj -experimental-emit-module-separately -disable-cmo

SwiftDriverJobDiscovery normal arm64 Emitting module for InternalCollectionsUtilities (in target 'InternalCollectionsUtilities' from project 'swift-collections')

SwiftDriver\ Compilation\ Requirements InternalCollectionsUtilities normal arm64 com.apple.xcode.tools.swift.compiler (in target 'InternalCollectionsUtilities' from project 'swift-collections')
    cd /Users/runner/work/red-pen-ios/red-pen-ios/ios/RedPen.xcodeproj
    builtin-Swift-Compilation-Requirements -- /Applications/Xcode_26.6.app/Contents/Developer/Toolchains/XcodeDefault.xctoolchain/usr/bin/swiftc -module-name InternalCollectionsUtilities -Onone @/Users/runner/work/red-pen-ios/red-pen-ios/ios/build/Build/Intermediates.noindex/swift-collections.build/Debug-iphonesimulator/InternalCollectionsUtilities.build/Objects-normal/arm64/InternalCollectionsUtilities.SwiftFileList -DSWIFT_PACKAGE -DDEBUG -DSWIFT_MODULE_RESOURCE_BUNDLE_UNAVAILABLE -DCOLLECTIONS_RANDOMIZED_TESTING -DXcode -enable-experimental-feature AvailabilityMacro\=SwiftStdlib\ 5.0:\ macOS\ 10.14.4,\ iOS\ 12.2,\ watchOS\ 5.2,\ tvOS\ 12.2 -enable-experimental-feature AvailabilityMacro\=SwiftStdlib\ 5.1:\ macOS\ 10.15,\ iOS\ 13.0,\ watchOS\ 6.0,\ tvOS\ 13.0 -enable-experimental-feature AvailabilityMacro\=SwiftStdlib\ 5.6:\ macOS\ 12.3,\ iOS\ 15.4,\ watchOS\ 8.5,\ tvOS\ 15.4 -enable-experimental-feature AvailabilityMacro\=SwiftStdlib\ 5.7:\ macOS\ 13.0,\ iOS\ 16.0,\ watchOS\ 9.0,\ tvOS\ 16.0 -enable-experimental-feature AvailabilityMacro\=SwiftStdlib\ 5.8:\ macOS\ 13.3,\ iOS\ 16.4,\ watchOS\ 9.4,\ tvOS\ 16.4 -enable-experimental-feature AvailabilityMacro\=SwiftStdlib\ 5.9:\ macOS\ 14.0,\ iOS\ 17.0,\ watchOS\ 10.0,\ tvOS\ 17.0 -enable-experimental-feature AvailabilityMacro\=SwiftStdlib\ 5.10:\ macOS\ 14.4,\ iOS\ 17.4,\ watchOS\ 10.4,\ tvOS\ 17.4,\ visionOS\ 1.1 -enable-experimental-feature AvailabilityMacro\=SwiftStdlib\ 6.0:\ macOS\ 15.0,\ iOS\ 18.0,\ watchOS\ 11.0,\ tvOS\ 18.0,\ visionOS\ 2.0 -enable-experimental-feature AvailabilityMacro\=SwiftStdlib\ 6.1:\ macOS\ 15.4,\ iOS\ 18.4,\ watchOS\ 11.4,\ tvOS\ 18.4,\ visionOS\ 2.4 -enable-experimental-feature AvailabilityMacro\=SwiftStdlib\ 6.2:\ macOS\ 26.0,\ iOS\ 26.0,\ watchOS\ 26.0,\ tvOS\ 26.0,\ visionOS\ 26.0 -enable-experimental-feature AvailabilityMacro\=SwiftStdlib\ 6.3:\ macOS\ 26.4,\ iOS\ 26.4,\ watchOS\ 26.4,\ tvOS\ 26.4,\ visionOS\ 26.4 -enable-experimental-feature AvailabilityMacro\=SwiftStdlib\ 6.4:\ macOS\ 27.0,\ iOS\ 27.0,\ watchOS\ 27.0,\ tvOS\ 27.0,\ visionOS\ 27.0 -enable-experimental-feature AvailabilityMacro\=SwiftStdlib\ 6.5:\ macOS\ 9999,\ iOS\ 9999,\ watchOS\ 9999,\ tvOS\ 9999,\ visionOS\ 9999 -enable-upcoming-feature MemberImportVisibility -enable-experimental-feature BuiltinModule -enable-experimental-feature Lifetimes -enable-experimental-feature InoutLifetimeDependence -enable-experimental-feature AddressableParameters -enable-experimental-feature AddressableTypes -enable-experimental-feature SuppressedAssociatedTypesWithDefaults -enable-experimental-feature BorrowingSequence -plugin-path /Applications/Xcode_26.6.app/Contents/Developer/Toolchains/XcodeDefault.xctoolchain/usr/lib/swift/host/plugins/testing -enable-experimental-feature DebugDescriptionMacro -sdk /Applications/Xcode_26.6.app/Contents/Developer/Platforms/iPhoneSimulator.platform/Developer/SDKs/iPhoneSimulator26.5.sdk -target arm64-apple-ios12.0-simulator -g -module-cache-path /Users/runner/work/red-pen-ios/red-pen-ios/ios/build/ModuleCache.noindex -Xfrontend -serialize-debugging-options -enable-testing -suppress-warnings -index-store-path /Users/runner/work/red-pen-ios/red-pen-ios/ios/build/Index.noindex/DataStore -Xcc -D_LIBCPP_HARDENING_MODE\=_LIBCPP_HARDENING_MODE_DEBUG -swift-version 6 -I /Users/runner/work/red-pen-ios/red-pen-ios/ios/build/Build/Products/Debug-iphonesimulator -Isystem /Applications/Xcode_26.6.app/Contents/Developer/Platforms/iPhoneSimulator.platform/Developer/usr/lib -F /Users/runner/work/red-pen-ios/red-pen-ios/ios/build/Build/Products/Debug-iphonesimulator -F /Applications/Xcode_26.6.app/Contents/Developer/Platforms/iPhoneSimulator.platform/Developer/Library/Frameworks -F /Applications/Xcode_26.6.app/Contents/Developer/Platforms/iPhoneSimulator.platform/Developer/SDKs/iPhoneSimulator26.5.sdk/Developer/Library/Frameworks -c -j3 -enable-batch-mode -incremental -Xcc -ivfsstatcache -Xcc /Users/runner/work/red-pen-ios/red-pen-ios/ios/build/SDKStatCaches.noindex/iphonesimulator26.5-23F81a-688ef53f1462e2c8f657fdc38a81448ff45c64a1807a658693f2a61704f17a36.sdkstatcache -output-file-map /Users/runner/work/red-pen-ios/red-pen-ios/ios/build/Build/Intermediates.noindex/swift-collections.build/Debug-iphonesimulator/InternalCollectionsUtilities.build/Objects-normal/arm64/InternalCollectionsUtilities-OutputFileMap.json -use-frontend-parseable-output -save-temps -no-color-diagnostics -serialize-diagnostics -emit-dependencies -emit-module -emit-module-path /Users/runner/work/red-pen-ios/red-pen-ios/ios/build/Build/Intermediates.noindex/swift-collections.build/Debug-iphonesimulator/InternalCollectionsUtilities.build/Objects-normal/arm64/InternalCollectionsUtilities.swiftmodule -user-module-version 1.7.2 -validate-clang-modules-once -clang-build-session-file /Users/runner/work/red-pen-ios/red-pen-ios/ios/build/ModuleCache.noindex/Session.modulevalidation -package-name swift_collections -Xcc -I/Users/runner/work/red-pen-ios/red-pen-ios/ios/build/Build/Intermediates.noindex/swift-collections.build/Debug-iphonesimulator/InternalCollectionsUtilities.build/swift-overrides.hmap -emit-const-values -Xfrontend -const-gather-protocols-file -Xfrontend /Users/runner/work/red-pen-ios/red-pen-ios/ios/build/Build/Intermediates.noindex/swift-collections.build/Debug-iphonesimulator/InternalCollectionsUtilities.build/Objects-normal/arm64/InternalCollectionsUtilities_const_extract_protocols.json -Xcc -I/Users/runner/work/red-pen-ios/red-pen-ios/ios/build/Build/Products/Debug-iphonesimulator/include -Xcc -I/Users/runner/work/red-pen-ios/red-pen-ios/ios/build/Build/Intermediates.noindex/swift-collections.build/Debug-iphonesimulator/InternalCollectionsUtilities.build/DerivedSources-normal/arm64 -Xcc -I/Users/runner/work/red-pen-ios/red-pen-ios/ios/build/Build/Intermediates.noindex/swift-collections.build/Debug-iphonesimulator/InternalCollectionsUtilities.build/DerivedSources/arm64 -Xcc -I/Users/runner/work/red-pen-ios/red-pen-ios/ios/build/Build/Intermediates.noindex/swift-collections.build/Debug-iphonesimulator/InternalCollectionsUtilities.build/DerivedSources -Xcc -DSWIFT_PACKAGE -Xcc -DDEBUG\=1 -emit-objc-header -emit-objc-header-path /Users/runner/work/red-pen-ios/red-pen-ios/ios/build/Build/Intermediates.noindex/swift-collections.build/Debug-iphonesimulator/InternalCollectionsUtilities.build/Objects-normal/arm64/InternalCollectionsUtilities-Swift.h -working-directory /Users/runner/work/red-pen-ios/red-pen-ios/ios/RedPen.xcodeproj -experimental-emit-module-separately -disable-cmo

CompileC /Users/runner/work/red-pen-ios/red-pen-ios/ios/build/Build/Intermediates.noindex/LocalLLMClient.build/Debug-iphonesimulator/LocalLLMClientLlamaC.build/Objects-normal/arm64/youtuvl.o /Users/runner/work/red-pen-ios/red-pen-ios/ios/build/SourcePackages/checkouts/LocalLLMClient/Sources/LocalLLMClientLlamaC/models/youtuvl.cpp normal arm64 c++ com.apple.compilers.llvm.clang.1_0.compiler (in target 'LocalLLMClientLlamaC' from project 'LocalLLMClient')
    cd /Users/runner/work/red-pen-ios/red-pen-ios/ios/RedPen.xcodeproj
    
    Using response file: /Users/runner/work/red-pen-ios/red-pen-ios/ios/build/Build/Intermediates.noindex/LocalLLMClient.build/Debug-iphonesimulator/LocalLLMClientLlamaC.build/Objects-normal/arm64/82b82416624d2658e5098eb0a28c15c5-common-args.resp
    
    /Applications/Xcode_26.6.app/Contents/Developer/Toolchains/XcodeDefault.xctoolchain/usr/bin/clang -x c++ -ivfsstatcache /Users/runner/work/red-pen-ios/red-pen-ios/ios/build/SDKStatCaches.noindex/iphonesimulator26.5-23F81a-688ef53f1462e2c8f657fdc38a81448ff45c64a1807a658693f2a61704f17a36.sdkstatcache -target arm64-apple-ios17.0-simulator -fmessage-length\=0 -fdiagnostics-show-note-include-stack -fmacro-backtrace-limit\=0 -fno-color-diagnostics -fmodules-prune-interval\=86400 -fmodules-prune-after\=345600 -fbuild-session-file\=/Users/runner/work/red-pen-ios/red-pen-ios/ios/build/ModuleCache.noindex/Session.modulevalidation -fmodules-validate-once-per-build-session -Wnon-modular-include-in-framework-module -Werror\=non-modular-include-in-framework-module -Wno-trigraphs -Wno-missing-field-initializers -Wno-missing-prototypes -Wno-return-type -Wno-non-virtual-dtor -Wno-overloaded-virtual -Wno-exit-time-destructors -Wno-missing-braces -Wparentheses -Wswitch -Wno-unused-function -Wno-unused-label -Wno-unused-parameter -Wno-unused-variable -Wunused-value -Wno-empty-body -Wno-uninitialized -Wno-unknown-pragmas -w -Wno-shadow -Wno-four-char-constants -Wno-conversion -Wno-constant-conversion -Wno-int-conversion -Wno-bool-conversion -Wno-enum-conversion -Wno-float-conversion -Wno-non-literal-null-conversion -Wno-objc-literal-conversion -Wshorten-64-to-32 -Wno-newline-eof -Wno-c++11-extensions -Wno-implicit-fallthrough -isysroot /Applications/Xcode_26.6.app/Contents/Developer/Platforms/iPhoneSimulator.platform/Developer/SDKs/iPhoneSimulator26.5.sdk -fstrict-aliasing -Wdeprecated-declarations -Winvalid-offsetof -Wno-sign-conversion -Wno-infinite-recursion -Wno-move -Wno-comma -Wno-block-capture-autoreleasing -Wno-strict-prototypes -Wno-range-loop-analysis -Wno-semicolon-before-method-body -index-store-path /Users/runner/work/red-pen-ios/red-pen-ios/ios/build/Index.noindex/DataStore -w @/Users/runner/work/red-pen-ios/red-pen-ios/ios/build/Build/Intermediates.noindex/LocalLLMClient.build/Debug-iphonesimulator/LocalLLMClientLlamaC.build/Objects-normal/arm64/82b82416624d2658e5098eb0a28c15c5-common-args.resp -MMD -MT dependencies -MF /Users/runner/work/red-pen-ios/red-pen-ios/ios/build/Build/Intermediates.noindex/LocalLLMClient.build/Debug-iphonesimulator/LocalLLMClientLlamaC.build/Objects-normal/arm64/youtuvl.d --serialize-diagnostics /Users/runner/work/red-pen-ios/red-pen-ios/ios/build/Build/Intermediates.noindex/LocalLLMClient.build/Debug-iphonesimulator/LocalLLMClientLlamaC.build/Objects-normal/arm64/youtuvl.dia -c /Users/runner/work/red-pen-ios/red-pen-ios/ios/build/SourcePackages/checkouts/LocalLLMClient/Sources/LocalLLMClientLlamaC/models/youtuvl.cpp -o /Users/runner/work/red-pen-ios/red-pen-ios/ios/build/Build/Intermediates.noindex/LocalLLMClient.build/Debug-iphonesimulator/LocalLLMClientLlamaC.build/Objects-normal/arm64/youtuvl.o -index-unit-output-path /LocalLLMClient.build/Debug-iphonesimulator/LocalLLMClientLlamaC.build/Objects-normal/arm64/youtuvl.o

SwiftMergeGeneratedHeaders /Users/runner/work/red-pen-ios/red-pen-ios/ios/build/Build/Intermediates.noindex/GeneratedModuleMaps-iphonesimulator/LocalLLMClientUtility-Swift.h /Users/runner/work/red-pen-ios/red-pen-ios/ios/build/Build/Intermediates.noindex/LocalLLMClient.build/Debug-iphonesimulator/LocalLLMClientUtility.build/Objects-normal/arm64/LocalLLMClientUtility-Swift.h (in target 'LocalLLMClientUtility' from project 'LocalLLMClient')
    cd /Users/runner/work/red-pen-ios/red-pen-ios/ios/build/SourcePackages/checkouts/LocalLLMClient
    builtin-swiftHeaderTool -arch arm64 /Users/runner/work/red-pen-ios/red-pen-ios/ios/build/Build/Intermediates.noindex/LocalLLMClient.build/Debug-iphonesimulator/LocalLLMClientUtility.build/Objects-normal/arm64/LocalLLMClientUtility-Swift.h -o /Users/runner/work/red-pen-ios/red-pen-ios/ios/build/Build/Intermediates.noindex/GeneratedModuleMaps-iphonesimulator/LocalLLMClientUtility-Swift.h

Copy /Users/runner/work/red-pen-ios/red-pen-ios/ios/build/Build/Products/Debug-iphonesimulator/LocalLLMClientUtility.swiftmodule/arm64-apple-ios-simulator.swiftmodule /Users/runner/work/red-pen-ios/red-pen-ios/ios/build/Build/Intermediates.noindex/LocalLLMClient.build/Debug-iphonesimulator/LocalLLMClientUtility.build/Objects-normal/arm64/LocalLLMClientUtility.swiftmodule (in target 'LocalLLMClientUtility' from project 'LocalLLMClient')
    cd /Users/runner/work/red-pen-ios/red-pen-ios/ios/build/SourcePackages/checkouts/LocalLLMClient
    builtin-copy -exclude .DS_Store -exclude CVS -exclude .svn -exclude .git -exclude .hg -resolve-src-symlinks -rename /Users/runner/work/red-pen-ios/red-pen-ios/ios/build/Build/Intermediates.noindex/LocalLLMClient.build/Debug-iphonesimulator/LocalLLMClientUtility.build/Objects-normal/arm64/LocalLLMClientUtility.swiftmodule /Users/runner/work/red-pen-ios/red-pen-ios/ios/build/Build/Products/Debug-iphonesimulator/LocalLLMClientUtility.swiftmodule/arm64-apple-ios-simulator.swiftmodule

Copy /Users/runner/work/red-pen-ios/red-pen-ios/ios/build/Build/Products/Debug-iphonesimulator/LocalLLMClientUtility.swiftmodule/arm64-apple-ios-simulator.swiftdoc /Users/runner/work/red-pen-ios/red-pen-ios/ios/build/Build/Intermediates.noindex/LocalLLMClient.build/Debug-iphonesimulator/LocalLLMClientUtility.build/Objects-normal/arm64/LocalLLMClientUtility.swiftdoc (in target 'LocalLLMClientUtility' from project 'LocalLLMClient')
    cd /Users/runner/work/red-pen-ios/red-pen-ios/ios/build/SourcePackages/checkouts/LocalLLMClient
    builtin-copy -exclude .DS_Store -exclude CVS -exclude .svn -exclude .git -exclude .hg -resolve-src-symlinks -rename /Users/runner/work/red-pen-ios/red-pen-ios/ios/build/Build/Intermediates.noindex/LocalLLMClient.build/Debug-iphonesimulator/LocalLLMClientUtility.build/Objects-normal/arm64/LocalLLMClientUtility.swiftdoc /Users/runner/work/red-pen-ios/red-pen-ios/ios/build/Build/Products/Debug-iphonesimulator/LocalLLMClientUtility.swiftmodule/arm64-apple-ios-simulator.swiftdoc

Copy /Users/runner/work/red-pen-ios/red-pen-ios/ios/build/Build/Products/Debug-iphonesimulator/LocalLLMClientUtility.swiftmodule/arm64-apple-ios-simulator.abi.json /Users/runner/work/red-pen-ios/red-pen-ios/ios/build/Build/Intermediates.noindex/LocalLLMClient.build/Debug-iphonesimulator/LocalLLMClientUtility.build/Objects-normal/arm64/LocalLLMClientUtility.abi.json (in target 'LocalLLMClientUtility' from project 'LocalLLMClient')
    cd /Users/runner/work/red-pen-ios/red-pen-ios/ios/build/SourcePackages/checkouts/LocalLLMClient
    builtin-copy -exclude .DS_Store -exclude CVS -exclude .svn -exclude .git -exclude .hg -resolve-src-symlinks -rename /Users/runner/work/red-pen-ios/red-pen-ios/ios/build/Build/Intermediates.noindex/LocalLLMClient.build/Debug-iphonesimulator/LocalLLMClientUtility.build/Objects-normal/arm64/LocalLLMClientUtility.abi.json /Users/runner/work/red-pen-ios/red-pen-ios/ios/build/Build/Products/Debug-iphonesimulator/LocalLLMClientUtility.swiftmodule/arm64-apple-ios-simulator.abi.json

Copy /Users/runner/work/red-pen-ios/red-pen-ios/ios/build/Build/Products/Debug-iphonesimulator/LocalLLMClientUtility.swiftmodule/Project/arm64-apple-ios-simulator.swiftsourceinfo /Users/runner/work/red-pen-ios/red-pen-ios/ios/build/Build/Intermediates.noindex/LocalLLMClient.build/Debug-iphonesimulator/LocalLLMClientUtility.build/Objects-normal/arm64/LocalLLMClientUtility.swiftsourceinfo (in target 'LocalLLMClientUtility' from project 'LocalLLMClient')
    cd /Users/runner/work/red-pen-ios/red-pen-ios/ios/build/SourcePackages/checkouts/LocalLLMClient
    builtin-copy -exclude .DS_Store -exclude CVS -exclude .svn -exclude .git -exclude .hg -resolve-src-symlinks -rename /Users/runner/work/red-pen-ios/red-pen-ios/ios/build/Build/Intermediates.noindex/LocalLLMClient.build/Debug-iphonesimulator/LocalLLMClientUtility.build/Objects-normal/arm64/LocalLLMClientUtility.swiftsourceinfo /Users/runner/work/red-pen-ios/red-pen-ios/ios/build/Build/Products/Debug-iphonesimulator/LocalLLMClientUtility.swiftmodule/Project/arm64-apple-ios-simulator.swiftsourceinfo

SwiftMergeGeneratedHeaders /Users/runner/work/red-pen-ios/red-pen-ios/ios/build/Build/Intermediates.noindex/GeneratedModuleMaps-iphonesimulator/InternalCollectionsUtilities-Swift.h /Users/runner/work/red-pen-ios/red-pen-ios/ios/build/Build/Intermediates.noindex/swift-collections.build/Debug-iphonesimulator/InternalCollectionsUtilities.build/Objects-normal/arm64/InternalCollectionsUtilities-Swift.h (in target 'InternalCollectionsUtilities' from project 'swift-collections')
    cd /Users/runner/work/red-pen-ios/red-pen-ios/ios/build/SourcePackages/checkouts/swift-collections
    builtin-swiftHeaderTool -arch arm64 /Users/runner/work/red-pen-ios/red-pen-ios/ios/build/Build/Intermediates.noindex/swift-collections.build/Debug-iphonesimulator/InternalCollectionsUtilities.build/Objects-normal/arm64/InternalCollectionsUtilities-Swift.h -o /Users/runner/work/red-pen-ios/red-pen-ios/ios/build/Build/Intermediates.noindex/GeneratedModuleMaps-iphonesimulator/InternalCollectionsUtilities-Swift.h

Copy /Users/runner/work/red-pen-ios/red-pen-ios/ios/build/Build/Products/Debug-iphonesimulator/InternalCollectionsUtilities.swiftmodule/arm64-apple-ios-simulator.swiftmodule /Users/runner/work/red-pen-ios/red-pen-ios/ios/build/Build/Intermediates.noindex/swift-collections.build/Debug-iphonesimulator/InternalCollectionsUtilities.build/Objects-normal/arm64/InternalCollectionsUtilities.swiftmodule (in target 'InternalCollectionsUtilities' from project 'swift-collections')
    cd /Users/runner/work/red-pen-ios/red-pen-ios/ios/build/SourcePackages/checkouts/swift-collections
    builtin-copy -exclude .DS_Store -exclude CVS -exclude .svn -exclude .git -exclude .hg -resolve-src-symlinks -rename /Users/runner/work/red-pen-ios/red-pen-ios/ios/build/Build/Intermediates.noindex/swift-collections.build/Debug-iphonesimulator/InternalCollectionsUtilities.build/Objects-normal/arm64/InternalCollectionsUtilities.swiftmodule /Users/runner/work/red-pen-ios/red-pen-ios/ios/build/Build/Products/Debug-iphonesimulator/InternalCollectionsUtilities.swiftmodule/arm64-apple-ios-simulator.swiftmodule

Copy /Users/runner/work/red-pen-ios/red-pen-ios/ios/build/Build/Products/Debug-iphonesimulator/InternalCollectionsUtilities.swiftmodule/arm64-apple-ios-simulator.swiftdoc /Users/runner/work/red-pen-ios/red-pen-ios/ios/build/Build/Intermediates.noindex/swift-collections.build/Debug-iphonesimulator/InternalCollectionsUtilities.build/Objects-normal/arm64/InternalCollectionsUtilities.swiftdoc (in target 'InternalCollectionsUtilities' from project 'swift-collections')
    cd /Users/runner/work/red-pen-ios/red-pen-ios/ios/build/SourcePackages/checkouts/swift-collections
    builtin-copy -exclude .DS_Store -exclude CVS -exclude .svn -exclude .git -exclude .hg -resolve-src-symlinks -rename /Users/runner/work/red-pen-ios/red-pen-ios/ios/build/Build/Intermediates.noindex/swift-collections.build/Debug-iphonesimulator/InternalCollectionsUtilities.build/Objects-normal/arm64/InternalCollectionsUtilities.swiftdoc /Users/runner/work/red-pen-ios/red-pen-ios/ios/build/Build/Products/Debug-iphonesimulator/InternalCollectionsUtilities.swiftmodule/arm64-apple-ios-simulator.swiftdoc

Copy /Users/runner/work/red-pen-ios/red-pen-ios/ios/build/Build/Products/Debug-iphonesimulator/InternalCollectionsUtilities.swiftmodule/arm64-apple-ios-simulator.abi.json /Users/runner/work/red-pen-ios/red-pen-ios/ios/build/Build/Intermediates.noindex/swift-collections.build/Debug-iphonesimulator/InternalCollectionsUtilities.build/Objects-normal/arm64/InternalCollectionsUtilities.abi.json (in target 'InternalCollectionsUtilities' from project 'swift-collections')
    cd /Users/runner/work/red-pen-ios/red-pen-ios/ios/build/SourcePackages/checkouts/swift-collections
    builtin-copy -exclude .DS_Store -exclude CVS -exclude .svn -exclude .git -exclude .hg -resolve-src-symlinks -rename /Users/runner/work/red-pen-ios/red-pen-ios/ios/build/Build/Intermediates.noindex/swift-collections.build/Debug-iphonesimulator/InternalCollectionsUtilities.build/Objects-normal/arm64/InternalCollectionsUtilities.abi.json /Users/runner/work/red-pen-ios/red-pen-ios/ios/build/Build/Products/Debug-iphonesimulator/InternalCollectionsUtilities.swiftmodule/arm64-apple-ios-simulator.abi.json

Copy /Users/runner/work/red-pen-ios/red-pen-ios/ios/build/Build/Products/Debug-iphonesimulator/InternalCollectionsUtilities.swiftmodule/Project/arm64-apple-ios-simulator.swiftsourceinfo /Users/runner/work/red-pen-ios/red-pen-ios/ios/build/Build/Intermediates.noindex/swift-collections.build/Debug-iphonesimulator/InternalCollectionsUtilities.build/Objects-normal/arm64/InternalCollectionsUtilities.swiftsourceinfo (in target 'InternalCollectionsUtilities' from project 'swift-collections')
    cd /Users/runner/work/red-pen-ios/red-pen-ios/ios/build/SourcePackages/checkouts/swift-collections
    builtin-copy -exclude .DS_Store -exclude CVS -exclude .svn -exclude .git -exclude .hg -resolve-src-symlinks -rename /Users/runner/work/red-pen-ios/red-pen-ios/ios/build/Build/Intermediates.noindex/swift-collections.build/Debug-iphonesimulator/InternalCollectionsUtilities.build/Objects-normal/arm64/InternalCollectionsUtilities.swiftsourceinfo /Users/runner/work/red-pen-ios/red-pen-ios/ios/build/Build/Products/Debug-iphonesimulator/InternalCollectionsUtilities.swiftmodule/Project/arm64-apple-ios-simulator.swiftsourceinfo

CompileC /Users/runner/work/red-pen-ios/red-pen-ios/ios/build/Build/Intermediates.noindex/LocalLLMClient.build/Debug-iphonesimulator/LocalLLMClientLlamaC.build/Objects-normal/arm64/whisper-enc.o /Users/runner/work/red-pen-ios/red-pen-ios/ios/build/SourcePackages/checkouts/LocalLLMClient/Sources/LocalLLMClientLlamaC/models/whisper-enc.cpp normal arm64 c++ com.apple.compilers.llvm.clang.1_0.compiler (in target 'LocalLLMClientLlamaC' from project 'LocalLLMClient')
    cd /Users/runner/work/red-pen-ios/red-pen-ios/ios/RedPen.xcodeproj
    
    Using response file: /Users/runner/work/red-pen-ios/red-pen-ios/ios/build/Build/Intermediates.noindex/LocalLLMClient.build/Debug-iphonesimulator/LocalLLMClientLlamaC.build/Objects-normal/arm64/82b82416624d2658e5098eb0a28c15c5-common-args.resp
    
    /Applications/Xcode_26.6.app/Contents/Developer/Toolchains/XcodeDefault.xctoolchain/usr/bin/clang -x c++ -ivfsstatcache /Users/runner/work/red-pen-ios/red-pen-ios/ios/build/SDKStatCaches.noindex/iphonesimulator26.5-23F81a-688ef53f1462e2c8f657fdc38a81448ff45c64a1807a658693f2a61704f17a36.sdkstatcache -target arm64-apple-ios17.0-simulator -fmessage-length\=0 -fdiagnostics-show-note-include-stack -fmacro-backtrace-limit\=0 -fno-color-diagnostics -fmodules-prune-interval\=86400 -fmodules-prune-after\=345600 -fbuild-session-file\=/Users/runner/work/red-pen-ios/red-pen-ios/ios/build/ModuleCache.noindex/Session.modulevalidation -fmodules-validate-once-per-build-session -Wnon-modular-include-in-framework-module -Werror\=non-modular-include-in-framework-module -Wno-trigraphs -Wno-missing-field-initializers -Wno-missing-prototypes -Wno-return-type -Wno-non-virtual-dtor -Wno-overloaded-virtual -Wno-exit-time-destructors -Wno-missing-braces -Wparentheses -Wswitch -Wno-unused-function -Wno-unused-label -Wno-unused-parameter -Wno-unused-variable -Wunused-value -Wno-empty-body -Wno-uninitialized -Wno-unknown-pragmas -w -Wno-shadow -Wno-four-char-constants -Wno-conversion -Wno-constant-conversion -Wno-int-conversion -Wno-bool-conversion -Wno-enum-conversion -Wno-float-conversion -Wno-non-literal-null-conversion -Wno-objc-literal-conversion -Wshorten-64-to-32 -Wno-newline-eof -Wno-c++11-extensions -Wno-implicit-fallthrough -isysroot /Applications/Xcode_26.6.app/Contents/Developer/Platforms/iPhoneSimulator.platform/Developer/SDKs/iPhoneSimulator26.5.sdk -fstrict-aliasing -Wdeprecated-declarations -Winvalid-offsetof -Wno-sign-conversion -Wno-infinite-recursion -Wno-move -Wno-comma -Wno-block-capture-autoreleasing -Wno-strict-prototypes -Wno-range-loop-analysis -Wno-semicolon-before-method-body -index-store-path /Users/runner/work/red-pen-ios/red-pen-ios/ios/build/Index.noindex/DataStore -w @/Users/runner/work/red-pen-ios/red-pen-ios/ios/build/Build/Intermediates.noindex/LocalLLMClient.build/Debug-iphonesimulator/LocalLLMClientLlamaC.build/Objects-normal/arm64/82b82416624d2658e5098eb0a28c15c5-common-args.resp -MMD -MT dependencies -MF /Users/runner/work/red-pen-ios/red-pen-ios/ios/build/Build/Intermediates.noindex/LocalLLMClient.build/Debug-iphonesimulator/LocalLLMClientLlamaC.build/Objects-normal/arm64/whisper-enc.d --serialize-diagnostics /Users/runner/work/red-pen-ios/red-pen-ios/ios/build/Build/Intermediates.noindex/LocalLLMClient.build/Debug-iphonesimulator/LocalLLMClientLlamaC.build/Objects-normal/arm64/whisper-enc.dia -c /Users/runner/work/red-pen-ios/red-pen-ios/ios/build/SourcePackages/checkouts/LocalLLMClient/Sources/LocalLLMClientLlamaC/models/whisper-enc.cpp -o /Users/runner/work/red-pen-ios/red-pen-ios/ios/build/Build/Intermediates.noindex/LocalLLMClient.build/Debug-iphonesimulator/LocalLLMClientLlamaC.build/Objects-normal/arm64/whisper-enc.o -index-unit-output-path /LocalLLMClient.build/Debug-iphonesimulator/LocalLLMClientLlamaC.build/Objects-normal/arm64/whisper-enc.o

CompileC /Users/runner/work/red-pen-ios/red-pen-ios/ios/build/Build/Intermediates.noindex/LocalLLMClient.build/Debug-iphonesimulator/LocalLLMClientLlamaC.build/Objects-normal/arm64/value.o /Users/runner/work/red-pen-ios/red-pen-ios/ios/build/SourcePackages/checkouts/LocalLLMClient/Sources/LocalLLMClientLlamaC/include/jinja/value.cpp normal arm64 c++ com.apple.compilers.llvm.clang.1_0.compiler (in target 'LocalLLMClientLlamaC' from project 'LocalLLMClient')
    cd /Users/runner/work/red-pen-ios/red-pen-ios/ios/RedPen.xcodeproj
    
    Using response file: /Users/runner/work/red-pen-ios/red-pen-ios/ios/build/Build/Intermediates.noindex/LocalLLMClient.build/Debug-iphonesimulator/LocalLLMClientLlamaC.build/Objects-normal/arm64/82b82416624d2658e5098eb0a28c15c5-common-args.resp
    
    /Applications/Xcode_26.6.app/Contents/Developer/Toolchains/XcodeDefault.xctoolchain/usr/bin/clang -x c++ -ivfsstatcache /Users/runner/work/red-pen-ios/red-pen-ios/ios/build/SDKStatCaches.noindex/iphonesimulator26.5-23F81a-688ef53f1462e2c8f657fdc38a81448ff45c64a1807a658693f2a61704f17a36.sdkstatcache -target arm64-apple-ios17.0-simulator -fmessage-length\=0 -fdiagnostics-show-note-include-stack -fmacro-backtrace-limit\=0 -fno-color-diagnostics -fmodules-prune-interval\=86400 -fmodules-prune-after\=345600 -fbuild-session-file\=/Users/runner/work/red-pen-ios/red-pen-ios/ios/build/ModuleCache.noindex/Session.modulevalidation -fmodules-validate-once-per-build-session -Wnon-modular-include-in-framework-module -Werror\=non-modular-include-in-framework-module -Wno-trigraphs -Wno-missing-field-initializers -Wno-missing-prototypes -Wno-return-type -Wno-non-virtual-dtor -Wno-overloaded-virtual -Wno-exit-time-destructors -Wno-missing-braces -Wparentheses -Wswitch -Wno-unused-function -Wno-unused-label -Wno-unused-parameter -Wno-unused-variable -Wunused-value -Wno-empty-body -Wno-uninitialized -Wno-unknown-pragmas -w -Wno-shadow -Wno-four-char-constants -Wno-conversion -Wno-constant-conversion -Wno-int-conversion -Wno-bool-conversion -Wno-enum-conversion -Wno-float-conversion -Wno-non-literal-null-conversion -Wno-objc-literal-conversion -Wshorten-64-to-32 -Wno-newline-eof -Wno-c++11-extensions -Wno-implicit-fallthrough -isysroot /Applications/Xcode_26.6.app/Contents/Developer/Platforms/iPhoneSimulator.platform/Developer/SDKs/iPhoneSimulator26.5.sdk -fstrict-aliasing -Wdeprecated-declarations -Winvalid-offsetof -Wno-sign-conversion -Wno-infinite-recursion -Wno-move -Wno-comma -Wno-block-capture-autoreleasing -Wno-strict-prototypes -Wno-range-loop-analysis -Wno-semicolon-before-method-body -index-store-path /Users/runner/work/red-pen-ios/red-pen-ios/ios/build/Index.noindex/DataStore -w @/Users/runner/work/red-pen-ios/red-pen-ios/ios/build/Build/Intermediates.noindex/LocalLLMClient.build/Debug-iphonesimulator/LocalLLMClientLlamaC.build/Objects-normal/arm64/82b82416624d2658e5098eb0a28c15c5-common-args.resp -MMD -MT dependencies -MF /Users/runner/work/red-pen-ios/red-pen-ios/ios/build/Build/Intermediates.noindex/LocalLLMClient.build/Debug-iphonesimulator/LocalLLMClientLlamaC.build/Objects-normal/arm64/value.d --serialize-diagnostics /Users/runner/work/red-pen-ios/red-pen-ios/ios/build/Build/Intermediates.noindex/LocalLLMClient.build/Debug-iphonesimulator/LocalLLMClientLlamaC.build/Objects-normal/arm64/value.dia -c /Users/runner/work/red-pen-ios/red-pen-ios/ios/build/SourcePackages/checkouts/LocalLLMClient/Sources/LocalLLMClientLlamaC/include/jinja/value.cpp -o /Users/runner/work/red-pen-ios/red-pen-ios/ios/build/Build/Intermediates.noindex/LocalLLMClient.build/Debug-iphonesimulator/LocalLLMClientLlamaC.build/Objects-normal/arm64/value.o -index-unit-output-path /LocalLLMClient.build/Debug-iphonesimulator/LocalLLMClientLlamaC.build/Objects-normal/arm64/value.o

SwiftDriver LocalLLMClientMacrosPlugin normal arm64 com.apple.xcode.tools.swift.compiler (in target 'LocalLLMClientMacrosPlugin' from project 'LocalLLMClient')
    cd /Users/runner/work/red-pen-ios/red-pen-ios/ios/RedPen.xcodeproj
    builtin-SwiftDriver -- /Applications/Xcode_26.6.app/Contents/Developer/Toolchains/XcodeDefault.xctoolchain/usr/bin/swiftc -module-name LocalLLMClientMacrosPlugin -Onone @/Users/runner/work/red-pen-ios/red-pen-ios/ios/build/Build/Intermediates.noindex/LocalLLMClient.build/Debug/LocalLLMClientMacrosPlugin.build/Objects-normal/arm64/LocalLLMClientMacrosPlugin.SwiftFileList -DSWIFT_PACKAGE -DDEBUG -DXcode -I /Users/runner/work/red-pen-ios/red-pen-ios/ios/build/SourcePackages/prebuilts/swift-syntax/603.0.2/swiftlang-6.3.3.1.3-macosx26.5-MacroSupport/Modules -I /Users/runner/work/red-pen-ios/red-pen-ios/ios/build/SourcePackages/checkouts/swift-syntax/Sources/_SwiftLibraryPluginProviderCShims/include -I /Users/runner/work/red-pen-ios/red-pen-ios/ios/build/SourcePackages/checkouts/swift-syntax/Sources/_SwiftSyntaxCShims/include -plugin-path /Applications/Xcode_26.6.app/Contents/Developer/Toolchains/XcodeDefault.xctoolchain/usr/lib/swift/host/plugins/testing -enable-experimental-feature DebugDescriptionMacro -sdk /Applications/Xcode_26.6.app/Contents/Developer/Platforms/MacOSX.platform/Developer/SDKs/MacOSX26.5.sdk -target arm64-apple-macos14.0 -g -module-cache-path /Users/runner/work/red-pen-ios/red-pen-ios/ios/build/ModuleCache.noindex -Xfrontend -serialize-debugging-options -enable-testing -suppress-warnings -index-store-path /Users/runner/work/red-pen-ios/red-pen-ios/ios/build/Index.noindex/DataStore -Xcc -D_LIBCPP_HARDENING_MODE\=_LIBCPP_HARDENING_MODE_DEBUG -swift-version 6 -I /Users/runner/work/red-pen-ios/red-pen-ios/ios/build/Build/Products/Debug -Isystem /Applications/Xcode_26.6.app/Contents/Developer/Platforms/MacOSX.platform/Developer/usr/lib -F /Users/runner/work/red-pen-ios/red-pen-ios/ios/build/Build/Products/Debug -F /Applications/Xcode_26.6.app/Contents/Developer/Platforms/MacOSX.platform/Developer/Library/Frameworks -c -j3 -enable-batch-mode -incremental -Xcc -ivfsstatcache -Xcc /Users/runner/work/red-pen-ios/red-pen-ios/ios/build/SDKStatCaches.noindex/macosx26.5-25F70-688ef53f1462e2c8f657fdc38a81448fee0e6409aa6676c5e6c013d148225433.sdkstatcache -output-file-map /Users/runner/work/red-pen-ios/red-pen-ios/ios/build/Build/Intermediates.noindex/LocalLLMClient.build/Debug/LocalLLMClientMacrosPlugin.build/Objects-normal/arm64/LocalLLMClientMacrosPlugin-OutputFileMap.json -use-frontend-parseable-output -save-temps -no-color-diagnostics -serialize-diagnostics -emit-dependencies -emit-module -emit-module-path /Users/runner/work/red-pen-ios/red-pen-ios/ios/build/Build/Intermediates.noindex/LocalLLMClient.build/Debug/LocalLLMClientMacrosPlugin.build/Objects-normal/arm64/LocalLLMClientMacrosPlugin.swiftmodule -validate-clang-modules-once -clang-build-session-file /Users/runner/work/red-pen-ios/red-pen-ios/ios/build/ModuleCache.noindex/Session.modulevalidation -package-name localllmclient -emit-const-values -Xfrontend -const-gather-protocols-file -Xfrontend /Users/runner/work/red-pen-ios/red-pen-ios/ios/build/Build/Intermediates.noindex/LocalLLMClient.build/Debug/LocalLLMClientMacrosPlugin.build/Objects-normal/arm64/LocalLLMClientMacrosPlugin_const_extract_protocols.json -Xcc -I/Users/runner/work/red-pen-ios/red-pen-ios/ios/build/Build/Products/Debug/include -Xcc -I/Users/runner/work/red-pen-ios/red-pen-ios/ios/build/Build/Intermediates.noindex/LocalLLMClient.build/Debug/LocalLLMClientMacrosPlugin.build/DerivedSources-normal/arm64 -Xcc -I/Users/runner/work/red-pen-ios/red-pen-ios/ios/build/Build/Intermediates.noindex/LocalLLMClient.build/Debug/LocalLLMClientMacrosPlugin.build/DerivedSources/arm64 -Xcc -I/Users/runner/work/red-pen-ios/red-pen-ios/ios/build/Build/Intermediates.noindex/LocalLLMClient.build/Debug/LocalLLMClientMacrosPlugin.build/DerivedSources -Xcc -DSWIFT_PACKAGE -Xcc -DDEBUG\=1 -working-directory /Users/runner/work/red-pen-ios/red-pen-ios/ios/RedPen.xcodeproj -experimental-emit-module-separately -disable-cmo

CompileC /Users/runner/work/red-pen-ios/red-pen-ios/ios/build/Build/Intermediates.noindex/LocalLLMClient.build/Debug-iphonesimulator/LocalLLMClientLlamaC.build/Objects-normal/arm64/utils.o /Users/runner/work/red-pen-ios/red-pen-ios/ios/build/SourcePackages/checkouts/LocalLLMClient/Sources/LocalLLMClientLlamaC/utils.cpp normal arm64 c++ com.apple.compilers.llvm.clang.1_0.compiler (in target 'LocalLLMClientLlamaC' from project 'LocalLLMClient')
    cd /Users/runner/work/red-pen-ios/red-pen-ios/ios/RedPen.xcodeproj
    
    Using response file: /Users/runner/work/red-pen-ios/red-pen-ios/ios/build/Build/Intermediates.noindex/LocalLLMClient.build/Debug-iphonesimulator/LocalLLMClientLlamaC.build/Objects-normal/arm64/82b82416624d2658e5098eb0a28c15c5-common-args.resp
    
    /Applications/Xcode_26.6.app/Contents/Developer/Toolchains/XcodeDefault.xctoolchain/usr/bin/clang -x c++ -ivfsstatcache /Users/runner/work/red-pen-ios/red-pen-ios/ios/build/SDKStatCaches.noindex/iphonesimulator26.5-23F81a-688ef53f1462e2c8f657fdc38a81448ff45c64a1807a658693f2a61704f17a36.sdkstatcache -target arm64-apple-ios17.0-simulator -fmessage-length\=0 -fdiagnostics-show-note-include-stack -fmacro-backtrace-limit\=0 -fno-color-diagnostics -fmodules-prune-interval\=86400 -fmodules-prune-after\=345600 -fbuild-session-file\=/Users/runner/work/red-pen-ios/red-pen-ios/ios/build/ModuleCache.noindex/Session.modulevalidation -fmodules-validate-once-per-build-session -Wnon-modular-include-in-framework-module -Werror\=non-modular-include-in-framework-module -Wno-trigraphs -Wno-missing-field-initializers -Wno-missing-prototypes -Wno-return-type -Wno-non-virtual-dtor -Wno-overloaded-virtual -Wno-exit-time-destructors -Wno-missing-braces -Wparentheses -Wswitch -Wno-unused-function -Wno-unused-label -Wno-unused-parameter -Wno-unused-variable -Wunused-value -Wno-empty-body -Wno-uninitialized -Wno-unknown-pragmas -w -Wno-shadow -Wno-four-char-constants -Wno-conversion -Wno-constant-conversion -Wno-int-conversion -Wno-bool-conversion -Wno-enum-conversion -Wno-float-conversion -Wno-non-literal-null-conversion -Wno-objc-literal-conversion -Wshorten-64-to-32 -Wno-newline-eof -Wno-c++11-extensions -Wno-implicit-fallthrough -isysroot /Applications/Xcode_26.6.app/Contents/Developer/Platforms/iPhoneSimulator.platform/Developer/SDKs/iPhoneSimulator26.5.sdk -fstrict-aliasing -Wdeprecated-declarations -Winvalid-offsetof -Wno-sign-conversion -Wno-infinite-recursion -Wno-move -Wno-comma -Wno-block-capture-autoreleasing -Wno-strict-prototypes -Wno-range-loop-analysis -Wno-semicolon-before-method-body -index-store-path /Users/runner/work/red-pen-ios/red-pen-ios/ios/build/Index.noindex/DataStore -w @/Users/runner/work/red-pen-ios/red-pen-ios/ios/build/Build/Intermediates.noindex/LocalLLMClient.build/Debug-iphonesimulator/LocalLLMClientLlamaC.build/Objects-normal/arm64/82b82416624d2658e5098eb0a28c15c5-common-args.resp -MMD -MT dependencies -MF /Users/runner/work/red-pen-ios/red-pen-ios/ios/build/Build/Intermediates.noindex/LocalLLMClient.build/Debug-iphonesimulator/LocalLLMClientLlamaC.build/Objects-normal/arm64/utils.d --serialize-diagnostics /Users/runner/work/red-pen-ios/red-pen-ios/ios/build/Build/Intermediates.noindex/LocalLLMClient.build/Debug-iphonesimulator/LocalLLMClientLlamaC.build/Objects-normal/arm64/utils.dia -c /Users/runner/work/red-pen-ios/red-pen-ios/ios/build/SourcePackages/checkouts/LocalLLMClient/Sources/LocalLLMClientLlamaC/utils.cpp -o /Users/runner/work/red-pen-ios/red-pen-ios/ios/build/Build/Intermediates.noindex/LocalLLMClient.build/Debug-iphonesimulator/LocalLLMClientLlamaC.build/Objects-normal/arm64/utils.o -index-unit-output-path /LocalLLMClient.build/Debug-iphonesimulator/LocalLLMClientLlamaC.build/Objects-normal/arm64/utils.o

SwiftEmitModule normal arm64 Emitting\ module\ for\ LocalLLMClientMacrosPlugin (in target 'LocalLLMClientMacrosPlugin' from project 'LocalLLMClient')
EmitSwiftModule normal arm64 (in target 'LocalLLMClientMacrosPlugin' from project 'LocalLLMClient')
    cd /Users/runner/work/red-pen-ios/red-pen-ios/ios/RedPen.xcodeproj
    

SwiftDriverJobDiscovery normal arm64 Emitting module for StethoscoreWidgets (in target 'StethoscoreWidgets' from project 'RedPen')

SwiftDriver\ Compilation\ Requirements StethoscoreWidgets normal arm64 com.apple.xcode.tools.swift.compiler (in target 'StethoscoreWidgets' from project 'RedPen')
    cd /Users/runner/work/red-pen-ios/red-pen-ios/ios
    builtin-Swift-Compilation-Requirements -- /Applications/Xcode_26.6.app/Contents/Developer/Toolchains/XcodeDefault.xctoolchain/usr/bin/swiftc -module-name StethoscoreWidgets -Onone @/Users/runner/work/red-pen-ios/red-pen-ios/ios/build/Build/Intermediates.noindex/RedPen.build/Debug-iphonesimulator/StethoscoreWidgets.build/Objects-normal/arm64/StethoscoreWidgets.SwiftFileList -DDEBUG -DWIDGET_EXTENSION -enable-bare-slash-regex -enable-experimental-feature DebugDescriptionMacro -sdk /Applications/Xcode_26.6.app/Contents/Developer/Platforms/iPhoneSimulator.platform/Developer/SDKs/iPhoneSimulator26.5.sdk -target arm64-apple-ios26.0-simulator -g -module-cache-path /Users/runner/work/red-pen-ios/red-pen-ios/ios/build/ModuleCache.noindex -Xfrontend -serialize-debugging-options -application-extension -enable-testing -index-store-path /Users/runner/work/red-pen-ios/red-pen-ios/ios/build/Index.noindex/DataStore -Xcc -D_LIBCPP_HARDENING_MODE\=_LIBCPP_HARDENING_MODE_DEBUG -swift-version 5 -I /Users/runner/work/red-pen-ios/red-pen-ios/ios/build/Build/Products/Debug-iphonesimulator -F /Users/runner/work/red-pen-ios/red-pen-ios/ios/build/Build/Products/Debug-iphonesimulator -c -j3 -enable-batch-mode -incremental -Xcc -ivfsstatcache -Xcc /Users/runner/work/red-pen-ios/red-pen-ios/ios/build/SDKStatCaches.noindex/iphonesimulator26.5-23F81a-688ef53f1462e2c8f657fdc38a81448ff45c64a1807a658693f2a61704f17a36.sdkstatcache -output-file-map /Users/runner/work/red-pen-ios/red-pen-ios/ios/build/Build/Intermediates.noindex/RedPen.build/Debug-iphonesimulator/StethoscoreWidgets.build/Objects-normal/arm64/StethoscoreWidgets-OutputFileMap.json -use-frontend-parseable-output -save-temps -no-color-diagnostics -serialize-diagnostics -emit-dependencies -emit-module -emit-module-path /Users/runner/work/red-pen-ios/red-pen-ios/ios/build/Build/Intermediates.noindex/RedPen.build/Debug-iphonesimulator/StethoscoreWidgets.build/Objects-normal/arm64/StethoscoreWidgets.swiftmodule -validate-clang-modules-once -clang-build-session-file /Users/runner/work/red-pen-ios/red-pen-ios/ios/build/ModuleCache.noindex/Session.modulevalidation -Xcc -I/Users/runner/work/red-pen-ios/red-pen-ios/ios/build/Build/Intermediates.noindex/RedPen.build/Debug-iphonesimulator/StethoscoreWidgets.build/swift-overrides.hmap -emit-const-values -Xfrontend -const-gather-protocols-file -Xfrontend /Users/runner/work/red-pen-ios/red-pen-ios/ios/build/Build/Intermediates.noindex/RedPen.build/Debug-iphonesimulator/StethoscoreWidgets.build/Objects-normal/arm64/StethoscoreWidgets_const_extract_protocols.json -Xcc -iquote -Xcc /Users/runner/work/red-pen-ios/red-pen-ios/ios/build/Build/Intermediates.noindex/RedPen.build/Debug-iphonesimulator/StethoscoreWidgets.build/StethoscoreWidgets-generated-files.hmap -Xcc -I/Users/runner/work/red-pen-ios/red-pen-ios/ios/build/Build/Intermediates.noindex/RedPen.build/Debug-iphonesimulator/StethoscoreWidgets.build/StethoscoreWidgets-own-target-headers.hmap -Xcc -I/Users/runner/work/red-pen-ios/red-pen-ios/ios/build/Build/Intermediates.noindex/RedPen.build/Debug-iphonesimulator/StethoscoreWidgets.build/StethoscoreWidgets-all-non-framework-target-headers.hmap -Xcc -ivfsoverlay -Xcc /Users/runner/work/red-pen-ios/red-pen-ios/ios/build/Build/Intermediates.noindex/RedPen.build/Debug-iphonesimulator/RedPen-599707e14dd5256a6604c828c0c573bf-VFS-iphonesimulator/all-product-headers.yaml -Xcc -iquote -Xcc /Users/runner/work/red-pen-ios/red-pen-ios/ios/build/Build/Intermediates.noindex/RedPen.build/Debug-iphonesimulator/StethoscoreWidgets.build/StethoscoreWidgets-project-headers.hmap -Xcc -I/Users/runner/work/red-pen-ios/red-pen-ios/ios/build/Build/Products/Debug-iphonesimulator/include -Xcc -I/Users/runner/work/red-pen-ios/red-pen-ios/ios/build/Build/Intermediates.noindex/RedPen.build/Debug-iphonesimulator/StethoscoreWidgets.build/DerivedSources-normal/arm64 -Xcc -I/Users/runner/work/red-pen-ios/red-pen-ios/ios/build/Build/Intermediates.noindex/RedPen.build/Debug-iphonesimulator/StethoscoreWidgets.build/DerivedSources/arm64 -Xcc -I/Users/runner/work/red-pen-ios/red-pen-ios/ios/build/Build/Intermediates.noindex/RedPen.build/Debug-iphonesimulator/StethoscoreWidgets.build/DerivedSources -Xcc -DDEBUG\=1 -emit-objc-header -emit-objc-header-path /Users/runner/work/red-pen-ios/red-pen-ios/ios/build/Build/Intermediates.noindex/RedPen.build/Debug-iphonesimulator/StethoscoreWidgets.build/Objects-normal/arm64/StethoscoreWidgets-Swift.h -working-directory /Users/runner/work/red-pen-ios/red-pen-ios/ios -experimental-emit-module-separately -disable-cmo

CompileC /Users/runner/work/red-pen-ios/red-pen-ios/ios/build/Build/Intermediates.noindex/LocalLLMClient.build/Debug-iphonesimulator/LocalLLMClientLlamaC.build/Objects-normal/arm64/unicode.o /Users/runner/work/red-pen-ios/red-pen-ios/ios/build/SourcePackages/checkouts/LocalLLMClient/Sources/LocalLLMClientLlamaC/common/unicode.cpp normal arm64 c++ com.apple.compilers.llvm.clang.1_0.compiler (in target 'LocalLLMClientLlamaC' from project 'LocalLLMClient')
    cd /Users/runner/work/red-pen-ios/red-pen-ios/ios/RedPen.xcodeproj
    
    Using response file: /Users/runner/work/red-pen-ios/red-pen-ios/ios/build/Build/Intermediates.noindex/LocalLLMClient.build/Debug-iphonesimulator/LocalLLMClientLlamaC.build/Objects-normal/arm64/82b82416624d2658e5098eb0a28c15c5-common-args.resp
    
    /Applications/Xcode_26.6.app/Contents/Developer/Toolchains/XcodeDefault.xctoolchain/usr/bin/clang -x c++ -ivfsstatcache /Users/runner/work/red-pen-ios/red-pen-ios/ios/build/SDKStatCaches.noindex/iphonesimulator26.5-23F81a-688ef53f1462e2c8f657fdc38a81448ff45c64a1807a658693f2a61704f17a36.sdkstatcache -target arm64-apple-ios17.0-simulator -fmessage-length\=0 -fdiagnostics-show-note-include-stack -fmacro-backtrace-limit\=0 -fno-color-diagnostics -fmodules-prune-interval\=86400 -fmodules-prune-after\=345600 -fbuild-session-file\=/Users/runner/work/red-pen-ios/red-pen-ios/ios/build/ModuleCache.noindex/Session.modulevalidation -fmodules-validate-once-per-build-session -Wnon-modular-include-in-framework-module -Werror\=non-modular-include-in-framework-module -Wno-trigraphs -Wno-missing-field-initializers -Wno-missing-prototypes -Wno-return-type -Wno-non-virtual-dtor -Wno-overloaded-virtual -Wno-exit-time-destructors -Wno-missing-braces -Wparentheses -Wswitch -Wno-unused-function -Wno-unused-label -Wno-unused-parameter -Wno-unused-variable -Wunused-value -Wno-empty-body -Wno-uninitialized -Wno-unknown-pragmas -w -Wno-shadow -Wno-four-char-constants -Wno-conversion -Wno-constant-conversion -Wno-int-conversion -Wno-bool-conversion -Wno-enum-conversion -Wno-float-conversion -Wno-non-literal-null-conversion -Wno-objc-literal-conversion -Wshorten-64-to-32 -Wno-newline-eof -Wno-c++11-extensions -Wno-implicit-fallthrough -isysroot /Applications/Xcode_26.6.app/Contents/Developer/Platforms/iPhoneSimulator.platform/Developer/SDKs/iPhoneSimulator26.5.sdk -fstrict-aliasing -Wdeprecated-declarations -Winvalid-offsetof -Wno-sign-conversion -Wno-infinite-recursion -Wno-move -Wno-comma -Wno-block-capture-autoreleasing -Wno-strict-prototypes -Wno-range-loop-analysis -Wno-semicolon-before-method-body -index-store-path /Users/runner/work/red-pen-ios/red-pen-ios/ios/build/Index.noindex/DataStore -w @/Users/runner/work/red-pen-ios/red-pen-ios/ios/build/Build/Intermediates.noindex/LocalLLMClient.build/Debug-iphonesimulator/LocalLLMClientLlamaC.build/Objects-normal/arm64/82b82416624d2658e5098eb0a28c15c5-common-args.resp -MMD -MT dependencies -MF /Users/runner/work/red-pen-ios/red-pen-ios/ios/build/Build/Intermediates.noindex/LocalLLMClient.build/Debug-iphonesimulator/LocalLLMClientLlamaC.build/Objects-normal/arm64/unicode.d --serialize-diagnostics /Users/runner/work/red-pen-ios/red-pen-ios/ios/build/Build/Intermediates.noindex/LocalLLMClient.build/Debug-iphonesimulator/LocalLLMClientLlamaC.build/Objects-normal/arm64/unicode.dia -c /Users/runner/work/red-pen-ios/red-pen-ios/ios/build/SourcePackages/checkouts/LocalLLMClient/Sources/LocalLLMClientLlamaC/common/unicode.cpp -o /Users/runner/work/red-pen-ios/red-pen-ios/ios/build/Build/Intermediates.noindex/LocalLLMClient.build/Debug-iphonesimulator/LocalLLMClientLlamaC.build/Objects-normal/arm64/unicode.o -index-unit-output-path /LocalLLMClient.build/Debug-iphonesimulator/LocalLLMClientLlamaC.build/Objects-normal/arm64/unicode.o

SwiftMergeGeneratedHeaders /Users/runner/work/red-pen-ios/red-pen-ios/ios/build/Build/Intermediates.noindex/RedPen.build/Debug-iphonesimulator/StethoscoreWidgets.build/DerivedSources/StethoscoreWidgets-Swift.h /Users/runner/work/red-pen-ios/red-pen-ios/ios/build/Build/Intermediates.noindex/RedPen.build/Debug-iphonesimulator/StethoscoreWidgets.build/Objects-normal/arm64/StethoscoreWidgets-Swift.h (in target 'StethoscoreWidgets' from project 'RedPen')
    cd /Users/runner/work/red-pen-ios/red-pen-ios/ios
    builtin-swiftHeaderTool -arch arm64 /Users/runner/work/red-pen-ios/red-pen-ios/ios/build/Build/Intermediates.noindex/RedPen.build/Debug-iphonesimulator/StethoscoreWidgets.build/Objects-normal/arm64/StethoscoreWidgets-Swift.h -o /Users/runner/work/red-pen-ios/red-pen-ios/ios/build/Build/Intermediates.noindex/RedPen.build/Debug-iphonesimulator/StethoscoreWidgets.build/DerivedSources/StethoscoreWidgets-Swift.h

Copy /Users/runner/work/red-pen-ios/red-pen-ios/ios/build/Build/Products/Debug-iphonesimulator/StethoscoreWidgets.swiftmodule/arm64-apple-ios-simulator.swiftmodule /Users/runner/work/red-pen-ios/red-pen-ios/ios/build/Build/Intermediates.noindex/RedPen.build/Debug-iphonesimulator/StethoscoreWidgets.build/Objects-normal/arm64/StethoscoreWidgets.swiftmodule (in target 'StethoscoreWidgets' from project 'RedPen')
    cd /Users/runner/work/red-pen-ios/red-pen-ios/ios
    builtin-copy -exclude .DS_Store -exclude CVS -exclude .svn -exclude .git -exclude .hg -resolve-src-symlinks -rename /Users/runner/work/red-pen-ios/red-pen-ios/ios/build/Build/Intermediates.noindex/RedPen.build/Debug-iphonesimulator/StethoscoreWidgets.build/Objects-normal/arm64/StethoscoreWidgets.swiftmodule /Users/runner/work/red-pen-ios/red-pen-ios/ios/build/Build/Products/Debug-iphonesimulator/StethoscoreWidgets.swiftmodule/arm64-apple-ios-simulator.swiftmodule

Copy /Users/runner/work/red-pen-ios/red-pen-ios/ios/build/Build/Products/Debug-iphonesimulator/StethoscoreWidgets.swiftmodule/arm64-apple-ios-simulator.swiftdoc /Users/runner/work/red-pen-ios/red-pen-ios/ios/build/Build/Intermediates.noindex/RedPen.build/Debug-iphonesimulator/StethoscoreWidgets.build/Objects-normal/arm64/StethoscoreWidgets.swiftdoc (in target 'StethoscoreWidgets' from project 'RedPen')
    cd /Users/runner/work/red-pen-ios/red-pen-ios/ios
    builtin-copy -exclude .DS_Store -exclude CVS -exclude .svn -exclude .git -exclude .hg -resolve-src-symlinks -rename /Users/runner/work/red-pen-ios/red-pen-ios/ios/build/Build/Intermediates.noindex/RedPen.build/Debug-iphonesimulator/StethoscoreWidgets.build/Objects-normal/arm64/StethoscoreWidgets.swiftdoc /Users/runner/work/red-pen-ios/red-pen-ios/ios/build/Build/Products/Debug-iphonesimulator/StethoscoreWidgets.swiftmodule/arm64-apple-ios-simulator.swiftdoc

Copy /Users/runner/work/red-pen-ios/red-pen-ios/ios/build/Build/Products/Debug-iphonesimulator/StethoscoreWidgets.swiftmodule/arm64-apple-ios-simulator.abi.json /Users/runner/work/red-pen-ios/red-pen-ios/ios/build/Build/Intermediates.noindex/RedPen.build/Debug-iphonesimulator/StethoscoreWidgets.build/Objects-normal/arm64/StethoscoreWidgets.abi.json (in target 'StethoscoreWidgets' from project 'RedPen')
    cd /Users/runner/work/red-pen-ios/red-pen-ios/ios
    builtin-copy -exclude .DS_Store -exclude CVS -exclude .svn -exclude .git -exclude .hg -resolve-src-symlinks -rename /Users/runner/work/red-pen-ios/red-pen-ios/ios/build/Build/Intermediates.noindex/RedPen.build/Debug-iphonesimulator/StethoscoreWidgets.build/Objects-normal/arm64/StethoscoreWidgets.abi.json /Users/runner/work/red-pen-ios/red-pen-ios/ios/build/Build/Products/Debug-iphonesimulator/StethoscoreWidgets.swiftmodule/arm64-apple-ios-simulator.abi.json

Copy /Users/runner/work/red-pen-ios/red-pen-ios/ios/build/Build/Products/Debug-iphonesimulator/StethoscoreWidgets.swiftmodule/Project/arm64-apple-ios-simulator.swiftsourceinfo /Users/runner/work/red-pen-ios/red-pen-ios/ios/build/Build/Intermediates.noindex/RedPen.build/Debug-iphonesimulator/StethoscoreWidgets.build/Objects-normal/arm64/StethoscoreWidgets.swiftsourceinfo (in target 'StethoscoreWidgets' from project 'RedPen')
    cd /Users/runner/work/red-pen-ios/red-pen-ios/ios
    builtin-copy -exclude .DS_Store -exclude CVS -exclude .svn -exclude .git -exclude .hg -resolve-src-symlinks -rename /Users/runner/work/red-pen-ios/red-pen-ios/ios/build/Build/Intermediates.noindex/RedPen.build/Debug-iphonesimulator/StethoscoreWidgets.build/Objects-normal/arm64/StethoscoreWidgets.swiftsourceinfo /Users/runner/work/red-pen-ios/red-pen-ios/ios/build/Build/Products/Debug-iphonesimulator/StethoscoreWidgets.swiftmodule/Project/arm64-apple-ios-simulator.swiftsourceinfo

CompileC /Users/runner/work/red-pen-ios/red-pen-ios/ios/build/Build/Intermediates.noindex/LocalLLMClient.build/Debug-iphonesimulator/LocalLLMClientLlamaC.build/Objects-normal/arm64/string.o /Users/runner/work/red-pen-ios/red-pen-ios/ios/build/SourcePackages/checkouts/LocalLLMClient/Sources/LocalLLMClientLlamaC/include/jinja/string.cpp normal arm64 c++ com.apple.compilers.llvm.clang.1_0.compiler (in target 'LocalLLMClientLlamaC' from project 'LocalLLMClient')
    cd /Users/runner/work/red-pen-ios/red-pen-ios/ios/RedPen.xcodeproj
    
    Using response file: /Users/runner/work/red-pen-ios/red-pen-ios/ios/build/Build/Intermediates.noindex/LocalLLMClient.build/Debug-iphonesimulator/LocalLLMClientLlamaC.build/Objects-normal/arm64/82b82416624d2658e5098eb0a28c15c5-common-args.resp
    
    /Applications/Xcode_26.6.app/Contents/Developer/Toolchains/XcodeDefault.xctoolchain/usr/bin/clang -x c++ -ivfsstatcache /Users/runner/work/red-pen-ios/red-pen-ios/ios/build/SDKStatCaches.noindex/iphonesimulator26.5-23F81a-688ef53f1462e2c8f657fdc38a81448ff45c64a1807a658693f2a61704f17a36.sdkstatcache -target arm64-apple-ios17.0-simulator -fmessage-length\=0 -fdiagnostics-show-note-include-stack -fmacro-backtrace-limit\=0 -fno-color-diagnostics -fmodules-prune-interval\=86400 -fmodules-prune-after\=345600 -fbuild-session-file\=/Users/runner/work/red-pen-ios/red-pen-ios/ios/build/ModuleCache.noindex/Session.modulevalidation -fmodules-validate-once-per-build-session -Wnon-modular-include-in-framework-module -Werror\=non-modular-include-in-framework-module -Wno-trigraphs -Wno-missing-field-initializers -Wno-missing-prototypes -Wno-return-type -Wno-non-virtual-dtor -Wno-overloaded-virtual -Wno-exit-time-destructors -Wno-missing-braces -Wparentheses -Wswitch -Wno-unused-function -Wno-unused-label -Wno-unused-parameter -Wno-unused-variable -Wunused-value -Wno-empty-body -Wno-uninitialized -Wno-unknown-pragmas -w -Wno-shadow -Wno-four-char-constants -Wno-conversion -Wno-constant-conversion -Wno-int-conversion -Wno-bool-conversion -Wno-enum-conversion -Wno-float-conversion -Wno-non-literal-null-conversion -Wno-objc-literal-conversion -Wshorten-64-to-32 -Wno-newline-eof -Wno-c++11-extensions -Wno-implicit-fallthrough -isysroot /Applications/Xcode_26.6.app/Contents/Developer/Platforms/iPhoneSimulator.platform/Developer/SDKs/iPhoneSimulator26.5.sdk -fstrict-aliasing -Wdeprecated-declarations -Winvalid-offsetof -Wno-sign-conversion -Wno-infinite-recursion -Wno-move -Wno-comma -Wno-block-capture-autoreleasing -Wno-strict-prototypes -Wno-range-loop-analysis -Wno-semicolon-before-method-body -index-store-path /Users/runner/work/red-pen-ios/red-pen-ios/ios/build/Index.noindex/DataStore -w @/Users/runner/work/red-pen-ios/red-pen-ios/ios/build/Build/Intermediates.noindex/LocalLLMClient.build/Debug-iphonesimulator/LocalLLMClientLlamaC.build/Objects-normal/arm64/82b82416624d2658e5098eb0a28c15c5-common-args.resp -MMD -MT dependencies -MF /Users/runner/work/red-pen-ios/red-pen-ios/ios/build/Build/Intermediates.noindex/LocalLLMClient.build/Debug-iphonesimulator/LocalLLMClientLlamaC.build/Objects-normal/arm64/string.d --serialize-diagnostics /Users/runner/work/red-pen-ios/red-pen-ios/ios/build/Build/Intermediates.noindex/LocalLLMClient.build/Debug-iphonesimulator/LocalLLMClientLlamaC.build/Objects-normal/arm64/string.dia -c /Users/runner/work/red-pen-ios/red-pen-ios/ios/build/SourcePackages/checkouts/LocalLLMClient/Sources/LocalLLMClientLlamaC/include/jinja/string.cpp -o /Users/runner/work/red-pen-ios/red-pen-ios/ios/build/Build/Intermediates.noindex/LocalLLMClient.build/Debug-iphonesimulator/LocalLLMClientLlamaC.build/Objects-normal/arm64/string.o -index-unit-output-path /LocalLLMClient.build/Debug-iphonesimulator/LocalLLMClientLlamaC.build/Objects-normal/arm64/string.o

CompileC /Users/runner/work/red-pen-ios/red-pen-ios/ios/build/Build/Intermediates.noindex/LocalLLMClient.build/Debug-iphonesimulator/LocalLLMClientLlamaC.build/Objects-normal/arm64/step3vl.o /Users/runner/work/red-pen-ios/red-pen-ios/ios/build/SourcePackages/checkouts/LocalLLMClient/Sources/LocalLLMClientLlamaC/models/step3vl.cpp normal arm64 c++ com.apple.compilers.llvm.clang.1_0.compiler (in target 'LocalLLMClientLlamaC' from project 'LocalLLMClient')
    cd /Users/runner/work/red-pen-ios/red-pen-ios/ios/RedPen.xcodeproj
    
    Using response file: /Users/runner/work/red-pen-ios/red-pen-ios/ios/build/Build/Intermediates.noindex/LocalLLMClient.build/Debug-iphonesimulator/LocalLLMClientLlamaC.build/Objects-normal/arm64/82b82416624d2658e5098eb0a28c15c5-common-args.resp
    
    /Applications/Xcode_26.6.app/Contents/Developer/Toolchains/XcodeDefault.xctoolchain/usr/bin/clang -x c++ -ivfsstatcache /Users/runner/work/red-pen-ios/red-pen-ios/ios/build/SDKStatCaches.noindex/iphonesimulator26.5-23F81a-688ef53f1462e2c8f657fdc38a81448ff45c64a1807a658693f2a61704f17a36.sdkstatcache -target arm64-apple-ios17.0-simulator -fmessage-length\=0 -fdiagnostics-show-note-include-stack -fmacro-backtrace-limit\=0 -fno-color-diagnostics -fmodules-prune-interval\=86400 -fmodules-prune-after\=345600 -fbuild-session-file\=/Users/runner/work/red-pen-ios/red-pen-ios/ios/build/ModuleCache.noindex/Session.modulevalidation -fmodules-validate-once-per-build-session -Wnon-modular-include-in-framework-module -Werror\=non-modular-include-in-framework-module -Wno-trigraphs -Wno-missing-field-initializers -Wno-missing-prototypes -Wno-return-type -Wno-non-virtual-dtor -Wno-overloaded-virtual -Wno-exit-time-destructors -Wno-missing-braces -Wparentheses -Wswitch -Wno-unused-function -Wno-unused-label -Wno-unused-parameter -Wno-unused-variable -Wunused-value -Wno-empty-body -Wno-uninitialized -Wno-unknown-pragmas -w -Wno-shadow -Wno-four-char-constants -Wno-conversion -Wno-constant-conversion -Wno-int-conversion -Wno-bool-conversion -Wno-enum-conversion -Wno-float-conversion -Wno-non-literal-null-conversion -Wno-objc-literal-conversion -Wshorten-64-to-32 -Wno-newline-eof -Wno-c++11-extensions -Wno-implicit-fallthrough -isysroot /Applications/Xcode_26.6.app/Contents/Developer/Platforms/iPhoneSimulator.platform/Developer/SDKs/iPhoneSimulator26.5.sdk -fstrict-aliasing -Wdeprecated-declarations -Winvalid-offsetof -Wno-sign-conversion -Wno-infinite-recursion -Wno-move -Wno-comma -Wno-block-capture-autoreleasing -Wno-strict-prototypes -Wno-range-loop-analysis -Wno-semicolon-before-method-body -index-store-path /Users/runner/work/red-pen-ios/red-pen-ios/ios/build/Index.noindex/DataStore -w @/Users/runner/work/red-pen-ios/red-pen-ios/ios/build/Build/Intermediates.noindex/LocalLLMClient.build/Debug-iphonesimulator/LocalLLMClientLlamaC.build/Objects-normal/arm64/82b82416624d2658e5098eb0a28c15c5-common-args.resp -MMD -MT dependencies -MF /Users/runner/work/red-pen-ios/red-pen-ios/ios/build/Build/Intermediates.noindex/LocalLLMClient.build/Debug-iphonesimulator/LocalLLMClientLlamaC.build/Objects-normal/arm64/step3vl.d --serialize-diagnostics /Users/runner/work/red-pen-ios/red-pen-ios/ios/build/Build/Intermediates.noindex/LocalLLMClient.build/Debug-iphonesimulator/LocalLLMClientLlamaC.build/Objects-normal/arm64/step3vl.dia -c /Users/runner/work/red-pen-ios/red-pen-ios/ios/build/SourcePackages/checkouts/LocalLLMClient/Sources/LocalLLMClientLlamaC/models/step3vl.cpp -o /Users/runner/work/red-pen-ios/red-pen-ios/ios/build/Build/Intermediates.noindex/LocalLLMClient.build/Debug-iphonesimulator/LocalLLMClientLlamaC.build/Objects-normal/arm64/step3vl.o -index-unit-output-path /LocalLLMClient.build/Debug-iphonesimulator/LocalLLMClientLlamaC.build/Objects-normal/arm64/step3vl.o

CompileC /Users/runner/work/red-pen-ios/red-pen-ios/ios/build/Build/Intermediates.noindex/LocalLLMClient.build/Debug-iphonesimulator/LocalLLMClientLlamaC.build/Objects-normal/arm64/siglip.o /Users/runner/work/red-pen-ios/red-pen-ios/ios/build/SourcePackages/checkouts/LocalLLMClient/Sources/LocalLLMClientLlamaC/models/siglip.cpp normal arm64 c++ com.apple.compilers.llvm.clang.1_0.compiler (in target 'LocalLLMClientLlamaC' from project 'LocalLLMClient')
    cd /Users/runner/work/red-pen-ios/red-pen-ios/ios/RedPen.xcodeproj
    
    Using response file: /Users/runner/work/red-pen-ios/red-pen-ios/ios/build/Build/Intermediates.noindex/LocalLLMClient.build/Debug-iphonesimulator/LocalLLMClientLlamaC.build/Objects-normal/arm64/82b82416624d2658e5098eb0a28c15c5-common-args.resp
    
    /Applications/Xcode_26.6.app/Contents/Developer/Toolchains/XcodeDefault.xctoolchain/usr/bin/clang -x c++ -ivfsstatcache /Users/runner/work/red-pen-ios/red-pen-ios/ios/build/SDKStatCaches.noindex/iphonesimulator26.5-23F81a-688ef53f1462e2c8f657fdc38a81448ff45c64a1807a658693f2a61704f17a36.sdkstatcache -target arm64-apple-ios17.0-simulator -fmessage-length\=0 -fdiagnostics-show-note-include-stack -fmacro-backtrace-limit\=0 -fno-color-diagnostics -fmodules-prune-interval\=86400 -fmodules-prune-after\=345600 -fbuild-session-file\=/Users/runner/work/red-pen-ios/red-pen-ios/ios/build/ModuleCache.noindex/Session.modulevalidation -fmodules-validate-once-per-build-session -Wnon-modular-include-in-framework-module -Werror\=non-modular-include-in-framework-module -Wno-trigraphs -Wno-missing-field-initializers -Wno-missing-prototypes -Wno-return-type -Wno-non-virtual-dtor -Wno-overloaded-virtual -Wno-exit-time-destructors -Wno-missing-braces -Wparentheses -Wswitch -Wno-unused-function -Wno-unused-label -Wno-unused-parameter -Wno-unused-variable -Wunused-value -Wno-empty-body -Wno-uninitialized -Wno-unknown-pragmas -w -Wno-shadow -Wno-four-char-constants -Wno-conversion -Wno-constant-conversion -Wno-int-conversion -Wno-bool-conversion -Wno-enum-conversion -Wno-float-conversion -Wno-non-literal-null-conversion -Wno-objc-literal-conversion -Wshorten-64-to-32 -Wno-newline-eof -Wno-c++11-extensions -Wno-implicit-fallthrough -isysroot /Applications/Xcode_26.6.app/Contents/Developer/Platforms/iPhoneSimulator.platform/Developer/SDKs/iPhoneSimulator26.5.sdk -fstrict-aliasing -Wdeprecated-declarations -Winvalid-offsetof -Wno-sign-conversion -Wno-infinite-recursion -Wno-move -Wno-comma -Wno-block-capture-autoreleasing -Wno-strict-prototypes -Wno-range-loop-analysis -Wno-semicolon-before-method-body -index-store-path /Users/runner/work/red-pen-ios/red-pen-ios/ios/build/Index.noindex/DataStore -w @/Users/runner/work/red-pen-ios/red-pen-ios/ios/build/Build/Intermediates.noindex/LocalLLMClient.build/Debug-iphonesimulator/LocalLLMClientLlamaC.build/Objects-normal/arm64/82b82416624d2658e5098eb0a28c15c5-common-args.resp -MMD -MT dependencies -MF /Users/runner/work/red-pen-ios/red-pen-ios/ios/build/Build/Intermediates.noindex/LocalLLMClient.build/Debug-iphonesimulator/LocalLLMClientLlamaC.build/Objects-normal/arm64/siglip.d --serialize-diagnostics /Users/runner/work/red-pen-ios/red-pen-ios/ios/build/Build/Intermediates.noindex/LocalLLMClient.build/Debug-iphonesimulator/LocalLLMClientLlamaC.build/Objects-normal/arm64/siglip.dia -c /Users/runner/work/red-pen-ios/red-pen-ios/ios/build/SourcePackages/checkouts/LocalLLMClient/Sources/LocalLLMClientLlamaC/models/siglip.cpp -o /Users/runner/work/red-pen-ios/red-pen-ios/ios/build/Build/Intermediates.noindex/LocalLLMClient.build/Debug-iphonesimulator/LocalLLMClientLlamaC.build/Objects-normal/arm64/siglip.o -index-unit-output-path /LocalLLMClient.build/Debug-iphonesimulator/LocalLLMClientLlamaC.build/Objects-normal/arm64/siglip.o

CompileC /Users/runner/work/red-pen-ios/red-pen-ios/ios/build/Build/Intermediates.noindex/LocalLLMClient.build/Debug-iphonesimulator/LocalLLMClientLlamaC.build/Objects-normal/arm64/sampling.o /Users/runner/work/red-pen-ios/red-pen-ios/ios/build/SourcePackages/checkouts/LocalLLMClient/Sources/LocalLLMClientLlamaC/common/sampling.cpp normal arm64 c++ com.apple.compilers.llvm.clang.1_0.compiler (in target 'LocalLLMClientLlamaC' from project 'LocalLLMClient')
    cd /Users/runner/work/red-pen-ios/red-pen-ios/ios/RedPen.xcodeproj
    
    Using response file: /Users/runner/work/red-pen-ios/red-pen-ios/ios/build/Build/Intermediates.noindex/LocalLLMClient.build/Debug-iphonesimulator/LocalLLMClientLlamaC.build/Objects-normal/arm64/82b82416624d2658e5098eb0a28c15c5-common-args.resp
    
    /Applications/Xcode_26.6.app/Contents/Developer/Toolchains/XcodeDefault.xctoolchain/usr/bin/clang -x c++ -ivfsstatcache /Users/runner/work/red-pen-ios/red-pen-ios/ios/build/SDKStatCaches.noindex/iphonesimulator26.5-23F81a-688ef53f1462e2c8f657fdc38a81448ff45c64a1807a658693f2a61704f17a36.sdkstatcache -target arm64-apple-ios17.0-simulator -fmessage-length\=0 -fdiagnostics-show-note-include-stack -fmacro-backtrace-limit\=0 -fno-color-diagnostics -fmodules-prune-interval\=86400 -fmodules-prune-after\=345600 -fbuild-session-file\=/Users/runner/work/red-pen-ios/red-pen-ios/ios/build/ModuleCache.noindex/Session.modulevalidation -fmodules-validate-once-per-build-session -Wnon-modular-include-in-framework-module -Werror\=non-modular-include-in-framework-module -Wno-trigraphs -Wno-missing-field-initializers -Wno-missing-prototypes -Wno-return-type -Wno-non-virtual-dtor -Wno-overloaded-virtual -Wno-exit-time-destructors -Wno-missing-braces -Wparentheses -Wswitch -Wno-unused-function -Wno-unused-label -Wno-unused-parameter -Wno-unused-variable -Wunused-value -Wno-empty-body -Wno-uninitialized -Wno-unknown-pragmas -w -Wno-shadow -Wno-four-char-constants -Wno-conversion -Wno-constant-conversion -Wno-int-conversion -Wno-bool-conversion -Wno-enum-conversion -Wno-float-conversion -Wno-non-literal-null-conversion -Wno-objc-literal-conversion -Wshorten-64-to-32 -Wno-newline-eof -Wno-c++11-extensions -Wno-implicit-fallthrough -isysroot /Applications/Xcode_26.6.app/Contents/Developer/Platforms/iPhoneSimulator.platform/Developer/SDKs/iPhoneSimulator26.5.sdk -fstrict-aliasing -Wdeprecated-declarations -Winvalid-offsetof -Wno-sign-conversion -Wno-infinite-recursion -Wno-move -Wno-comma -Wno-block-capture-autoreleasing -Wno-strict-prototypes -Wno-range-loop-analysis -Wno-semicolon-before-method-body -index-store-path /Users/runner/work/red-pen-ios/red-pen-ios/ios/build/Index.noindex/DataStore -w @/Users/runner/work/red-pen-ios/red-pen-ios/ios/build/Build/Intermediates.noindex/LocalLLMClient.build/Debug-iphonesimulator/LocalLLMClientLlamaC.build/Objects-normal/arm64/82b82416624d2658e5098eb0a28c15c5-common-args.resp -MMD -MT dependencies -MF /Users/runner/work/red-pen-ios/red-pen-ios/ios/build/Build/Intermediates.noindex/LocalLLMClient.build/Debug-iphonesimulator/LocalLLMClientLlamaC.build/Objects-normal/arm64/sampling.d --serialize-diagnostics /Users/runner/work/red-pen-ios/red-pen-ios/ios/build/Build/Intermediates.noindex/LocalLLMClient.build/Debug-iphonesimulator/LocalLLMClientLlamaC.build/Objects-normal/arm64/sampling.dia -c /Users/runner/work/red-pen-ios/red-pen-ios/ios/build/SourcePackages/checkouts/LocalLLMClient/Sources/LocalLLMClientLlamaC/common/sampling.cpp -o /Users/runner/work/red-pen-ios/red-pen-ios/ios/build/Build/Intermediates.noindex/LocalLLMClient.build/Debug-iphonesimulator/LocalLLMClientLlamaC.build/Objects-normal/arm64/sampling.o -index-unit-output-path /LocalLLMClient.build/Debug-iphonesimulator/LocalLLMClientLlamaC.build/Objects-normal/arm64/sampling.o

CompileC /Users/runner/work/red-pen-ios/red-pen-ios/ios/build/Build/Intermediates.noindex/LocalLLMClient.build/Debug-iphonesimulator/LocalLLMClientLlamaC.build/Objects-normal/arm64/runtime.o /Users/runner/work/red-pen-ios/red-pen-ios/ios/build/SourcePackages/checkouts/LocalLLMClient/Sources/LocalLLMClientLlamaC/include/jinja/runtime.cpp normal arm64 c++ com.apple.compilers.llvm.clang.1_0.compiler (in target 'LocalLLMClientLlamaC' from project 'LocalLLMClient')
    cd /Users/runner/work/red-pen-ios/red-pen-ios/ios/RedPen.xcodeproj
    
    Using response file: /Users/runner/work/red-pen-ios/red-pen-ios/ios/build/Build/Intermediates.noindex/LocalLLMClient.build/Debug-iphonesimulator/LocalLLMClientLlamaC.build/Objects-normal/arm64/82b82416624d2658e5098eb0a28c15c5-common-args.resp
    
    /Applications/Xcode_26.6.app/Contents/Developer/Toolchains/XcodeDefault.xctoolchain/usr/bin/clang -x c++ -ivfsstatcache /Users/runner/work/red-pen-ios/red-pen-ios/ios/build/SDKStatCaches.noindex/iphonesimulator26.5-23F81a-688ef53f1462e2c8f657fdc38a81448ff45c64a1807a658693f2a61704f17a36.sdkstatcache -target arm64-apple-ios17.0-simulator -fmessage-length\=0 -fdiagnostics-show-note-include-stack -fmacro-backtrace-limit\=0 -fno-color-diagnostics -fmodules-prune-interval\=86400 -fmodules-prune-after\=345600 -fbuild-session-file\=/Users/runner/work/red-pen-ios/red-pen-ios/ios/build/ModuleCache.noindex/Session.modulevalidation -fmodules-validate-once-per-build-session -Wnon-modular-include-in-framework-module -Werror\=non-modular-include-in-framework-module -Wno-trigraphs -Wno-missing-field-initializers -Wno-missing-prototypes -Wno-return-type -Wno-non-virtual-dtor -Wno-overloaded-virtual -Wno-exit-time-destructors -Wno-missing-braces -Wparentheses -Wswitch -Wno-unused-function -Wno-unused-label -Wno-unused-parameter -Wno-unused-variable -Wunused-value -Wno-empty-body -Wno-uninitialized -Wno-unknown-pragmas -w -Wno-shadow -Wno-four-char-constants -Wno-conversion -Wno-constant-conversion -Wno-int-conversion -Wno-bool-conversion -Wno-enum-conversion -Wno-float-conversion -Wno-non-literal-null-conversion -Wno-objc-literal-conversion -Wshorten-64-to-32 -Wno-newline-eof -Wno-c++11-extensions -Wno-implicit-fallthrough -isysroot /Applications/Xcode_26.6.app/Contents/Developer/Platforms/iPhoneSimulator.platform/Developer/SDKs/iPhoneSimulator26.5.sdk -fstrict-aliasing -Wdeprecated-declarations -Winvalid-offsetof -Wno-sign-conversion -Wno-infinite-recursion -Wno-move -Wno-comma -Wno-block-capture-autoreleasing -Wno-strict-prototypes -Wno-range-loop-analysis -Wno-semicolon-before-method-body -index-store-path /Users/runner/work/red-pen-ios/red-pen-ios/ios/build/Index.noindex/DataStore -w @/Users/runner/work/red-pen-ios/red-pen-ios/ios/build/Build/Intermediates.noindex/LocalLLMClient.build/Debug-iphonesimulator/LocalLLMClientLlamaC.build/Objects-normal/arm64/82b82416624d2658e5098eb0a28c15c5-common-args.resp -MMD -MT dependencies -MF /Users/runner/work/red-pen-ios/red-pen-ios/ios/build/Build/Intermediates.noindex/LocalLLMClient.build/Debug-iphonesimulator/LocalLLMClientLlamaC.build/Objects-normal/arm64/runtime.d --serialize-diagnostics /Users/runner/work/red-pen-ios/red-pen-ios/ios/build/Build/Intermediates.noindex/LocalLLMClient.build/Debug-iphonesimulator/LocalLLMClientLlamaC.build/Objects-normal/arm64/runtime.dia -c /Users/runner/work/red-pen-ios/red-pen-ios/ios/build/SourcePackages/checkouts/LocalLLMClient/Sources/LocalLLMClientLlamaC/include/jinja/runtime.cpp -o /Users/runner/work/red-pen-ios/red-pen-ios/ios/build/Build/Intermediates.noindex/LocalLLMClient.build/Debug-iphonesimulator/LocalLLMClientLlamaC.build/Objects-normal/arm64/runtime.o -index-unit-output-path /LocalLLMClient.build/Debug-iphonesimulator/LocalLLMClientLlamaC.build/Objects-normal/arm64/runtime.o

SwiftDriverJobDiscovery normal arm64 Emitting module for LocalLLMClientMacrosPlugin (in target 'LocalLLMClientMacrosPlugin' from project 'LocalLLMClient')

SwiftDriver\ Compilation\ Requirements LocalLLMClientMacrosPlugin normal arm64 com.apple.xcode.tools.swift.compiler (in target 'LocalLLMClientMacrosPlugin' from project 'LocalLLMClient')
    cd /Users/runner/work/red-pen-ios/red-pen-ios/ios/RedPen.xcodeproj
    builtin-Swift-Compilation-Requirements -- /Applications/Xcode_26.6.app/Contents/Developer/Toolchains/XcodeDefault.xctoolchain/usr/bin/swiftc -module-name LocalLLMClientMacrosPlugin -Onone @/Users/runner/work/red-pen-ios/red-pen-ios/ios/build/Build/Intermediates.noindex/LocalLLMClient.build/Debug/LocalLLMClientMacrosPlugin.build/Objects-normal/arm64/LocalLLMClientMacrosPlugin.SwiftFileList -DSWIFT_PACKAGE -DDEBUG -DXcode -I /Users/runner/work/red-pen-ios/red-pen-ios/ios/build/SourcePackages/prebuilts/swift-syntax/603.0.2/swiftlang-6.3.3.1.3-macosx26.5-MacroSupport/Modules -I /Users/runner/work/red-pen-ios/red-pen-ios/ios/build/SourcePackages/checkouts/swift-syntax/Sources/_SwiftLibraryPluginProviderCShims/include -I /Users/runner/work/red-pen-ios/red-pen-ios/ios/build/SourcePackages/checkouts/swift-syntax/Sources/_SwiftSyntaxCShims/include -plugin-path /Applications/Xcode_26.6.app/Contents/Developer/Toolchains/XcodeDefault.xctoolchain/usr/lib/swift/host/plugins/testing -enable-experimental-feature DebugDescriptionMacro -sdk /Applications/Xcode_26.6.app/Contents/Developer/Platforms/MacOSX.platform/Developer/SDKs/MacOSX26.5.sdk -target arm64-apple-macos14.0 -g -module-cache-path /Users/runner/work/red-pen-ios/red-pen-ios/ios/build/ModuleCache.noindex -Xfrontend -serialize-debugging-options -enable-testing -suppress-warnings -index-store-path /Users/runner/work/red-pen-ios/red-pen-ios/ios/build/Index.noindex/DataStore -Xcc -D_LIBCPP_HARDENING_MODE\=_LIBCPP_HARDENING_MODE_DEBUG -swift-version 6 -I /Users/runner/work/red-pen-ios/red-pen-ios/ios/build/Build/Products/Debug -Isystem /Applications/Xcode_26.6.app/Contents/Developer/Platforms/MacOSX.platform/Developer/usr/lib -F /Users/runner/work/red-pen-ios/red-pen-ios/ios/build/Build/Products/Debug -F /Applications/Xcode_26.6.app/Contents/Developer/Platforms/MacOSX.platform/Developer/Library/Frameworks -c -j3 -enable-batch-mode -incremental -Xcc -ivfsstatcache -Xcc /Users/runner/work/red-pen-ios/red-pen-ios/ios/build/SDKStatCaches.noindex/macosx26.5-25F70-688ef53f1462e2c8f657fdc38a81448fee0e6409aa6676c5e6c013d148225433.sdkstatcache -output-file-map /Users/runner/work/red-pen-ios/red-pen-ios/ios/build/Build/Intermediates.noindex/LocalLLMClient.build/Debug/LocalLLMClientMacrosPlugin.build/Objects-normal/arm64/LocalLLMClientMacrosPlugin-OutputFileMap.json -use-frontend-parseable-output -save-temps -no-color-diagnostics -serialize-diagnostics -emit-dependencies -emit-module -emit-module-path /Users/runner/work/red-pen-ios/red-pen-ios/ios/build/Build/Intermediates.noindex/LocalLLMClient.build/Debug/LocalLLMClientMacrosPlugin.build/Objects-normal/arm64/LocalLLMClientMacrosPlugin.swiftmodule -validate-clang-modules-once -clang-build-session-file /Users/runner/work/red-pen-ios/red-pen-ios/ios/build/ModuleCache.noindex/Session.modulevalidation -package-name localllmclient -emit-const-values -Xfrontend -const-gather-protocols-file -Xfrontend /Users/runner/work/red-pen-ios/red-pen-ios/ios/build/Build/Intermediates.noindex/LocalLLMClient.build/Debug/LocalLLMClientMacrosPlugin.build/Objects-normal/arm64/LocalLLMClientMacrosPlugin_const_extract_protocols.json -Xcc -I/Users/runner/work/red-pen-ios/red-pen-ios/ios/build/Build/Products/Debug/include -Xcc -I/Users/runner/work/red-pen-ios/red-pen-ios/ios/build/Build/Intermediates.noindex/LocalLLMClient.build/Debug/LocalLLMClientMacrosPlugin.build/DerivedSources-normal/arm64 -Xcc -I/Users/runner/work/red-pen-ios/red-pen-ios/ios/build/Build/Intermediates.noindex/LocalLLMClient.build/Debug/LocalLLMClientMacrosPlugin.build/DerivedSources/arm64 -Xcc -I/Users/runner/work/red-pen-ios/red-pen-ios/ios/build/Build/Intermediates.noindex/LocalLLMClient.build/Debug/LocalLLMClientMacrosPlugin.build/DerivedSources -Xcc -DSWIFT_PACKAGE -Xcc -DDEBUG\=1 -working-directory /Users/runner/work/red-pen-ios/red-pen-ios/ios/RedPen.xcodeproj -experimental-emit-module-separately -disable-cmo

CompileC /Users/runner/work/red-pen-ios/red-pen-ios/ios/build/Build/Intermediates.noindex/LocalLLMClient.build/Debug-iphonesimulator/LocalLLMClientLlamaC.build/Objects-normal/arm64/regex-partial.o /Users/runner/work/red-pen-ios/red-pen-ios/ios/build/SourcePackages/checkouts/LocalLLMClient/Sources/LocalLLMClientLlamaC/common/regex-partial.cpp normal arm64 c++ com.apple.compilers.llvm.clang.1_0.compiler (in target 'LocalLLMClientLlamaC' from project 'LocalLLMClient')
    cd /Users/runner/work/red-pen-ios/red-pen-ios/ios/RedPen.xcodeproj
    
    Using response file: /Users/runner/work/red-pen-ios/red-pen-ios/ios/build/Build/Intermediates.noindex/LocalLLMClient.build/Debug-iphonesimulator/LocalLLMClientLlamaC.build/Objects-normal/arm64/82b82416624d2658e5098eb0a28c15c5-common-args.resp
    
    /Applications/Xcode_26.6.app/Contents/Developer/Toolchains/XcodeDefault.xctoolchain/usr/bin/clang -x c++ -ivfsstatcache /Users/runner/work/red-pen-ios/red-pen-ios/ios/build/SDKStatCaches.noindex/iphonesimulator26.5-23F81a-688ef53f1462e2c8f657fdc38a81448ff45c64a1807a658693f2a61704f17a36.sdkstatcache -target arm64-apple-ios17.0-simulator -fmessage-length\=0 -fdiagnostics-show-note-include-stack -fmacro-backtrace-limit\=0 -fno-color-diagnostics -fmodules-prune-interval\=86400 -fmodules-prune-after\=345600 -fbuild-session-file\=/Users/runner/work/red-pen-ios/red-pen-ios/ios/build/ModuleCache.noindex/Session.modulevalidation -fmodules-validate-once-per-build-session -Wnon-modular-include-in-framework-module -Werror\=non-modular-include-in-framework-module -Wno-trigraphs -Wno-missing-field-initializers -Wno-missing-prototypes -Wno-return-type -Wno-non-virtual-dtor -Wno-overloaded-virtual -Wno-exit-time-destructors -Wno-missing-braces -Wparentheses -Wswitch -Wno-unused-function -Wno-unused-label -Wno-unused-parameter -Wno-unused-variable -Wunused-value -Wno-empty-body -Wno-uninitialized -Wno-unknown-pragmas -w -Wno-shadow -Wno-four-char-constants -Wno-conversion -Wno-constant-conversion -Wno-int-conversion -Wno-bool-conversion -Wno-enum-conversion -Wno-float-conversion -Wno-non-literal-null-conversion -Wno-objc-literal-conversion -Wshorten-64-to-32 -Wno-newline-eof -Wno-c++11-extensions -Wno-implicit-fallthrough -isysroot /Applications/Xcode_26.6.app/Contents/Developer/Platforms/iPhoneSimulator.platform/Developer/SDKs/iPhoneSimulator26.5.sdk -fstrict-aliasing -Wdeprecated-declarations -Winvalid-offsetof -Wno-sign-conversion -Wno-infinite-recursion -Wno-move -Wno-comma -Wno-block-capture-autoreleasing -Wno-strict-prototypes -Wno-range-loop-analysis -Wno-semicolon-before-method-body -index-store-path /Users/runner/work/red-pen-ios/red-pen-ios/ios/build/Index.noindex/DataStore -w @/Users/runner/work/red-pen-ios/red-pen-ios/ios/build/Build/Intermediates.noindex/LocalLLMClient.build/Debug-iphonesimulator/LocalLLMClientLlamaC.build/Objects-normal/arm64/82b82416624d2658e5098eb0a28c15c5-common-args.resp -MMD -MT dependencies -MF /Users/runner/work/red-pen-ios/red-pen-ios/ios/build/Build/Intermediates.noindex/LocalLLMClient.build/Debug-iphonesimulator/LocalLLMClientLlamaC.build/Objects-normal/arm64/regex-partial.d --serialize-diagnostics /Users/runner/work/red-pen-ios/red-pen-ios/ios/build/Build/Intermediates.noindex/LocalLLMClient.build/Debug-iphonesimulator/LocalLLMClientLlamaC.build/Objects-normal/arm64/regex-partial.dia -c /Users/runner/work/red-pen-ios/red-pen-ios/ios/build/SourcePackages/checkouts/LocalLLMClient/Sources/LocalLLMClientLlamaC/common/regex-partial.cpp -o /Users/runner/work/red-pen-ios/red-pen-ios/ios/build/Build/Intermediates.noindex/LocalLLMClient.build/Debug-iphonesimulator/LocalLLMClientLlamaC.build/Objects-normal/arm64/regex-partial.o -index-unit-output-path /LocalLLMClient.build/Debug-iphonesimulator/LocalLLMClientLlamaC.build/Objects-normal/arm64/regex-partial.o

Copy /Users/runner/work/red-pen-ios/red-pen-ios/ios/build/Build/Products/Debug/LocalLLMClientMacrosPlugin.swiftmodule/arm64-apple-macos.swiftmodule /Users/runner/work/red-pen-ios/red-pen-ios/ios/build/Build/Intermediates.noindex/LocalLLMClient.build/Debug/LocalLLMClientMacrosPlugin.build/Objects-normal/arm64/LocalLLMClientMacrosPlugin.swiftmodule (in target 'LocalLLMClientMacrosPlugin' from project 'LocalLLMClient')
    cd /Users/runner/work/red-pen-ios/red-pen-ios/ios/build/SourcePackages/checkouts/LocalLLMClient
    builtin-copy -exclude .DS_Store -exclude CVS -exclude .svn -exclude .git -exclude .hg -resolve-src-symlinks -rename /Users/runner/work/red-pen-ios/red-pen-ios/ios/build/Build/Intermediates.noindex/LocalLLMClient.build/Debug/LocalLLMClientMacrosPlugin.build/Objects-normal/arm64/LocalLLMClientMacrosPlugin.swiftmodule /Users/runner/work/red-pen-ios/red-pen-ios/ios/build/Build/Products/Debug/LocalLLMClientMacrosPlugin.swiftmodule/arm64-apple-macos.swiftmodule

Copy /Users/runner/work/red-pen-ios/red-pen-ios/ios/build/Build/Products/Debug/LocalLLMClientMacrosPlugin.swiftmodule/arm64-apple-macos.swiftdoc /Users/runner/work/red-pen-ios/red-pen-ios/ios/build/Build/Intermediates.noindex/LocalLLMClient.build/Debug/LocalLLMClientMacrosPlugin.build/Objects-normal/arm64/LocalLLMClientMacrosPlugin.swiftdoc (in target 'LocalLLMClientMacrosPlugin' from project 'LocalLLMClient')
    cd /Users/runner/work/red-pen-ios/red-pen-ios/ios/build/SourcePackages/checkouts/LocalLLMClient
    builtin-copy -exclude .DS_Store -exclude CVS -exclude .svn -exclude .git -exclude .hg -resolve-src-symlinks -rename /Users/runner/work/red-pen-ios/red-pen-ios/ios/build/Build/Intermediates.noindex/LocalLLMClient.build/Debug/LocalLLMClientMacrosPlugin.build/Objects-normal/arm64/LocalLLMClientMacrosPlugin.swiftdoc /Users/runner/work/red-pen-ios/red-pen-ios/ios/build/Build/Products/Debug/LocalLLMClientMacrosPlugin.swiftmodule/arm64-apple-macos.swiftdoc

Copy /Users/runner/work/red-pen-ios/red-pen-ios/ios/build/Build/Products/Debug/LocalLLMClientMacrosPlugin.swiftmodule/arm64-apple-macos.abi.json /Users/runner/work/red-pen-ios/red-pen-ios/ios/build/Build/Intermediates.noindex/LocalLLMClient.build/Debug/LocalLLMClientMacrosPlugin.build/Objects-normal/arm64/LocalLLMClientMacrosPlugin.abi.json (in target 'LocalLLMClientMacrosPlugin' from project 'LocalLLMClient')
    cd /Users/runner/work/red-pen-ios/red-pen-ios/ios/build/SourcePackages/checkouts/LocalLLMClient
    builtin-copy -exclude .DS_Store -exclude CVS -exclude .svn -exclude .git -exclude .hg -resolve-src-symlinks -rename /Users/runner/work/red-pen-ios/red-pen-ios/ios/build/Build/Intermediates.noindex/LocalLLMClient.build/Debug/LocalLLMClientMacrosPlugin.build/Objects-normal/arm64/LocalLLMClientMacrosPlugin.abi.json /Users/runner/work/red-pen-ios/red-pen-ios/ios/build/Build/Products/Debug/LocalLLMClientMacrosPlugin.swiftmodule/arm64-apple-macos.abi.json

Copy /Users/runner/work/red-pen-ios/red-pen-ios/ios/build/Build/Products/Debug/LocalLLMClientMacrosPlugin.swiftmodule/Project/arm64-apple-macos.swiftsourceinfo /Users/runner/work/red-pen-ios/red-pen-ios/ios/build/Build/Intermediates.noindex/LocalLLMClient.build/Debug/LocalLLMClientMacrosPlugin.build/Objects-normal/arm64/LocalLLMClientMacrosPlugin.swiftsourceinfo (in target 'LocalLLMClientMacrosPlugin' from project 'LocalLLMClient')
    cd /Users/runner/work/red-pen-ios/red-pen-ios/ios/build/SourcePackages/checkouts/LocalLLMClient
    builtin-copy -exclude .DS_Store -exclude CVS -exclude .svn -exclude .git -exclude .hg -resolve-src-symlinks -rename /Users/runner/work/red-pen-ios/red-pen-ios/ios/build/Build/Intermediates.noindex/LocalLLMClient.build/Debug/LocalLLMClientMacrosPlugin.build/Objects-normal/arm64/LocalLLMClientMacrosPlugin.swiftsourceinfo /Users/runner/work/red-pen-ios/red-pen-ios/ios/build/Build/Products/Debug/LocalLLMClientMacrosPlugin.swiftmodule/Project/arm64-apple-macos.swiftsourceinfo

CompileC /Users/runner/work/red-pen-ios/red-pen-ios/ios/build/Build/Intermediates.noindex/LocalLLMClient.build/Debug-iphonesimulator/LocalLLMClientLlamaC.build/Objects-normal/arm64/reasoning-budget.o /Users/runner/work/red-pen-ios/red-pen-ios/ios/build/SourcePackages/checkouts/LocalLLMClient/Sources/LocalLLMClientLlamaC/common/reasoning-budget.cpp normal arm64 c++ com.apple.compilers.llvm.clang.1_0.compiler (in target 'LocalLLMClientLlamaC' from project 'LocalLLMClient')
    cd /Users/runner/work/red-pen-ios/red-pen-ios/ios/RedPen.xcodeproj
    
    Using response file: /Users/runner/work/red-pen-ios/red-pen-ios/ios/build/Build/Intermediates.noindex/LocalLLMClient.build/Debug-iphonesimulator/LocalLLMClientLlamaC.build/Objects-normal/arm64/82b82416624d2658e5098eb0a28c15c5-common-args.resp
    
    /Applications/Xcode_26.6.app/Contents/Developer/Toolchains/XcodeDefault.xctoolchain/usr/bin/clang -x c++ -ivfsstatcache /Users/runner/work/red-pen-ios/red-pen-ios/ios/build/SDKStatCaches.noindex/iphonesimulator26.5-23F81a-688ef53f1462e2c8f657fdc38a81448ff45c64a1807a658693f2a61704f17a36.sdkstatcache -target arm64-apple-ios17.0-simulator -fmessage-length\=0 -fdiagnostics-show-note-include-stack -fmacro-backtrace-limit\=0 -fno-color-diagnostics -fmodules-prune-interval\=86400 -fmodules-prune-after\=345600 -fbuild-session-file\=/Users/runner/work/red-pen-ios/red-pen-ios/ios/build/ModuleCache.noindex/Session.modulevalidation -fmodules-validate-once-per-build-session -Wnon-modular-include-in-framework-module -Werror\=non-modular-include-in-framework-module -Wno-trigraphs -Wno-missing-field-initializers -Wno-missing-prototypes -Wno-return-type -Wno-non-virtual-dtor -Wno-overloaded-virtual -Wno-exit-time-destructors -Wno-missing-braces -Wparentheses -Wswitch -Wno-unused-function -Wno-unused-label -Wno-unused-parameter -Wno-unused-variable -Wunused-value -Wno-empty-body -Wno-uninitialized -Wno-unknown-pragmas -w -Wno-shadow -Wno-four-char-constants -Wno-conversion -Wno-constant-conversion -Wno-int-conversion -Wno-bool-conversion -Wno-enum-conversion -Wno-float-conversion -Wno-non-literal-null-conversion -Wno-objc-literal-conversion -Wshorten-64-to-32 -Wno-newline-eof -Wno-c++11-extensions -Wno-implicit-fallthrough -isysroot /Applications/Xcode_26.6.app/Contents/Developer/Platforms/iPhoneSimulator.platform/Developer/SDKs/iPhoneSimulator26.5.sdk -fstrict-aliasing -Wdeprecated-declarations -Winvalid-offsetof -Wno-sign-conversion -Wno-infinite-recursion -Wno-move -Wno-comma -Wno-block-capture-autoreleasing -Wno-strict-prototypes -Wno-range-loop-analysis -Wno-semicolon-before-method-body -index-store-path /Users/runner/work/red-pen-ios/red-pen-ios/ios/build/Index.noindex/DataStore -w @/Users/runner/work/red-pen-ios/red-pen-ios/ios/build/Build/Intermediates.noindex/LocalLLMClient.build/Debug-iphonesimulator/LocalLLMClientLlamaC.build/Objects-normal/arm64/82b82416624d2658e5098eb0a28c15c5-common-args.resp -MMD -MT dependencies -MF /Users/runner/work/red-pen-ios/red-pen-ios/ios/build/Build/Intermediates.noindex/LocalLLMClient.build/Debug-iphonesimulator/LocalLLMClientLlamaC.build/Objects-normal/arm64/reasoning-budget.d --serialize-diagnostics /Users/runner/work/red-pen-ios/red-pen-ios/ios/build/Build/Intermediates.noindex/LocalLLMClient.build/Debug-iphonesimulator/LocalLLMClientLlamaC.build/Objects-normal/arm64/reasoning-budget.dia -c /Users/runner/work/red-pen-ios/red-pen-ios/ios/build/SourcePackages/checkouts/LocalLLMClient/Sources/LocalLLMClientLlamaC/common/reasoning-budget.cpp -o /Users/runner/work/red-pen-ios/red-pen-ios/ios/build/Build/Intermediates.noindex/LocalLLMClient.build/Debug-iphonesimulator/LocalLLMClientLlamaC.build/Objects-normal/arm64/reasoning-budget.o -index-unit-output-path /LocalLLMClient.build/Debug-iphonesimulator/LocalLLMClientLlamaC.build/Objects-normal/arm64/reasoning-budget.o

CompileC /Users/runner/work/red-pen-ios/red-pen-ios/ios/build/Build/Intermediates.noindex/LocalLLMClient.build/Debug-iphonesimulator/LocalLLMClientLlamaC.build/Objects-normal/arm64/qwen3vl.o /Users/runner/work/red-pen-ios/red-pen-ios/ios/build/SourcePackages/checkouts/LocalLLMClient/Sources/LocalLLMClientLlamaC/models/qwen3vl.cpp normal arm64 c++ com.apple.compilers.llvm.clang.1_0.compiler (in target 'LocalLLMClientLlamaC' from project 'LocalLLMClient')
    cd /Users/runner/work/red-pen-ios/red-pen-ios/ios/RedPen.xcodeproj
    
    Using response file: /Users/runner/work/red-pen-ios/red-pen-ios/ios/build/Build/Intermediates.noindex/LocalLLMClient.build/Debug-iphonesimulator/LocalLLMClientLlamaC.build/Objects-normal/arm64/82b82416624d2658e5098eb0a28c15c5-common-args.resp
    
    /Applications/Xcode_26.6.app/Contents/Developer/Toolchains/XcodeDefault.xctoolchain/usr/bin/clang -x c++ -ivfsstatcache /Users/runner/work/red-pen-ios/red-pen-ios/ios/build/SDKStatCaches.noindex/iphonesimulator26.5-23F81a-688ef53f1462e2c8f657fdc38a81448ff45c64a1807a658693f2a61704f17a36.sdkstatcache -target arm64-apple-ios17.0-simulator -fmessage-length\=0 -fdiagnostics-show-note-include-stack -fmacro-backtrace-limit\=0 -fno-color-diagnostics -fmodules-prune-interval\=86400 -fmodules-prune-after\=345600 -fbuild-session-file\=/Users/runner/work/red-pen-ios/red-pen-ios/ios/build/ModuleCache.noindex/Session.modulevalidation -fmodules-validate-once-per-build-session -Wnon-modular-include-in-framework-module -Werror\=non-modular-include-in-framework-module -Wno-trigraphs -Wno-missing-field-initializers -Wno-missing-prototypes -Wno-return-type -Wno-non-virtual-dtor -Wno-overloaded-virtual -Wno-exit-time-destructors -Wno-missing-braces -Wparentheses -Wswitch -Wno-unused-function -Wno-unused-label -Wno-unused-parameter -Wno-unused-variable -Wunused-value -Wno-empty-body -Wno-uninitialized -Wno-unknown-pragmas -w -Wno-shadow -Wno-four-char-constants -Wno-conversion -Wno-constant-conversion -Wno-int-conversion -Wno-bool-conversion -Wno-enum-conversion -Wno-float-conversion -Wno-non-literal-null-conversion -Wno-objc-literal-conversion -Wshorten-64-to-32 -Wno-newline-eof -Wno-c++11-extensions -Wno-implicit-fallthrough -isysroot /Applications/Xcode_26.6.app/Contents/Developer/Platforms/iPhoneSimulator.platform/Developer/SDKs/iPhoneSimulator26.5.sdk -fstrict-aliasing -Wdeprecated-declarations -Winvalid-offsetof -Wno-sign-conversion -Wno-infinite-recursion -Wno-move -Wno-comma -Wno-block-capture-autoreleasing -Wno-strict-prototypes -Wno-range-loop-analysis -Wno-semicolon-before-method-body -index-store-path /Users/runner/work/red-pen-ios/red-pen-ios/ios/build/Index.noindex/DataStore -w @/Users/runner/work/red-pen-ios/red-pen-ios/ios/build/Build/Intermediates.noindex/LocalLLMClient.build/Debug-iphonesimulator/LocalLLMClientLlamaC.build/Objects-normal/arm64/82b82416624d2658e5098eb0a28c15c5-common-args.resp -MMD -MT dependencies -MF /Users/runner/work/red-pen-ios/red-pen-ios/ios/build/Build/Intermediates.noindex/LocalLLMClient.build/Debug-iphonesimulator/LocalLLMClientLlamaC.build/Objects-normal/arm64/qwen3vl.d --serialize-diagnostics /Users/runner/work/red-pen-ios/red-pen-ios/ios/build/Build/Intermediates.noindex/LocalLLMClient.build/Debug-iphonesimulator/LocalLLMClientLlamaC.build/Objects-normal/arm64/qwen3vl.dia -c /Users/runner/work/red-pen-ios/red-pen-ios/ios/build/SourcePackages/checkouts/LocalLLMClient/Sources/LocalLLMClientLlamaC/models/qwen3vl.cpp -o /Users/runner/work/red-pen-ios/red-pen-ios/ios/build/Build/Intermediates.noindex/LocalLLMClient.build/Debug-iphonesimulator/LocalLLMClientLlamaC.build/Objects-normal/arm64/qwen3vl.o -index-unit-output-path /LocalLLMClient.build/Debug-iphonesimulator/LocalLLMClientLlamaC.build/Objects-normal/arm64/qwen3vl.o

CompileC /Users/runner/work/red-pen-ios/red-pen-ios/ios/build/Build/Intermediates.noindex/LocalLLMClient.build/Debug-iphonesimulator/LocalLLMClientLlamaC.build/Objects-normal/arm64/qwen3a.o /Users/runner/work/red-pen-ios/red-pen-ios/ios/build/SourcePackages/checkouts/LocalLLMClient/Sources/LocalLLMClientLlamaC/models/qwen3a.cpp normal arm64 c++ com.apple.compilers.llvm.clang.1_0.compiler (in target 'LocalLLMClientLlamaC' from project 'LocalLLMClient')
    cd /Users/runner/work/red-pen-ios/red-pen-ios/ios/RedPen.xcodeproj
    
    Using response file: /Users/runner/work/red-pen-ios/red-pen-ios/ios/build/Build/Intermediates.noindex/LocalLLMClient.build/Debug-iphonesimulator/LocalLLMClientLlamaC.build/Objects-normal/arm64/82b82416624d2658e5098eb0a28c15c5-common-args.resp
    
    /Applications/Xcode_26.6.app/Contents/Developer/Toolchains/XcodeDefault.xctoolchain/usr/bin/clang -x c++ -ivfsstatcache /Users/runner/work/red-pen-ios/red-pen-ios/ios/build/SDKStatCaches.noindex/iphonesimulator26.5-23F81a-688ef53f1462e2c8f657fdc38a81448ff45c64a1807a658693f2a61704f17a36.sdkstatcache -target arm64-apple-ios17.0-simulator -fmessage-length\=0 -fdiagnostics-show-note-include-stack -fmacro-backtrace-limit\=0 -fno-color-diagnostics -fmodules-prune-interval\=86400 -fmodules-prune-after\=345600 -fbuild-session-file\=/Users/runner/work/red-pen-ios/red-pen-ios/ios/build/ModuleCache.noindex/Session.modulevalidation -fmodules-validate-once-per-build-session -Wnon-modular-include-in-framework-module -Werror\=non-modular-include-in-framework-module -Wno-trigraphs -Wno-missing-field-initializers -Wno-missing-prototypes -Wno-return-type -Wno-non-virtual-dtor -Wno-overloaded-virtual -Wno-exit-time-destructors -Wno-missing-braces -Wparentheses -Wswitch -Wno-unused-function -Wno-unused-label -Wno-unused-parameter -Wno-unused-variable -Wunused-value -Wno-empty-body -Wno-uninitialized -Wno-unknown-pragmas -w -Wno-shadow -Wno-four-char-constants -Wno-conversion -Wno-constant-conversion -Wno-int-conversion -Wno-bool-conversion -Wno-enum-conversion -Wno-float-conversion -Wno-non-literal-null-conversion -Wno-objc-literal-conversion -Wshorten-64-to-32 -Wno-newline-eof -Wno-c++11-extensions -Wno-implicit-fallthrough -isysroot /Applications/Xcode_26.6.app/Contents/Developer/Platforms/iPhoneSimulator.platform/Developer/SDKs/iPhoneSimulator26.5.sdk -fstrict-aliasing -Wdeprecated-declarations -Winvalid-offsetof -Wno-sign-conversion -Wno-infinite-recursion -Wno-move -Wno-comma -Wno-block-capture-autoreleasing -Wno-strict-prototypes -Wno-range-loop-analysis -Wno-semicolon-before-method-body -index-store-path /Users/runner/work/red-pen-ios/red-pen-ios/ios/build/Index.noindex/DataStore -w @/Users/runner/work/red-pen-ios/red-pen-ios/ios/build/Build/Intermediates.noindex/LocalLLMClient.build/Debug-iphonesimulator/LocalLLMClientLlamaC.build/Objects-normal/arm64/82b82416624d2658e5098eb0a28c15c5-common-args.resp -MMD -MT dependencies -MF /Users/runner/work/red-pen-ios/red-pen-ios/ios/build/Build/Intermediates.noindex/LocalLLMClient.build/Debug-iphonesimulator/LocalLLMClientLlamaC.build/Objects-normal/arm64/qwen3a.d --serialize-diagnostics /Users/runner/work/red-pen-ios/red-pen-ios/ios/build/Build/Intermediates.noindex/LocalLLMClient.build/Debug-iphonesimulator/LocalLLMClientLlamaC.build/Objects-normal/arm64/qwen3a.dia -c /Users/runner/work/red-pen-ios/red-pen-ios/ios/build/SourcePackages/checkouts/LocalLLMClient/Sources/LocalLLMClientLlamaC/models/qwen3a.cpp -o /Users/runner/work/red-pen-ios/red-pen-ios/ios/build/Build/Intermediates.noindex/LocalLLMClient.build/Debug-iphonesimulator/LocalLLMClientLlamaC.build/Objects-normal/arm64/qwen3a.o -index-unit-output-path /LocalLLMClient.build/Debug-iphonesimulator/LocalLLMClientLlamaC.build/Objects-normal/arm64/qwen3a.o

CompileC /Users/runner/work/red-pen-ios/red-pen-ios/ios/build/Build/Intermediates.noindex/LocalLLMClient.build/Debug-iphonesimulator/LocalLLMClientLlamaC.build/Objects-normal/arm64/qwen2vl.o /Users/runner/work/red-pen-ios/red-pen-ios/ios/build/SourcePackages/checkouts/LocalLLMClient/Sources/LocalLLMClientLlamaC/models/qwen2vl.cpp normal arm64 c++ com.apple.compilers.llvm.clang.1_0.compiler (in target 'LocalLLMClientLlamaC' from project 'LocalLLMClient')
    cd /Users/runner/work/red-pen-ios/red-pen-ios/ios/RedPen.xcodeproj
    
    Using response file: /Users/runner/work/red-pen-ios/red-pen-ios/ios/build/Build/Intermediates.noindex/LocalLLMClient.build/Debug-iphonesimulator/LocalLLMClientLlamaC.build/Objects-normal/arm64/82b82416624d2658e5098eb0a28c15c5-common-args.resp
    
    /Applications/Xcode_26.6.app/Contents/Developer/Toolchains/XcodeDefault.xctoolchain/usr/bin/clang -x c++ -ivfsstatcache /Users/runner/work/red-pen-ios/red-pen-ios/ios/build/SDKStatCaches.noindex/iphonesimulator26.5-23F81a-688ef53f1462e2c8f657fdc38a81448ff45c64a1807a658693f2a61704f17a36.sdkstatcache -target arm64-apple-ios17.0-simulator -fmessage-length\=0 -fdiagnostics-show-note-include-stack -fmacro-backtrace-limit\=0 -fno-color-diagnostics -fmodules-prune-interval\=86400 -fmodules-prune-after\=345600 -fbuild-session-file\=/Users/runner/work/red-pen-ios/red-pen-ios/ios/build/ModuleCache.noindex/Session.modulevalidation -fmodules-validate-once-per-build-session -Wnon-modular-include-in-framework-module -Werror\=non-modular-include-in-framework-module -Wno-trigraphs -Wno-missing-field-initializers -Wno-missing-prototypes -Wno-return-type -Wno-non-virtual-dtor -Wno-overloaded-virtual -Wno-exit-time-destructors -Wno-missing-braces -Wparentheses -Wswitch -Wno-unused-function -Wno-unused-label -Wno-unused-parameter -Wno-unused-variable -Wunused-value -Wno-empty-body -Wno-uninitialized -Wno-unknown-pragmas -w -Wno-shadow -Wno-four-char-constants -Wno-conversion -Wno-constant-conversion -Wno-int-conversion -Wno-bool-conversion -Wno-enum-conversion -Wno-float-conversion -Wno-non-literal-null-conversion -Wno-objc-literal-conversion -Wshorten-64-to-32 -Wno-newline-eof -Wno-c++11-extensions -Wno-implicit-fallthrough -isysroot /Applications/Xcode_26.6.app/Contents/Developer/Platforms/iPhoneSimulator.platform/Developer/SDKs/iPhoneSimulator26.5.sdk -fstrict-aliasing -Wdeprecated-declarations -Winvalid-offsetof -Wno-sign-conversion -Wno-infinite-recursion -Wno-move -Wno-comma -Wno-block-capture-autoreleasing -Wno-strict-prototypes -Wno-range-loop-analysis -Wno-semicolon-before-method-body -index-store-path /Users/runner/work/red-pen-ios/red-pen-ios/ios/build/Index.noindex/DataStore -w @/Users/runner/work/red-pen-ios/red-pen-ios/ios/build/Build/Intermediates.noindex/LocalLLMClient.build/Debug-iphonesimulator/LocalLLMClientLlamaC.build/Objects-normal/arm64/82b82416624d2658e5098eb0a28c15c5-common-args.resp -MMD -MT dependencies -MF /Users/runner/work/red-pen-ios/red-pen-ios/ios/build/Build/Intermediates.noindex/LocalLLMClient.build/Debug-iphonesimulator/LocalLLMClientLlamaC.build/Objects-normal/arm64/qwen2vl.d --serialize-diagnostics /Users/runner/work/red-pen-ios/red-pen-ios/ios/build/Build/Intermediates.noindex/LocalLLMClient.build/Debug-iphonesimulator/LocalLLMClientLlamaC.build/Objects-normal/arm64/qwen2vl.dia -c /Users/runner/work/red-pen-ios/red-pen-ios/ios/build/SourcePackages/checkouts/LocalLLMClient/Sources/LocalLLMClientLlamaC/models/qwen2vl.cpp -o /Users/runner/work/red-pen-ios/red-pen-ios/ios/build/Build/Intermediates.noindex/LocalLLMClient.build/Debug-iphonesimulator/LocalLLMClientLlamaC.build/Objects-normal/arm64/qwen2vl.o -index-unit-output-path /LocalLLMClient.build/Debug-iphonesimulator/LocalLLMClientLlamaC.build/Objects-normal/arm64/qwen2vl.o

CompileC /Users/runner/work/red-pen-ios/red-pen-ios/ios/build/Build/Intermediates.noindex/LocalLLMClient.build/Debug-iphonesimulator/LocalLLMClientLlamaC.build/Objects-normal/arm64/pixtral.o /Users/runner/work/red-pen-ios/red-pen-ios/ios/build/SourcePackages/checkouts/LocalLLMClient/Sources/LocalLLMClientLlamaC/models/pixtral.cpp normal arm64 c++ com.apple.compilers.llvm.clang.1_0.compiler (in target 'LocalLLMClientLlamaC' from project 'LocalLLMClient')
    cd /Users/runner/work/red-pen-ios/red-pen-ios/ios/RedPen.xcodeproj
    
    Using response file: /Users/runner/work/red-pen-ios/red-pen-ios/ios/build/Build/Intermediates.noindex/LocalLLMClient.build/Debug-iphonesimulator/LocalLLMClientLlamaC.build/Objects-normal/arm64/82b82416624d2658e5098eb0a28c15c5-common-args.resp
    
    /Applications/Xcode_26.6.app/Contents/Developer/Toolchains/XcodeDefault.xctoolchain/usr/bin/clang -x c++ -ivfsstatcache /Users/runner/work/red-pen-ios/red-pen-ios/ios/build/SDKStatCaches.noindex/iphonesimulator26.5-23F81a-688ef53f1462e2c8f657fdc38a81448ff45c64a1807a658693f2a61704f17a36.sdkstatcache -target arm64-apple-ios17.0-simulator -fmessage-length\=0 -fdiagnostics-show-note-include-stack -fmacro-backtrace-limit\=0 -fno-color-diagnostics -fmodules-prune-interval\=86400 -fmodules-prune-after\=345600 -fbuild-session-file\=/Users/runner/work/red-pen-ios/red-pen-ios/ios/build/ModuleCache.noindex/Session.modulevalidation -fmodules-validate-once-per-build-session -Wnon-modular-include-in-framework-module -Werror\=non-modular-include-in-framework-module -Wno-trigraphs -Wno-missing-field-initializers -Wno-missing-prototypes -Wno-return-type -Wno-non-virtual-dtor -Wno-overloaded-virtual -Wno-exit-time-destructors -Wno-missing-braces -Wparentheses -Wswitch -Wno-unused-function -Wno-unused-label -Wno-unused-parameter -Wno-unused-variable -Wunused-value -Wno-empty-body -Wno-uninitialized -Wno-unknown-pragmas -w -Wno-shadow -Wno-four-char-constants -Wno-conversion -Wno-constant-conversion -Wno-int-conversion -Wno-bool-conversion -Wno-enum-conversion -Wno-float-conversion -Wno-non-literal-null-conversion -Wno-objc-literal-conversion -Wshorten-64-to-32 -Wno-newline-eof -Wno-c++11-extensions -Wno-implicit-fallthrough -isysroot /Applications/Xcode_26.6.app/Contents/Developer/Platforms/iPhoneSimulator.platform/Developer/SDKs/iPhoneSimulator26.5.sdk -fstrict-aliasing -Wdeprecated-declarations -Winvalid-offsetof -Wno-sign-conversion -Wno-infinite-recursion -Wno-move -Wno-comma -Wno-block-capture-autoreleasing -Wno-strict-prototypes -Wno-range-loop-analysis -Wno-semicolon-before-method-body -index-store-path /Users/runner/work/red-pen-ios/red-pen-ios/ios/build/Index.noindex/DataStore -w @/Users/runner/work/red-pen-ios/red-pen-ios/ios/build/Build/Intermediates.noindex/LocalLLMClient.build/Debug-iphonesimulator/LocalLLMClientLlamaC.build/Objects-normal/arm64/82b82416624d2658e5098eb0a28c15c5-common-args.resp -MMD -MT dependencies -MF /Users/runner/work/red-pen-ios/red-pen-ios/ios/build/Build/Intermediates.noindex/LocalLLMClient.build/Debug-iphonesimulator/LocalLLMClientLlamaC.build/Objects-normal/arm64/pixtral.d --serialize-diagnostics /Users/runner/work/red-pen-ios/red-pen-ios/ios/build/Build/Intermediates.noindex/LocalLLMClient.build/Debug-iphonesimulator/LocalLLMClientLlamaC.build/Objects-normal/arm64/pixtral.dia -c /Users/runner/work/red-pen-ios/red-pen-ios/ios/build/SourcePackages/checkouts/LocalLLMClient/Sources/LocalLLMClientLlamaC/models/pixtral.cpp -o /Users/runner/work/red-pen-ios/red-pen-ios/ios/build/Build/Intermediates.noindex/LocalLLMClient.build/Debug-iphonesimulator/LocalLLMClientLlamaC.build/Objects-normal/arm64/pixtral.o -index-unit-output-path /LocalLLMClient.build/Debug-iphonesimulator/LocalLLMClientLlamaC.build/Objects-normal/arm64/pixtral.o

CompileC /Users/runner/work/red-pen-ios/red-pen-ios/ios/build/Build/Intermediates.noindex/LocalLLMClient.build/Debug-iphonesimulator/LocalLLMClientLlamaC.build/Objects-normal/arm64/peg-parser.o /Users/runner/work/red-pen-ios/red-pen-ios/ios/build/SourcePackages/checkouts/LocalLLMClient/Sources/LocalLLMClientLlamaC/common/peg-parser.cpp normal arm64 c++ com.apple.compilers.llvm.clang.1_0.compiler (in target 'LocalLLMClientLlamaC' from project 'LocalLLMClient')
    cd /Users/runner/work/red-pen-ios/red-pen-ios/ios/RedPen.xcodeproj
    
    Using response file: /Users/runner/work/red-pen-ios/red-pen-ios/ios/build/Build/Intermediates.noindex/LocalLLMClient.build/Debug-iphonesimulator/LocalLLMClientLlamaC.build/Objects-normal/arm64/82b82416624d2658e5098eb0a28c15c5-common-args.resp
    
    /Applications/Xcode_26.6.app/Contents/Developer/Toolchains/XcodeDefault.xctoolchain/usr/bin/clang -x c++ -ivfsstatcache /Users/runner/work/red-pen-ios/red-pen-ios/ios/build/SDKStatCaches.noindex/iphonesimulator26.5-23F81a-688ef53f1462e2c8f657fdc38a81448ff45c64a1807a658693f2a61704f17a36.sdkstatcache -target arm64-apple-ios17.0-simulator -fmessage-length\=0 -fdiagnostics-show-note-include-stack -fmacro-backtrace-limit\=0 -fno-color-diagnostics -fmodules-prune-interval\=86400 -fmodules-prune-after\=345600 -fbuild-session-file\=/Users/runner/work/red-pen-ios/red-pen-ios/ios/build/ModuleCache.noindex/Session.modulevalidation -fmodules-validate-once-per-build-session -Wnon-modular-include-in-framework-module -Werror\=non-modular-include-in-framework-module -Wno-trigraphs -Wno-missing-field-initializers -Wno-missing-prototypes -Wno-return-type -Wno-non-virtual-dtor -Wno-overloaded-virtual -Wno-exit-time-destructors -Wno-missing-braces -Wparentheses -Wswitch -Wno-unused-function -Wno-unused-label -Wno-unused-parameter -Wno-unused-variable -Wunused-value -Wno-empty-body -Wno-uninitialized -Wno-unknown-pragmas -w -Wno-shadow -Wno-four-char-constants -Wno-conversion -Wno-constant-conversion -Wno-int-conversion -Wno-bool-conversion -Wno-enum-conversion -Wno-float-conversion -Wno-non-literal-null-conversion -Wno-objc-literal-conversion -Wshorten-64-to-32 -Wno-newline-eof -Wno-c++11-extensions -Wno-implicit-fallthrough -isysroot /Applications/Xcode_26.6.app/Contents/Developer/Platforms/iPhoneSimulator.platform/Developer/SDKs/iPhoneSimulator26.5.sdk -fstrict-aliasing -Wdeprecated-declarations -Winvalid-offsetof -Wno-sign-conversion -Wno-infinite-recursion -Wno-move -Wno-comma -Wno-block-capture-autoreleasing -Wno-strict-prototypes -Wno-range-loop-analysis -Wno-semicolon-before-method-body -index-store-path /Users/runner/work/red-pen-ios/red-pen-ios/ios/build/Index.noindex/DataStore -w @/Users/runner/work/red-pen-ios/red-pen-ios/ios/build/Build/Intermediates.noindex/LocalLLMClient.build/Debug-iphonesimulator/LocalLLMClientLlamaC.build/Objects-normal/arm64/82b82416624d2658e5098eb0a28c15c5-common-args.resp -MMD -MT dependencies -MF /Users/runner/work/red-pen-ios/red-pen-ios/ios/build/Build/Intermediates.noindex/LocalLLMClient.build/Debug-iphonesimulator/LocalLLMClientLlamaC.build/Objects-normal/arm64/peg-parser.d --serialize-diagnostics /Users/runner/work/red-pen-ios/red-pen-ios/ios/build/Build/Intermediates.noindex/LocalLLMClient.build/Debug-iphonesimulator/LocalLLMClientLlamaC.build/Objects-normal/arm64/peg-parser.dia -c /Users/runner/work/red-pen-ios/red-pen-ios/ios/build/SourcePackages/checkouts/LocalLLMClient/Sources/LocalLLMClientLlamaC/common/peg-parser.cpp -o /Users/runner/work/red-pen-ios/red-pen-ios/ios/build/Build/Intermediates.noindex/LocalLLMClient.build/Debug-iphonesimulator/LocalLLMClientLlamaC.build/Objects-normal/arm64/peg-parser.o -index-unit-output-path /LocalLLMClient.build/Debug-iphonesimulator/LocalLLMClientLlamaC.build/Objects-normal/arm64/peg-parser.o

CompileC /Users/runner/work/red-pen-ios/red-pen-ios/ios/build/Build/Intermediates.noindex/LocalLLMClient.build/Debug-iphonesimulator/LocalLLMClientLlamaC.build/Objects-normal/arm64/parser.o /Users/runner/work/red-pen-ios/red-pen-ios/ios/build/SourcePackages/checkouts/LocalLLMClient/Sources/LocalLLMClientLlamaC/include/jinja/parser.cpp normal arm64 c++ com.apple.compilers.llvm.clang.1_0.compiler (in target 'LocalLLMClientLlamaC' from project 'LocalLLMClient')
    cd /Users/runner/work/red-pen-ios/red-pen-ios/ios/RedPen.xcodeproj
    
    Using response file: /Users/runner/work/red-pen-ios/red-pen-ios/ios/build/Build/Intermediates.noindex/LocalLLMClient.build/Debug-iphonesimulator/LocalLLMClientLlamaC.build/Objects-normal/arm64/82b82416624d2658e5098eb0a28c15c5-common-args.resp
    
    /Applications/Xcode_26.6.app/Contents/Developer/Toolchains/XcodeDefault.xctoolchain/usr/bin/clang -x c++ -ivfsstatcache /Users/runner/work/red-pen-ios/red-pen-ios/ios/build/SDKStatCaches.noindex/iphonesimulator26.5-23F81a-688ef53f1462e2c8f657fdc38a81448ff45c64a1807a658693f2a61704f17a36.sdkstatcache -target arm64-apple-ios17.0-simulator -fmessage-length\=0 -fdiagnostics-show-note-include-stack -fmacro-backtrace-limit\=0 -fno-color-diagnostics -fmodules-prune-interval\=86400 -fmodules-prune-after\=345600 -fbuild-session-file\=/Users/runner/work/red-pen-ios/red-pen-ios/ios/build/ModuleCache.noindex/Session.modulevalidation -fmodules-validate-once-per-build-session -Wnon-modular-include-in-framework-module -Werror\=non-modular-include-in-framework-module -Wno-trigraphs -Wno-missing-field-initializers -Wno-missing-prototypes -Wno-return-type -Wno-non-virtual-dtor -Wno-overloaded-virtual -Wno-exit-time-destructors -Wno-missing-braces -Wparentheses -Wswitch -Wno-unused-function -Wno-unused-label -Wno-unused-parameter -Wno-unused-variable -Wunused-value -Wno-empty-body -Wno-uninitialized -Wno-unknown-pragmas -w -Wno-shadow -Wno-four-char-constants -Wno-conversion -Wno-constant-conversion -Wno-int-conversion -Wno-bool-conversion -Wno-enum-conversion -Wno-float-conversion -Wno-non-literal-null-conversion -Wno-objc-literal-conversion -Wshorten-64-to-32 -Wno-newline-eof -Wno-c++11-extensions -Wno-implicit-fallthrough -isysroot /Applications/Xcode_26.6.app/Contents/Developer/Platforms/iPhoneSimulator.platform/Developer/SDKs/iPhoneSimulator26.5.sdk -fstrict-aliasing -Wdeprecated-declarations -Winvalid-offsetof -Wno-sign-conversion -Wno-infinite-recursion -Wno-move -Wno-comma -Wno-block-capture-autoreleasing -Wno-strict-prototypes -Wno-range-loop-analysis -Wno-semicolon-before-method-body -index-store-path /Users/runner/work/red-pen-ios/red-pen-ios/ios/build/Index.noindex/DataStore -w @/Users/runner/work/red-pen-ios/red-pen-ios/ios/build/Build/Intermediates.noindex/LocalLLMClient.build/Debug-iphonesimulator/LocalLLMClientLlamaC.build/Objects-normal/arm64/82b82416624d2658e5098eb0a28c15c5-common-args.resp -MMD -MT dependencies -MF /Users/runner/work/red-pen-ios/red-pen-ios/ios/build/Build/Intermediates.noindex/LocalLLMClient.build/Debug-iphonesimulator/LocalLLMClientLlamaC.build/Objects-normal/arm64/parser.d --serialize-diagnostics /Users/runner/work/red-pen-ios/red-pen-ios/ios/build/Build/Intermediates.noindex/LocalLLMClient.build/Debug-iphonesimulator/LocalLLMClientLlamaC.build/Objects-normal/arm64/parser.dia -c /Users/runner/work/red-pen-ios/red-pen-ios/ios/build/SourcePackages/checkouts/LocalLLMClient/Sources/LocalLLMClientLlamaC/include/jinja/parser.cpp -o /Users/runner/work/red-pen-ios/red-pen-ios/ios/build/Build/Intermediates.noindex/LocalLLMClient.build/Debug-iphonesimulator/LocalLLMClientLlamaC.build/Objects-normal/arm64/parser.o -index-unit-output-path /LocalLLMClient.build/Debug-iphonesimulator/LocalLLMClientLlamaC.build/Objects-normal/arm64/parser.o

CompileC /Users/runner/work/red-pen-ios/red-pen-ios/ios/build/Build/Intermediates.noindex/LocalLLMClient.build/Debug-iphonesimulator/LocalLLMClientLlamaC.build/Objects-normal/arm64/paddleocr.o /Users/runner/work/red-pen-ios/red-pen-ios/ios/build/SourcePackages/checkouts/LocalLLMClient/Sources/LocalLLMClientLlamaC/models/paddleocr.cpp normal arm64 c++ com.apple.compilers.llvm.clang.1_0.compiler (in target 'LocalLLMClientLlamaC' from project 'LocalLLMClient')
    cd /Users/runner/work/red-pen-ios/red-pen-ios/ios/RedPen.xcodeproj
    
    Using response file: /Users/runner/work/red-pen-ios/red-pen-ios/ios/build/Build/Intermediates.noindex/LocalLLMClient.build/Debug-iphonesimulator/LocalLLMClientLlamaC.build/Objects-normal/arm64/82b82416624d2658e5098eb0a28c15c5-common-args.resp
    
    /Applications/Xcode_26.6.app/Contents/Developer/Toolchains/XcodeDefault.xctoolchain/usr/bin/clang -x c++ -ivfsstatcache /Users/runner/work/red-pen-ios/red-pen-ios/ios/build/SDKStatCaches.noindex/iphonesimulator26.5-23F81a-688ef53f1462e2c8f657fdc38a81448ff45c64a1807a658693f2a61704f17a36.sdkstatcache -target arm64-apple-ios17.0-simulator -fmessage-length\=0 -fdiagnostics-show-note-include-stack -fmacro-backtrace-limit\=0 -fno-color-diagnostics -fmodules-prune-interval\=86400 -fmodules-prune-after\=345600 -fbuild-session-file\=/Users/runner/work/red-pen-ios/red-pen-ios/ios/build/ModuleCache.noindex/Session.modulevalidation -fmodules-validate-once-per-build-session -Wnon-modular-include-in-framework-module -Werror\=non-modular-include-in-framework-module -Wno-trigraphs -Wno-missing-field-initializers -Wno-missing-prototypes -Wno-return-type -Wno-non-virtual-dtor -Wno-overloaded-virtual -Wno-exit-time-destructors -Wno-missing-braces -Wparentheses -Wswitch -Wno-unused-function -Wno-unused-label -Wno-unused-parameter -Wno-unused-variable -Wunused-value -Wno-empty-body -Wno-uninitialized -Wno-unknown-pragmas -w -Wno-shadow -Wno-four-char-constants -Wno-conversion -Wno-constant-conversion -Wno-int-conversion -Wno-bool-conversion -Wno-enum-conversion -Wno-float-conversion -Wno-non-literal-null-conversion -Wno-objc-literal-conversion -Wshorten-64-to-32 -Wno-newline-eof -Wno-c++11-extensions -Wno-implicit-fallthrough -isysroot /Applications/Xcode_26.6.app/Contents/Developer/Platforms/iPhoneSimulator.platform/Developer/SDKs/iPhoneSimulator26.5.sdk -fstrict-aliasing -Wdeprecated-declarations -Winvalid-offsetof -Wno-sign-conversion -Wno-infinite-recursion -Wno-move -Wno-comma -Wno-block-capture-autoreleasing -Wno-strict-prototypes -Wno-range-loop-analysis -Wno-semicolon-before-method-body -index-store-path /Users/runner/work/red-pen-ios/red-pen-ios/ios/build/Index.noindex/DataStore -w @/Users/runner/work/red-pen-ios/red-pen-ios/ios/build/Build/Intermediates.noindex/LocalLLMClient.build/Debug-iphonesimulator/LocalLLMClientLlamaC.build/Objects-normal/arm64/82b82416624d2658e5098eb0a28c15c5-common-args.resp -MMD -MT dependencies -MF /Users/runner/work/red-pen-ios/red-pen-ios/ios/build/Build/Intermediates.noindex/LocalLLMClient.build/Debug-iphonesimulator/LocalLLMClientLlamaC.build/Objects-normal/arm64/paddleocr.d --serialize-diagnostics /Users/runner/work/red-pen-ios/red-pen-ios/ios/build/Build/Intermediates.noindex/LocalLLMClient.build/Debug-iphonesimulator/LocalLLMClientLlamaC.build/Objects-normal/arm64/paddleocr.dia -c /Users/runner/work/red-pen-ios/red-pen-ios/ios/build/SourcePackages/checkouts/LocalLLMClient/Sources/LocalLLMClientLlamaC/models/paddleocr.cpp -o /Users/runner/work/red-pen-ios/red-pen-ios/ios/build/Build/Intermediates.noindex/LocalLLMClient.build/Debug-iphonesimulator/LocalLLMClientLlamaC.build/Objects-normal/arm64/paddleocr.o -index-unit-output-path /LocalLLMClient.build/Debug-iphonesimulator/LocalLLMClientLlamaC.build/Objects-normal/arm64/paddleocr.o

CompileC /Users/runner/work/red-pen-ios/red-pen-ios/ios/build/Build/Intermediates.noindex/LocalLLMClient.build/Debug-iphonesimulator/LocalLLMClientLlamaC.build/Objects-normal/arm64/nemotron-v2-vl.o /Users/runner/work/red-pen-ios/red-pen-ios/ios/build/SourcePackages/checkouts/LocalLLMClient/Sources/LocalLLMClientLlamaC/models/nemotron-v2-vl.cpp normal arm64 c++ com.apple.compilers.llvm.clang.1_0.compiler (in target 'LocalLLMClientLlamaC' from project 'LocalLLMClient')
    cd /Users/runner/work/red-pen-ios/red-pen-ios/ios/RedPen.xcodeproj
    
    Using response file: /Users/runner/work/red-pen-ios/red-pen-ios/ios/build/Build/Intermediates.noindex/LocalLLMClient.build/Debug-iphonesimulator/LocalLLMClientLlamaC.build/Objects-normal/arm64/82b82416624d2658e5098eb0a28c15c5-common-args.resp
    
    /Applications/Xcode_26.6.app/Contents/Developer/Toolchains/XcodeDefault.xctoolchain/usr/bin/clang -x c++ -ivfsstatcache /Users/runner/work/red-pen-ios/red-pen-ios/ios/build/SDKStatCaches.noindex/iphonesimulator26.5-23F81a-688ef53f1462e2c8f657fdc38a81448ff45c64a1807a658693f2a61704f17a36.sdkstatcache -target arm64-apple-ios17.0-simulator -fmessage-length\=0 -fdiagnostics-show-note-include-stack -fmacro-backtrace-limit\=0 -fno-color-diagnostics -fmodules-prune-interval\=86400 -fmodules-prune-after\=345600 -fbuild-session-file\=/Users/runner/work/red-pen-ios/red-pen-ios/ios/build/ModuleCache.noindex/Session.modulevalidation -fmodules-validate-once-per-build-session -Wnon-modular-include-in-framework-module -Werror\=non-modular-include-in-framework-module -Wno-trigraphs -Wno-missing-field-initializers -Wno-missing-prototypes -Wno-return-type -Wno-non-virtual-dtor -Wno-overloaded-virtual -Wno-exit-time-destructors -Wno-missing-braces -Wparentheses -Wswitch -Wno-unused-function -Wno-unused-label -Wno-unused-parameter -Wno-unused-variable -Wunused-value -Wno-empty-body -Wno-uninitialized -Wno-unknown-pragmas -w -Wno-shadow -Wno-four-char-constants -Wno-conversion -Wno-constant-conversion -Wno-int-conversion -Wno-bool-conversion -Wno-enum-conversion -Wno-float-conversion -Wno-non-literal-null-conversion -Wno-objc-literal-conversion -Wshorten-64-to-32 -Wno-newline-eof -Wno-c++11-extensions -Wno-implicit-fallthrough -isysroot /Applications/Xcode_26.6.app/Contents/Developer/Platforms/iPhoneSimulator.platform/Developer/SDKs/iPhoneSimulator26.5.sdk -fstrict-aliasing -Wdeprecated-declarations -Winvalid-offsetof -Wno-sign-conversion -Wno-infinite-recursion -Wno-move -Wno-comma -Wno-block-capture-autoreleasing -Wno-strict-prototypes -Wno-range-loop-analysis -Wno-semicolon-before-method-body -index-store-path /Users/runner/work/red-pen-ios/red-pen-ios/ios/build/Index.noindex/DataStore -w @/Users/runner/work/red-pen-ios/red-pen-ios/ios/build/Build/Intermediates.noindex/LocalLLMClient.build/Debug-iphonesimulator/LocalLLMClientLlamaC.build/Objects-normal/arm64/82b82416624d2658e5098eb0a28c15c5-common-args.resp -MMD -MT dependencies -MF /Users/runner/work/red-pen-ios/red-pen-ios/ios/build/Build/Intermediates.noindex/LocalLLMClient.build/Debug-iphonesimulator/LocalLLMClientLlamaC.build/Objects-normal/arm64/nemotron-v2-vl.d --serialize-diagnostics /Users/runner/work/red-pen-ios/red-pen-ios/ios/build/Build/Intermediates.noindex/LocalLLMClient.build/Debug-iphonesimulator/LocalLLMClientLlamaC.build/Objects-normal/arm64/nemotron-v2-vl.dia -c /Users/runner/work/red-pen-ios/red-pen-ios/ios/build/SourcePackages/checkouts/LocalLLMClient/Sources/LocalLLMClientLlamaC/models/nemotron-v2-vl.cpp -o /Users/runner/work/red-pen-ios/red-pen-ios/ios/build/Build/Intermediates.noindex/LocalLLMClient.build/Debug-iphonesimulator/LocalLLMClientLlamaC.build/Objects-normal/arm64/nemotron-v2-vl.o -index-unit-output-path /LocalLLMClient.build/Debug-iphonesimulator/LocalLLMClientLlamaC.build/Objects-normal/arm64/nemotron-v2-vl.o

CompileC /Users/runner/work/red-pen-ios/red-pen-ios/ios/build/Build/Intermediates.noindex/LocalLLMClient.build/Debug-iphonesimulator/LocalLLMClientLlamaC.build/Objects-normal/arm64/mtmd.o /Users/runner/work/red-pen-ios/red-pen-ios/ios/build/SourcePackages/checkouts/LocalLLMClient/Sources/LocalLLMClientLlamaC/mtmd.cpp normal arm64 c++ com.apple.compilers.llvm.clang.1_0.compiler (in target 'LocalLLMClientLlamaC' from project 'LocalLLMClient')
    cd /Users/runner/work/red-pen-ios/red-pen-ios/ios/RedPen.xcodeproj
    
    Using response file: /Users/runner/work/red-pen-ios/red-pen-ios/ios/build/Build/Intermediates.noindex/LocalLLMClient.build/Debug-iphonesimulator/LocalLLMClientLlamaC.build/Objects-normal/arm64/82b82416624d2658e5098eb0a28c15c5-common-args.resp
    
    /Applications/Xcode_26.6.app/Contents/Developer/Toolchains/XcodeDefault.xctoolchain/usr/bin/clang -x c++ -ivfsstatcache /Users/runner/work/red-pen-ios/red-pen-ios/ios/build/SDKStatCaches.noindex/iphonesimulator26.5-23F81a-688ef53f1462e2c8f657fdc38a81448ff45c64a1807a658693f2a61704f17a36.sdkstatcache -target arm64-apple-ios17.0-simulator -fmessage-length\=0 -fdiagnostics-show-note-include-stack -fmacro-backtrace-limit\=0 -fno-color-diagnostics -fmodules-prune-interval\=86400 -fmodules-prune-after\=345600 -fbuild-session-file\=/Users/runner/work/red-pen-ios/red-pen-ios/ios/build/ModuleCache.noindex/Session.modulevalidation -fmodules-validate-once-per-build-session -Wnon-modular-include-in-framework-module -Werror\=non-modular-include-in-framework-module -Wno-trigraphs -Wno-missing-field-initializers -Wno-missing-prototypes -Wno-return-type -Wno-non-virtual-dtor -Wno-overloaded-virtual -Wno-exit-time-destructors -Wno-missing-braces -Wparentheses -Wswitch -Wno-unused-function -Wno-unused-label -Wno-unused-parameter -Wno-unused-variable -Wunused-value -Wno-empty-body -Wno-uninitialized -Wno-unknown-pragmas -w -Wno-shadow -Wno-four-char-constants -Wno-conversion -Wno-constant-conversion -Wno-int-conversion -Wno-bool-conversion -Wno-enum-conversion -Wno-float-conversion -Wno-non-literal-null-conversion -Wno-objc-literal-conversion -Wshorten-64-to-32 -Wno-newline-eof -Wno-c++11-extensions -Wno-implicit-fallthrough -isysroot /Applications/Xcode_26.6.app/Contents/Developer/Platforms/iPhoneSimulator.platform/Developer/SDKs/iPhoneSimulator26.5.sdk -fstrict-aliasing -Wdeprecated-declarations -Winvalid-offsetof -Wno-sign-conversion -Wno-infinite-recursion -Wno-move -Wno-comma -Wno-block-capture-autoreleasing -Wno-strict-prototypes -Wno-range-loop-analysis -Wno-semicolon-before-method-body -index-store-path /Users/runner/work/red-pen-ios/red-pen-ios/ios/build/Index.noindex/DataStore -w @/Users/runner/work/red-pen-ios/red-pen-ios/ios/build/Build/Intermediates.noindex/LocalLLMClient.build/Debug-iphonesimulator/LocalLLMClientLlamaC.build/Objects-normal/arm64/82b82416624d2658e5098eb0a28c15c5-common-args.resp -MMD -MT dependencies -MF /Users/runner/work/red-pen-ios/red-pen-ios/ios/build/Build/Intermediates.noindex/LocalLLMClient.build/Debug-iphonesimulator/LocalLLMClientLlamaC.build/Objects-normal/arm64/mtmd.d --serialize-diagnostics /Users/runner/work/red-pen-ios/red-pen-ios/ios/build/Build/Intermediates.noindex/LocalLLMClient.build/Debug-iphonesimulator/LocalLLMClientLlamaC.build/Objects-normal/arm64/mtmd.dia -c /Users/runner/work/red-pen-ios/red-pen-ios/ios/build/SourcePackages/checkouts/LocalLLMClient/Sources/LocalLLMClientLlamaC/mtmd.cpp -o /Users/runner/work/red-pen-ios/red-pen-ios/ios/build/Build/Intermediates.noindex/LocalLLMClient.build/Debug-iphonesimulator/LocalLLMClientLlamaC.build/Objects-normal/arm64/mtmd.o -index-unit-output-path /LocalLLMClient.build/Debug-iphonesimulator/LocalLLMClientLlamaC.build/Objects-normal/arm64/mtmd.o

CompileC /Users/runner/work/red-pen-ios/red-pen-ios/ios/build/Build/Intermediates.noindex/LocalLLMClient.build/Debug-iphonesimulator/LocalLLMClientLlamaC.build/Objects-normal/arm64/mtmd-image.o /Users/runner/work/red-pen-ios/red-pen-ios/ios/build/SourcePackages/checkouts/LocalLLMClient/Sources/LocalLLMClientLlamaC/mtmd-image.cpp normal arm64 c++ com.apple.compilers.llvm.clang.1_0.compiler (in target 'LocalLLMClientLlamaC' from project 'LocalLLMClient')
    cd /Users/runner/work/red-pen-ios/red-pen-ios/ios/RedPen.xcodeproj
    
    Using response file: /Users/runner/work/red-pen-ios/red-pen-ios/ios/build/Build/Intermediates.noindex/LocalLLMClient.build/Debug-iphonesimulator/LocalLLMClientLlamaC.build/Objects-normal/arm64/82b82416624d2658e5098eb0a28c15c5-common-args.resp
    
    /Applications/Xcode_26.6.app/Contents/Developer/Toolchains/XcodeDefault.xctoolchain/usr/bin/clang -x c++ -ivfsstatcache /Users/runner/work/red-pen-ios/red-pen-ios/ios/build/SDKStatCaches.noindex/iphonesimulator26.5-23F81a-688ef53f1462e2c8f657fdc38a81448ff45c64a1807a658693f2a61704f17a36.sdkstatcache -target arm64-apple-ios17.0-simulator -fmessage-length\=0 -fdiagnostics-show-note-include-stack -fmacro-backtrace-limit\=0 -fno-color-diagnostics -fmodules-prune-interval\=86400 -fmodules-prune-after\=345600 -fbuild-session-file\=/Users/runner/work/red-pen-ios/red-pen-ios/ios/build/ModuleCache.noindex/Session.modulevalidation -fmodules-validate-once-per-build-session -Wnon-modular-include-in-framework-module -Werror\=non-modular-include-in-framework-module -Wno-trigraphs -Wno-missing-field-initializers -Wno-missing-prototypes -Wno-return-type -Wno-non-virtual-dtor -Wno-overloaded-virtual -Wno-exit-time-destructors -Wno-missing-braces -Wparentheses -Wswitch -Wno-unused-function -Wno-unused-label -Wno-unused-parameter -Wno-unused-variable -Wunused-value -Wno-empty-body -Wno-uninitialized -Wno-unknown-pragmas -w -Wno-shadow -Wno-four-char-constants -Wno-conversion -Wno-constant-conversion -Wno-int-conversion -Wno-bool-conversion -Wno-enum-conversion -Wno-float-conversion -Wno-non-literal-null-conversion -Wno-objc-literal-conversion -Wshorten-64-to-32 -Wno-newline-eof -Wno-c++11-extensions -Wno-implicit-fallthrough -isysroot /Applications/Xcode_26.6.app/Contents/Developer/Platforms/iPhoneSimulator.platform/Developer/SDKs/iPhoneSimulator26.5.sdk -fstrict-aliasing -Wdeprecated-declarations -Winvalid-offsetof -Wno-sign-conversion -Wno-infinite-recursion -Wno-move -Wno-comma -Wno-block-capture-autoreleasing -Wno-strict-prototypes -Wno-range-loop-analysis -Wno-semicolon-before-method-body -index-store-path /Users/runner/work/red-pen-ios/red-pen-ios/ios/build/Index.noindex/DataStore -w @/Users/runner/work/red-pen-ios/red-pen-ios/ios/build/Build/Intermediates.noindex/LocalLLMClient.build/Debug-iphonesimulator/LocalLLMClientLlamaC.build/Objects-normal/arm64/82b82416624d2658e5098eb0a28c15c5-common-args.resp -MMD -MT dependencies -MF /Users/runner/work/red-pen-ios/red-pen-ios/ios/build/Build/Intermediates.noindex/LocalLLMClient.build/Debug-iphonesimulator/LocalLLMClientLlamaC.build/Objects-normal/arm64/mtmd-image.d --serialize-diagnostics /Users/runner/work/red-pen-ios/red-pen-ios/ios/build/Build/Intermediates.noindex/LocalLLMClient.build/Debug-iphonesimulator/LocalLLMClientLlamaC.build/Objects-normal/arm64/mtmd-image.dia -c /Users/runner/work/red-pen-ios/red-pen-ios/ios/build/SourcePackages/checkouts/LocalLLMClient/Sources/LocalLLMClientLlamaC/mtmd-image.cpp -o /Users/runner/work/red-pen-ios/red-pen-ios/ios/build/Build/Intermediates.noindex/LocalLLMClient.build/Debug-iphonesimulator/LocalLLMClientLlamaC.build/Objects-normal/arm64/mtmd-image.o -index-unit-output-path /LocalLLMClient.build/Debug-iphonesimulator/LocalLLMClientLlamaC.build/Objects-normal/arm64/mtmd-image.o

CompileC /Users/runner/work/red-pen-ios/red-pen-ios/ios/build/Build/Intermediates.noindex/LocalLLMClient.build/Debug-iphonesimulator/LocalLLMClientLlamaC.build/Objects-normal/arm64/mtmd-helper.o /Users/runner/work/red-pen-ios/red-pen-ios/ios/build/SourcePackages/checkouts/LocalLLMClient/Sources/LocalLLMClientLlamaC/mtmd-helper.cpp normal arm64 c++ com.apple.compilers.llvm.clang.1_0.compiler (in target 'LocalLLMClientLlamaC' from project 'LocalLLMClient')
    cd /Users/runner/work/red-pen-ios/red-pen-ios/ios/RedPen.xcodeproj
    
    Using response file: /Users/runner/work/red-pen-ios/red-pen-ios/ios/build/Build/Intermediates.noindex/LocalLLMClient.build/Debug-iphonesimulator/LocalLLMClientLlamaC.build/Objects-normal/arm64/82b82416624d2658e5098eb0a28c15c5-common-args.resp
    
    /Applications/Xcode_26.6.app/Contents/Developer/Toolchains/XcodeDefault.xctoolchain/usr/bin/clang -x c++ -ivfsstatcache /Users/runner/work/red-pen-ios/red-pen-ios/ios/build/SDKStatCaches.noindex/iphonesimulator26.5-23F81a-688ef53f1462e2c8f657fdc38a81448ff45c64a1807a658693f2a61704f17a36.sdkstatcache -target arm64-apple-ios17.0-simulator -fmessage-length\=0 -fdiagnostics-show-note-include-stack -fmacro-backtrace-limit\=0 -fno-color-diagnostics -fmodules-prune-interval\=86400 -fmodules-prune-after\=345600 -fbuild-session-file\=/Users/runner/work/red-pen-ios/red-pen-ios/ios/build/ModuleCache.noindex/Session.modulevalidation -fmodules-validate-once-per-build-session -Wnon-modular-include-in-framework-module -Werror\=non-modular-include-in-framework-module -Wno-trigraphs -Wno-missing-field-initializers -Wno-missing-prototypes -Wno-return-type -Wno-non-virtual-dtor -Wno-overloaded-virtual -Wno-exit-time-destructors -Wno-missing-braces -Wparentheses -Wswitch -Wno-unused-function -Wno-unused-label -Wno-unused-parameter -Wno-unused-variable -Wunused-value -Wno-empty-body -Wno-uninitialized -Wno-unknown-pragmas -w -Wno-shadow -Wno-four-char-constants -Wno-conversion -Wno-constant-conversion -Wno-int-conversion -Wno-bool-conversion -Wno-enum-conversion -Wno-float-conversion -Wno-non-literal-null-conversion -Wno-objc-literal-conversion -Wshorten-64-to-32 -Wno-newline-eof -Wno-c++11-extensions -Wno-implicit-fallthrough -isysroot /Applications/Xcode_26.6.app/Contents/Developer/Platforms/iPhoneSimulator.platform/Developer/SDKs/iPhoneSimulator26.5.sdk -fstrict-aliasing -Wdeprecated-declarations -Winvalid-offsetof -Wno-sign-conversion -Wno-infinite-recursion -Wno-move -Wno-comma -Wno-block-capture-autoreleasing -Wno-strict-prototypes -Wno-range-loop-analysis -Wno-semicolon-before-method-body -index-store-path /Users/runner/work/red-pen-ios/red-pen-ios/ios/build/Index.noindex/DataStore -w @/Users/runner/work/red-pen-ios/red-pen-ios/ios/build/Build/Intermediates.noindex/LocalLLMClient.build/Debug-iphonesimulator/LocalLLMClientLlamaC.build/Objects-normal/arm64/82b82416624d2658e5098eb0a28c15c5-common-args.resp -MMD -MT dependencies -MF /Users/runner/work/red-pen-ios/red-pen-ios/ios/build/Build/Intermediates.noindex/LocalLLMClient.build/Debug-iphonesimulator/LocalLLMClientLlamaC.build/Objects-normal/arm64/mtmd-helper.d --serialize-diagnostics /Users/runner/work/red-pen-ios/red-pen-ios/ios/build/Build/Intermediates.noindex/LocalLLMClient.build/Debug-iphonesimulator/LocalLLMClientLlamaC.build/Objects-normal/arm64/mtmd-helper.dia -c /Users/runner/work/red-pen-ios/red-pen-ios/ios/build/SourcePackages/checkouts/LocalLLMClient/Sources/LocalLLMClientLlamaC/mtmd-helper.cpp -o /Users/runner/work/red-pen-ios/red-pen-ios/ios/build/Build/Intermediates.noindex/LocalLLMClient.build/Debug-iphonesimulator/LocalLLMClientLlamaC.build/Objects-normal/arm64/mtmd-helper.o -index-unit-output-path /LocalLLMClient.build/Debug-iphonesimulator/LocalLLMClientLlamaC.build/Objects-normal/arm64/mtmd-helper.o

CompileC /Users/runner/work/red-pen-ios/red-pen-ios/ios/build/Build/Intermediates.noindex/LocalLLMClient.build/Debug-iphonesimulator/LocalLLMClientLlamaC.build/Objects-normal/arm64/mtmd-audio.o /Users/runner/work/red-pen-ios/red-pen-ios/ios/build/SourcePackages/checkouts/LocalLLMClient/Sources/LocalLLMClientLlamaC/mtmd-audio.cpp normal arm64 c++ com.apple.compilers.llvm.clang.1_0.compiler (in target 'LocalLLMClientLlamaC' from project 'LocalLLMClient')
    cd /Users/runner/work/red-pen-ios/red-pen-ios/ios/RedPen.xcodeproj
    
    Using response file: /Users/runner/work/red-pen-ios/red-pen-ios/ios/build/Build/Intermediates.noindex/LocalLLMClient.build/Debug-iphonesimulator/LocalLLMClientLlamaC.build/Objects-normal/arm64/82b82416624d2658e5098eb0a28c15c5-common-args.resp
    
    /Applications/Xcode_26.6.app/Contents/Developer/Toolchains/XcodeDefault.xctoolchain/usr/bin/clang -x c++ -ivfsstatcache /Users/runner/work/red-pen-ios/red-pen-ios/ios/build/SDKStatCaches.noindex/iphonesimulator26.5-23F81a-688ef53f1462e2c8f657fdc38a81448ff45c64a1807a658693f2a61704f17a36.sdkstatcache -target arm64-apple-ios17.0-simulator -fmessage-length\=0 -fdiagnostics-show-note-include-stack -fmacro-backtrace-limit\=0 -fno-color-diagnostics -fmodules-prune-interval\=86400 -fmodules-prune-after\=345600 -fbuild-session-file\=/Users/runner/work/red-pen-ios/red-pen-ios/ios/build/ModuleCache.noindex/Session.modulevalidation -fmodules-validate-once-per-build-session -Wnon-modular-include-in-framework-module -Werror\=non-modular-include-in-framework-module -Wno-trigraphs -Wno-missing-field-initializers -Wno-missing-prototypes -Wno-return-type -Wno-non-virtual-dtor -Wno-overloaded-virtual -Wno-exit-time-destructors -Wno-missing-braces -Wparentheses -Wswitch -Wno-unused-function -Wno-unused-label -Wno-unused-parameter -Wno-unused-variable -Wunused-value -Wno-empty-body -Wno-uninitialized -Wno-unknown-pragmas -w -Wno-shadow -Wno-four-char-constants -Wno-conversion -Wno-constant-conversion -Wno-int-conversion -Wno-bool-conversion -Wno-enum-conversion -Wno-float-conversion -Wno-non-literal-null-conversion -Wno-objc-literal-conversion -Wshorten-64-to-32 -Wno-newline-eof -Wno-c++11-extensions -Wno-implicit-fallthrough -isysroot /Applications/Xcode_26.6.app/Contents/Developer/Platforms/iPhoneSimulator.platform/Developer/SDKs/iPhoneSimulator26.5.sdk -fstrict-aliasing -Wdeprecated-declarations -Winvalid-offsetof -Wno-sign-conversion -Wno-infinite-recursion -Wno-move -Wno-comma -Wno-block-capture-autoreleasing -Wno-strict-prototypes -Wno-range-loop-analysis -Wno-semicolon-before-method-body -index-store-path /Users/runner/work/red-pen-ios/red-pen-ios/ios/build/Index.noindex/DataStore -w @/Users/runner/work/red-pen-ios/red-pen-ios/ios/build/Build/Intermediates.noindex/LocalLLMClient.build/Debug-iphonesimulator/LocalLLMClientLlamaC.build/Objects-normal/arm64/82b82416624d2658e5098eb0a28c15c5-common-args.resp -MMD -MT dependencies -MF /Users/runner/work/red-pen-ios/red-pen-ios/ios/build/Build/Intermediates.noindex/LocalLLMClient.build/Debug-iphonesimulator/LocalLLMClientLlamaC.build/Objects-normal/arm64/mtmd-audio.d --serialize-diagnostics /Users/runner/work/red-pen-ios/red-pen-ios/ios/build/Build/Intermediates.noindex/LocalLLMClient.build/Debug-iphonesimulator/LocalLLMClientLlamaC.build/Objects-normal/arm64/mtmd-audio.dia -c /Users/runner/work/red-pen-ios/red-pen-ios/ios/build/SourcePackages/checkouts/LocalLLMClient/Sources/LocalLLMClientLlamaC/mtmd-audio.cpp -o /Users/runner/work/red-pen-ios/red-pen-ios/ios/build/Build/Intermediates.noindex/LocalLLMClient.build/Debug-iphonesimulator/LocalLLMClientLlamaC.build/Objects-normal/arm64/mtmd-audio.o -index-unit-output-path /LocalLLMClient.build/Debug-iphonesimulator/LocalLLMClientLlamaC.build/Objects-normal/arm64/mtmd-audio.o

CompileC /Users/runner/work/red-pen-ios/red-pen-ios/ios/build/Build/Intermediates.noindex/LocalLLMClient.build/Debug-iphonesimulator/LocalLLMClientLlamaC.build/Objects-normal/arm64/mobilenetv5.o /Users/runner/work/red-pen-ios/red-pen-ios/ios/build/SourcePackages/checkouts/LocalLLMClient/Sources/LocalLLMClientLlamaC/models/mobilenetv5.cpp normal arm64 c++ com.apple.compilers.llvm.clang.1_0.compiler (in target 'LocalLLMClientLlamaC' from project 'LocalLLMClient')
    cd /Users/runner/work/red-pen-ios/red-pen-ios/ios/RedPen.xcodeproj
    
    Using response file: /Users/runner/work/red-pen-ios/red-pen-ios/ios/build/Build/Intermediates.noindex/LocalLLMClient.build/Debug-iphonesimulator/LocalLLMClientLlamaC.build/Objects-normal/arm64/82b82416624d2658e5098eb0a28c15c5-common-args.resp
    
    /Applications/Xcode_26.6.app/Contents/Developer/Toolchains/XcodeDefault.xctoolchain/usr/bin/clang -x c++ -ivfsstatcache /Users/runner/work/red-pen-ios/red-pen-ios/ios/build/SDKStatCaches.noindex/iphonesimulator26.5-23F81a-688ef53f1462e2c8f657fdc38a81448ff45c64a1807a658693f2a61704f17a36.sdkstatcache -target arm64-apple-ios17.0-simulator -fmessage-length\=0 -fdiagnostics-show-note-include-stack -fmacro-backtrace-limit\=0 -fno-color-diagnostics -fmodules-prune-interval\=86400 -fmodules-prune-after\=345600 -fbuild-session-file\=/Users/runner/work/red-pen-ios/red-pen-ios/ios/build/ModuleCache.noindex/Session.modulevalidation -fmodules-validate-once-per-build-session -Wnon-modular-include-in-framework-module -Werror\=non-modular-include-in-framework-module -Wno-trigraphs -Wno-missing-field-initializers -Wno-missing-prototypes -Wno-return-type -Wno-non-virtual-dtor -Wno-overloaded-virtual -Wno-exit-time-destructors -Wno-missing-braces -Wparentheses -Wswitch -Wno-unused-function -Wno-unused-label -Wno-unused-parameter -Wno-unused-variable -Wunused-value -Wno-empty-body -Wno-uninitialized -Wno-unknown-pragmas -w -Wno-shadow -Wno-four-char-constants -Wno-conversion -Wno-constant-conversion -Wno-int-conversion -Wno-bool-conversion -Wno-enum-conversion -Wno-float-conversion -Wno-non-literal-null-conversion -Wno-objc-literal-conversion -Wshorten-64-to-32 -Wno-newline-eof -Wno-c++11-extensions -Wno-implicit-fallthrough -isysroot /Applications/Xcode_26.6.app/Contents/Developer/Platforms/iPhoneSimulator.platform/Developer/SDKs/iPhoneSimulator26.5.sdk -fstrict-aliasing -Wdeprecated-declarations -Winvalid-offsetof -Wno-sign-conversion -Wno-infinite-recursion -Wno-move -Wno-comma -Wno-block-capture-autoreleasing -Wno-strict-prototypes -Wno-range-loop-analysis -Wno-semicolon-before-method-body -index-store-path /Users/runner/work/red-pen-ios/red-pen-ios/ios/build/Index.noindex/DataStore -w @/Users/runner/work/red-pen-ios/red-pen-ios/ios/build/Build/Intermediates.noindex/LocalLLMClient.build/Debug-iphonesimulator/LocalLLMClientLlamaC.build/Objects-normal/arm64/82b82416624d2658e5098eb0a28c15c5-common-args.resp -MMD -MT dependencies -MF /Users/runner/work/red-pen-ios/red-pen-ios/ios/build/Build/Intermediates.noindex/LocalLLMClient.build/Debug-iphonesimulator/LocalLLMClientLlamaC.build/Objects-normal/arm64/mobilenetv5.d --serialize-diagnostics /Users/runner/work/red-pen-ios/red-pen-ios/ios/build/Build/Intermediates.noindex/LocalLLMClient.build/Debug-iphonesimulator/LocalLLMClientLlamaC.build/Objects-normal/arm64/mobilenetv5.dia -c /Users/runner/work/red-pen-ios/red-pen-ios/ios/build/SourcePackages/checkouts/LocalLLMClient/Sources/LocalLLMClientLlamaC/models/mobilenetv5.cpp -o /Users/runner/work/red-pen-ios/red-pen-ios/ios/build/Build/Intermediates.noindex/LocalLLMClient.build/Debug-iphonesimulator/LocalLLMClientLlamaC.build/Objects-normal/arm64/mobilenetv5.o -index-unit-output-path /LocalLLMClient.build/Debug-iphonesimulator/LocalLLMClientLlamaC.build/Objects-normal/arm64/mobilenetv5.o

CompileC /Users/runner/work/red-pen-ios/red-pen-ios/ios/build/Build/Intermediates.noindex/LocalLLMClient.build/Debug-iphonesimulator/LocalLLMClientLlamaC.build/Objects-normal/arm64/minicpmv.o /Users/runner/work/red-pen-ios/red-pen-ios/ios/build/SourcePackages/checkouts/LocalLLMClient/Sources/LocalLLMClientLlamaC/models/minicpmv.cpp normal arm64 c++ com.apple.compilers.llvm.clang.1_0.compiler (in target 'LocalLLMClientLlamaC' from project 'LocalLLMClient')
    cd /Users/runner/work/red-pen-ios/red-pen-ios/ios/RedPen.xcodeproj
    
    Using response file: /Users/runner/work/red-pen-ios/red-pen-ios/ios/build/Build/Intermediates.noindex/LocalLLMClient.build/Debug-iphonesimulator/LocalLLMClientLlamaC.build/Objects-normal/arm64/82b82416624d2658e5098eb0a28c15c5-common-args.resp
    
    /Applications/Xcode_26.6.app/Contents/Developer/Toolchains/XcodeDefault.xctoolchain/usr/bin/clang -x c++ -ivfsstatcache /Users/runner/work/red-pen-ios/red-pen-ios/ios/build/SDKStatCaches.noindex/iphonesimulator26.5-23F81a-688ef53f1462e2c8f657fdc38a81448ff45c64a1807a658693f2a61704f17a36.sdkstatcache -target arm64-apple-ios17.0-simulator -fmessage-length\=0 -fdiagnostics-show-note-include-stack -fmacro-backtrace-limit\=0 -fno-color-diagnostics -fmodules-prune-interval\=86400 -fmodules-prune-after\=345600 -fbuild-session-file\=/Users/runner/work/red-pen-ios/red-pen-ios/ios/build/ModuleCache.noindex/Session.modulevalidation -fmodules-validate-once-per-build-session -Wnon-modular-include-in-framework-module -Werror\=non-modular-include-in-framework-module -Wno-trigraphs -Wno-missing-field-initializers -Wno-missing-prototypes -Wno-return-type -Wno-non-virtual-dtor -Wno-overloaded-virtual -Wno-exit-time-destructors -Wno-missing-braces -Wparentheses -Wswitch -Wno-unused-function -Wno-unused-label -Wno-unused-parameter -Wno-unused-variable -Wunused-value -Wno-empty-body -Wno-uninitialized -Wno-unknown-pragmas -w -Wno-shadow -Wno-four-char-constants -Wno-conversion -Wno-constant-conversion -Wno-int-conversion -Wno-bool-conversion -Wno-enum-conversion -Wno-float-conversion -Wno-non-literal-null-conversion -Wno-objc-literal-conversion -Wshorten-64-to-32 -Wno-newline-eof -Wno-c++11-extensions -Wno-implicit-fallthrough -isysroot /Applications/Xcode_26.6.app/Contents/Developer/Platforms/iPhoneSimulator.platform/Developer/SDKs/iPhoneSimulator26.5.sdk -fstrict-aliasing -Wdeprecated-declarations -Winvalid-offsetof -Wno-sign-conversion -Wno-infinite-recursion -Wno-move -Wno-comma -Wno-block-capture-autoreleasing -Wno-strict-prototypes -Wno-range-loop-analysis -Wno-semicolon-before-method-body -index-store-path /Users/runner/work/red-pen-ios/red-pen-ios/ios/build/Index.noindex/DataStore -w @/Users/runner/work/red-pen-ios/red-pen-ios/ios/build/Build/Intermediates.noindex/LocalLLMClient.build/Debug-iphonesimulator/LocalLLMClientLlamaC.build/Objects-normal/arm64/82b82416624d2658e5098eb0a28c15c5-common-args.resp -MMD -MT dependencies -MF /Users/runner/work/red-pen-ios/red-pen-ios/ios/build/Build/Intermediates.noindex/LocalLLMClient.build/Debug-iphonesimulator/LocalLLMClientLlamaC.build/Objects-normal/arm64/minicpmv.d --serialize-diagnostics /Users/runner/work/red-pen-ios/red-pen-ios/ios/build/Build/Intermediates.noindex/LocalLLMClient.build/Debug-iphonesimulator/LocalLLMClientLlamaC.build/Objects-normal/arm64/minicpmv.dia -c /Users/runner/work/red-pen-ios/red-pen-ios/ios/build/SourcePackages/checkouts/LocalLLMClient/Sources/LocalLLMClientLlamaC/models/minicpmv.cpp -o /Users/runner/work/red-pen-ios/red-pen-ios/ios/build/Build/Intermediates.noindex/LocalLLMClient.build/Debug-iphonesimulator/LocalLLMClientLlamaC.build/Objects-normal/arm64/minicpmv.o -index-unit-output-path /LocalLLMClient.build/Debug-iphonesimulator/LocalLLMClientLlamaC.build/Objects-normal/arm64/minicpmv.o

CompileC /Users/runner/work/red-pen-ios/red-pen-ios/ios/build/Build/Intermediates.noindex/LocalLLMClient.build/Debug-iphonesimulator/LocalLLMClientLlamaC.build/Objects-normal/arm64/log.o /Users/runner/work/red-pen-ios/red-pen-ios/ios/build/SourcePackages/checkouts/LocalLLMClient/Sources/LocalLLMClientLlamaC/common/log.cpp normal arm64 c++ com.apple.compilers.llvm.clang.1_0.compiler (in target 'LocalLLMClientLlamaC' from project 'LocalLLMClient')
    cd /Users/runner/work/red-pen-ios/red-pen-ios/ios/RedPen.xcodeproj
    
    Using response file: /Users/runner/work/red-pen-ios/red-pen-ios/ios/build/Build/Intermediates.noindex/LocalLLMClient.build/Debug-iphonesimulator/LocalLLMClientLlamaC.build/Objects-normal/arm64/82b82416624d2658e5098eb0a28c15c5-common-args.resp
    
    /Applications/Xcode_26.6.app/Contents/Developer/Toolchains/XcodeDefault.xctoolchain/usr/bin/clang -x c++ -ivfsstatcache /Users/runner/work/red-pen-ios/red-pen-ios/ios/build/SDKStatCaches.noindex/iphonesimulator26.5-23F81a-688ef53f1462e2c8f657fdc38a81448ff45c64a1807a658693f2a61704f17a36.sdkstatcache -target arm64-apple-ios17.0-simulator -fmessage-length\=0 -fdiagnostics-show-note-include-stack -fmacro-backtrace-limit\=0 -fno-color-diagnostics -fmodules-prune-interval\=86400 -fmodules-prune-after\=345600 -fbuild-session-file\=/Users/runner/work/red-pen-ios/red-pen-ios/ios/build/ModuleCache.noindex/Session.modulevalidation -fmodules-validate-once-per-build-session -Wnon-modular-include-in-framework-module -Werror\=non-modular-include-in-framework-module -Wno-trigraphs -Wno-missing-field-initializers -Wno-missing-prototypes -Wno-return-type -Wno-non-virtual-dtor -Wno-overloaded-virtual -Wno-exit-time-destructors -Wno-missing-braces -Wparentheses -Wswitch -Wno-unused-function -Wno-unused-label -Wno-unused-parameter -Wno-unused-variable -Wunused-value -Wno-empty-body -Wno-uninitialized -Wno-unknown-pragmas -w -Wno-shadow -Wno-four-char-constants -Wno-conversion -Wno-constant-conversion -Wno-int-conversion -Wno-bool-conversion -Wno-enum-conversion -Wno-float-conversion -Wno-non-literal-null-conversion -Wno-objc-literal-conversion -Wshorten-64-to-32 -Wno-newline-eof -Wno-c++11-extensions -Wno-implicit-fallthrough -isysroot /Applications/Xcode_26.6.app/Contents/Developer/Platforms/iPhoneSimulator.platform/Developer/SDKs/iPhoneSimulator26.5.sdk -fstrict-aliasing -Wdeprecated-declarations -Winvalid-offsetof -Wno-sign-conversion -Wno-infinite-recursion -Wno-move -Wno-comma -Wno-block-capture-autoreleasing -Wno-strict-prototypes -Wno-range-loop-analysis -Wno-semicolon-before-method-body -index-store-path /Users/runner/work/red-pen-ios/red-pen-ios/ios/build/Index.noindex/DataStore -w @/Users/runner/work/red-pen-ios/red-pen-ios/ios/build/Build/Intermediates.noindex/LocalLLMClient.build/Debug-iphonesimulator/LocalLLMClientLlamaC.build/Objects-normal/arm64/82b82416624d2658e5098eb0a28c15c5-common-args.resp -MMD -MT dependencies -MF /Users/runner/work/red-pen-ios/red-pen-ios/ios/build/Build/Intermediates.noindex/LocalLLMClient.build/Debug-iphonesimulator/LocalLLMClientLlamaC.build/Objects-normal/arm64/log.d --serialize-diagnostics /Users/runner/work/red-pen-ios/red-pen-ios/ios/build/Build/Intermediates.noindex/LocalLLMClient.build/Debug-iphonesimulator/LocalLLMClientLlamaC.build/Objects-normal/arm64/log.dia -c /Users/runner/work/red-pen-ios/red-pen-ios/ios/build/SourcePackages/checkouts/LocalLLMClient/Sources/LocalLLMClientLlamaC/common/log.cpp -o /Users/runner/work/red-pen-ios/red-pen-ios/ios/build/Build/Intermediates.noindex/LocalLLMClient.build/Debug-iphonesimulator/LocalLLMClientLlamaC.build/Objects-normal/arm64/log.o -index-unit-output-path /LocalLLMClient.build/Debug-iphonesimulator/LocalLLMClientLlamaC.build/Objects-normal/arm64/log.o

CompileC /Users/runner/work/red-pen-ios/red-pen-ios/ios/build/Build/Intermediates.noindex/LocalLLMClient.build/Debug-iphonesimulator/LocalLLMClientLlamaC.build/Objects-normal/arm64/llava.o /Users/runner/work/red-pen-ios/red-pen-ios/ios/build/SourcePackages/checkouts/LocalLLMClient/Sources/LocalLLMClientLlamaC/models/llava.cpp normal arm64 c++ com.apple.compilers.llvm.clang.1_0.compiler (in target 'LocalLLMClientLlamaC' from project 'LocalLLMClient')
    cd /Users/runner/work/red-pen-ios/red-pen-ios/ios/RedPen.xcodeproj
    
    Using response file: /Users/runner/work/red-pen-ios/red-pen-ios/ios/build/Build/Intermediates.noindex/LocalLLMClient.build/Debug-iphonesimulator/LocalLLMClientLlamaC.build/Objects-normal/arm64/82b82416624d2658e5098eb0a28c15c5-common-args.resp
    
    /Applications/Xcode_26.6.app/Contents/Developer/Toolchains/XcodeDefault.xctoolchain/usr/bin/clang -x c++ -ivfsstatcache /Users/runner/work/red-pen-ios/red-pen-ios/ios/build/SDKStatCaches.noindex/iphonesimulator26.5-23F81a-688ef53f1462e2c8f657fdc38a81448ff45c64a1807a658693f2a61704f17a36.sdkstatcache -target arm64-apple-ios17.0-simulator -fmessage-length\=0 -fdiagnostics-show-note-include-stack -fmacro-backtrace-limit\=0 -fno-color-diagnostics -fmodules-prune-interval\=86400 -fmodules-prune-after\=345600 -fbuild-session-file\=/Users/runner/work/red-pen-ios/red-pen-ios/ios/build/ModuleCache.noindex/Session.modulevalidation -fmodules-validate-once-per-build-session -Wnon-modular-include-in-framework-module -Werror\=non-modular-include-in-framework-module -Wno-trigraphs -Wno-missing-field-initializers -Wno-missing-prototypes -Wno-return-type -Wno-non-virtual-dtor -Wno-overloaded-virtual -Wno-exit-time-destructors -Wno-missing-braces -Wparentheses -Wswitch -Wno-unused-function -Wno-unused-label -Wno-unused-parameter -Wno-unused-variable -Wunused-value -Wno-empty-body -Wno-uninitialized -Wno-unknown-pragmas -w -Wno-shadow -Wno-four-char-constants -Wno-conversion -Wno-constant-conversion -Wno-int-conversion -Wno-bool-conversion -Wno-enum-conversion -Wno-float-conversion -Wno-non-literal-null-conversion -Wno-objc-literal-conversion -Wshorten-64-to-32 -Wno-newline-eof -Wno-c++11-extensions -Wno-implicit-fallthrough -isysroot /Applications/Xcode_26.6.app/Contents/Developer/Platforms/iPhoneSimulator.platform/Developer/SDKs/iPhoneSimulator26.5.sdk -fstrict-aliasing -Wdeprecated-declarations -Winvalid-offsetof -Wno-sign-conversion -Wno-infinite-recursion -Wno-move -Wno-comma -Wno-block-capture-autoreleasing -Wno-strict-prototypes -Wno-range-loop-analysis -Wno-semicolon-before-method-body -index-store-path /Users/runner/work/red-pen-ios/red-pen-ios/ios/build/Index.noindex/DataStore -w @/Users/runner/work/red-pen-ios/red-pen-ios/ios/build/Build/Intermediates.noindex/LocalLLMClient.build/Debug-iphonesimulator/LocalLLMClientLlamaC.build/Objects-normal/arm64/82b82416624d2658e5098eb0a28c15c5-common-args.resp -MMD -MT dependencies -MF /Users/runner/work/red-pen-ios/red-pen-ios/ios/build/Build/Intermediates.noindex/LocalLLMClient.build/Debug-iphonesimulator/LocalLLMClientLlamaC.build/Objects-normal/arm64/llava.d --serialize-diagnostics /Users/runner/work/red-pen-ios/red-pen-ios/ios/build/Build/Intermediates.noindex/LocalLLMClient.build/Debug-iphonesimulator/LocalLLMClientLlamaC.build/Objects-normal/arm64/llava.dia -c /Users/runner/work/red-pen-ios/red-pen-ios/ios/build/SourcePackages/checkouts/LocalLLMClient/Sources/LocalLLMClientLlamaC/models/llava.cpp -o /Users/runner/work/red-pen-ios/red-pen-ios/ios/build/Build/Intermediates.noindex/LocalLLMClient.build/Debug-iphonesimulator/LocalLLMClientLlamaC.build/Objects-normal/arm64/llava.o -index-unit-output-path /LocalLLMClient.build/Debug-iphonesimulator/LocalLLMClientLlamaC.build/Objects-normal/arm64/llava.o

CompileC /Users/runner/work/red-pen-ios/red-pen-ios/ios/build/Build/Intermediates.noindex/LocalLLMClient.build/Debug-iphonesimulator/LocalLLMClientLlamaC.build/Objects-normal/arm64/llama4.o /Users/runner/work/red-pen-ios/red-pen-ios/ios/build/SourcePackages/checkouts/LocalLLMClient/Sources/LocalLLMClientLlamaC/models/llama4.cpp normal arm64 c++ com.apple.compilers.llvm.clang.1_0.compiler (in target 'LocalLLMClientLlamaC' from project 'LocalLLMClient')
    cd /Users/runner/work/red-pen-ios/red-pen-ios/ios/RedPen.xcodeproj
    
    Using response file: /Users/runner/work/red-pen-ios/red-pen-ios/ios/build/Build/Intermediates.noindex/LocalLLMClient.build/Debug-iphonesimulator/LocalLLMClientLlamaC.build/Objects-normal/arm64/82b82416624d2658e5098eb0a28c15c5-common-args.resp
    
    /Applications/Xcode_26.6.app/Contents/Developer/Toolchains/XcodeDefault.xctoolchain/usr/bin/clang -x c++ -ivfsstatcache /Users/runner/work/red-pen-ios/red-pen-ios/ios/build/SDKStatCaches.noindex/iphonesimulator26.5-23F81a-688ef53f1462e2c8f657fdc38a81448ff45c64a1807a658693f2a61704f17a36.sdkstatcache -target arm64-apple-ios17.0-simulator -fmessage-length\=0 -fdiagnostics-show-note-include-stack -fmacro-backtrace-limit\=0 -fno-color-diagnostics -fmodules-prune-interval\=86400 -fmodules-prune-after\=345600 -fbuild-session-file\=/Users/runner/work/red-pen-ios/red-pen-ios/ios/build/ModuleCache.noindex/Session.modulevalidation -fmodules-validate-once-per-build-session -Wnon-modular-include-in-framework-module -Werror\=non-modular-include-in-framework-module -Wno-trigraphs -Wno-missing-field-initializers -Wno-missing-prototypes -Wno-return-type -Wno-non-virtual-dtor -Wno-overloaded-virtual -Wno-exit-time-destructors -Wno-missing-braces -Wparentheses -Wswitch -Wno-unused-function -Wno-unused-label -Wno-unused-parameter -Wno-unused-variable -Wunused-value -Wno-empty-body -Wno-uninitialized -Wno-unknown-pragmas -w -Wno-shadow -Wno-four-char-constants -Wno-conversion -Wno-constant-conversion -Wno-int-conversion -Wno-bool-conversion -Wno-enum-conversion -Wno-float-conversion -Wno-non-literal-null-conversion -Wno-objc-literal-conversion -Wshorten-64-to-32 -Wno-newline-eof -Wno-c++11-extensions -Wno-implicit-fallthrough -isysroot /Applications/Xcode_26.6.app/Contents/Developer/Platforms/iPhoneSimulator.platform/Developer/SDKs/iPhoneSimulator26.5.sdk -fstrict-aliasing -Wdeprecated-declarations -Winvalid-offsetof -Wno-sign-conversion -Wno-infinite-recursion -Wno-move -Wno-comma -Wno-block-capture-autoreleasing -Wno-strict-prototypes -Wno-range-loop-analysis -Wno-semicolon-before-method-body -index-store-path /Users/runner/work/red-pen-ios/red-pen-ios/ios/build/Index.noindex/DataStore -w @/Users/runner/work/red-pen-ios/red-pen-ios/ios/build/Build/Intermediates.noindex/LocalLLMClient.build/Debug-iphonesimulator/LocalLLMClientLlamaC.build/Objects-normal/arm64/82b82416624d2658e5098eb0a28c15c5-common-args.resp -MMD -MT dependencies -MF /Users/runner/work/red-pen-ios/red-pen-ios/ios/build/Build/Intermediates.noindex/LocalLLMClient.build/Debug-iphonesimulator/LocalLLMClientLlamaC.build/Objects-normal/arm64/llama4.d --serialize-diagnostics /Users/runner/work/red-pen-ios/red-pen-ios/ios/build/Build/Intermediates.noindex/LocalLLMClient.build/Debug-iphonesimulator/LocalLLMClientLlamaC.build/Objects-normal/arm64/llama4.dia -c /Users/runner/work/red-pen-ios/red-pen-ios/ios/build/SourcePackages/checkouts/LocalLLMClient/Sources/LocalLLMClientLlamaC/models/llama4.cpp -o /Users/runner/work/red-pen-ios/red-pen-ios/ios/build/Build/Intermediates.noindex/LocalLLMClient.build/Debug-iphonesimulator/LocalLLMClientLlamaC.build/Objects-normal/arm64/llama4.o -index-unit-output-path /LocalLLMClient.build/Debug-iphonesimulator/LocalLLMClientLlamaC.build/Objects-normal/arm64/llama4.o

CompileC /Users/runner/work/red-pen-ios/red-pen-ios/ios/build/Build/Intermediates.noindex/LocalLLMClient.build/Debug-iphonesimulator/LocalLLMClientLlamaC.build/Objects-normal/arm64/lexer.o /Users/runner/work/red-pen-ios/red-pen-ios/ios/build/SourcePackages/checkouts/LocalLLMClient/Sources/LocalLLMClientLlamaC/include/jinja/lexer.cpp normal arm64 c++ com.apple.compilers.llvm.clang.1_0.compiler (in target 'LocalLLMClientLlamaC' from project 'LocalLLMClient')
    cd /Users/runner/work/red-pen-ios/red-pen-ios/ios/RedPen.xcodeproj
    
    Using response file: /Users/runner/work/red-pen-ios/red-pen-ios/ios/build/Build/Intermediates.noindex/LocalLLMClient.build/Debug-iphonesimulator/LocalLLMClientLlamaC.build/Objects-normal/arm64/82b82416624d2658e5098eb0a28c15c5-common-args.resp
    
    /Applications/Xcode_26.6.app/Contents/Developer/Toolchains/XcodeDefault.xctoolchain/usr/bin/clang -x c++ -ivfsstatcache /Users/runner/work/red-pen-ios/red-pen-ios/ios/build/SDKStatCaches.noindex/iphonesimulator26.5-23F81a-688ef53f1462e2c8f657fdc38a81448ff45c64a1807a658693f2a61704f17a36.sdkstatcache -target arm64-apple-ios17.0-simulator -fmessage-length\=0 -fdiagnostics-show-note-include-stack -fmacro-backtrace-limit\=0 -fno-color-diagnostics -fmodules-prune-interval\=86400 -fmodules-prune-after\=345600 -fbuild-session-file\=/Users/runner/work/red-pen-ios/red-pen-ios/ios/build/ModuleCache.noindex/Session.modulevalidation -fmodules-validate-once-per-build-session -Wnon-modular-include-in-framework-module -Werror\=non-modular-include-in-framework-module -Wno-trigraphs -Wno-missing-field-initializers -Wno-missing-prototypes -Wno-return-type -Wno-non-virtual-dtor -Wno-overloaded-virtual -Wno-exit-time-destructors -Wno-missing-braces -Wparentheses -Wswitch -Wno-unused-function -Wno-unused-label -Wno-unused-parameter -Wno-unused-variable -Wunused-value -Wno-empty-body -Wno-uninitialized -Wno-unknown-pragmas -w -Wno-shadow -Wno-four-char-constants -Wno-conversion -Wno-constant-conversion -Wno-int-conversion -Wno-bool-conversion -Wno-enum-conversion -Wno-float-conversion -Wno-non-literal-null-conversion -Wno-objc-literal-conversion -Wshorten-64-to-32 -Wno-newline-eof -Wno-c++11-extensions -Wno-implicit-fallthrough -isysroot /Applications/Xcode_26.6.app/Contents/Developer/Platforms/iPhoneSimulator.platform/Developer/SDKs/iPhoneSimulator26.5.sdk -fstrict-aliasing -Wdeprecated-declarations -Winvalid-offsetof -Wno-sign-conversion -Wno-infinite-recursion -Wno-move -Wno-comma -Wno-block-capture-autoreleasing -Wno-strict-prototypes -Wno-range-loop-analysis -Wno-semicolon-before-method-body -index-store-path /Users/runner/work/red-pen-ios/red-pen-ios/ios/build/Index.noindex/DataStore -w @/Users/runner/work/red-pen-ios/red-pen-ios/ios/build/Build/Intermediates.noindex/LocalLLMClient.build/Debug-iphonesimulator/LocalLLMClientLlamaC.build/Objects-normal/arm64/82b82416624d2658e5098eb0a28c15c5-common-args.resp -MMD -MT dependencies -MF /Users/runner/work/red-pen-ios/red-pen-ios/ios/build/Build/Intermediates.noindex/LocalLLMClient.build/Debug-iphonesimulator/LocalLLMClientLlamaC.build/Objects-normal/arm64/lexer.d --serialize-diagnostics /Users/runner/work/red-pen-ios/red-pen-ios/ios/build/Build/Intermediates.noindex/LocalLLMClient.build/Debug-iphonesimulator/LocalLLMClientLlamaC.build/Objects-normal/arm64/lexer.dia -c /Users/runner/work/red-pen-ios/red-pen-ios/ios/build/SourcePackages/checkouts/LocalLLMClient/Sources/LocalLLMClientLlamaC/include/jinja/lexer.cpp -o /Users/runner/work/red-pen-ios/red-pen-ios/ios/build/Build/Intermediates.noindex/LocalLLMClient.build/Debug-iphonesimulator/LocalLLMClientLlamaC.build/Objects-normal/arm64/lexer.o -index-unit-output-path /LocalLLMClient.build/Debug-iphonesimulator/LocalLLMClientLlamaC.build/Objects-normal/arm64/lexer.o

CompileC /Users/runner/work/red-pen-ios/red-pen-ios/ios/build/Build/Intermediates.noindex/LocalLLMClient.build/Debug-iphonesimulator/LocalLLMClientLlamaC.build/Objects-normal/arm64/kimivl.o /Users/runner/work/red-pen-ios/red-pen-ios/ios/build/SourcePackages/checkouts/LocalLLMClient/Sources/LocalLLMClientLlamaC/models/kimivl.cpp normal arm64 c++ com.apple.compilers.llvm.clang.1_0.compiler (in target 'LocalLLMClientLlamaC' from project 'LocalLLMClient')
    cd /Users/runner/work/red-pen-ios/red-pen-ios/ios/RedPen.xcodeproj
    
    Using response file: /Users/runner/work/red-pen-ios/red-pen-ios/ios/build/Build/Intermediates.noindex/LocalLLMClient.build/Debug-iphonesimulator/LocalLLMClientLlamaC.build/Objects-normal/arm64/82b82416624d2658e5098eb0a28c15c5-common-args.resp
    
    /Applications/Xcode_26.6.app/Contents/Developer/Toolchains/XcodeDefault.xctoolchain/usr/bin/clang -x c++ -ivfsstatcache /Users/runner/work/red-pen-ios/red-pen-ios/ios/build/SDKStatCaches.noindex/iphonesimulator26.5-23F81a-688ef53f1462e2c8f657fdc38a81448ff45c64a1807a658693f2a61704f17a36.sdkstatcache -target arm64-apple-ios17.0-simulator -fmessage-length\=0 -fdiagnostics-show-note-include-stack -fmacro-backtrace-limit\=0 -fno-color-diagnostics -fmodules-prune-interval\=86400 -fmodules-prune-after\=345600 -fbuild-session-file\=/Users/runner/work/red-pen-ios/red-pen-ios/ios/build/ModuleCache.noindex/Session.modulevalidation -fmodules-validate-once-per-build-session -Wnon-modular-include-in-framework-module -Werror\=non-modular-include-in-framework-module -Wno-trigraphs -Wno-missing-field-initializers -Wno-missing-prototypes -Wno-return-type -Wno-non-virtual-dtor -Wno-overloaded-virtual -Wno-exit-time-destructors -Wno-missing-braces -Wparentheses -Wswitch -Wno-unused-function -Wno-unused-label -Wno-unused-parameter -Wno-unused-variable -Wunused-value -Wno-empty-body -Wno-uninitialized -Wno-unknown-pragmas -w -Wno-shadow -Wno-four-char-constants -Wno-conversion -Wno-constant-conversion -Wno-int-conversion -Wno-bool-conversion -Wno-enum-conversion -Wno-float-conversion -Wno-non-literal-null-conversion -Wno-objc-literal-conversion -Wshorten-64-to-32 -Wno-newline-eof -Wno-c++11-extensions -Wno-implicit-fallthrough -isysroot /Applications/Xcode_26.6.app/Contents/Developer/Platforms/iPhoneSimulator.platform/Developer/SDKs/iPhoneSimulator26.5.sdk -fstrict-aliasing -Wdeprecated-declarations -Winvalid-offsetof -Wno-sign-conversion -Wno-infinite-recursion -Wno-move -Wno-comma -Wno-block-capture-autoreleasing -Wno-strict-prototypes -Wno-range-loop-analysis -Wno-semicolon-before-method-body -index-store-path /Users/runner/work/red-pen-ios/red-pen-ios/ios/build/Index.noindex/DataStore -w @/Users/runner/work/red-pen-ios/red-pen-ios/ios/build/Build/Intermediates.noindex/LocalLLMClient.build/Debug-iphonesimulator/LocalLLMClientLlamaC.build/Objects-normal/arm64/82b82416624d2658e5098eb0a28c15c5-common-args.resp -MMD -MT dependencies -MF /Users/runner/work/red-pen-ios/red-pen-ios/ios/build/Build/Intermediates.noindex/LocalLLMClient.build/Debug-iphonesimulator/LocalLLMClientLlamaC.build/Objects-normal/arm64/kimivl.d --serialize-diagnostics /Users/runner/work/red-pen-ios/red-pen-ios/ios/build/Build/Intermediates.noindex/LocalLLMClient.build/Debug-iphonesimulator/LocalLLMClientLlamaC.build/Objects-normal/arm64/kimivl.dia -c /Users/runner/work/red-pen-ios/red-pen-ios/ios/build/SourcePackages/checkouts/LocalLLMClient/Sources/LocalLLMClientLlamaC/models/kimivl.cpp -o /Users/runner/work/red-pen-ios/red-pen-ios/ios/build/Build/Intermediates.noindex/LocalLLMClient.build/Debug-iphonesimulator/LocalLLMClientLlamaC.build/Objects-normal/arm64/kimivl.o -index-unit-output-path /LocalLLMClient.build/Debug-iphonesimulator/LocalLLMClientLlamaC.build/Objects-normal/arm64/kimivl.o

CompileC /Users/runner/work/red-pen-ios/red-pen-ios/ios/build/Build/Intermediates.noindex/LocalLLMClient.build/Debug-iphonesimulator/LocalLLMClientLlamaC.build/Objects-normal/arm64/kimik25.o /Users/runner/work/red-pen-ios/red-pen-ios/ios/build/SourcePackages/checkouts/LocalLLMClient/Sources/LocalLLMClientLlamaC/models/kimik25.cpp normal arm64 c++ com.apple.compilers.llvm.clang.1_0.compiler (in target 'LocalLLMClientLlamaC' from project 'LocalLLMClient')
    cd /Users/runner/work/red-pen-ios/red-pen-ios/ios/RedPen.xcodeproj
    
    Using response file: /Users/runner/work/red-pen-ios/red-pen-ios/ios/build/Build/Intermediates.noindex/LocalLLMClient.build/Debug-iphonesimulator/LocalLLMClientLlamaC.build/Objects-normal/arm64/82b82416624d2658e5098eb0a28c15c5-common-args.resp
    
    /Applications/Xcode_26.6.app/Contents/Developer/Toolchains/XcodeDefault.xctoolchain/usr/bin/clang -x c++ -ivfsstatcache /Users/runner/work/red-pen-ios/red-pen-ios/ios/build/SDKStatCaches.noindex/iphonesimulator26.5-23F81a-688ef53f1462e2c8f657fdc38a81448ff45c64a1807a658693f2a61704f17a36.sdkstatcache -target arm64-apple-ios17.0-simulator -fmessage-length\=0 -fdiagnostics-show-note-include-stack -fmacro-backtrace-limit\=0 -fno-color-diagnostics -fmodules-prune-interval\=86400 -fmodules-prune-after\=345600 -fbuild-session-file\=/Users/runner/work/red-pen-ios/red-pen-ios/ios/build/ModuleCache.noindex/Session.modulevalidation -fmodules-validate-once-per-build-session -Wnon-modular-include-in-framework-module -Werror\=non-modular-include-in-framework-module -Wno-trigraphs -Wno-missing-field-initializers -Wno-missing-prototypes -Wno-return-type -Wno-non-virtual-dtor -Wno-overloaded-virtual -Wno-exit-time-destructors -Wno-missing-braces -Wparentheses -Wswitch -Wno-unused-function -Wno-unused-label -Wno-unused-parameter -Wno-unused-variable -Wunused-value -Wno-empty-body -Wno-uninitialized -Wno-unknown-pragmas -w -Wno-shadow -Wno-four-char-constants -Wno-conversion -Wno-constant-conversion -Wno-int-conversion -Wno-bool-conversion -Wno-enum-conversion -Wno-float-conversion -Wno-non-literal-null-conversion -Wno-objc-literal-conversion -Wshorten-64-to-32 -Wno-newline-eof -Wno-c++11-extensions -Wno-implicit-fallthrough -isysroot /Applications/Xcode_26.6.app/Contents/Developer/Platforms/iPhoneSimulator.platform/Developer/SDKs/iPhoneSimulator26.5.sdk -fstrict-aliasing -Wdeprecated-declarations -Winvalid-offsetof -Wno-sign-conversion -Wno-infinite-recursion -Wno-move -Wno-comma -Wno-block-capture-autoreleasing -Wno-strict-prototypes -Wno-range-loop-analysis -Wno-semicolon-before-method-body -index-store-path /Users/runner/work/red-pen-ios/red-pen-ios/ios/build/Index.noindex/DataStore -w @/Users/runner/work/red-pen-ios/red-pen-ios/ios/build/Build/Intermediates.noindex/LocalLLMClient.build/Debug-iphonesimulator/LocalLLMClientLlamaC.build/Objects-normal/arm64/82b82416624d2658e5098eb0a28c15c5-common-args.resp -MMD -MT dependencies -MF /Users/runner/work/red-pen-ios/red-pen-ios/ios/build/Build/Intermediates.noindex/LocalLLMClient.build/Debug-iphonesimulator/LocalLLMClientLlamaC.build/Objects-normal/arm64/kimik25.d --serialize-diagnostics /Users/runner/work/red-pen-ios/red-pen-ios/ios/build/Build/Intermediates.noindex/LocalLLMClient.build/Debug-iphonesimulator/LocalLLMClientLlamaC.build/Objects-normal/arm64/kimik25.dia -c /Users/runner/work/red-pen-ios/red-pen-ios/ios/build/SourcePackages/checkouts/LocalLLMClient/Sources/LocalLLMClientLlamaC/models/kimik25.cpp -o /Users/runner/work/red-pen-ios/red-pen-ios/ios/build/Build/Intermediates.noindex/LocalLLMClient.build/Debug-iphonesimulator/LocalLLMClientLlamaC.build/Objects-normal/arm64/kimik25.o -index-unit-output-path /LocalLLMClient.build/Debug-iphonesimulator/LocalLLMClientLlamaC.build/Objects-normal/arm64/kimik25.o

CompileC /Users/runner/work/red-pen-ios/red-pen-ios/ios/build/Build/Intermediates.noindex/LocalLLMClient.build/Debug-iphonesimulator/LocalLLMClientLlamaC.build/Objects-normal/arm64/json-schema-to-grammar.o /Users/runner/work/red-pen-ios/red-pen-ios/ios/build/SourcePackages/checkouts/LocalLLMClient/Sources/LocalLLMClientLlamaC/common/json-schema-to-grammar.cpp normal arm64 c++ com.apple.compilers.llvm.clang.1_0.compiler (in target 'LocalLLMClientLlamaC' from project 'LocalLLMClient')
    cd /Users/runner/work/red-pen-ios/red-pen-ios/ios/RedPen.xcodeproj
    
    Using response file: /Users/runner/work/red-pen-ios/red-pen-ios/ios/build/Build/Intermediates.noindex/LocalLLMClient.build/Debug-iphonesimulator/LocalLLMClientLlamaC.build/Objects-normal/arm64/82b82416624d2658e5098eb0a28c15c5-common-args.resp
    
    /Applications/Xcode_26.6.app/Contents/Developer/Toolchains/XcodeDefault.xctoolchain/usr/bin/clang -x c++ -ivfsstatcache /Users/runner/work/red-pen-ios/red-pen-ios/ios/build/SDKStatCaches.noindex/iphonesimulator26.5-23F81a-688ef53f1462e2c8f657fdc38a81448ff45c64a1807a658693f2a61704f17a36.sdkstatcache -target arm64-apple-ios17.0-simulator -fmessage-length\=0 -fdiagnostics-show-note-include-stack -fmacro-backtrace-limit\=0 -fno-color-diagnostics -fmodules-prune-interval\=86400 -fmodules-prune-after\=345600 -fbuild-session-file\=/Users/runner/work/red-pen-ios/red-pen-ios/ios/build/ModuleCache.noindex/Session.modulevalidation -fmodules-validate-once-per-build-session -Wnon-modular-include-in-framework-module -Werror\=non-modular-include-in-framework-module -Wno-trigraphs -Wno-missing-field-initializers -Wno-missing-prototypes -Wno-return-type -Wno-non-virtual-dtor -Wno-overloaded-virtual -Wno-exit-time-destructors -Wno-missing-braces -Wparentheses -Wswitch -Wno-unused-function -Wno-unused-label -Wno-unused-parameter -Wno-unused-variable -Wunused-value -Wno-empty-body -Wno-uninitialized -Wno-unknown-pragmas -w -Wno-shadow -Wno-four-char-constants -Wno-conversion -Wno-constant-conversion -Wno-int-conversion -Wno-bool-conversion -Wno-enum-conversion -Wno-float-conversion -Wno-non-literal-null-conversion -Wno-objc-literal-conversion -Wshorten-64-to-32 -Wno-newline-eof -Wno-c++11-extensions -Wno-implicit-fallthrough -isysroot /Applications/Xcode_26.6.app/Contents/Developer/Platforms/iPhoneSimulator.platform/Developer/SDKs/iPhoneSimulator26.5.sdk -fstrict-aliasing -Wdeprecated-declarations -Winvalid-offsetof -Wno-sign-conversion -Wno-infinite-recursion -Wno-move -Wno-comma -Wno-block-capture-autoreleasing -Wno-strict-prototypes -Wno-range-loop-analysis -Wno-semicolon-before-method-body -index-store-path /Users/runner/work/red-pen-ios/red-pen-ios/ios/build/Index.noindex/DataStore -w @/Users/runner/work/red-pen-ios/red-pen-ios/ios/build/Build/Intermediates.noindex/LocalLLMClient.build/Debug-iphonesimulator/LocalLLMClientLlamaC.build/Objects-normal/arm64/82b82416624d2658e5098eb0a28c15c5-common-args.resp -MMD -MT dependencies -MF /Users/runner/work/red-pen-ios/red-pen-ios/ios/build/Build/Intermediates.noindex/LocalLLMClient.build/Debug-iphonesimulator/LocalLLMClientLlamaC.build/Objects-normal/arm64/json-schema-to-grammar.d --serialize-diagnostics /Users/runner/work/red-pen-ios/red-pen-ios/ios/build/Build/Intermediates.noindex/LocalLLMClient.build/Debug-iphonesimulator/LocalLLMClientLlamaC.build/Objects-normal/arm64/json-schema-to-grammar.dia -c /Users/runner/work/red-pen-ios/red-pen-ios/ios/build/SourcePackages/checkouts/LocalLLMClient/Sources/LocalLLMClientLlamaC/common/json-schema-to-grammar.cpp -o /Users/runner/work/red-pen-ios/red-pen-ios/ios/build/Build/Intermediates.noindex/LocalLLMClient.build/Debug-iphonesimulator/LocalLLMClientLlamaC.build/Objects-normal/arm64/json-schema-to-grammar.o -index-unit-output-path /LocalLLMClient.build/Debug-iphonesimulator/LocalLLMClientLlamaC.build/Objects-normal/arm64/json-schema-to-grammar.o

CompileC /Users/runner/work/red-pen-ios/red-pen-ios/ios/build/Build/Intermediates.noindex/LocalLLMClient.build/Debug-iphonesimulator/LocalLLMClientLlamaC.build/Objects-normal/arm64/json-partial.o /Users/runner/work/red-pen-ios/red-pen-ios/ios/build/SourcePackages/checkouts/LocalLLMClient/Sources/LocalLLMClientLlamaC/common/json-partial.cpp normal arm64 c++ com.apple.compilers.llvm.clang.1_0.compiler (in target 'LocalLLMClientLlamaC' from project 'LocalLLMClient')
    cd /Users/runner/work/red-pen-ios/red-pen-ios/ios/RedPen.xcodeproj
    
    Using response file: /Users/runner/work/red-pen-ios/red-pen-ios/ios/build/Build/Intermediates.noindex/LocalLLMClient.build/Debug-iphonesimulator/LocalLLMClientLlamaC.build/Objects-normal/arm64/82b82416624d2658e5098eb0a28c15c5-common-args.resp
    
    /Applications/Xcode_26.6.app/Contents/Developer/Toolchains/XcodeDefault.xctoolchain/usr/bin/clang -x c++ -ivfsstatcache /Users/runner/work/red-pen-ios/red-pen-ios/ios/build/SDKStatCaches.noindex/iphonesimulator26.5-23F81a-688ef53f1462e2c8f657fdc38a81448ff45c64a1807a658693f2a61704f17a36.sdkstatcache -target arm64-apple-ios17.0-simulator -fmessage-length\=0 -fdiagnostics-show-note-include-stack -fmacro-backtrace-limit\=0 -fno-color-diagnostics -fmodules-prune-interval\=86400 -fmodules-prune-after\=345600 -fbuild-session-file\=/Users/runner/work/red-pen-ios/red-pen-ios/ios/build/ModuleCache.noindex/Session.modulevalidation -fmodules-validate-once-per-build-session -Wnon-modular-include-in-framework-module -Werror\=non-modular-include-in-framework-module -Wno-trigraphs -Wno-missing-field-initializers -Wno-missing-prototypes -Wno-return-type -Wno-non-virtual-dtor -Wno-overloaded-virtual -Wno-exit-time-destructors -Wno-missing-braces -Wparentheses -Wswitch -Wno-unused-function -Wno-unused-label -Wno-unused-parameter -Wno-unused-variable -Wunused-value -Wno-empty-body -Wno-uninitialized -Wno-unknown-pragmas -w -Wno-shadow -Wno-four-char-constants -Wno-conversion -Wno-constant-conversion -Wno-int-conversion -Wno-bool-conversion -Wno-enum-conversion -Wno-float-conversion -Wno-non-literal-null-conversion -Wno-objc-literal-conversion -Wshorten-64-to-32 -Wno-newline-eof -Wno-c++11-extensions -Wno-implicit-fallthrough -isysroot /Applications/Xcode_26.6.app/Contents/Developer/Platforms/iPhoneSimulator.platform/Developer/SDKs/iPhoneSimulator26.5.sdk -fstrict-aliasing -Wdeprecated-declarations -Winvalid-offsetof -Wno-sign-conversion -Wno-infinite-recursion -Wno-move -Wno-comma -Wno-block-capture-autoreleasing -Wno-strict-prototypes -Wno-range-loop-analysis -Wno-semicolon-before-method-body -index-store-path /Users/runner/work/red-pen-ios/red-pen-ios/ios/build/Index.noindex/DataStore -w @/Users/runner/work/red-pen-ios/red-pen-ios/ios/build/Build/Intermediates.noindex/LocalLLMClient.build/Debug-iphonesimulator/LocalLLMClientLlamaC.build/Objects-normal/arm64/82b82416624d2658e5098eb0a28c15c5-common-args.resp -MMD -MT dependencies -MF /Users/runner/work/red-pen-ios/red-pen-ios/ios/build/Build/Intermediates.noindex/LocalLLMClient.build/Debug-iphonesimulator/LocalLLMClientLlamaC.build/Objects-normal/arm64/json-partial.d --serialize-diagnostics /Users/runner/work/red-pen-ios/red-pen-ios/ios/build/Build/Intermediates.noindex/LocalLLMClient.build/Debug-iphonesimulator/LocalLLMClientLlamaC.build/Objects-normal/arm64/json-partial.dia -c /Users/runner/work/red-pen-ios/red-pen-ios/ios/build/SourcePackages/checkouts/LocalLLMClient/Sources/LocalLLMClientLlamaC/common/json-partial.cpp -o /Users/runner/work/red-pen-ios/red-pen-ios/ios/build/Build/Intermediates.noindex/LocalLLMClient.build/Debug-iphonesimulator/LocalLLMClientLlamaC.build/Objects-normal/arm64/json-partial.o -index-unit-output-path /LocalLLMClient.build/Debug-iphonesimulator/LocalLLMClientLlamaC.build/Objects-normal/arm64/json-partial.o

CompileC /Users/runner/work/red-pen-ios/red-pen-ios/ios/build/Build/Intermediates.noindex/LocalLLMClient.build/Debug-iphonesimulator/LocalLLMClientLlamaC.build/Objects-normal/arm64/internvl.o /Users/runner/work/red-pen-ios/red-pen-ios/ios/build/SourcePackages/checkouts/LocalLLMClient/Sources/LocalLLMClientLlamaC/models/internvl.cpp normal arm64 c++ com.apple.compilers.llvm.clang.1_0.compiler (in target 'LocalLLMClientLlamaC' from project 'LocalLLMClient')
    cd /Users/runner/work/red-pen-ios/red-pen-ios/ios/RedPen.xcodeproj
    
    Using response file: /Users/runner/work/red-pen-ios/red-pen-ios/ios/build/Build/Intermediates.noindex/LocalLLMClient.build/Debug-iphonesimulator/LocalLLMClientLlamaC.build/Objects-normal/arm64/82b82416624d2658e5098eb0a28c15c5-common-args.resp
    
    /Applications/Xcode_26.6.app/Contents/Developer/Toolchains/XcodeDefault.xctoolchain/usr/bin/clang -x c++ -ivfsstatcache /Users/runner/work/red-pen-ios/red-pen-ios/ios/build/SDKStatCaches.noindex/iphonesimulator26.5-23F81a-688ef53f1462e2c8f657fdc38a81448ff45c64a1807a658693f2a61704f17a36.sdkstatcache -target arm64-apple-ios17.0-simulator -fmessage-length\=0 -fdiagnostics-show-note-include-stack -fmacro-backtrace-limit\=0 -fno-color-diagnostics -fmodules-prune-interval\=86400 -fmodules-prune-after\=345600 -fbuild-session-file\=/Users/runner/work/red-pen-ios/red-pen-ios/ios/build/ModuleCache.noindex/Session.modulevalidation -fmodules-validate-once-per-build-session -Wnon-modular-include-in-framework-module -Werror\=non-modular-include-in-framework-module -Wno-trigraphs -Wno-missing-field-initializers -Wno-missing-prototypes -Wno-return-type -Wno-non-virtual-dtor -Wno-overloaded-virtual -Wno-exit-time-destructors -Wno-missing-braces -Wparentheses -Wswitch -Wno-unused-function -Wno-unused-label -Wno-unused-parameter -Wno-unused-variable -Wunused-value -Wno-empty-body -Wno-uninitialized -Wno-unknown-pragmas -w -Wno-shadow -Wno-four-char-constants -Wno-conversion -Wno-constant-conversion -Wno-int-conversion -Wno-bool-conversion -Wno-enum-conversion -Wno-float-conversion -Wno-non-literal-null-conversion -Wno-objc-literal-conversion -Wshorten-64-to-32 -Wno-newline-eof -Wno-c++11-extensions -Wno-implicit-fallthrough -isysroot /Applications/Xcode_26.6.app/Contents/Developer/Platforms/iPhoneSimulator.platform/Developer/SDKs/iPhoneSimulator26.5.sdk -fstrict-aliasing -Wdeprecated-declarations -Winvalid-offsetof -Wno-sign-conversion -Wno-infinite-recursion -Wno-move -Wno-comma -Wno-block-capture-autoreleasing -Wno-strict-prototypes -Wno-range-loop-analysis -Wno-semicolon-before-method-body -index-store-path /Users/runner/work/red-pen-ios/red-pen-ios/ios/build/Index.noindex/DataStore -w @/Users/runner/work/red-pen-ios/red-pen-ios/ios/build/Build/Intermediates.noindex/LocalLLMClient.build/Debug-iphonesimulator/LocalLLMClientLlamaC.build/Objects-normal/arm64/82b82416624d2658e5098eb0a28c15c5-common-args.resp -MMD -MT dependencies -MF /Users/runner/work/red-pen-ios/red-pen-ios/ios/build/Build/Intermediates.noindex/LocalLLMClient.build/Debug-iphonesimulator/LocalLLMClientLlamaC.build/Objects-normal/arm64/internvl.d --serialize-diagnostics /Users/runner/work/red-pen-ios/red-pen-ios/ios/build/Build/Intermediates.noindex/LocalLLMClient.build/Debug-iphonesimulator/LocalLLMClientLlamaC.build/Objects-normal/arm64/internvl.dia -c /Users/runner/work/red-pen-ios/red-pen-ios/ios/build/SourcePackages/checkouts/LocalLLMClient/Sources/LocalLLMClientLlamaC/models/internvl.cpp -o /Users/runner/work/red-pen-ios/red-pen-ios/ios/build/Build/Intermediates.noindex/LocalLLMClient.build/Debug-iphonesimulator/LocalLLMClientLlamaC.build/Objects-normal/arm64/internvl.o -index-unit-output-path /LocalLLMClient.build/Debug-iphonesimulator/LocalLLMClientLlamaC.build/Objects-normal/arm64/internvl.o

CompileC /Users/runner/work/red-pen-ios/red-pen-ios/ios/build/Build/Intermediates.noindex/LocalLLMClient.build/Debug-iphonesimulator/LocalLLMClientLlamaC.build/Objects-normal/arm64/hunyuanocr.o /Users/runner/work/red-pen-ios/red-pen-ios/ios/build/SourcePackages/checkouts/LocalLLMClient/Sources/LocalLLMClientLlamaC/models/hunyuanocr.cpp normal arm64 c++ com.apple.compilers.llvm.clang.1_0.compiler (in target 'LocalLLMClientLlamaC' from project 'LocalLLMClient')
    cd /Users/runner/work/red-pen-ios/red-pen-ios/ios/RedPen.xcodeproj
    
    Using response file: /Users/runner/work/red-pen-ios/red-pen-ios/ios/build/Build/Intermediates.noindex/LocalLLMClient.build/Debug-iphonesimulator/LocalLLMClientLlamaC.build/Objects-normal/arm64/82b82416624d2658e5098eb0a28c15c5-common-args.resp
    
    /Applications/Xcode_26.6.app/Contents/Developer/Toolchains/XcodeDefault.xctoolchain/usr/bin/clang -x c++ -ivfsstatcache /Users/runner/work/red-pen-ios/red-pen-ios/ios/build/SDKStatCaches.noindex/iphonesimulator26.5-23F81a-688ef53f1462e2c8f657fdc38a81448ff45c64a1807a658693f2a61704f17a36.sdkstatcache -target arm64-apple-ios17.0-simulator -fmessage-length\=0 -fdiagnostics-show-note-include-stack -fmacro-backtrace-limit\=0 -fno-color-diagnostics -fmodules-prune-interval\=86400 -fmodules-prune-after\=345600 -fbuild-session-file\=/Users/runner/work/red-pen-ios/red-pen-ios/ios/build/ModuleCache.noindex/Session.modulevalidation -fmodules-validate-once-per-build-session -Wnon-modular-include-in-framework-module -Werror\=non-modular-include-in-framework-module -Wno-trigraphs -Wno-missing-field-initializers -Wno-missing-prototypes -Wno-return-type -Wno-non-virtual-dtor -Wno-overloaded-virtual -Wno-exit-time-destructors -Wno-missing-braces -Wparentheses -Wswitch -Wno-unused-function -Wno-unused-label -Wno-unused-parameter -Wno-unused-variable -Wunused-value -Wno-empty-body -Wno-uninitialized -Wno-unknown-pragmas -w -Wno-shadow -Wno-four-char-constants -Wno-conversion -Wno-constant-conversion -Wno-int-conversion -Wno-bool-conversion -Wno-enum-conversion -Wno-float-conversion -Wno-non-literal-null-conversion -Wno-objc-literal-conversion -Wshorten-64-to-32 -Wno-newline-eof -Wno-c++11-extensions -Wno-implicit-fallthrough -isysroot /Applications/Xcode_26.6.app/Contents/Developer/Platforms/iPhoneSimulator.platform/Developer/SDKs/iPhoneSimulator26.5.sdk -fstrict-aliasing -Wdeprecated-declarations -Winvalid-offsetof -Wno-sign-conversion -Wno-infinite-recursion -Wno-move -Wno-comma -Wno-block-capture-autoreleasing -Wno-strict-prototypes -Wno-range-loop-analysis -Wno-semicolon-before-method-body -index-store-path /Users/runner/work/red-pen-ios/red-pen-ios/ios/build/Index.noindex/DataStore -w @/Users/runner/work/red-pen-ios/red-pen-ios/ios/build/Build/Intermediates.noindex/LocalLLMClient.build/Debug-iphonesimulator/LocalLLMClientLlamaC.build/Objects-normal/arm64/82b82416624d2658e5098eb0a28c15c5-common-args.resp -MMD -MT dependencies -MF /Users/runner/work/red-pen-ios/red-pen-ios/ios/build/Build/Intermediates.noindex/LocalLLMClient.build/Debug-iphonesimulator/LocalLLMClientLlamaC.build/Objects-normal/arm64/hunyuanocr.d --serialize-diagnostics /Users/runner/work/red-pen-ios/red-pen-ios/ios/build/Build/Intermediates.noindex/LocalLLMClient.build/Debug-iphonesimulator/LocalLLMClientLlamaC.build/Objects-normal/arm64/hunyuanocr.dia -c /Users/runner/work/red-pen-ios/red-pen-ios/ios/build/SourcePackages/checkouts/LocalLLMClient/Sources/LocalLLMClientLlamaC/models/hunyuanocr.cpp -o /Users/runner/work/red-pen-ios/red-pen-ios/ios/build/Build/Intermediates.noindex/LocalLLMClient.build/Debug-iphonesimulator/LocalLLMClientLlamaC.build/Objects-normal/arm64/hunyuanocr.o -index-unit-output-path /LocalLLMClient.build/Debug-iphonesimulator/LocalLLMClientLlamaC.build/Objects-normal/arm64/hunyuanocr.o

CompileC /Users/runner/work/red-pen-ios/red-pen-ios/ios/build/Build/Intermediates.noindex/LocalLLMClient.build/Debug-iphonesimulator/LocalLLMClientLlamaC.build/Objects-normal/arm64/glm4v.o /Users/runner/work/red-pen-ios/red-pen-ios/ios/build/SourcePackages/checkouts/LocalLLMClient/Sources/LocalLLMClientLlamaC/models/glm4v.cpp normal arm64 c++ com.apple.compilers.llvm.clang.1_0.compiler (in target 'LocalLLMClientLlamaC' from project 'LocalLLMClient')
    cd /Users/runner/work/red-pen-ios/red-pen-ios/ios/RedPen.xcodeproj
    
    Using response file: /Users/runner/work/red-pen-ios/red-pen-ios/ios/build/Build/Intermediates.noindex/LocalLLMClient.build/Debug-iphonesimulator/LocalLLMClientLlamaC.build/Objects-normal/arm64/82b82416624d2658e5098eb0a28c15c5-common-args.resp
    
    /Applications/Xcode_26.6.app/Contents/Developer/Toolchains/XcodeDefault.xctoolchain/usr/bin/clang -x c++ -ivfsstatcache /Users/runner/work/red-pen-ios/red-pen-ios/ios/build/SDKStatCaches.noindex/iphonesimulator26.5-23F81a-688ef53f1462e2c8f657fdc38a81448ff45c64a1807a658693f2a61704f17a36.sdkstatcache -target arm64-apple-ios17.0-simulator -fmessage-length\=0 -fdiagnostics-show-note-include-stack -fmacro-backtrace-limit\=0 -fno-color-diagnostics -fmodules-prune-interval\=86400 -fmodules-prune-after\=345600 -fbuild-session-file\=/Users/runner/work/red-pen-ios/red-pen-ios/ios/build/ModuleCache.noindex/Session.modulevalidation -fmodules-validate-once-per-build-session -Wnon-modular-include-in-framework-module -Werror\=non-modular-include-in-framework-module -Wno-trigraphs -Wno-missing-field-initializers -Wno-missing-prototypes -Wno-return-type -Wno-non-virtual-dtor -Wno-overloaded-virtual -Wno-exit-time-destructors -Wno-missing-braces -Wparentheses -Wswitch -Wno-unused-function -Wno-unused-label -Wno-unused-parameter -Wno-unused-variable -Wunused-value -Wno-empty-body -Wno-uninitialized -Wno-unknown-pragmas -w -Wno-shadow -Wno-four-char-constants -Wno-conversion -Wno-constant-conversion -Wno-int-conversion -Wno-bool-conversion -Wno-enum-conversion -Wno-float-conversion -Wno-non-literal-null-conversion -Wno-objc-literal-conversion -Wshorten-64-to-32 -Wno-newline-eof -Wno-c++11-extensions -Wno-implicit-fallthrough -isysroot /Applications/Xcode_26.6.app/Contents/Developer/Platforms/iPhoneSimulator.platform/Developer/SDKs/iPhoneSimulator26.5.sdk -fstrict-aliasing -Wdeprecated-declarations -Winvalid-offsetof -Wno-sign-conversion -Wno-infinite-recursion -Wno-move -Wno-comma -Wno-block-capture-autoreleasing -Wno-strict-prototypes -Wno-range-loop-analysis -Wno-semicolon-before-method-body -index-store-path /Users/runner/work/red-pen-ios/red-pen-ios/ios/build/Index.noindex/DataStore -w @/Users/runner/work/red-pen-ios/red-pen-ios/ios/build/Build/Intermediates.noindex/LocalLLMClient.build/Debug-iphonesimulator/LocalLLMClientLlamaC.build/Objects-normal/arm64/82b82416624d2658e5098eb0a28c15c5-common-args.resp -MMD -MT dependencies -MF /Users/runner/work/red-pen-ios/red-pen-ios/ios/build/Build/Intermediates.noindex/LocalLLMClient.build/Debug-iphonesimulator/LocalLLMClientLlamaC.build/Objects-normal/arm64/glm4v.d --serialize-diagnostics /Users/runner/work/red-pen-ios/red-pen-ios/ios/build/Build/Intermediates.noindex/LocalLLMClient.build/Debug-iphonesimulator/LocalLLMClientLlamaC.build/Objects-normal/arm64/glm4v.dia -c /Users/runner/work/red-pen-ios/red-pen-ios/ios/build/SourcePackages/checkouts/LocalLLMClient/Sources/LocalLLMClientLlamaC/models/glm4v.cpp -o /Users/runner/work/red-pen-ios/red-pen-ios/ios/build/Build/Intermediates.noindex/LocalLLMClient.build/Debug-iphonesimulator/LocalLLMClientLlamaC.build/Objects-normal/arm64/glm4v.o -index-unit-output-path /LocalLLMClient.build/Debug-iphonesimulator/LocalLLMClientLlamaC.build/Objects-normal/arm64/glm4v.o

CompileC /Users/runner/work/red-pen-ios/red-pen-ios/ios/build/Build/Intermediates.noindex/LocalLLMClient.build/Debug-iphonesimulator/LocalLLMClientLlamaC.build/Objects-normal/arm64/gemma4v.o /Users/runner/work/red-pen-ios/red-pen-ios/ios/build/SourcePackages/checkouts/LocalLLMClient/Sources/LocalLLMClientLlamaC/models/gemma4v.cpp normal arm64 c++ com.apple.compilers.llvm.clang.1_0.compiler (in target 'LocalLLMClientLlamaC' from project 'LocalLLMClient')
    cd /Users/runner/work/red-pen-ios/red-pen-ios/ios/RedPen.xcodeproj
    
    Using response file: /Users/runner/work/red-pen-ios/red-pen-ios/ios/build/Build/Intermediates.noindex/LocalLLMClient.build/Debug-iphonesimulator/LocalLLMClientLlamaC.build/Objects-normal/arm64/82b82416624d2658e5098eb0a28c15c5-common-args.resp
    
    /Applications/Xcode_26.6.app/Contents/Developer/Toolchains/XcodeDefault.xctoolchain/usr/bin/clang -x c++ -ivfsstatcache /Users/runner/work/red-pen-ios/red-pen-ios/ios/build/SDKStatCaches.noindex/iphonesimulator26.5-23F81a-688ef53f1462e2c8f657fdc38a81448ff45c64a1807a658693f2a61704f17a36.sdkstatcache -target arm64-apple-ios17.0-simulator -fmessage-length\=0 -fdiagnostics-show-note-include-stack -fmacro-backtrace-limit\=0 -fno-color-diagnostics -fmodules-prune-interval\=86400 -fmodules-prune-after\=345600 -fbuild-session-file\=/Users/runner/work/red-pen-ios/red-pen-ios/ios/build/ModuleCache.noindex/Session.modulevalidation -fmodules-validate-once-per-build-session -Wnon-modular-include-in-framework-module -Werror\=non-modular-include-in-framework-module -Wno-trigraphs -Wno-missing-field-initializers -Wno-missing-prototypes -Wno-return-type -Wno-non-virtual-dtor -Wno-overloaded-virtual -Wno-exit-time-destructors -Wno-missing-braces -Wparentheses -Wswitch -Wno-unused-function -Wno-unused-label -Wno-unused-parameter -Wno-unused-variable -Wunused-value -Wno-empty-body -Wno-uninitialized -Wno-unknown-pragmas -w -Wno-shadow -Wno-four-char-constants -Wno-conversion -Wno-constant-conversion -Wno-int-conversion -Wno-bool-conversion -Wno-enum-conversion -Wno-float-conversion -Wno-non-literal-null-conversion -Wno-objc-literal-conversion -Wshorten-64-to-32 -Wno-newline-eof -Wno-c++11-extensions -Wno-implicit-fallthrough -isysroot /Applications/Xcode_26.6.app/Contents/Developer/Platforms/iPhoneSimulator.platform/Developer/SDKs/iPhoneSimulator26.5.sdk -fstrict-aliasing -Wdeprecated-declarations -Winvalid-offsetof -Wno-sign-conversion -Wno-infinite-recursion -Wno-move -Wno-comma -Wno-block-capture-autoreleasing -Wno-strict-prototypes -Wno-range-loop-analysis -Wno-semicolon-before-method-body -index-store-path /Users/runner/work/red-pen-ios/red-pen-ios/ios/build/Index.noindex/DataStore -w @/Users/runner/work/red-pen-ios/red-pen-ios/ios/build/Build/Intermediates.noindex/LocalLLMClient.build/Debug-iphonesimulator/LocalLLMClientLlamaC.build/Objects-normal/arm64/82b82416624d2658e5098eb0a28c15c5-common-args.resp -MMD -MT dependencies -MF /Users/runner/work/red-pen-ios/red-pen-ios/ios/build/Build/Intermediates.noindex/LocalLLMClient.build/Debug-iphonesimulator/LocalLLMClientLlamaC.build/Objects-normal/arm64/gemma4v.d --serialize-diagnostics /Users/runner/work/red-pen-ios/red-pen-ios/ios/build/Build/Intermediates.noindex/LocalLLMClient.build/Debug-iphonesimulator/LocalLLMClientLlamaC.build/Objects-normal/arm64/gemma4v.dia -c /Users/runner/work/red-pen-ios/red-pen-ios/ios/build/SourcePackages/checkouts/LocalLLMClient/Sources/LocalLLMClientLlamaC/models/gemma4v.cpp -o /Users/runner/work/red-pen-ios/red-pen-ios/ios/build/Build/Intermediates.noindex/LocalLLMClient.build/Debug-iphonesimulator/LocalLLMClientLlamaC.build/Objects-normal/arm64/gemma4v.o -index-unit-output-path /LocalLLMClient.build/Debug-iphonesimulator/LocalLLMClientLlamaC.build/Objects-normal/arm64/gemma4v.o

CompileC /Users/runner/work/red-pen-ios/red-pen-ios/ios/build/Build/Intermediates.noindex/LocalLLMClient.build/Debug-iphonesimulator/LocalLLMClientLlamaC.build/Objects-normal/arm64/gemma4a.o /Users/runner/work/red-pen-ios/red-pen-ios/ios/build/SourcePackages/checkouts/LocalLLMClient/Sources/LocalLLMClientLlamaC/models/gemma4a.cpp normal arm64 c++ com.apple.compilers.llvm.clang.1_0.compiler (in target 'LocalLLMClientLlamaC' from project 'LocalLLMClient')
    cd /Users/runner/work/red-pen-ios/red-pen-ios/ios/RedPen.xcodeproj
    
    Using response file: /Users/runner/work/red-pen-ios/red-pen-ios/ios/build/Build/Intermediates.noindex/LocalLLMClient.build/Debug-iphonesimulator/LocalLLMClientLlamaC.build/Objects-normal/arm64/82b82416624d2658e5098eb0a28c15c5-common-args.resp
    
    /Applications/Xcode_26.6.app/Contents/Developer/Toolchains/XcodeDefault.xctoolchain/usr/bin/clang -x c++ -ivfsstatcache /Users/runner/work/red-pen-ios/red-pen-ios/ios/build/SDKStatCaches.noindex/iphonesimulator26.5-23F81a-688ef53f1462e2c8f657fdc38a81448ff45c64a1807a658693f2a61704f17a36.sdkstatcache -target arm64-apple-ios17.0-simulator -fmessage-length\=0 -fdiagnostics-show-note-include-stack -fmacro-backtrace-limit\=0 -fno-color-diagnostics -fmodules-prune-interval\=86400 -fmodules-prune-after\=345600 -fbuild-session-file\=/Users/runner/work/red-pen-ios/red-pen-ios/ios/build/ModuleCache.noindex/Session.modulevalidation -fmodules-validate-once-per-build-session -Wnon-modular-include-in-framework-module -Werror\=non-modular-include-in-framework-module -Wno-trigraphs -Wno-missing-field-initializers -Wno-missing-prototypes -Wno-return-type -Wno-non-virtual-dtor -Wno-overloaded-virtual -Wno-exit-time-destructors -Wno-missing-braces -Wparentheses -Wswitch -Wno-unused-function -Wno-unused-label -Wno-unused-parameter -Wno-unused-variable -Wunused-value -Wno-empty-body -Wno-uninitialized -Wno-unknown-pragmas -w -Wno-shadow -Wno-four-char-constants -Wno-conversion -Wno-constant-conversion -Wno-int-conversion -Wno-bool-conversion -Wno-enum-conversion -Wno-float-conversion -Wno-non-literal-null-conversion -Wno-objc-literal-conversion -Wshorten-64-to-32 -Wno-newline-eof -Wno-c++11-extensions -Wno-implicit-fallthrough -isysroot /Applications/Xcode_26.6.app/Contents/Developer/Platforms/iPhoneSimulator.platform/Developer/SDKs/iPhoneSimulator26.5.sdk -fstrict-aliasing -Wdeprecated-declarations -Winvalid-offsetof -Wno-sign-conversion -Wno-infinite-recursion -Wno-move -Wno-comma -Wno-block-capture-autoreleasing -Wno-strict-prototypes -Wno-range-loop-analysis -Wno-semicolon-before-method-body -index-store-path /Users/runner/work/red-pen-ios/red-pen-ios/ios/build/Index.noindex/DataStore -w @/Users/runner/work/red-pen-ios/red-pen-ios/ios/build/Build/Intermediates.noindex/LocalLLMClient.build/Debug-iphonesimulator/LocalLLMClientLlamaC.build/Objects-normal/arm64/82b82416624d2658e5098eb0a28c15c5-common-args.resp -MMD -MT dependencies -MF /Users/runner/work/red-pen-ios/red-pen-ios/ios/build/Build/Intermediates.noindex/LocalLLMClient.build/Debug-iphonesimulator/LocalLLMClientLlamaC.build/Objects-normal/arm64/gemma4a.d --serialize-diagnostics /Users/runner/work/red-pen-ios/red-pen-ios/ios/build/Build/Intermediates.noindex/LocalLLMClient.build/Debug-iphonesimulator/LocalLLMClientLlamaC.build/Objects-normal/arm64/gemma4a.dia -c /Users/runner/work/red-pen-ios/red-pen-ios/ios/build/SourcePackages/checkouts/LocalLLMClient/Sources/LocalLLMClientLlamaC/models/gemma4a.cpp -o /Users/runner/work/red-pen-ios/red-pen-ios/ios/build/Build/Intermediates.noindex/LocalLLMClient.build/Debug-iphonesimulator/LocalLLMClientLlamaC.build/Objects-normal/arm64/gemma4a.o -index-unit-output-path /LocalLLMClient.build/Debug-iphonesimulator/LocalLLMClientLlamaC.build/Objects-normal/arm64/gemma4a.o

CompileC /Users/runner/work/red-pen-ios/red-pen-ios/ios/build/Build/Intermediates.noindex/LocalLLMClient.build/Debug-iphonesimulator/LocalLLMClientLlamaC.build/Objects-normal/arm64/dotsocr.o /Users/runner/work/red-pen-ios/red-pen-ios/ios/build/SourcePackages/checkouts/LocalLLMClient/Sources/LocalLLMClientLlamaC/models/dotsocr.cpp normal arm64 c++ com.apple.compilers.llvm.clang.1_0.compiler (in target 'LocalLLMClientLlamaC' from project 'LocalLLMClient')
    cd /Users/runner/work/red-pen-ios/red-pen-ios/ios/RedPen.xcodeproj
    
    Using response file: /Users/runner/work/red-pen-ios/red-pen-ios/ios/build/Build/Intermediates.noindex/LocalLLMClient.build/Debug-iphonesimulator/LocalLLMClientLlamaC.build/Objects-normal/arm64/82b82416624d2658e5098eb0a28c15c5-common-args.resp
    
    /Applications/Xcode_26.6.app/Contents/Developer/Toolchains/XcodeDefault.xctoolchain/usr/bin/clang -x c++ -ivfsstatcache /Users/runner/work/red-pen-ios/red-pen-ios/ios/build/SDKStatCaches.noindex/iphonesimulator26.5-23F81a-688ef53f1462e2c8f657fdc38a81448ff45c64a1807a658693f2a61704f17a36.sdkstatcache -target arm64-apple-ios17.0-simulator -fmessage-length\=0 -fdiagnostics-show-note-include-stack -fmacro-backtrace-limit\=0 -fno-color-diagnostics -fmodules-prune-interval\=86400 -fmodules-prune-after\=345600 -fbuild-session-file\=/Users/runner/work/red-pen-ios/red-pen-ios/ios/build/ModuleCache.noindex/Session.modulevalidation -fmodules-validate-once-per-build-session -Wnon-modular-include-in-framework-module -Werror\=non-modular-include-in-framework-module -Wno-trigraphs -Wno-missing-field-initializers -Wno-missing-prototypes -Wno-return-type -Wno-non-virtual-dtor -Wno-overloaded-virtual -Wno-exit-time-destructors -Wno-missing-braces -Wparentheses -Wswitch -Wno-unused-function -Wno-unused-label -Wno-unused-parameter -Wno-unused-variable -Wunused-value -Wno-empty-body -Wno-uninitialized -Wno-unknown-pragmas -w -Wno-shadow -Wno-four-char-constants -Wno-conversion -Wno-constant-conversion -Wno-int-conversion -Wno-bool-conversion -Wno-enum-conversion -Wno-float-conversion -Wno-non-literal-null-conversion -Wno-objc-literal-conversion -Wshorten-64-to-32 -Wno-newline-eof -Wno-c++11-extensions -Wno-implicit-fallthrough -isysroot /Applications/Xcode_26.6.app/Contents/Developer/Platforms/iPhoneSimulator.platform/Developer/SDKs/iPhoneSimulator26.5.sdk -fstrict-aliasing -Wdeprecated-declarations -Winvalid-offsetof -Wno-sign-conversion -Wno-infinite-recursion -Wno-move -Wno-comma -Wno-block-capture-autoreleasing -Wno-strict-prototypes -Wno-range-loop-analysis -Wno-semicolon-before-method-body -index-store-path /Users/runner/work/red-pen-ios/red-pen-ios/ios/build/Index.noindex/DataStore -w @/Users/runner/work/red-pen-ios/red-pen-ios/ios/build/Build/Intermediates.noindex/LocalLLMClient.build/Debug-iphonesimulator/LocalLLMClientLlamaC.build/Objects-normal/arm64/82b82416624d2658e5098eb0a28c15c5-common-args.resp -MMD -MT dependencies -MF /Users/runner/work/red-pen-ios/red-pen-ios/ios/build/Build/Intermediates.noindex/LocalLLMClient.build/Debug-iphonesimulator/LocalLLMClientLlamaC.build/Objects-normal/arm64/dotsocr.d --serialize-diagnostics /Users/runner/work/red-pen-ios/red-pen-ios/ios/build/Build/Intermediates.noindex/LocalLLMClient.build/Debug-iphonesimulator/LocalLLMClientLlamaC.build/Objects-normal/arm64/dotsocr.dia -c /Users/runner/work/red-pen-ios/red-pen-ios/ios/build/SourcePackages/checkouts/LocalLLMClient/Sources/LocalLLMClientLlamaC/models/dotsocr.cpp -o /Users/runner/work/red-pen-ios/red-pen-ios/ios/build/Build/Intermediates.noindex/LocalLLMClient.build/Debug-iphonesimulator/LocalLLMClientLlamaC.build/Objects-normal/arm64/dotsocr.o -index-unit-output-path /LocalLLMClient.build/Debug-iphonesimulator/LocalLLMClientLlamaC.build/Objects-normal/arm64/dotsocr.o

CompileC /Users/runner/work/red-pen-ios/red-pen-ios/ios/build/Build/Intermediates.noindex/LocalLLMClient.build/Debug-iphonesimulator/LocalLLMClientLlamaC.build/Objects-normal/arm64/deepseekocr.o /Users/runner/work/red-pen-ios/red-pen-ios/ios/build/SourcePackages/checkouts/LocalLLMClient/Sources/LocalLLMClientLlamaC/models/deepseekocr.cpp normal arm64 c++ com.apple.compilers.llvm.clang.1_0.compiler (in target 'LocalLLMClientLlamaC' from project 'LocalLLMClient')
    cd /Users/runner/work/red-pen-ios/red-pen-ios/ios/RedPen.xcodeproj
    
    Using response file: /Users/runner/work/red-pen-ios/red-pen-ios/ios/build/Build/Intermediates.noindex/LocalLLMClient.build/Debug-iphonesimulator/LocalLLMClientLlamaC.build/Objects-normal/arm64/82b82416624d2658e5098eb0a28c15c5-common-args.resp
    
    /Applications/Xcode_26.6.app/Contents/Developer/Toolchains/XcodeDefault.xctoolchain/usr/bin/clang -x c++ -ivfsstatcache /Users/runner/work/red-pen-ios/red-pen-ios/ios/build/SDKStatCaches.noindex/iphonesimulator26.5-23F81a-688ef53f1462e2c8f657fdc38a81448ff45c64a1807a658693f2a61704f17a36.sdkstatcache -target arm64-apple-ios17.0-simulator -fmessage-length\=0 -fdiagnostics-show-note-include-stack -fmacro-backtrace-limit\=0 -fno-color-diagnostics -fmodules-prune-interval\=86400 -fmodules-prune-after\=345600 -fbuild-session-file\=/Users/runner/work/red-pen-ios/red-pen-ios/ios/build/ModuleCache.noindex/Session.modulevalidation -fmodules-validate-once-per-build-session -Wnon-modular-include-in-framework-module -Werror\=non-modular-include-in-framework-module -Wno-trigraphs -Wno-missing-field-initializers -Wno-missing-prototypes -Wno-return-type -Wno-non-virtual-dtor -Wno-overloaded-virtual -Wno-exit-time-destructors -Wno-missing-braces -Wparentheses -Wswitch -Wno-unused-function -Wno-unused-label -Wno-unused-parameter -Wno-unused-variable -Wunused-value -Wno-empty-body -Wno-uninitialized -Wno-unknown-pragmas -w -Wno-shadow -Wno-four-char-constants -Wno-conversion -Wno-constant-conversion -Wno-int-conversion -Wno-bool-conversion -Wno-enum-conversion -Wno-float-conversion -Wno-non-literal-null-conversion -Wno-objc-literal-conversion -Wshorten-64-to-32 -Wno-newline-eof -Wno-c++11-extensions -Wno-implicit-fallthrough -isysroot /Applications/Xcode_26.6.app/Contents/Developer/Platforms/iPhoneSimulator.platform/Developer/SDKs/iPhoneSimulator26.5.sdk -fstrict-aliasing -Wdeprecated-declarations -Winvalid-offsetof -Wno-sign-conversion -Wno-infinite-recursion -Wno-move -Wno-comma -Wno-block-capture-autoreleasing -Wno-strict-prototypes -Wno-range-loop-analysis -Wno-semicolon-before-method-body -index-store-path /Users/runner/work/red-pen-ios/red-pen-ios/ios/build/Index.noindex/DataStore -w @/Users/runner/work/red-pen-ios/red-pen-ios/ios/build/Build/Intermediates.noindex/LocalLLMClient.build/Debug-iphonesimulator/LocalLLMClientLlamaC.build/Objects-normal/arm64/82b82416624d2658e5098eb0a28c15c5-common-args.resp -MMD -MT dependencies -MF /Users/runner/work/red-pen-ios/red-pen-ios/ios/build/Build/Intermediates.noindex/LocalLLMClient.build/Debug-iphonesimulator/LocalLLMClientLlamaC.build/Objects-normal/arm64/deepseekocr.d --serialize-diagnostics /Users/runner/work/red-pen-ios/red-pen-ios/ios/build/Build/Intermediates.noindex/LocalLLMClient.build/Debug-iphonesimulator/LocalLLMClientLlamaC.build/Objects-normal/arm64/deepseekocr.dia -c /Users/runner/work/red-pen-ios/red-pen-ios/ios/build/SourcePackages/checkouts/LocalLLMClient/Sources/LocalLLMClientLlamaC/models/deepseekocr.cpp -o /Users/runner/work/red-pen-ios/red-pen-ios/ios/build/Build/Intermediates.noindex/LocalLLMClient.build/Debug-iphonesimulator/LocalLLMClientLlamaC.build/Objects-normal/arm64/deepseekocr.o -index-unit-output-path /LocalLLMClient.build/Debug-iphonesimulator/LocalLLMClientLlamaC.build/Objects-normal/arm64/deepseekocr.o

CompileC /Users/runner/work/red-pen-ios/red-pen-ios/ios/build/Build/Intermediates.noindex/LocalLLMClient.build/Debug-iphonesimulator/LocalLLMClientLlamaC.build/Objects-normal/arm64/conformer.o /Users/runner/work/red-pen-ios/red-pen-ios/ios/build/SourcePackages/checkouts/LocalLLMClient/Sources/LocalLLMClientLlamaC/models/conformer.cpp normal arm64 c++ com.apple.compilers.llvm.clang.1_0.compiler (in target 'LocalLLMClientLlamaC' from project 'LocalLLMClient')
    cd /Users/runner/work/red-pen-ios/red-pen-ios/ios/RedPen.xcodeproj
    
    Using response file: /Users/runner/work/red-pen-ios/red-pen-ios/ios/build/Build/Intermediates.noindex/LocalLLMClient.build/Debug-iphonesimulator/LocalLLMClientLlamaC.build/Objects-normal/arm64/82b82416624d2658e5098eb0a28c15c5-common-args.resp
    
    /Applications/Xcode_26.6.app/Contents/Developer/Toolchains/XcodeDefault.xctoolchain/usr/bin/clang -x c++ -ivfsstatcache /Users/runner/work/red-pen-ios/red-pen-ios/ios/build/SDKStatCaches.noindex/iphonesimulator26.5-23F81a-688ef53f1462e2c8f657fdc38a81448ff45c64a1807a658693f2a61704f17a36.sdkstatcache -target arm64-apple-ios17.0-simulator -fmessage-length\=0 -fdiagnostics-show-note-include-stack -fmacro-backtrace-limit\=0 -fno-color-diagnostics -fmodules-prune-interval\=86400 -fmodules-prune-after\=345600 -fbuild-session-file\=/Users/runner/work/red-pen-ios/red-pen-ios/ios/build/ModuleCache.noindex/Session.modulevalidation -fmodules-validate-once-per-build-session -Wnon-modular-include-in-framework-module -Werror\=non-modular-include-in-framework-module -Wno-trigraphs -Wno-missing-field-initializers -Wno-missing-prototypes -Wno-return-type -Wno-non-virtual-dtor -Wno-overloaded-virtual -Wno-exit-time-destructors -Wno-missing-braces -Wparentheses -Wswitch -Wno-unused-function -Wno-unused-label -Wno-unused-parameter -Wno-unused-variable -Wunused-value -Wno-empty-body -Wno-uninitialized -Wno-unknown-pragmas -w -Wno-shadow -Wno-four-char-constants -Wno-conversion -Wno-constant-conversion -Wno-int-conversion -Wno-bool-conversion -Wno-enum-conversion -Wno-float-conversion -Wno-non-literal-null-conversion -Wno-objc-literal-conversion -Wshorten-64-to-32 -Wno-newline-eof -Wno-c++11-extensions -Wno-implicit-fallthrough -isysroot /Applications/Xcode_26.6.app/Contents/Developer/Platforms/iPhoneSimulator.platform/Developer/SDKs/iPhoneSimulator26.5.sdk -fstrict-aliasing -Wdeprecated-declarations -Winvalid-offsetof -Wno-sign-conversion -Wno-infinite-recursion -Wno-move -Wno-comma -Wno-block-capture-autoreleasing -Wno-strict-prototypes -Wno-range-loop-analysis -Wno-semicolon-before-method-body -index-store-path /Users/runner/work/red-pen-ios/red-pen-ios/ios/build/Index.noindex/DataStore -w @/Users/runner/work/red-pen-ios/red-pen-ios/ios/build/Build/Intermediates.noindex/LocalLLMClient.build/Debug-iphonesimulator/LocalLLMClientLlamaC.build/Objects-normal/arm64/82b82416624d2658e5098eb0a28c15c5-common-args.resp -MMD -MT dependencies -MF /Users/runner/work/red-pen-ios/red-pen-ios/ios/build/Build/Intermediates.noindex/LocalLLMClient.build/Debug-iphonesimulator/LocalLLMClientLlamaC.build/Objects-normal/arm64/conformer.d --serialize-diagnostics /Users/runner/work/red-pen-ios/red-pen-ios/ios/build/Build/Intermediates.noindex/LocalLLMClient.build/Debug-iphonesimulator/LocalLLMClientLlamaC.build/Objects-normal/arm64/conformer.dia -c /Users/runner/work/red-pen-ios/red-pen-ios/ios/build/SourcePackages/checkouts/LocalLLMClient/Sources/LocalLLMClientLlamaC/models/conformer.cpp -o /Users/runner/work/red-pen-ios/red-pen-ios/ios/build/Build/Intermediates.noindex/LocalLLMClient.build/Debug-iphonesimulator/LocalLLMClientLlamaC.build/Objects-normal/arm64/conformer.o -index-unit-output-path /LocalLLMClient.build/Debug-iphonesimulator/LocalLLMClientLlamaC.build/Objects-normal/arm64/conformer.o

CompileC /Users/runner/work/red-pen-ios/red-pen-ios/ios/build/Build/Intermediates.noindex/LocalLLMClient.build/Debug-iphonesimulator/LocalLLMClientLlamaC.build/Objects-normal/arm64/common.o /Users/runner/work/red-pen-ios/red-pen-ios/ios/build/SourcePackages/checkouts/LocalLLMClient/Sources/LocalLLMClientLlamaC/common/common.cpp normal arm64 c++ com.apple.compilers.llvm.clang.1_0.compiler (in target 'LocalLLMClientLlamaC' from project 'LocalLLMClient')
    cd /Users/runner/work/red-pen-ios/red-pen-ios/ios/RedPen.xcodeproj
    
    Using response file: /Users/runner/work/red-pen-ios/red-pen-ios/ios/build/Build/Intermediates.noindex/LocalLLMClient.build/Debug-iphonesimulator/LocalLLMClientLlamaC.build/Objects-normal/arm64/82b82416624d2658e5098eb0a28c15c5-common-args.resp
    
    /Applications/Xcode_26.6.app/Contents/Developer/Toolchains/XcodeDefault.xctoolchain/usr/bin/clang -x c++ -ivfsstatcache /Users/runner/work/red-pen-ios/red-pen-ios/ios/build/SDKStatCaches.noindex/iphonesimulator26.5-23F81a-688ef53f1462e2c8f657fdc38a81448ff45c64a1807a658693f2a61704f17a36.sdkstatcache -target arm64-apple-ios17.0-simulator -fmessage-length\=0 -fdiagnostics-show-note-include-stack -fmacro-backtrace-limit\=0 -fno-color-diagnostics -fmodules-prune-interval\=86400 -fmodules-prune-after\=345600 -fbuild-session-file\=/Users/runner/work/red-pen-ios/red-pen-ios/ios/build/ModuleCache.noindex/Session.modulevalidation -fmodules-validate-once-per-build-session -Wnon-modular-include-in-framework-module -Werror\=non-modular-include-in-framework-module -Wno-trigraphs -Wno-missing-field-initializers -Wno-missing-prototypes -Wno-return-type -Wno-non-virtual-dtor -Wno-overloaded-virtual -Wno-exit-time-destructors -Wno-missing-braces -Wparentheses -Wswitch -Wno-unused-function -Wno-unused-label -Wno-unused-parameter -Wno-unused-variable -Wunused-value -Wno-empty-body -Wno-uninitialized -Wno-unknown-pragmas -w -Wno-shadow -Wno-four-char-constants -Wno-conversion -Wno-constant-conversion -Wno-int-conversion -Wno-bool-conversion -Wno-enum-conversion -Wno-float-conversion -Wno-non-literal-null-conversion -Wno-objc-literal-conversion -Wshorten-64-to-32 -Wno-newline-eof -Wno-c++11-extensions -Wno-implicit-fallthrough -isysroot /Applications/Xcode_26.6.app/Contents/Developer/Platforms/iPhoneSimulator.platform/Developer/SDKs/iPhoneSimulator26.5.sdk -fstrict-aliasing -Wdeprecated-declarations -Winvalid-offsetof -Wno-sign-conversion -Wno-infinite-recursion -Wno-move -Wno-comma -Wno-block-capture-autoreleasing -Wno-strict-prototypes -Wno-range-loop-analysis -Wno-semicolon-before-method-body -index-store-path /Users/runner/work/red-pen-ios/red-pen-ios/ios/build/Index.noindex/DataStore -w @/Users/runner/work/red-pen-ios/red-pen-ios/ios/build/Build/Intermediates.noindex/LocalLLMClient.build/Debug-iphonesimulator/LocalLLMClientLlamaC.build/Objects-normal/arm64/82b82416624d2658e5098eb0a28c15c5-common-args.resp -MMD -MT dependencies -MF /Users/runner/work/red-pen-ios/red-pen-ios/ios/build/Build/Intermediates.noindex/LocalLLMClient.build/Debug-iphonesimulator/LocalLLMClientLlamaC.build/Objects-normal/arm64/common.d --serialize-diagnostics /Users/runner/work/red-pen-ios/red-pen-ios/ios/build/Build/Intermediates.noindex/LocalLLMClient.build/Debug-iphonesimulator/LocalLLMClientLlamaC.build/Objects-normal/arm64/common.dia -c /Users/runner/work/red-pen-ios/red-pen-ios/ios/build/SourcePackages/checkouts/LocalLLMClient/Sources/LocalLLMClientLlamaC/common/common.cpp -o /Users/runner/work/red-pen-ios/red-pen-ios/ios/build/Build/Intermediates.noindex/LocalLLMClient.build/Debug-iphonesimulator/LocalLLMClientLlamaC.build/Objects-normal/arm64/common.o -index-unit-output-path /LocalLLMClient.build/Debug-iphonesimulator/LocalLLMClientLlamaC.build/Objects-normal/arm64/common.o

CompileC /Users/runner/work/red-pen-ios/red-pen-ios/ios/build/Build/Intermediates.noindex/LocalLLMClient.build/Debug-iphonesimulator/LocalLLMClientLlamaC.build/Objects-normal/arm64/cogvlm.o /Users/runner/work/red-pen-ios/red-pen-ios/ios/build/SourcePackages/checkouts/LocalLLMClient/Sources/LocalLLMClientLlamaC/models/cogvlm.cpp normal arm64 c++ com.apple.compilers.llvm.clang.1_0.compiler (in target 'LocalLLMClientLlamaC' from project 'LocalLLMClient')
    cd /Users/runner/work/red-pen-ios/red-pen-ios/ios/RedPen.xcodeproj
    
    Using response file: /Users/runner/work/red-pen-ios/red-pen-ios/ios/build/Build/Intermediates.noindex/LocalLLMClient.build/Debug-iphonesimulator/LocalLLMClientLlamaC.build/Objects-normal/arm64/82b82416624d2658e5098eb0a28c15c5-common-args.resp
    
    /Applications/Xcode_26.6.app/Contents/Developer/Toolchains/XcodeDefault.xctoolchain/usr/bin/clang -x c++ -ivfsstatcache /Users/runner/work/red-pen-ios/red-pen-ios/ios/build/SDKStatCaches.noindex/iphonesimulator26.5-23F81a-688ef53f1462e2c8f657fdc38a81448ff45c64a1807a658693f2a61704f17a36.sdkstatcache -target arm64-apple-ios17.0-simulator -fmessage-length\=0 -fdiagnostics-show-note-include-stack -fmacro-backtrace-limit\=0 -fno-color-diagnostics -fmodules-prune-interval\=86400 -fmodules-prune-after\=345600 -fbuild-session-file\=/Users/runner/work/red-pen-ios/red-pen-ios/ios/build/ModuleCache.noindex/Session.modulevalidation -fmodules-validate-once-per-build-session -Wnon-modular-include-in-framework-module -Werror\=non-modular-include-in-framework-module -Wno-trigraphs -Wno-missing-field-initializers -Wno-missing-prototypes -Wno-return-type -Wno-non-virtual-dtor -Wno-overloaded-virtual -Wno-exit-time-destructors -Wno-missing-braces -Wparentheses -Wswitch -Wno-unused-function -Wno-unused-label -Wno-unused-parameter -Wno-unused-variable -Wunused-value -Wno-empty-body -Wno-uninitialized -Wno-unknown-pragmas -w -Wno-shadow -Wno-four-char-constants -Wno-conversion -Wno-constant-conversion -Wno-int-conversion -Wno-bool-conversion -Wno-enum-conversion -Wno-float-conversion -Wno-non-literal-null-conversion -Wno-objc-literal-conversion -Wshorten-64-to-32 -Wno-newline-eof -Wno-c++11-extensions -Wno-implicit-fallthrough -isysroot /Applications/Xcode_26.6.app/Contents/Developer/Platforms/iPhoneSimulator.platform/Developer/SDKs/iPhoneSimulator26.5.sdk -fstrict-aliasing -Wdeprecated-declarations -Winvalid-offsetof -Wno-sign-conversion -Wno-infinite-recursion -Wno-move -Wno-comma -Wno-block-capture-autoreleasing -Wno-strict-prototypes -Wno-range-loop-analysis -Wno-semicolon-before-method-body -index-store-path /Users/runner/work/red-pen-ios/red-pen-ios/ios/build/Index.noindex/DataStore -w @/Users/runner/work/red-pen-ios/red-pen-ios/ios/build/Build/Intermediates.noindex/LocalLLMClient.build/Debug-iphonesimulator/LocalLLMClientLlamaC.build/Objects-normal/arm64/82b82416624d2658e5098eb0a28c15c5-common-args.resp -MMD -MT dependencies -MF /Users/runner/work/red-pen-ios/red-pen-ios/ios/build/Build/Intermediates.noindex/LocalLLMClient.build/Debug-iphonesimulator/LocalLLMClientLlamaC.build/Objects-normal/arm64/cogvlm.d --serialize-diagnostics /Users/runner/work/red-pen-ios/red-pen-ios/ios/build/Build/Intermediates.noindex/LocalLLMClient.build/Debug-iphonesimulator/LocalLLMClientLlamaC.build/Objects-normal/arm64/cogvlm.dia -c /Users/runner/work/red-pen-ios/red-pen-ios/ios/build/SourcePackages/checkouts/LocalLLMClient/Sources/LocalLLMClientLlamaC/models/cogvlm.cpp -o /Users/runner/work/red-pen-ios/red-pen-ios/ios/build/Build/Intermediates.noindex/LocalLLMClient.build/Debug-iphonesimulator/LocalLLMClientLlamaC.build/Objects-normal/arm64/cogvlm.o -index-unit-output-path /LocalLLMClient.build/Debug-iphonesimulator/LocalLLMClientLlamaC.build/Objects-normal/arm64/cogvlm.o

CompileC /Users/runner/work/red-pen-ios/red-pen-ios/ios/build/Build/Intermediates.noindex/LocalLLMClient.build/Debug-iphonesimulator/LocalLLMClientLlamaC.build/Objects-normal/arm64/clip.o /Users/runner/work/red-pen-ios/red-pen-ios/ios/build/SourcePackages/checkouts/LocalLLMClient/Sources/LocalLLMClientLlamaC/clip.cpp normal arm64 c++ com.apple.compilers.llvm.clang.1_0.compiler (in target 'LocalLLMClientLlamaC' from project 'LocalLLMClient')
    cd /Users/runner/work/red-pen-ios/red-pen-ios/ios/RedPen.xcodeproj
    
    Using response file: /Users/runner/work/red-pen-ios/red-pen-ios/ios/build/Build/Intermediates.noindex/LocalLLMClient.build/Debug-iphonesimulator/LocalLLMClientLlamaC.build/Objects-normal/arm64/82b82416624d2658e5098eb0a28c15c5-common-args.resp
    
    /Applications/Xcode_26.6.app/Contents/Developer/Toolchains/XcodeDefault.xctoolchain/usr/bin/clang -x c++ -ivfsstatcache /Users/runner/work/red-pen-ios/red-pen-ios/ios/build/SDKStatCaches.noindex/iphonesimulator26.5-23F81a-688ef53f1462e2c8f657fdc38a81448ff45c64a1807a658693f2a61704f17a36.sdkstatcache -target arm64-apple-ios17.0-simulator -fmessage-length\=0 -fdiagnostics-show-note-include-stack -fmacro-backtrace-limit\=0 -fno-color-diagnostics -fmodules-prune-interval\=86400 -fmodules-prune-after\=345600 -fbuild-session-file\=/Users/runner/work/red-pen-ios/red-pen-ios/ios/build/ModuleCache.noindex/Session.modulevalidation -fmodules-validate-once-per-build-session -Wnon-modular-include-in-framework-module -Werror\=non-modular-include-in-framework-module -Wno-trigraphs -Wno-missing-field-initializers -Wno-missing-prototypes -Wno-return-type -Wno-non-virtual-dtor -Wno-overloaded-virtual -Wno-exit-time-destructors -Wno-missing-braces -Wparentheses -Wswitch -Wno-unused-function -Wno-unused-label -Wno-unused-parameter -Wno-unused-variable -Wunused-value -Wno-empty-body -Wno-uninitialized -Wno-unknown-pragmas -w -Wno-shadow -Wno-four-char-constants -Wno-conversion -Wno-constant-conversion -Wno-int-conversion -Wno-bool-conversion -Wno-enum-conversion -Wno-float-conversion -Wno-non-literal-null-conversion -Wno-objc-literal-conversion -Wshorten-64-to-32 -Wno-newline-eof -Wno-c++11-extensions -Wno-implicit-fallthrough -isysroot /Applications/Xcode_26.6.app/Contents/Developer/Platforms/iPhoneSimulator.platform/Developer/SDKs/iPhoneSimulator26.5.sdk -fstrict-aliasing -Wdeprecated-declarations -Winvalid-offsetof -Wno-sign-conversion -Wno-infinite-recursion -Wno-move -Wno-comma -Wno-block-capture-autoreleasing -Wno-strict-prototypes -Wno-range-loop-analysis -Wno-semicolon-before-method-body -index-store-path /Users/runner/work/red-pen-ios/red-pen-ios/ios/build/Index.noindex/DataStore -w @/Users/runner/work/red-pen-ios/red-pen-ios/ios/build/Build/Intermediates.noindex/LocalLLMClient.build/Debug-iphonesimulator/LocalLLMClientLlamaC.build/Objects-normal/arm64/82b82416624d2658e5098eb0a28c15c5-common-args.resp -MMD -MT dependencies -MF /Users/runner/work/red-pen-ios/red-pen-ios/ios/build/Build/Intermediates.noindex/LocalLLMClient.build/Debug-iphonesimulator/LocalLLMClientLlamaC.build/Objects-normal/arm64/clip.d --serialize-diagnostics /Users/runner/work/red-pen-ios/red-pen-ios/ios/build/Build/Intermediates.noindex/LocalLLMClient.build/Debug-iphonesimulator/LocalLLMClientLlamaC.build/Objects-normal/arm64/clip.dia -c /Users/runner/work/red-pen-ios/red-pen-ios/ios/build/SourcePackages/checkouts/LocalLLMClient/Sources/LocalLLMClientLlamaC/clip.cpp -o /Users/runner/work/red-pen-ios/red-pen-ios/ios/build/Build/Intermediates.noindex/LocalLLMClient.build/Debug-iphonesimulator/LocalLLMClientLlamaC.build/Objects-normal/arm64/clip.o -index-unit-output-path /LocalLLMClient.build/Debug-iphonesimulator/LocalLLMClientLlamaC.build/Objects-normal/arm64/clip.o

CompileC /Users/runner/work/red-pen-ios/red-pen-ios/ios/build/Build/Intermediates.noindex/LocalLLMClient.build/Debug-iphonesimulator/LocalLLMClientLlamaC.build/Objects-normal/arm64/chat.o /Users/runner/work/red-pen-ios/red-pen-ios/ios/build/SourcePackages/checkouts/LocalLLMClient/Sources/LocalLLMClientLlamaC/common/chat.cpp normal arm64 c++ com.apple.compilers.llvm.clang.1_0.compiler (in target 'LocalLLMClientLlamaC' from project 'LocalLLMClient')
    cd /Users/runner/work/red-pen-ios/red-pen-ios/ios/RedPen.xcodeproj
    
    Using response file: /Users/runner/work/red-pen-ios/red-pen-ios/ios/build/Build/Intermediates.noindex/LocalLLMClient.build/Debug-iphonesimulator/LocalLLMClientLlamaC.build/Objects-normal/arm64/82b82416624d2658e5098eb0a28c15c5-common-args.resp
    
    /Applications/Xcode_26.6.app/Contents/Developer/Toolchains/XcodeDefault.xctoolchain/usr/bin/clang -x c++ -ivfsstatcache /Users/runner/work/red-pen-ios/red-pen-ios/ios/build/SDKStatCaches.noindex/iphonesimulator26.5-23F81a-688ef53f1462e2c8f657fdc38a81448ff45c64a1807a658693f2a61704f17a36.sdkstatcache -target arm64-apple-ios17.0-simulator -fmessage-length\=0 -fdiagnostics-show-note-include-stack -fmacro-backtrace-limit\=0 -fno-color-diagnostics -fmodules-prune-interval\=86400 -fmodules-prune-after\=345600 -fbuild-session-file\=/Users/runner/work/red-pen-ios/red-pen-ios/ios/build/ModuleCache.noindex/Session.modulevalidation -fmodules-validate-once-per-build-session -Wnon-modular-include-in-framework-module -Werror\=non-modular-include-in-framework-module -Wno-trigraphs -Wno-missing-field-initializers -Wno-missing-prototypes -Wno-return-type -Wno-non-virtual-dtor -Wno-overloaded-virtual -Wno-exit-time-destructors -Wno-missing-braces -Wparentheses -Wswitch -Wno-unused-function -Wno-unused-label -Wno-unused-parameter -Wno-unused-variable -Wunused-value -Wno-empty-body -Wno-uninitialized -Wno-unknown-pragmas -w -Wno-shadow -Wno-four-char-constants -Wno-conversion -Wno-constant-conversion -Wno-int-conversion -Wno-bool-conversion -Wno-enum-conversion -Wno-float-conversion -Wno-non-literal-null-conversion -Wno-objc-literal-conversion -Wshorten-64-to-32 -Wno-newline-eof -Wno-c++11-extensions -Wno-implicit-fallthrough -isysroot /Applications/Xcode_26.6.app/Contents/Developer/Platforms/iPhoneSimulator.platform/Developer/SDKs/iPhoneSimulator26.5.sdk -fstrict-aliasing -Wdeprecated-declarations -Winvalid-offsetof -Wno-sign-conversion -Wno-infinite-recursion -Wno-move -Wno-comma -Wno-block-capture-autoreleasing -Wno-strict-prototypes -Wno-range-loop-analysis -Wno-semicolon-before-method-body -index-store-path /Users/runner/work/red-pen-ios/red-pen-ios/ios/build/Index.noindex/DataStore -w @/Users/runner/work/red-pen-ios/red-pen-ios/ios/build/Build/Intermediates.noindex/LocalLLMClient.build/Debug-iphonesimulator/LocalLLMClientLlamaC.build/Objects-normal/arm64/82b82416624d2658e5098eb0a28c15c5-common-args.resp -MMD -MT dependencies -MF /Users/runner/work/red-pen-ios/red-pen-ios/ios/build/Build/Intermediates.noindex/LocalLLMClient.build/Debug-iphonesimulator/LocalLLMClientLlamaC.build/Objects-normal/arm64/chat.d --serialize-diagnostics /Users/runner/work/red-pen-ios/red-pen-ios/ios/build/Build/Intermediates.noindex/LocalLLMClient.build/Debug-iphonesimulator/LocalLLMClientLlamaC.build/Objects-normal/arm64/chat.dia -c /Users/runner/work/red-pen-ios/red-pen-ios/ios/build/SourcePackages/checkouts/LocalLLMClient/Sources/LocalLLMClientLlamaC/common/chat.cpp -o /Users/runner/work/red-pen-ios/red-pen-ios/ios/build/Build/Intermediates.noindex/LocalLLMClient.build/Debug-iphonesimulator/LocalLLMClientLlamaC.build/Objects-normal/arm64/chat.o -index-unit-output-path /LocalLLMClient.build/Debug-iphonesimulator/LocalLLMClientLlamaC.build/Objects-normal/arm64/chat.o

CompileC /Users/runner/work/red-pen-ios/red-pen-ios/ios/build/Build/Intermediates.noindex/LocalLLMClient.build/Debug-iphonesimulator/LocalLLMClientLlamaC.build/Objects-normal/arm64/chat-peg-parser.o /Users/runner/work/red-pen-ios/red-pen-ios/ios/build/SourcePackages/checkouts/LocalLLMClient/Sources/LocalLLMClientLlamaC/common/chat-peg-parser.cpp normal arm64 c++ com.apple.compilers.llvm.clang.1_0.compiler (in target 'LocalLLMClientLlamaC' from project 'LocalLLMClient')
    cd /Users/runner/work/red-pen-ios/red-pen-ios/ios/RedPen.xcodeproj
    
    Using response file: /Users/runner/work/red-pen-ios/red-pen-ios/ios/build/Build/Intermediates.noindex/LocalLLMClient.build/Debug-iphonesimulator/LocalLLMClientLlamaC.build/Objects-normal/arm64/82b82416624d2658e5098eb0a28c15c5-common-args.resp
    
    /Applications/Xcode_26.6.app/Contents/Developer/Toolchains/XcodeDefault.xctoolchain/usr/bin/clang -x c++ -ivfsstatcache /Users/runner/work/red-pen-ios/red-pen-ios/ios/build/SDKStatCaches.noindex/iphonesimulator26.5-23F81a-688ef53f1462e2c8f657fdc38a81448ff45c64a1807a658693f2a61704f17a36.sdkstatcache -target arm64-apple-ios17.0-simulator -fmessage-length\=0 -fdiagnostics-show-note-include-stack -fmacro-backtrace-limit\=0 -fno-color-diagnostics -fmodules-prune-interval\=86400 -fmodules-prune-after\=345600 -fbuild-session-file\=/Users/runner/work/red-pen-ios/red-pen-ios/ios/build/ModuleCache.noindex/Session.modulevalidation -fmodules-validate-once-per-build-session -Wnon-modular-include-in-framework-module -Werror\=non-modular-include-in-framework-module -Wno-trigraphs -Wno-missing-field-initializers -Wno-missing-prototypes -Wno-return-type -Wno-non-virtual-dtor -Wno-overloaded-virtual -Wno-exit-time-destructors -Wno-missing-braces -Wparentheses -Wswitch -Wno-unused-function -Wno-unused-label -Wno-unused-parameter -Wno-unused-variable -Wunused-value -Wno-empty-body -Wno-uninitialized -Wno-unknown-pragmas -w -Wno-shadow -Wno-four-char-constants -Wno-conversion -Wno-constant-conversion -Wno-int-conversion -Wno-bool-conversion -Wno-enum-conversion -Wno-float-conversion -Wno-non-literal-null-conversion -Wno-objc-literal-conversion -Wshorten-64-to-32 -Wno-newline-eof -Wno-c++11-extensions -Wno-implicit-fallthrough -isysroot /Applications/Xcode_26.6.app/Contents/Developer/Platforms/iPhoneSimulator.platform/Developer/SDKs/iPhoneSimulator26.5.sdk -fstrict-aliasing -Wdeprecated-declarations -Winvalid-offsetof -Wno-sign-conversion -Wno-infinite-recursion -Wno-move -Wno-comma -Wno-block-capture-autoreleasing -Wno-strict-prototypes -Wno-range-loop-analysis -Wno-semicolon-before-method-body -index-store-path /Users/runner/work/red-pen-ios/red-pen-ios/ios/build/Index.noindex/DataStore -w @/Users/runner/work/red-pen-ios/red-pen-ios/ios/build/Build/Intermediates.noindex/LocalLLMClient.build/Debug-iphonesimulator/LocalLLMClientLlamaC.build/Objects-normal/arm64/82b82416624d2658e5098eb0a28c15c5-common-args.resp -MMD -MT dependencies -MF /Users/runner/work/red-pen-ios/red-pen-ios/ios/build/Build/Intermediates.noindex/LocalLLMClient.build/Debug-iphonesimulator/LocalLLMClientLlamaC.build/Objects-normal/arm64/chat-peg-parser.d --serialize-diagnostics /Users/runner/work/red-pen-ios/red-pen-ios/ios/build/Build/Intermediates.noindex/LocalLLMClient.build/Debug-iphonesimulator/LocalLLMClientLlamaC.build/Objects-normal/arm64/chat-peg-parser.dia -c /Users/runner/work/red-pen-ios/red-pen-ios/ios/build/SourcePackages/checkouts/LocalLLMClient/Sources/LocalLLMClientLlamaC/common/chat-peg-parser.cpp -o /Users/runner/work/red-pen-ios/red-pen-ios/ios/build/Build/Intermediates.noindex/LocalLLMClient.build/Debug-iphonesimulator/LocalLLMClientLlamaC.build/Objects-normal/arm64/chat-peg-parser.o -index-unit-output-path /LocalLLMClient.build/Debug-iphonesimulator/LocalLLMClientLlamaC.build/Objects-normal/arm64/chat-peg-parser.o

CompileC /Users/runner/work/red-pen-ios/red-pen-ios/ios/build/Build/Intermediates.noindex/LocalLLMClient.build/Debug-iphonesimulator/LocalLLMClientLlamaC.build/Objects-normal/arm64/chat-diff-analyzer.o /Users/runner/work/red-pen-ios/red-pen-ios/ios/build/SourcePackages/checkouts/LocalLLMClient/Sources/LocalLLMClientLlamaC/common/chat-diff-analyzer.cpp normal arm64 c++ com.apple.compilers.llvm.clang.1_0.compiler (in target 'LocalLLMClientLlamaC' from project 'LocalLLMClient')
    cd /Users/runner/work/red-pen-ios/red-pen-ios/ios/RedPen.xcodeproj
    
    Using response file: /Users/runner/work/red-pen-ios/red-pen-ios/ios/build/Build/Intermediates.noindex/LocalLLMClient.build/Debug-iphonesimulator/LocalLLMClientLlamaC.build/Objects-normal/arm64/82b82416624d2658e5098eb0a28c15c5-common-args.resp
    
    /Applications/Xcode_26.6.app/Contents/Developer/Toolchains/XcodeDefault.xctoolchain/usr/bin/clang -x c++ -ivfsstatcache /Users/runner/work/red-pen-ios/red-pen-ios/ios/build/SDKStatCaches.noindex/iphonesimulator26.5-23F81a-688ef53f1462e2c8f657fdc38a81448ff45c64a1807a658693f2a61704f17a36.sdkstatcache -target arm64-apple-ios17.0-simulator -fmessage-length\=0 -fdiagnostics-show-note-include-stack -fmacro-backtrace-limit\=0 -fno-color-diagnostics -fmodules-prune-interval\=86400 -fmodules-prune-after\=345600 -fbuild-session-file\=/Users/runner/work/red-pen-ios/red-pen-ios/ios/build/ModuleCache.noindex/Session.modulevalidation -fmodules-validate-once-per-build-session -Wnon-modular-include-in-framework-module -Werror\=non-modular-include-in-framework-module -Wno-trigraphs -Wno-missing-field-initializers -Wno-missing-prototypes -Wno-return-type -Wno-non-virtual-dtor -Wno-overloaded-virtual -Wno-exit-time-destructors -Wno-missing-braces -Wparentheses -Wswitch -Wno-unused-function -Wno-unused-label -Wno-unused-parameter -Wno-unused-variable -Wunused-value -Wno-empty-body -Wno-uninitialized -Wno-unknown-pragmas -w -Wno-shadow -Wno-four-char-constants -Wno-conversion -Wno-constant-conversion -Wno-int-conversion -Wno-bool-conversion -Wno-enum-conversion -Wno-float-conversion -Wno-non-literal-null-conversion -Wno-objc-literal-conversion -Wshorten-64-to-32 -Wno-newline-eof -Wno-c++11-extensions -Wno-implicit-fallthrough -isysroot /Applications/Xcode_26.6.app/Contents/Developer/Platforms/iPhoneSimulator.platform/Developer/SDKs/iPhoneSimulator26.5.sdk -fstrict-aliasing -Wdeprecated-declarations -Winvalid-offsetof -Wno-sign-conversion -Wno-infinite-recursion -Wno-move -Wno-comma -Wno-block-capture-autoreleasing -Wno-strict-prototypes -Wno-range-loop-analysis -Wno-semicolon-before-method-body -index-store-path /Users/runner/work/red-pen-ios/red-pen-ios/ios/build/Index.noindex/DataStore -w @/Users/runner/work/red-pen-ios/red-pen-ios/ios/build/Build/Intermediates.noindex/LocalLLMClient.build/Debug-iphonesimulator/LocalLLMClientLlamaC.build/Objects-normal/arm64/82b82416624d2658e5098eb0a28c15c5-common-args.resp -MMD -MT dependencies -MF /Users/runner/work/red-pen-ios/red-pen-ios/ios/build/Build/Intermediates.noindex/LocalLLMClient.build/Debug-iphonesimulator/LocalLLMClientLlamaC.build/Objects-normal/arm64/chat-diff-analyzer.d --serialize-diagnostics /Users/runner/work/red-pen-ios/red-pen-ios/ios/build/Build/Intermediates.noindex/LocalLLMClient.build/Debug-iphonesimulator/LocalLLMClientLlamaC.build/Objects-normal/arm64/chat-diff-analyzer.dia -c /Users/runner/work/red-pen-ios/red-pen-ios/ios/build/SourcePackages/checkouts/LocalLLMClient/Sources/LocalLLMClientLlamaC/common/chat-diff-analyzer.cpp -o /Users/runner/work/red-pen-ios/red-pen-ios/ios/build/Build/Intermediates.noindex/LocalLLMClient.build/Debug-iphonesimulator/LocalLLMClientLlamaC.build/Objects-normal/arm64/chat-diff-analyzer.o -index-unit-output-path /LocalLLMClient.build/Debug-iphonesimulator/LocalLLMClientLlamaC.build/Objects-normal/arm64/chat-diff-analyzer.o

CompileC /Users/runner/work/red-pen-ios/red-pen-ios/ios/build/Build/Intermediates.noindex/LocalLLMClient.build/Debug-iphonesimulator/LocalLLMClientLlamaC.build/Objects-normal/arm64/chat-auto-parser-helpers.o /Users/runner/work/red-pen-ios/red-pen-ios/ios/build/SourcePackages/checkouts/LocalLLMClient/Sources/LocalLLMClientLlamaC/common/chat-auto-parser-helpers.cpp normal arm64 c++ com.apple.compilers.llvm.clang.1_0.compiler (in target 'LocalLLMClientLlamaC' from project 'LocalLLMClient')
    cd /Users/runner/work/red-pen-ios/red-pen-ios/ios/RedPen.xcodeproj
    
    Using response file: /Users/runner/work/red-pen-ios/red-pen-ios/ios/build/Build/Intermediates.noindex/LocalLLMClient.build/Debug-iphonesimulator/LocalLLMClientLlamaC.build/Objects-normal/arm64/82b82416624d2658e5098eb0a28c15c5-common-args.resp
    
    /Applications/Xcode_26.6.app/Contents/Developer/Toolchains/XcodeDefault.xctoolchain/usr/bin/clang -x c++ -ivfsstatcache /Users/runner/work/red-pen-ios/red-pen-ios/ios/build/SDKStatCaches.noindex/iphonesimulator26.5-23F81a-688ef53f1462e2c8f657fdc38a81448ff45c64a1807a658693f2a61704f17a36.sdkstatcache -target arm64-apple-ios17.0-simulator -fmessage-length\=0 -fdiagnostics-show-note-include-stack -fmacro-backtrace-limit\=0 -fno-color-diagnostics -fmodules-prune-interval\=86400 -fmodules-prune-after\=345600 -fbuild-session-file\=/Users/runner/work/red-pen-ios/red-pen-ios/ios/build/ModuleCache.noindex/Session.modulevalidation -fmodules-validate-once-per-build-session -Wnon-modular-include-in-framework-module -Werror\=non-modular-include-in-framework-module -Wno-trigraphs -Wno-missing-field-initializers -Wno-missing-prototypes -Wno-return-type -Wno-non-virtual-dtor -Wno-overloaded-virtual -Wno-exit-time-destructors -Wno-missing-braces -Wparentheses -Wswitch -Wno-unused-function -Wno-unused-label -Wno-unused-parameter -Wno-unused-variable -Wunused-value -Wno-empty-body -Wno-uninitialized -Wno-unknown-pragmas -w -Wno-shadow -Wno-four-char-constants -Wno-conversion -Wno-constant-conversion -Wno-int-conversion -Wno-bool-conversion -Wno-enum-conversion -Wno-float-conversion -Wno-non-literal-null-conversion -Wno-objc-literal-conversion -Wshorten-64-to-32 -Wno-newline-eof -Wno-c++11-extensions -Wno-implicit-fallthrough -isysroot /Applications/Xcode_26.6.app/Contents/Developer/Platforms/iPhoneSimulator.platform/Developer/SDKs/iPhoneSimulator26.5.sdk -fstrict-aliasing -Wdeprecated-declarations -Winvalid-offsetof -Wno-sign-conversion -Wno-infinite-recursion -Wno-move -Wno-comma -Wno-block-capture-autoreleasing -Wno-strict-prototypes -Wno-range-loop-analysis -Wno-semicolon-before-method-body -index-store-path /Users/runner/work/red-pen-ios/red-pen-ios/ios/build/Index.noindex/DataStore -w @/Users/runner/work/red-pen-ios/red-pen-ios/ios/build/Build/Intermediates.noindex/LocalLLMClient.build/Debug-iphonesimulator/LocalLLMClientLlamaC.build/Objects-normal/arm64/82b82416624d2658e5098eb0a28c15c5-common-args.resp -MMD -MT dependencies -MF /Users/runner/work/red-pen-ios/red-pen-ios/ios/build/Build/Intermediates.noindex/LocalLLMClient.build/Debug-iphonesimulator/LocalLLMClientLlamaC.build/Objects-normal/arm64/chat-auto-parser-helpers.d --serialize-diagnostics /Users/runner/work/red-pen-ios/red-pen-ios/ios/build/Build/Intermediates.noindex/LocalLLMClient.build/Debug-iphonesimulator/LocalLLMClientLlamaC.build/Objects-normal/arm64/chat-auto-parser-helpers.dia -c /Users/runner/work/red-pen-ios/red-pen-ios/ios/build/SourcePackages/checkouts/LocalLLMClient/Sources/LocalLLMClientLlamaC/common/chat-auto-parser-helpers.cpp -o /Users/runner/work/red-pen-ios/red-pen-ios/ios/build/Build/Intermediates.noindex/LocalLLMClient.build/Debug-iphonesimulator/LocalLLMClientLlamaC.build/Objects-normal/arm64/chat-auto-parser-helpers.o -index-unit-output-path /LocalLLMClient.build/Debug-iphonesimulator/LocalLLMClientLlamaC.build/Objects-normal/arm64/chat-auto-parser-helpers.o

CompileC /Users/runner/work/red-pen-ios/red-pen-ios/ios/build/Build/Intermediates.noindex/LocalLLMClient.build/Debug-iphonesimulator/LocalLLMClientLlamaC.build/Objects-normal/arm64/chat-auto-parser-generator.o /Users/runner/work/red-pen-ios/red-pen-ios/ios/build/SourcePackages/checkouts/LocalLLMClient/Sources/LocalLLMClientLlamaC/common/chat-auto-parser-generator.cpp normal arm64 c++ com.apple.compilers.llvm.clang.1_0.compiler (in target 'LocalLLMClientLlamaC' from project 'LocalLLMClient')
    cd /Users/runner/work/red-pen-ios/red-pen-ios/ios/RedPen.xcodeproj
    
    Using response file: /Users/runner/work/red-pen-ios/red-pen-ios/ios/build/Build/Intermediates.noindex/LocalLLMClient.build/Debug-iphonesimulator/LocalLLMClientLlamaC.build/Objects-normal/arm64/82b82416624d2658e5098eb0a28c15c5-common-args.resp
    
    /Applications/Xcode_26.6.app/Contents/Developer/Toolchains/XcodeDefault.xctoolchain/usr/bin/clang -x c++ -ivfsstatcache /Users/runner/work/red-pen-ios/red-pen-ios/ios/build/SDKStatCaches.noindex/iphonesimulator26.5-23F81a-688ef53f1462e2c8f657fdc38a81448ff45c64a1807a658693f2a61704f17a36.sdkstatcache -target arm64-apple-ios17.0-simulator -fmessage-length\=0 -fdiagnostics-show-note-include-stack -fmacro-backtrace-limit\=0 -fno-color-diagnostics -fmodules-prune-interval\=86400 -fmodules-prune-after\=345600 -fbuild-session-file\=/Users/runner/work/red-pen-ios/red-pen-ios/ios/build/ModuleCache.noindex/Session.modulevalidation -fmodules-validate-once-per-build-session -Wnon-modular-include-in-framework-module -Werror\=non-modular-include-in-framework-module -Wno-trigraphs -Wno-missing-field-initializers -Wno-missing-prototypes -Wno-return-type -Wno-non-virtual-dtor -Wno-overloaded-virtual -Wno-exit-time-destructors -Wno-missing-braces -Wparentheses -Wswitch -Wno-unused-function -Wno-unused-label -Wno-unused-parameter -Wno-unused-variable -Wunused-value -Wno-empty-body -Wno-uninitialized -Wno-unknown-pragmas -w -Wno-shadow -Wno-four-char-constants -Wno-conversion -Wno-constant-conversion -Wno-int-conversion -Wno-bool-conversion -Wno-enum-conversion -Wno-float-conversion -Wno-non-literal-null-conversion -Wno-objc-literal-conversion -Wshorten-64-to-32 -Wno-newline-eof -Wno-c++11-extensions -Wno-implicit-fallthrough -isysroot /Applications/Xcode_26.6.app/Contents/Developer/Platforms/iPhoneSimulator.platform/Developer/SDKs/iPhoneSimulator26.5.sdk -fstrict-aliasing -Wdeprecated-declarations -Winvalid-offsetof -Wno-sign-conversion -Wno-infinite-recursion -Wno-move -Wno-comma -Wno-block-capture-autoreleasing -Wno-strict-prototypes -Wno-range-loop-analysis -Wno-semicolon-before-method-body -index-store-path /Users/runner/work/red-pen-ios/red-pen-ios/ios/build/Index.noindex/DataStore -w @/Users/runner/work/red-pen-ios/red-pen-ios/ios/build/Build/Intermediates.noindex/LocalLLMClient.build/Debug-iphonesimulator/LocalLLMClientLlamaC.build/Objects-normal/arm64/82b82416624d2658e5098eb0a28c15c5-common-args.resp -MMD -MT dependencies -MF /Users/runner/work/red-pen-ios/red-pen-ios/ios/build/Build/Intermediates.noindex/LocalLLMClient.build/Debug-iphonesimulator/LocalLLMClientLlamaC.build/Objects-normal/arm64/chat-auto-parser-generator.d --serialize-diagnostics /Users/runner/work/red-pen-ios/red-pen-ios/ios/build/Build/Intermediates.noindex/LocalLLMClient.build/Debug-iphonesimulator/LocalLLMClientLlamaC.build/Objects-normal/arm64/chat-auto-parser-generator.dia -c /Users/runner/work/red-pen-ios/red-pen-ios/ios/build/SourcePackages/checkouts/LocalLLMClient/Sources/LocalLLMClientLlamaC/common/chat-auto-parser-generator.cpp -o /Users/runner/work/red-pen-ios/red-pen-ios/ios/build/Build/Intermediates.noindex/LocalLLMClient.build/Debug-iphonesimulator/LocalLLMClientLlamaC.build/Objects-normal/arm64/chat-auto-parser-generator.o -index-unit-output-path /LocalLLMClient.build/Debug-iphonesimulator/LocalLLMClientLlamaC.build/Objects-normal/arm64/chat-auto-parser-generator.o

CompileC /Users/runner/work/red-pen-ios/red-pen-ios/ios/build/Build/Intermediates.noindex/LocalLLMClient.build/Debug-iphonesimulator/LocalLLMClientLlamaC.build/Objects-normal/arm64/caps.o /Users/runner/work/red-pen-ios/red-pen-ios/ios/build/SourcePackages/checkouts/LocalLLMClient/Sources/LocalLLMClientLlamaC/include/jinja/caps.cpp normal arm64 c++ com.apple.compilers.llvm.clang.1_0.compiler (in target 'LocalLLMClientLlamaC' from project 'LocalLLMClient')
    cd /Users/runner/work/red-pen-ios/red-pen-ios/ios/RedPen.xcodeproj
    
    Using response file: /Users/runner/work/red-pen-ios/red-pen-ios/ios/build/Build/Intermediates.noindex/LocalLLMClient.build/Debug-iphonesimulator/LocalLLMClientLlamaC.build/Objects-normal/arm64/82b82416624d2658e5098eb0a28c15c5-common-args.resp
    
    /Applications/Xcode_26.6.app/Contents/Developer/Toolchains/XcodeDefault.xctoolchain/usr/bin/clang -x c++ -ivfsstatcache /Users/runner/work/red-pen-ios/red-pen-ios/ios/build/SDKStatCaches.noindex/iphonesimulator26.5-23F81a-688ef53f1462e2c8f657fdc38a81448ff45c64a1807a658693f2a61704f17a36.sdkstatcache -target arm64-apple-ios17.0-simulator -fmessage-length\=0 -fdiagnostics-show-note-include-stack -fmacro-backtrace-limit\=0 -fno-color-diagnostics -fmodules-prune-interval\=86400 -fmodules-prune-after\=345600 -fbuild-session-file\=/Users/runner/work/red-pen-ios/red-pen-ios/ios/build/ModuleCache.noindex/Session.modulevalidation -fmodules-validate-once-per-build-session -Wnon-modular-include-in-framework-module -Werror\=non-modular-include-in-framework-module -Wno-trigraphs -Wno-missing-field-initializers -Wno-missing-prototypes -Wno-return-type -Wno-non-virtual-dtor -Wno-overloaded-virtual -Wno-exit-time-destructors -Wno-missing-braces -Wparentheses -Wswitch -Wno-unused-function -Wno-unused-label -Wno-unused-parameter -Wno-unused-variable -Wunused-value -Wno-empty-body -Wno-uninitialized -Wno-unknown-pragmas -w -Wno-shadow -Wno-four-char-constants -Wno-conversion -Wno-constant-conversion -Wno-int-conversion -Wno-bool-conversion -Wno-enum-conversion -Wno-float-conversion -Wno-non-literal-null-conversion -Wno-objc-literal-conversion -Wshorten-64-to-32 -Wno-newline-eof -Wno-c++11-extensions -Wno-implicit-fallthrough -isysroot /Applications/Xcode_26.6.app/Contents/Developer/Platforms/iPhoneSimulator.platform/Developer/SDKs/iPhoneSimulator26.5.sdk -fstrict-aliasing -Wdeprecated-declarations -Winvalid-offsetof -Wno-sign-conversion -Wno-infinite-recursion -Wno-move -Wno-comma -Wno-block-capture-autoreleasing -Wno-strict-prototypes -Wno-range-loop-analysis -Wno-semicolon-before-method-body -index-store-path /Users/runner/work/red-pen-ios/red-pen-ios/ios/build/Index.noindex/DataStore -w @/Users/runner/work/red-pen-ios/red-pen-ios/ios/build/Build/Intermediates.noindex/LocalLLMClient.build/Debug-iphonesimulator/LocalLLMClientLlamaC.build/Objects-normal/arm64/82b82416624d2658e5098eb0a28c15c5-common-args.resp -MMD -MT dependencies -MF /Users/runner/work/red-pen-ios/red-pen-ios/ios/build/Build/Intermediates.noindex/LocalLLMClient.build/Debug-iphonesimulator/LocalLLMClientLlamaC.build/Objects-normal/arm64/caps.d --serialize-diagnostics /Users/runner/work/red-pen-ios/red-pen-ios/ios/build/Build/Intermediates.noindex/LocalLLMClient.build/Debug-iphonesimulator/LocalLLMClientLlamaC.build/Objects-normal/arm64/caps.dia -c /Users/runner/work/red-pen-ios/red-pen-ios/ios/build/SourcePackages/checkouts/LocalLLMClient/Sources/LocalLLMClientLlamaC/include/jinja/caps.cpp -o /Users/runner/work/red-pen-ios/red-pen-ios/ios/build/Build/Intermediates.noindex/LocalLLMClient.build/Debug-iphonesimulator/LocalLLMClientLlamaC.build/Objects-normal/arm64/caps.o -index-unit-output-path /LocalLLMClient.build/Debug-iphonesimulator/LocalLLMClientLlamaC.build/Objects-normal/arm64/caps.o

CompileC /Users/runner/work/red-pen-ios/red-pen-ios/ios/build/Build/Intermediates.noindex/LocalLLMClient.build/Debug-iphonesimulator/LocalLLMClientLlamaC.build/Objects-normal/arm64/build-info.o /Users/runner/work/red-pen-ios/red-pen-ios/ios/build/SourcePackages/checkouts/LocalLLMClient/Sources/LocalLLMClientLlamaC/common/build-info.cpp normal arm64 c++ com.apple.compilers.llvm.clang.1_0.compiler (in target 'LocalLLMClientLlamaC' from project 'LocalLLMClient')
    cd /Users/runner/work/red-pen-ios/red-pen-ios/ios/RedPen.xcodeproj
    
    Using response file: /Users/runner/work/red-pen-ios/red-pen-ios/ios/build/Build/Intermediates.noindex/LocalLLMClient.build/Debug-iphonesimulator/LocalLLMClientLlamaC.build/Objects-normal/arm64/82b82416624d2658e5098eb0a28c15c5-common-args.resp
    
    /Applications/Xcode_26.6.app/Contents/Developer/Toolchains/XcodeDefault.xctoolchain/usr/bin/clang -x c++ -ivfsstatcache /Users/runner/work/red-pen-ios/red-pen-ios/ios/build/SDKStatCaches.noindex/iphonesimulator26.5-23F81a-688ef53f1462e2c8f657fdc38a81448ff45c64a1807a658693f2a61704f17a36.sdkstatcache -target arm64-apple-ios17.0-simulator -fmessage-length\=0 -fdiagnostics-show-note-include-stack -fmacro-backtrace-limit\=0 -fno-color-diagnostics -fmodules-prune-interval\=86400 -fmodules-prune-after\=345600 -fbuild-session-file\=/Users/runner/work/red-pen-ios/red-pen-ios/ios/build/ModuleCache.noindex/Session.modulevalidation -fmodules-validate-once-per-build-session -Wnon-modular-include-in-framework-module -Werror\=non-modular-include-in-framework-module -Wno-trigraphs -Wno-missing-field-initializers -Wno-missing-prototypes -Wno-return-type -Wno-non-virtual-dtor -Wno-overloaded-virtual -Wno-exit-time-destructors -Wno-missing-braces -Wparentheses -Wswitch -Wno-unused-function -Wno-unused-label -Wno-unused-parameter -Wno-unused-variable -Wunused-value -Wno-empty-body -Wno-uninitialized -Wno-unknown-pragmas -w -Wno-shadow -Wno-four-char-constants -Wno-conversion -Wno-constant-conversion -Wno-int-conversion -Wno-bool-conversion -Wno-enum-conversion -Wno-float-conversion -Wno-non-literal-null-conversion -Wno-objc-literal-conversion -Wshorten-64-to-32 -Wno-newline-eof -Wno-c++11-extensions -Wno-implicit-fallthrough -isysroot /Applications/Xcode_26.6.app/Contents/Developer/Platforms/iPhoneSimulator.platform/Developer/SDKs/iPhoneSimulator26.5.sdk -fstrict-aliasing -Wdeprecated-declarations -Winvalid-offsetof -Wno-sign-conversion -Wno-infinite-recursion -Wno-move -Wno-comma -Wno-block-capture-autoreleasing -Wno-strict-prototypes -Wno-range-loop-analysis -Wno-semicolon-before-method-body -index-store-path /Users/runner/work/red-pen-ios/red-pen-ios/ios/build/Index.noindex/DataStore -w @/Users/runner/work/red-pen-ios/red-pen-ios/ios/build/Build/Intermediates.noindex/LocalLLMClient.build/Debug-iphonesimulator/LocalLLMClientLlamaC.build/Objects-normal/arm64/82b82416624d2658e5098eb0a28c15c5-common-args.resp -MMD -MT dependencies -MF /Users/runner/work/red-pen-ios/red-pen-ios/ios/build/Build/Intermediates.noindex/LocalLLMClient.build/Debug-iphonesimulator/LocalLLMClientLlamaC.build/Objects-normal/arm64/build-info.d --serialize-diagnostics /Users/runner/work/red-pen-ios/red-pen-ios/ios/build/Build/Intermediates.noindex/LocalLLMClient.build/Debug-iphonesimulator/LocalLLMClientLlamaC.build/Objects-normal/arm64/build-info.dia -c /Users/runner/work/red-pen-ios/red-pen-ios/ios/build/SourcePackages/checkouts/LocalLLMClient/Sources/LocalLLMClientLlamaC/common/build-info.cpp -o /Users/runner/work/red-pen-ios/red-pen-ios/ios/build/Build/Intermediates.noindex/LocalLLMClient.build/Debug-iphonesimulator/LocalLLMClientLlamaC.build/Objects-normal/arm64/build-info.o -index-unit-output-path /LocalLLMClient.build/Debug-iphonesimulator/LocalLLMClientLlamaC.build/Objects-normal/arm64/build-info.o

SwiftCompile normal arm64 Compiling\ AppLink.swift,\ DueCardsWidget.swift,\ ExamCountdownWidget.swift,\ ExamDayAttributes.swift,\ ExamDayLiveActivity.swift /Users/runner/work/red-pen-ios/red-pen-ios/ios/RedPen/Shared/Platform/AppLink.swift /Users/runner/work/red-pen-ios/red-pen-ios/ios/StethoscoreWidgets/DueCardsWidget.swift /Users/runner/work/red-pen-ios/red-pen-ios/ios/StethoscoreWidgets/ExamCountdownWidget.swift /Users/runner/work/red-pen-ios/red-pen-ios/ios/RedPen/Shared/Platform/ExamDayAttributes.swift /Users/runner/work/red-pen-ios/red-pen-ios/ios/StethoscoreWidgets/ExamDayLiveActivity.swift (in target 'StethoscoreWidgets' from project 'RedPen')
SwiftCompile normal arm64 /Users/runner/work/red-pen-ios/red-pen-ios/ios/RedPen/Shared/Platform/AppLink.swift (in target 'StethoscoreWidgets' from project 'RedPen')
    cd /Users/runner/work/red-pen-ios/red-pen-ios/ios
    

SwiftCompile normal arm64 /Users/runner/work/red-pen-ios/red-pen-ios/ios/StethoscoreWidgets/DueCardsWidget.swift (in target 'StethoscoreWidgets' from project 'RedPen')
    cd /Users/runner/work/red-pen-ios/red-pen-ios/ios
    

SwiftCompile normal arm64 /Users/runner/work/red-pen-ios/red-pen-ios/ios/StethoscoreWidgets/ExamCountdownWidget.swift (in target 'StethoscoreWidgets' from project 'RedPen')
    cd /Users/runner/work/red-pen-ios/red-pen-ios/ios
    

SwiftCompile normal arm64 /Users/runner/work/red-pen-ios/red-pen-ios/ios/RedPen/Shared/Platform/ExamDayAttributes.swift (in target 'StethoscoreWidgets' from project 'RedPen')
    cd /Users/runner/work/red-pen-ios/red-pen-ios/ios
    

SwiftCompile normal arm64 /Users/runner/work/red-pen-ios/red-pen-ios/ios/StethoscoreWidgets/ExamDayLiveActivity.swift (in target 'StethoscoreWidgets' from project 'RedPen')
    cd /Users/runner/work/red-pen-ios/red-pen-ios/ios
    

SwiftCompile normal arm64 Compiling\ GlanceDigest.swift,\ GlanceTimeline.swift,\ ReviewDueControl.swift,\ ReviewDueIntent.swift,\ SaveToIdeas.swift /Users/runner/work/red-pen-ios/red-pen-ios/ios/RedPen/Shared/Platform/GlanceDigest.swift /Users/runner/work/red-pen-ios/red-pen-ios/ios/StethoscoreWidgets/GlanceTimeline.swift /Users/runner/work/red-pen-ios/red-pen-ios/ios/StethoscoreWidgets/ReviewDueControl.swift /Users/runner/work/red-pen-ios/red-pen-ios/ios/RedPen/Shared/Platform/ReviewDueIntent.swift /Users/runner/work/red-pen-ios/red-pen-ios/ios/RedPen/Shared/Ideas/SaveToIdeas.swift (in target 'StethoscoreWidgets' from project 'RedPen')
SwiftCompile normal arm64 /Users/runner/work/red-pen-ios/red-pen-ios/ios/RedPen/Shared/Platform/GlanceDigest.swift (in target 'StethoscoreWidgets' from project 'RedPen')
    cd /Users/runner/work/red-pen-ios/red-pen-ios/ios
    

SwiftCompile normal arm64 /Users/runner/work/red-pen-ios/red-pen-ios/ios/StethoscoreWidgets/GlanceTimeline.swift (in target 'StethoscoreWidgets' from project 'RedPen')
    cd /Users/runner/work/red-pen-ios/red-pen-ios/ios
    

SwiftCompile normal arm64 /Users/runner/work/red-pen-ios/red-pen-ios/ios/StethoscoreWidgets/ReviewDueControl.swift (in target 'StethoscoreWidgets' from project 'RedPen')
    cd /Users/runner/work/red-pen-ios/red-pen-ios/ios
    

SwiftCompile normal arm64 /Users/runner/work/red-pen-ios/red-pen-ios/ios/RedPen/Shared/Platform/ReviewDueIntent.swift (in target 'StethoscoreWidgets' from project 'RedPen')
    cd /Users/runner/work/red-pen-ios/red-pen-ios/ios
    

SwiftCompile normal arm64 /Users/runner/work/red-pen-ios/red-pen-ios/ios/RedPen/Shared/Ideas/SaveToIdeas.swift (in target 'StethoscoreWidgets' from project 'RedPen')
    cd /Users/runner/work/red-pen-ios/red-pen-ios/ios
    

Ld /Users/runner/work/red-pen-ios/red-pen-ios/ios/build/Build/Products/Debug-iphonesimulator/LocalLLMClientLlamaC.o normal (in target 'LocalLLMClientLlamaC' from project 'LocalLLMClient')
    cd /Users/runner/work/red-pen-ios/red-pen-ios/ios/build/SourcePackages/checkouts/LocalLLMClient
    /Applications/Xcode_26.6.app/Contents/Developer/Toolchains/XcodeDefault.xctoolchain/usr/bin/clang++ -Xlinker -reproducible -target arm64-apple-ios17.0-simulator -r -isysroot /Applications/Xcode_26.6.app/Contents/Developer/Platforms/iPhoneSimulator.platform/Developer/SDKs/iPhoneSimulator26.5.sdk -O0 -w -F/Users/runner/work/red-pen-ios/red-pen-ios/ios/build/Build/Intermediates.noindex/EagerLinkingTBDs/Debug-iphonesimulator -F/Users/runner/work/red-pen-ios/red-pen-ios/ios/build/Build/Products/Debug-iphonesimulator -iframework /Applications/Xcode_26.6.app/Contents/Developer/Platforms/iPhoneSimulator.platform/Developer/Library/Frameworks -iframework /Applications/Xcode_26.6.app/Contents/Developer/Platforms/iPhoneSimulator.platform/Developer/SDKs/iPhoneSimulator26.5.sdk/Developer/Library/Frameworks -filelist /Users/runner/work/red-pen-ios/red-pen-ios/ios/build/Build/Intermediates.noindex/LocalLLMClient.build/Debug-iphonesimulator/LocalLLMClientLlamaC.build/Objects-normal/arm64/LocalLLMClientLlamaC.LinkFileList -nostdlib -Xlinker -object_path_lto -Xlinker /Users/runner/work/red-pen-ios/red-pen-ios/ios/build/Build/Intermediates.noindex/LocalLLMClient.build/Debug-iphonesimulator/LocalLLMClientLlamaC.build/Objects-normal/arm64/LocalLLMClientLlamaC_lto.o -Xlinker -no_deduplicate -Xlinker -objc_abi_version -Xlinker 2 -Xlinker -dependency_info -Xlinker /Users/runner/work/red-pen-ios/red-pen-ios/ios/build/Build/Intermediates.noindex/LocalLLMClient.build/Debug-iphonesimulator/LocalLLMClientLlamaC.build/Objects-normal/arm64/LocalLLMClientLlamaC_dependency_info.dat -o /Users/runner/work/red-pen-ios/red-pen-ios/ios/build/Build/Products/Debug-iphonesimulator/LocalLLMClientLlamaC.o

SwiftCompile normal arm64 Compiling\ StethoscoreWidgetsBundle.swift,\ TodayStreakWidget.swift,\ WardRoundAttributes.swift,\ WardRoundLiveActivity.swift /Users/runner/work/red-pen-ios/red-pen-ios/ios/StethoscoreWidgets/StethoscoreWidgetsBundle.swift /Users/runner/work/red-pen-ios/red-pen-ios/ios/StethoscoreWidgets/TodayStreakWidget.swift /Users/runner/work/red-pen-ios/red-pen-ios/ios/RedPen/Shared/Platform/WardRoundAttributes.swift /Users/runner/work/red-pen-ios/red-pen-ios/ios/StethoscoreWidgets/WardRoundLiveActivity.swift (in target 'StethoscoreWidgets' from project 'RedPen')

SwiftCompile normal arm64 /Users/runner/work/red-pen-ios/red-pen-ios/ios/StethoscoreWidgets/StethoscoreWidgetsBundle.swift (in target 'StethoscoreWidgets' from project 'RedPen')
    cd /Users/runner/work/red-pen-ios/red-pen-ios/ios
    

SwiftCompile normal arm64 /Users/runner/work/red-pen-ios/red-pen-ios/ios/StethoscoreWidgets/TodayStreakWidget.swift (in target 'StethoscoreWidgets' from project 'RedPen')
    cd /Users/runner/work/red-pen-ios/red-pen-ios/ios
    

SwiftCompile normal arm64 /Users/runner/work/red-pen-ios/red-pen-ios/ios/RedPen/Shared/Platform/WardRoundAttributes.swift (in target 'StethoscoreWidgets' from project 'RedPen')
    cd /Users/runner/work/red-pen-ios/red-pen-ios/ios
    

SwiftCompile normal arm64 /Users/runner/work/red-pen-ios/red-pen-ios/ios/StethoscoreWidgets/WardRoundLiveActivity.swift (in target 'StethoscoreWidgets' from project 'RedPen')
    cd /Users/runner/work/red-pen-ios/red-pen-ios/ios
    

SwiftDriverJobDiscovery normal arm64 Compiling StethoscoreWidgetsBundle.swift, TodayStreakWidget.swift, WardRoundAttributes.swift, WardRoundLiveActivity.swift (in target 'StethoscoreWidgets' from project 'RedPen')

SwiftCompile normal arm64 Compiling\ Downloader.swift,\ FileDownloader.swift /Users/runner/work/red-pen-ios/red-pen-ios/ios/build/SourcePackages/checkouts/LocalLLMClient/Sources/LocalLLMClientUtility/Downloader.swift /Users/runner/work/red-pen-ios/red-pen-ios/ios/build/SourcePackages/checkouts/LocalLLMClient/Sources/LocalLLMClientUtility/FileDownloader.swift (in target 'LocalLLMClientUtility' from project 'LocalLLMClient')

SwiftCompile normal arm64 /Users/runner/work/red-pen-ios/red-pen-ios/ios/build/SourcePackages/checkouts/LocalLLMClient/Sources/LocalLLMClientUtility/Downloader.swift (in target 'LocalLLMClientUtility' from project 'LocalLLMClient')
    cd /Users/runner/work/red-pen-ios/red-pen-ios/ios/RedPen.xcodeproj
    

SwiftCompile normal arm64 /Users/runner/work/red-pen-ios/red-pen-ios/ios/build/SourcePackages/checkouts/LocalLLMClient/Sources/LocalLLMClientUtility/FileDownloader.swift (in target 'LocalLLMClientUtility' from project 'LocalLLMClient')
    cd /Users/runner/work/red-pen-ios/red-pen-ios/ios/RedPen.xcodeproj
    

SwiftCompile normal arm64 Compiling\ Globs.swift,\ HuggingFaceAPI.swift /Users/runner/work/red-pen-ios/red-pen-ios/ios/build/SourcePackages/checkouts/LocalLLMClient/Sources/LocalLLMClientUtility/Globs.swift /Users/runner/work/red-pen-ios/red-pen-ios/ios/build/SourcePackages/checkouts/LocalLLMClient/Sources/LocalLLMClientUtility/HuggingFaceAPI.swift (in target 'LocalLLMClientUtility' from project 'LocalLLMClient')

SwiftCompile normal arm64 /Users/runner/work/red-pen-ios/red-pen-ios/ios/build/SourcePackages/checkouts/LocalLLMClient/Sources/LocalLLMClientUtility/Globs.swift (in target 'LocalLLMClientUtility' from project 'LocalLLMClient')
    cd /Users/runner/work/red-pen-ios/red-pen-ios/ios/RedPen.xcodeproj
    

SwiftCompile normal arm64 /Users/runner/work/red-pen-ios/red-pen-ios/ios/build/SourcePackages/checkouts/LocalLLMClient/Sources/LocalLLMClientUtility/HuggingFaceAPI.swift (in target 'LocalLLMClientUtility' from project 'LocalLLMClient')
    cd /Users/runner/work/red-pen-ios/red-pen-ios/ios/RedPen.xcodeproj
    

SwiftDriverJobDiscovery normal arm64 Compiling AppLink.swift, DueCardsWidget.swift, ExamCountdownWidget.swift, ExamDayAttributes.swift, ExamDayLiveActivity.swift (in target 'StethoscoreWidgets' from project 'RedPen')

SwiftCompile normal arm64 Compiling\ Lock.swift,\ URL+.swift /Users/runner/work/red-pen-ios/red-pen-ios/ios/build/SourcePackages/checkouts/LocalLLMClient/Sources/LocalLLMClientUtility/Lock.swift /Users/runner/work/red-pen-ios/red-pen-ios/ios/build/SourcePackages/checkouts/LocalLLMClient/Sources/LocalLLMClientUtility/URL+.swift (in target 'LocalLLMClientUtility' from project 'LocalLLMClient')

SwiftCompile normal arm64 /Users/runner/work/red-pen-ios/red-pen-ios/ios/build/SourcePackages/checkouts/LocalLLMClient/Sources/LocalLLMClientUtility/Lock.swift (in target 'LocalLLMClientUtility' from project 'LocalLLMClient')
    cd /Users/runner/work/red-pen-ios/red-pen-ios/ios/RedPen.xcodeproj
    

SwiftCompile normal arm64 /Users/runner/work/red-pen-ios/red-pen-ios/ios/build/SourcePackages/checkouts/LocalLLMClient/Sources/LocalLLMClientUtility/URL+.swift (in target 'LocalLLMClientUtility' from project 'LocalLLMClient')
    cd /Users/runner/work/red-pen-ios/red-pen-ios/ios/RedPen.xcodeproj
    

SwiftDriverJobDiscovery normal arm64 Compiling GlanceDigest.swift, GlanceTimeline.swift, ReviewDueControl.swift, ReviewDueIntent.swift, SaveToIdeas.swift (in target 'StethoscoreWidgets' from project 'RedPen')

SwiftDriver\ Compilation StethoscoreWidgets normal arm64 com.apple.xcode.tools.swift.compiler (in target 'StethoscoreWidgets' from project 'RedPen')
    cd /Users/runner/work/red-pen-ios/red-pen-ios/ios
    builtin-Swift-Compilation -- /Applications/Xcode_26.6.app/Contents/Developer/Toolchains/XcodeDefault.xctoolchain/usr/bin/swiftc -module-name StethoscoreWidgets -Onone @/Users/runner/work/red-pen-ios/red-pen-ios/ios/build/Build/Intermediates.noindex/RedPen.build/Debug-iphonesimulator/StethoscoreWidgets.build/Objects-normal/arm64/StethoscoreWidgets.SwiftFileList -DDEBUG -DWIDGET_EXTENSION -enable-bare-slash-regex -enable-experimental-feature DebugDescriptionMacro -sdk /Applications/Xcode_26.6.app/Contents/Developer/Platforms/iPhoneSimulator.platform/Developer/SDKs/iPhoneSimulator26.5.sdk -target arm64-apple-ios26.0-simulator -g -module-cache-path /Users/runner/work/red-pen-ios/red-pen-ios/ios/build/ModuleCache.noindex -Xfrontend -serialize-debugging-options -application-extension -enable-testing -index-store-path /Users/runner/work/red-pen-ios/red-pen-ios/ios/build/Index.noindex/DataStore -Xcc -D_LIBCPP_HARDENING_MODE\=_LIBCPP_HARDENING_MODE_DEBUG -swift-version 5 -I /Users/runner/work/red-pen-ios/red-pen-ios/ios/build/Build/Products/Debug-iphonesimulator -F /Users/runner/work/red-pen-ios/red-pen-ios/ios/build/Build/Products/Debug-iphonesimulator -c -j3 -enable-batch-mode -incremental -Xcc -ivfsstatcache -Xcc /Users/runner/work/red-pen-ios/red-pen-ios/ios/build/SDKStatCaches.noindex/iphonesimulator26.5-23F81a-688ef53f1462e2c8f657fdc38a81448ff45c64a1807a658693f2a61704f17a36.sdkstatcache -output-file-map /Users/runner/work/red-pen-ios/red-pen-ios/ios/build/Build/Intermediates.noindex/RedPen.build/Debug-iphonesimulator/StethoscoreWidgets.build/Objects-normal/arm64/StethoscoreWidgets-OutputFileMap.json -use-frontend-parseable-output -save-temps -no-color-diagnostics -serialize-diagnostics -emit-dependencies -emit-module -emit-module-path /Users/runner/work/red-pen-ios/red-pen-ios/ios/build/Build/Intermediates.noindex/RedPen.build/Debug-iphonesimulator/StethoscoreWidgets.build/Objects-normal/arm64/StethoscoreWidgets.swiftmodule -validate-clang-modules-once -clang-build-session-file /Users/runner/work/red-pen-ios/red-pen-ios/ios/build/ModuleCache.noindex/Session.modulevalidation -Xcc -I/Users/runner/work/red-pen-ios/red-pen-ios/ios/build/Build/Intermediates.noindex/RedPen.build/Debug-iphonesimulator/StethoscoreWidgets.build/swift-overrides.hmap -emit-const-values -Xfrontend -const-gather-protocols-file -Xfrontend /Users/runner/work/red-pen-ios/red-pen-ios/ios/build/Build/Intermediates.noindex/RedPen.build/Debug-iphonesimulator/StethoscoreWidgets.build/Objects-normal/arm64/StethoscoreWidgets_const_extract_protocols.json -Xcc -iquote -Xcc /Users/runner/work/red-pen-ios/red-pen-ios/ios/build/Build/Intermediates.noindex/RedPen.build/Debug-iphonesimulator/StethoscoreWidgets.build/StethoscoreWidgets-generated-files.hmap -Xcc -I/Users/runner/work/red-pen-ios/red-pen-ios/ios/build/Build/Intermediates.noindex/RedPen.build/Debug-iphonesimulator/StethoscoreWidgets.build/StethoscoreWidgets-own-target-headers.hmap -Xcc -I/Users/runner/work/red-pen-ios/red-pen-ios/ios/build/Build/Intermediates.noindex/RedPen.build/Debug-iphonesimulator/StethoscoreWidgets.build/StethoscoreWidgets-all-non-framework-target-headers.hmap -Xcc -ivfsoverlay -Xcc /Users/runner/work/red-pen-ios/red-pen-ios/ios/build/Build/Intermediates.noindex/RedPen.build/Debug-iphonesimulator/RedPen-599707e14dd5256a6604c828c0c573bf-VFS-iphonesimulator/all-product-headers.yaml -Xcc -iquote -Xcc /Users/runner/work/red-pen-ios/red-pen-ios/ios/build/Build/Intermediates.noindex/RedPen.build/Debug-iphonesimulator/StethoscoreWidgets.build/StethoscoreWidgets-project-headers.hmap -Xcc -I/Users/runner/work/red-pen-ios/red-pen-ios/ios/build/Build/Products/Debug-iphonesimulator/include -Xcc -I/Users/runner/work/red-pen-ios/red-pen-ios/ios/build/Build/Intermediates.noindex/RedPen.build/Debug-iphonesimulator/StethoscoreWidgets.build/DerivedSources-normal/arm64 -Xcc -I/Users/runner/work/red-pen-ios/red-pen-ios/ios/build/Build/Intermediates.noindex/RedPen.build/Debug-iphonesimulator/StethoscoreWidgets.build/DerivedSources/arm64 -Xcc -I/Users/runner/work/red-pen-ios/red-pen-ios/ios/build/Build/Intermediates.noindex/RedPen.build/Debug-iphonesimulator/StethoscoreWidgets.build/DerivedSources -Xcc -DDEBUG\=1 -emit-objc-header -emit-objc-header-path /Users/runner/work/red-pen-ios/red-pen-ios/ios/build/Build/Intermediates.noindex/RedPen.build/Debug-iphonesimulator/StethoscoreWidgets.build/Objects-normal/arm64/StethoscoreWidgets-Swift.h -working-directory /Users/runner/work/red-pen-ios/red-pen-ios/ios -experimental-emit-module-separately -disable-cmo

SwiftDriverJobDiscovery normal arm64 Compiling Lock.swift, URL+.swift (in target 'LocalLLMClientUtility' from project 'LocalLLMClient')

SwiftCompile normal arm64 Compiling\ ToolArgumentMacro.swift,\ ToolArgumentsMacro.swift /Users/runner/work/red-pen-ios/red-pen-ios/ios/build/SourcePackages/checkouts/LocalLLMClient/Sources/LocalLLMClientMacrosPlugin/ToolArgumentMacro.swift /Users/runner/work/red-pen-ios/red-pen-ios/ios/build/SourcePackages/checkouts/LocalLLMClient/Sources/LocalLLMClientMacrosPlugin/ToolArgumentsMacro.swift (in target 'LocalLLMClientMacrosPlugin' from project 'LocalLLMClient')
SwiftCompile normal arm64 /Users/runner/work/red-pen-ios/red-pen-ios/ios/build/SourcePackages/checkouts/LocalLLMClient/Sources/LocalLLMClientMacrosPlugin/ToolArgumentMacro.swift (in target 'LocalLLMClientMacrosPlugin' from project 'LocalLLMClient')
    cd /Users/runner/work/red-pen-ios/red-pen-ios/ios/RedPen.xcodeproj
    

SwiftCompile normal arm64 /Users/runner/work/red-pen-ios/red-pen-ios/ios/build/SourcePackages/checkouts/LocalLLMClient/Sources/LocalLLMClientMacrosPlugin/ToolArgumentsMacro.swift (in target 'LocalLLMClientMacrosPlugin' from project 'LocalLLMClient')
    cd /Users/runner/work/red-pen-ios/red-pen-ios/ios/RedPen.xcodeproj
    

SwiftDriverJobDiscovery normal arm64 Compiling Globs.swift, HuggingFaceAPI.swift (in target 'LocalLLMClientUtility' from project 'LocalLLMClient')

SwiftCompile normal arm64 Compiling\ LocalLLMClientMacrosPlugin.swift,\ ToolArgumentEnumMacro.swift /Users/runner/work/red-pen-ios/red-pen-ios/ios/build/SourcePackages/checkouts/LocalLLMClient/Sources/LocalLLMClientMacrosPlugin/LocalLLMClientMacrosPlugin.swift /Users/runner/work/red-pen-ios/red-pen-ios/ios/build/SourcePackages/checkouts/LocalLLMClient/Sources/LocalLLMClientMacrosPlugin/ToolArgumentEnumMacro.swift (in target 'LocalLLMClientMacrosPlugin' from project 'LocalLLMClient')

SwiftCompile normal arm64 /Users/runner/work/red-pen-ios/red-pen-ios/ios/build/SourcePackages/checkouts/LocalLLMClient/Sources/LocalLLMClientMacrosPlugin/LocalLLMClientMacrosPlugin.swift (in target 'LocalLLMClientMacrosPlugin' from project 'LocalLLMClient')
    cd /Users/runner/work/red-pen-ios/red-pen-ios/ios/RedPen.xcodeproj
    

SwiftCompile normal arm64 /Users/runner/work/red-pen-ios/red-pen-ios/ios/build/SourcePackages/checkouts/LocalLLMClient/Sources/LocalLLMClientMacrosPlugin/ToolArgumentEnumMacro.swift (in target 'LocalLLMClientMacrosPlugin' from project 'LocalLLMClient')
    cd /Users/runner/work/red-pen-ios/red-pen-ios/ios/RedPen.xcodeproj
    

SwiftCompile normal arm64 Compiling\ ToolMacro.swift /Users/runner/work/red-pen-ios/red-pen-ios/ios/build/SourcePackages/checkouts/LocalLLMClient/Sources/LocalLLMClientMacrosPlugin/ToolMacro.swift (in target 'LocalLLMClientMacrosPlugin' from project 'LocalLLMClient')

SwiftCompile normal arm64 /Users/runner/work/red-pen-ios/red-pen-ios/ios/build/SourcePackages/checkouts/LocalLLMClient/Sources/LocalLLMClientMacrosPlugin/ToolMacro.swift (in target 'LocalLLMClientMacrosPlugin' from project 'LocalLLMClient')
    cd /Users/runner/work/red-pen-ios/red-pen-ios/ios/RedPen.xcodeproj
    

SwiftDriverJobDiscovery normal arm64 Compiling Downloader.swift, FileDownloader.swift (in target 'LocalLLMClientUtility' from project 'LocalLLMClient')

SwiftDriver\ Compilation LocalLLMClientUtility normal arm64 com.apple.xcode.tools.swift.compiler (in target 'LocalLLMClientUtility' from project 'LocalLLMClient')
    cd /Users/runner/work/red-pen-ios/red-pen-ios/ios/RedPen.xcodeproj
    builtin-Swift-Compilation -- /Applications/Xcode_26.6.app/Contents/Developer/Toolchains/XcodeDefault.xctoolchain/usr/bin/swiftc -module-name LocalLLMClientUtility -Onone @/Users/runner/work/red-pen-ios/red-pen-ios/ios/build/Build/Intermediates.noindex/LocalLLMClient.build/Debug-iphonesimulator/LocalLLMClientUtility.build/Objects-normal/arm64/LocalLLMClientUtility.SwiftFileList -DSWIFT_PACKAGE -DDEBUG -DSWIFT_MODULE_RESOURCE_BUNDLE_UNAVAILABLE -DXcode -plugin-path /Applications/Xcode_26.6.app/Contents/Developer/Toolchains/XcodeDefault.xctoolchain/usr/lib/swift/host/plugins/testing -enable-experimental-feature DebugDescriptionMacro -sdk /Applications/Xcode_26.6.app/Contents/Developer/Platforms/iPhoneSimulator.platform/Developer/SDKs/iPhoneSimulator26.5.sdk -target arm64-apple-ios17.0-simulator -g -module-cache-path /Users/runner/work/red-pen-ios/red-pen-ios/ios/build/ModuleCache.noindex -Xfrontend -serialize-debugging-options -enable-testing -suppress-warnings -index-store-path /Users/runner/work/red-pen-ios/red-pen-ios/ios/build/Index.noindex/DataStore -Xcc -D_LIBCPP_HARDENING_MODE\=_LIBCPP_HARDENING_MODE_DEBUG -swift-version 6 -I /Users/runner/work/red-pen-ios/red-pen-ios/ios/build/Build/Products/Debug-iphonesimulator -Isystem /Applications/Xcode_26.6.app/Contents/Developer/Platforms/iPhoneSimulator.platform/Developer/usr/lib -F /Users/runner/work/red-pen-ios/red-pen-ios/ios/build/Build/Products/Debug-iphonesimulator -F /Applications/Xcode_26.6.app/Contents/Developer/Platforms/iPhoneSimulator.platform/Developer/Library/Frameworks -F /Applications/Xcode_26.6.app/Contents/Developer/Platforms/iPhoneSimulator.platform/Developer/SDKs/iPhoneSimulator26.5.sdk/Developer/Library/Frameworks -c -j3 -enable-batch-mode -incremental -Xcc -ivfsstatcache -Xcc /Users/runner/work/red-pen-ios/red-pen-ios/ios/build/SDKStatCaches.noindex/iphonesimulator26.5-23F81a-688ef53f1462e2c8f657fdc38a81448ff45c64a1807a658693f2a61704f17a36.sdkstatcache -output-file-map /Users/runner/work/red-pen-ios/red-pen-ios/ios/build/Build/Intermediates.noindex/LocalLLMClient.build/Debug-iphonesimulator/LocalLLMClientUtility.build/Objects-normal/arm64/LocalLLMClientUtility-OutputFileMap.json -use-frontend-parseable-output -save-temps -no-color-diagnostics -serialize-diagnostics -emit-dependencies -emit-module -emit-module-path /Users/runner/work/red-pen-ios/red-pen-ios/ios/build/Build/Intermediates.noindex/LocalLLMClient.build/Debug-iphonesimulator/LocalLLMClientUtility.build/Objects-normal/arm64/LocalLLMClientUtility.swiftmodule -validate-clang-modules-once -clang-build-session-file /Users/runner/work/red-pen-ios/red-pen-ios/ios/build/ModuleCache.noindex/Session.modulevalidation -package-name localllmclient -Xcc -I/Users/runner/work/red-pen-ios/red-pen-ios/ios/build/Build/Intermediates.noindex/LocalLLMClient.build/Debug-iphonesimulator/LocalLLMClientUtility.build/swift-overrides.hmap -emit-const-values -Xfrontend -const-gather-protocols-file -Xfrontend /Users/runner/work/red-pen-ios/red-pen-ios/ios/build/Build/Intermediates.noindex/LocalLLMClient.build/Debug-iphonesimulator/LocalLLMClientUtility.build/Objects-normal/arm64/LocalLLMClientUtility_const_extract_protocols.json -Xcc -I/Users/runner/work/red-pen-ios/red-pen-ios/ios/build/Build/Products/Debug-iphonesimulator/include -Xcc -I/Users/runner/work/red-pen-ios/red-pen-ios/ios/build/Build/Intermediates.noindex/LocalLLMClient.build/Debug-iphonesimulator/LocalLLMClientUtility.build/DerivedSources-normal/arm64 -Xcc -I/Users/runner/work/red-pen-ios/red-pen-ios/ios/build/Build/Intermediates.noindex/LocalLLMClient.build/Debug-iphonesimulator/LocalLLMClientUtility.build/DerivedSources/arm64 -Xcc -I/Users/runner/work/red-pen-ios/red-pen-ios/ios/build/Build/Intermediates.noindex/LocalLLMClient.build/Debug-iphonesimulator/LocalLLMClientUtility.build/DerivedSources -Xcc -DSWIFT_PACKAGE -Xcc -DDEBUG\=1 -emit-objc-header -emit-objc-header-path /Users/runner/work/red-pen-ios/red-pen-ios/ios/build/Build/Intermediates.noindex/LocalLLMClient.build/Debug-iphonesimulator/LocalLLMClientUtility.build/Objects-normal/arm64/LocalLLMClientUtility-Swift.h -working-directory /Users/runner/work/red-pen-ios/red-pen-ios/ios/RedPen.xcodeproj -experimental-emit-module-separately -disable-cmo

SwiftDriverJobDiscovery normal arm64 Compiling LocalLLMClientMacrosPlugin.swift, ToolArgumentEnumMacro.swift (in target 'LocalLLMClientMacrosPlugin' from project 'LocalLLMClient')

SwiftCompile normal arm64 Compiling\ LifetimeOverride.swift,\ MutableRef.swift,\ MutableSpan+Extras.swift,\ OutputSpan+Extras.swift,\ RandomAccessCollection+Offsets.swift,\ Span+Extras.swift,\ Strideable+LimitHelpers.swift,\ String+Padding.swift,\ TemporaryAllocation.swift,\ _UnsafeBitSet+Index.swift /Users/runner/work/red-pen-ios/red-pen-ios/ios/build/SourcePackages/checkouts/swift-collections/Sources/InternalCollectionsUtilities/LifetimeOverride.swift /Users/runner/work/red-pen-ios/red-pen-ios/ios/build/SourcePackages/checkouts/swift-collections/Sources/InternalCollectionsUtilities/MutableRef.swift /Users/runner/work/red-pen-ios/red-pen-ios/ios/build/SourcePackages/checkouts/swift-collections/Sources/InternalCollectionsUtilities/MutableSpan+Extras.swift /Users/runner/work/red-pen-ios/red-pen-ios/ios/build/SourcePackages/checkouts/swift-collections/Sources/InternalCollectionsUtilities/OutputSpan+Extras.swift /Users/runner/work/red-pen-ios/red-pen-ios/ios/build/SourcePackages/checkouts/swift-collections/Sources/InternalCollectionsUtilities/RandomAccessCollection+Offsets.swift /Users/runner/work/red-pen-ios/red-pen-ios/ios/build/SourcePackages/checkouts/swift-collections/Sources/InternalCollectionsUtilities/Span+Extras.swift /Users/runner/work/red-pen-ios/red-pen-ios/ios/build/SourcePackages/checkouts/swift-collections/Sources/InternalCollectionsUtilities/Strideable+LimitHelpers.swift /Users/runner/work/red-pen-ios/red-pen-ios/ios/build/SourcePackages/checkouts/swift-collections/Sources/InternalCollectionsUtilities/String+Padding.swift /Users/runner/work/red-pen-ios/red-pen-ios/ios/build/SourcePackages/checkouts/swift-collections/Sources/InternalCollectionsUtilities/TemporaryAllocation.swift /Users/runner/work/red-pen-ios/red-pen-ios/ios/build/SourcePackages/checkouts/swift-collections/Sources/InternalCollectionsUtilities/UnsafeBitSet/_UnsafeBitSet+Index.swift (in target 'InternalCollectionsUtilities' from project 'swift-collections')

SwiftCompile normal arm64 /Users/runner/work/red-pen-ios/red-pen-ios/ios/build/SourcePackages/checkouts/swift-collections/Sources/InternalCollectionsUtilities/LifetimeOverride.swift (in target 'InternalCollectionsUtilities' from project 'swift-collections')
    cd /Users/runner/work/red-pen-ios/red-pen-ios/ios/RedPen.xcodeproj
    

SwiftCompile normal arm64 /Users/runner/work/red-pen-ios/red-pen-ios/ios/build/SourcePackages/checkouts/swift-collections/Sources/InternalCollectionsUtilities/MutableRef.swift (in target 'InternalCollectionsUtilities' from project 'swift-collections')
    cd /Users/runner/work/red-pen-ios/red-pen-ios/ios/RedPen.xcodeproj
    

SwiftCompile normal arm64 /Users/runner/work/red-pen-ios/red-pen-ios/ios/build/SourcePackages/checkouts/swift-collections/Sources/InternalCollectionsUtilities/MutableSpan+Extras.swift (in target 'InternalCollectionsUtilities' from project 'swift-collections')
    cd /Users/runner/work/red-pen-ios/red-pen-ios/ios/RedPen.xcodeproj
    

SwiftCompile normal arm64 /Users/runner/work/red-pen-ios/red-pen-ios/ios/build/SourcePackages/checkouts/swift-collections/Sources/InternalCollectionsUtilities/OutputSpan+Extras.swift (in target 'InternalCollectionsUtilities' from project 'swift-collections')
    cd /Users/runner/work/red-pen-ios/red-pen-ios/ios/RedPen.xcodeproj
    

SwiftCompile normal arm64 /Users/runner/work/red-pen-ios/red-pen-ios/ios/build/SourcePackages/checkouts/swift-collections/Sources/InternalCollectionsUtilities/RandomAccessCollection+Offsets.swift (in target 'InternalCollectionsUtilities' from project 'swift-collections')
    cd /Users/runner/work/red-pen-ios/red-pen-ios/ios/RedPen.xcodeproj
    

SwiftCompile normal arm64 /Users/runner/work/red-pen-ios/red-pen-ios/ios/build/SourcePackages/checkouts/swift-collections/Sources/InternalCollectionsUtilities/Span+Extras.swift (in target 'InternalCollectionsUtilities' from project 'swift-collections')
    cd /Users/runner/work/red-pen-ios/red-pen-ios/ios/RedPen.xcodeproj
    

SwiftCompile normal arm64 /Users/runner/work/red-pen-ios/red-pen-ios/ios/build/SourcePackages/checkouts/swift-collections/Sources/InternalCollectionsUtilities/Strideable+LimitHelpers.swift (in target 'InternalCollectionsUtilities' from project 'swift-collections')
    cd /Users/runner/work/red-pen-ios/red-pen-ios/ios/RedPen.xcodeproj
    

SwiftCompile normal arm64 /Users/runner/work/red-pen-ios/red-pen-ios/ios/build/SourcePackages/checkouts/swift-collections/Sources/InternalCollectionsUtilities/String+Padding.swift (in target 'InternalCollectionsUtilities' from project 'swift-collections')
    cd /Users/runner/work/red-pen-ios/red-pen-ios/ios/RedPen.xcodeproj
    

SwiftCompile normal arm64 /Users/runner/work/red-pen-ios/red-pen-ios/ios/build/SourcePackages/checkouts/swift-collections/Sources/InternalCollectionsUtilities/TemporaryAllocation.swift (in target 'InternalCollectionsUtilities' from project 'swift-collections')
    cd /Users/runner/work/red-pen-ios/red-pen-ios/ios/RedPen.xcodeproj
    

SwiftCompile normal arm64 /Users/runner/work/red-pen-ios/red-pen-ios/ios/build/SourcePackages/checkouts/swift-collections/Sources/InternalCollectionsUtilities/UnsafeBitSet/_UnsafeBitSet+Index.swift (in target 'InternalCollectionsUtilities' from project 'swift-collections')
    cd /Users/runner/work/red-pen-ios/red-pen-ios/ios/RedPen.xcodeproj
    

SwiftCompile normal arm64 Compiling\ BorrowingIteratorProtocol+Equality.swift,\ BorrowingIteratorProtocol+Extras.swift,\ Debugging.swift,\ Descriptions.swift,\ FixedWidthInteger+roundUpToPowerOfTwo.swift,\ Integer\ rank.swift,\ UInt+first\ and\ last\ set\ bit.swift,\ UInt+reversed.swift,\ Iterable+CopyContents.swift,\ Iterable+Equality.swift /Users/runner/work/red-pen-ios/red-pen-ios/ios/build/SourcePackages/checkouts/swift-collections/Sources/InternalCollectionsUtilities/BorrowingIteratorProtocol+Equality.swift /Users/runner/work/red-pen-ios/red-pen-ios/ios/build/SourcePackages/checkouts/swift-collections/Sources/InternalCollectionsUtilities/BorrowingIteratorProtocol+Extras.swift /Users/runner/work/red-pen-ios/red-pen-ios/ios/build/SourcePackages/checkouts/swift-collections/Sources/InternalCollectionsUtilities/Debugging.swift /Users/runner/work/red-pen-ios/red-pen-ios/ios/build/SourcePackages/checkouts/swift-collections/Sources/InternalCollectionsUtilities/Descriptions.swift /Users/runner/work/red-pen-ios/red-pen-ios/ios/build/SourcePackages/checkouts/swift-collections/Sources/InternalCollectionsUtilities/IntegerTricks/FixedWidthInteger+roundUpToPowerOfTwo.swift /Users/runner/work/red-pen-ios/red-pen-ios/ios/build/SourcePackages/checkouts/swift-collections/Sources/InternalCollectionsUtilities/IntegerTricks/Integer\ rank.swift /Users/runner/work/red-pen-ios/red-pen-ios/ios/build/SourcePackages/checkouts/swift-collections/Sources/InternalCollectionsUtilities/IntegerTricks/UInt+first\ and\ last\ set\ bit.swift /Users/runner/work/red-pen-ios/red-pen-ios/ios/build/SourcePackages/checkouts/swift-collections/Sources/InternalCollectionsUtilities/IntegerTricks/UInt+reversed.swift /Users/runner/work/red-pen-ios/red-pen-ios/ios/build/SourcePackages/checkouts/swift-collections/Sources/InternalCollectionsUtilities/Iterable+CopyContents.swift /Users/runner/work/red-pen-ios/red-pen-ios/ios/build/SourcePackages/checkouts/swift-collections/Sources/InternalCollectionsUtilities/Iterable+Equality.swift (in target 'InternalCollectionsUtilities' from project 'swift-collections')

SwiftCompile normal arm64 /Users/runner/work/red-pen-ios/red-pen-ios/ios/build/SourcePackages/checkouts/swift-collections/Sources/InternalCollectionsUtilities/BorrowingIteratorProtocol+Equality.swift (in target 'InternalCollectionsUtilities' from project 'swift-collections')
    cd /Users/runner/work/red-pen-ios/red-pen-ios/ios/RedPen.xcodeproj
    

SwiftCompile normal arm64 /Users/runner/work/red-pen-ios/red-pen-ios/ios/build/SourcePackages/checkouts/swift-collections/Sources/InternalCollectionsUtilities/BorrowingIteratorProtocol+Extras.swift (in target 'InternalCollectionsUtilities' from project 'swift-collections')
    cd /Users/runner/work/red-pen-ios/red-pen-ios/ios/RedPen.xcodeproj
    

SwiftCompile normal arm64 /Users/runner/work/red-pen-ios/red-pen-ios/ios/build/SourcePackages/checkouts/swift-collections/Sources/InternalCollectionsUtilities/Debugging.swift (in target 'InternalCollectionsUtilities' from project 'swift-collections')
    cd /Users/runner/work/red-pen-ios/red-pen-ios/ios/RedPen.xcodeproj
    

SwiftCompile normal arm64 /Users/runner/work/red-pen-ios/red-pen-ios/ios/build/SourcePackages/checkouts/swift-collections/Sources/InternalCollectionsUtilities/Descriptions.swift (in target 'InternalCollectionsUtilities' from project 'swift-collections')
    cd /Users/runner/work/red-pen-ios/red-pen-ios/ios/RedPen.xcodeproj
    

SwiftCompile normal arm64 /Users/runner/work/red-pen-ios/red-pen-ios/ios/build/SourcePackages/checkouts/swift-collections/Sources/InternalCollectionsUtilities/IntegerTricks/FixedWidthInteger+roundUpToPowerOfTwo.swift (in target 'InternalCollectionsUtilities' from project 'swift-collections')
    cd /Users/runner/work/red-pen-ios/red-pen-ios/ios/RedPen.xcodeproj
    

SwiftCompile normal arm64 /Users/runner/work/red-pen-ios/red-pen-ios/ios/build/SourcePackages/checkouts/swift-collections/Sources/InternalCollectionsUtilities/IntegerTricks/Integer\ rank.swift (in target 'InternalCollectionsUtilities' from project 'swift-collections')
    cd /Users/runner/work/red-pen-ios/red-pen-ios/ios/RedPen.xcodeproj
    

SwiftCompile normal arm64 /Users/runner/work/red-pen-ios/red-pen-ios/ios/build/SourcePackages/checkouts/swift-collections/Sources/InternalCollectionsUtilities/IntegerTricks/UInt+first\ and\ last\ set\ bit.swift (in target 'InternalCollectionsUtilities' from project 'swift-collections')
    cd /Users/runner/work/red-pen-ios/red-pen-ios/ios/RedPen.xcodeproj
    

SwiftCompile normal arm64 /Users/runner/work/red-pen-ios/red-pen-ios/ios/build/SourcePackages/checkouts/swift-collections/Sources/InternalCollectionsUtilities/IntegerTricks/UInt+reversed.swift (in target 'InternalCollectionsUtilities' from project 'swift-collections')
    cd /Users/runner/work/red-pen-ios/red-pen-ios/ios/RedPen.xcodeproj
    

SwiftCompile normal arm64 /Users/runner/work/red-pen-ios/red-pen-ios/ios/build/SourcePackages/checkouts/swift-collections/Sources/InternalCollectionsUtilities/Iterable+CopyContents.swift (in target 'InternalCollectionsUtilities' from project 'swift-collections')
    cd /Users/runner/work/red-pen-ios/red-pen-ios/ios/RedPen.xcodeproj
    

SwiftCompile normal arm64 /Users/runner/work/red-pen-ios/red-pen-ios/ios/build/SourcePackages/checkouts/swift-collections/Sources/InternalCollectionsUtilities/Iterable+Equality.swift (in target 'InternalCollectionsUtilities' from project 'swift-collections')
    cd /Users/runner/work/red-pen-ios/red-pen-ios/ios/RedPen.xcodeproj
    

SwiftDriverJobDiscovery normal arm64 Compiling ToolMacro.swift (in target 'LocalLLMClientMacrosPlugin' from project 'LocalLLMClient')

SwiftCompile normal arm64 Compiling\ _UnsafeBitSet+_Word.swift,\ _UnsafeBitSet.swift,\ UnsafeBufferPointer+Extras.swift,\ UnsafeMutableBufferPointer+Extras.swift,\ UnsafeMutablePointer+Extras.swift,\ UnsafeMutableRawBufferPointer+Extras.swift,\ UnsafePointer+Extras.swift,\ UnsafeRawBufferPointer+Extras.swift,\ _SortedCollection.swift,\ _UniqueCollection.swift /Users/runner/work/red-pen-ios/red-pen-ios/ios/build/SourcePackages/checkouts/swift-collections/Sources/InternalCollectionsUtilities/UnsafeBitSet/_UnsafeBitSet+_Word.swift /Users/runner/work/red-pen-ios/red-pen-ios/ios/build/SourcePackages/checkouts/swift-collections/Sources/InternalCollectionsUtilities/UnsafeBitSet/_UnsafeBitSet.swift /Users/runner/work/red-pen-ios/red-pen-ios/ios/build/SourcePackages/checkouts/swift-collections/Sources/InternalCollectionsUtilities/UnsafeBufferPointer+Extras.swift /Users/runner/work/red-pen-ios/red-pen-ios/ios/build/SourcePackages/checkouts/swift-collections/Sources/InternalCollectionsUtilities/UnsafeMutableBufferPointer+Extras.swift /Users/runner/work/red-pen-ios/red-pen-ios/ios/build/SourcePackages/checkouts/swift-collections/Sources/InternalCollectionsUtilities/UnsafeMutablePointer+Extras.swift /Users/runner/work/red-pen-ios/red-pen-ios/ios/build/SourcePackages/checkouts/swift-collections/Sources/InternalCollectionsUtilities/UnsafeMutableRawBufferPointer+Extras.swift /Users/runner/work/red-pen-ios/red-pen-ios/ios/build/SourcePackages/checkouts/swift-collections/Sources/InternalCollectionsUtilities/UnsafePointer+Extras.swift /Users/runner/work/red-pen-ios/red-pen-ios/ios/build/SourcePackages/checkouts/swift-collections/Sources/InternalCollectionsUtilities/UnsafeRawBufferPointer+Extras.swift /Users/runner/work/red-pen-ios/red-pen-ios/ios/build/SourcePackages/checkouts/swift-collections/Sources/InternalCollectionsUtilities/_SortedCollection.swift /Users/runner/work/red-pen-ios/red-pen-ios/ios/build/SourcePackages/checkouts/swift-collections/Sources/InternalCollectionsUtilities/_UniqueCollection.swift (in target 'InternalCollectionsUtilities' from project 'swift-collections')

SwiftCompile normal arm64 /Users/runner/work/red-pen-ios/red-pen-ios/ios/build/SourcePackages/checkouts/swift-collections/Sources/InternalCollectionsUtilities/UnsafeBitSet/_UnsafeBitSet+_Word.swift (in target 'InternalCollectionsUtilities' from project 'swift-collections')
    cd /Users/runner/work/red-pen-ios/red-pen-ios/ios/RedPen.xcodeproj
    

SwiftCompile normal arm64 /Users/runner/work/red-pen-ios/red-pen-ios/ios/build/SourcePackages/checkouts/swift-collections/Sources/InternalCollectionsUtilities/UnsafeBitSet/_UnsafeBitSet.swift (in target 'InternalCollectionsUtilities' from project 'swift-collections')
    cd /Users/runner/work/red-pen-ios/red-pen-ios/ios/RedPen.xcodeproj
    

SwiftCompile normal arm64 /Users/runner/work/red-pen-ios/red-pen-ios/ios/build/SourcePackages/checkouts/swift-collections/Sources/InternalCollectionsUtilities/UnsafeBufferPointer+Extras.swift (in target 'InternalCollectionsUtilities' from project 'swift-collections')
    cd /Users/runner/work/red-pen-ios/red-pen-ios/ios/RedPen.xcodeproj
    

SwiftCompile normal arm64 /Users/runner/work/red-pen-ios/red-pen-ios/ios/build/SourcePackages/checkouts/swift-collections/Sources/InternalCollectionsUtilities/UnsafeMutableBufferPointer+Extras.swift (in target 'InternalCollectionsUtilities' from project 'swift-collections')
    cd /Users/runner/work/red-pen-ios/red-pen-ios/ios/RedPen.xcodeproj
    

SwiftCompile normal arm64 /Users/runner/work/red-pen-ios/red-pen-ios/ios/build/SourcePackages/checkouts/swift-collections/Sources/InternalCollectionsUtilities/UnsafeMutablePointer+Extras.swift (in target 'InternalCollectionsUtilities' from project 'swift-collections')
    cd /Users/runner/work/red-pen-ios/red-pen-ios/ios/RedPen.xcodeproj
    

SwiftCompile normal arm64 /Users/runner/work/red-pen-ios/red-pen-ios/ios/build/SourcePackages/checkouts/swift-collections/Sources/InternalCollectionsUtilities/UnsafeMutableRawBufferPointer+Extras.swift (in target 'InternalCollectionsUtilities' from project 'swift-collections')
    cd /Users/runner/work/red-pen-ios/red-pen-ios/ios/RedPen.xcodeproj
    

SwiftCompile normal arm64 /Users/runner/work/red-pen-ios/red-pen-ios/ios/build/SourcePackages/checkouts/swift-collections/Sources/InternalCollectionsUtilities/UnsafePointer+Extras.swift (in target 'InternalCollectionsUtilities' from project 'swift-collections')
    cd /Users/runner/work/red-pen-ios/red-pen-ios/ios/RedPen.xcodeproj
    

SwiftCompile normal arm64 /Users/runner/work/red-pen-ios/red-pen-ios/ios/build/SourcePackages/checkouts/swift-collections/Sources/InternalCollectionsUtilities/UnsafeRawBufferPointer+Extras.swift (in target 'InternalCollectionsUtilities' from project 'swift-collections')
    cd /Users/runner/work/red-pen-ios/red-pen-ios/ios/RedPen.xcodeproj
    

SwiftCompile normal arm64 /Users/runner/work/red-pen-ios/red-pen-ios/ios/build/SourcePackages/checkouts/swift-collections/Sources/InternalCollectionsUtilities/_SortedCollection.swift (in target 'InternalCollectionsUtilities' from project 'swift-collections')
    cd /Users/runner/work/red-pen-ios/red-pen-ios/ios/RedPen.xcodeproj
    

SwiftCompile normal arm64 /Users/runner/work/red-pen-ios/red-pen-ios/ios/build/SourcePackages/checkouts/swift-collections/Sources/InternalCollectionsUtilities/_UniqueCollection.swift (in target 'InternalCollectionsUtilities' from project 'swift-collections')
    cd /Users/runner/work/red-pen-ios/red-pen-ios/ios/RedPen.xcodeproj
    

SwiftDriverJobDiscovery normal arm64 Compiling BorrowingIteratorProtocol+Equality.swift, BorrowingIteratorProtocol+Extras.swift, Debugging.swift, Descriptions.swift, FixedWidthInteger+roundUpToPowerOfTwo.swift, Integer rank.swift, UInt+first and last set bit.swift, UInt+reversed.swift, Iterable+CopyContents.swift, Iterable+Equality.swift (in target 'InternalCollectionsUtilities' from project 'swift-collections')

SwiftDriverJobDiscovery normal arm64 Compiling LifetimeOverride.swift, MutableRef.swift, MutableSpan+Extras.swift, OutputSpan+Extras.swift, RandomAccessCollection+Offsets.swift, Span+Extras.swift, Strideable+LimitHelpers.swift, String+Padding.swift, TemporaryAllocation.swift, _UnsafeBitSet+Index.swift (in target 'InternalCollectionsUtilities' from project 'swift-collections')

Ld /Users/runner/work/red-pen-ios/red-pen-ios/ios/build/Build/Products/Debug-iphonesimulator/StethoscoreWidgets.appex/StethoscoreWidgets.debug.dylib normal (in target 'StethoscoreWidgets' from project 'RedPen')
    cd /Users/runner/work/red-pen-ios/red-pen-ios/ios
    /Applications/Xcode_26.6.app/Contents/Developer/Toolchains/XcodeDefault.xctoolchain/usr/bin/clang -Xlinker -reproducible -target arm64-apple-ios26.0-simulator -dynamiclib -isysroot /Applications/Xcode_26.6.app/Contents/Developer/Platforms/iPhoneSimulator.platform/Developer/SDKs/iPhoneSimulator26.5.sdk -O0 -L/Users/runner/work/red-pen-ios/red-pen-ios/ios/build/Build/Intermediates.noindex/EagerLinkingTBDs/Debug-iphonesimulator -L/Users/runner/work/red-pen-ios/red-pen-ios/ios/build/Build/Products/Debug-iphonesimulator -F/Users/runner/work/red-pen-ios/red-pen-ios/ios/build/Build/Intermediates.noindex/EagerLinkingTBDs/Debug-iphonesimulator -F/Users/runner/work/red-pen-ios/red-pen-ios/ios/build/Build/Products/Debug-iphonesimulator -filelist /Users/runner/work/red-pen-ios/red-pen-ios/ios/build/Build/Intermediates.noindex/RedPen.build/Debug-iphonesimulator/StethoscoreWidgets.build/Objects-normal/arm64/StethoscoreWidgets.LinkFileList -install_name @rpath/StethoscoreWidgets.debug.dylib -Xlinker -rpath -Xlinker @executable_path/Frameworks -Xlinker -rpath -Xlinker @executable_path/../../Frameworks -Xlinker -dead_strip -Xlinker -object_path_lto -Xlinker /Users/runner/work/red-pen-ios/red-pen-ios/ios/build/Build/Intermediates.noindex/RedPen.build/Debug-iphonesimulator/StethoscoreWidgets.build/Objects-normal/arm64/StethoscoreWidgets_lto.o -rdynamic -Xlinker -no_deduplicate -Xlinker -objc_abi_version -Xlinker 2 -Xlinker -dependency_info -Xlinker /Users/runner/work/red-pen-ios/red-pen-ios/ios/build/Build/Intermediates.noindex/RedPen.build/Debug-iphonesimulator/StethoscoreWidgets.build/Objects-normal/arm64/StethoscoreWidgets_dependency_info.dat -fapplication-extension -fobjc-link-runtime -L/Applications/Xcode_26.6.app/Contents/Developer/Toolchains/XcodeDefault.xctoolchain/usr/lib/swift/iphonesimulator -L/usr/lib/swift -Xlinker -add_ast_path -Xlinker /Users/runner/work/red-pen-ios/red-pen-ios/ios/build/Build/Intermediates.noindex/RedPen.build/Debug-iphonesimulator/StethoscoreWidgets.build/Objects-normal/arm64/StethoscoreWidgets.swiftmodule -Xlinker -alias -Xlinker _NSExtensionMain -Xlinker ___debug_main_executable_dylib_entry_point -o /Users/runner/work/red-pen-ios/red-pen-ios/ios/build/Build/Products/Debug-iphonesimulator/StethoscoreWidgets.appex/StethoscoreWidgets.debug.dylib

Ld /Users/runner/work/red-pen-ios/red-pen-ios/ios/build/Build/Products/Debug-iphonesimulator/LocalLLMClientUtility.o normal (in target 'LocalLLMClientUtility' from project 'LocalLLMClient')
    cd /Users/runner/work/red-pen-ios/red-pen-ios/ios/build/SourcePackages/checkouts/LocalLLMClient
    /Applications/Xcode_26.6.app/Contents/Developer/Toolchains/XcodeDefault.xctoolchain/usr/bin/clang -Xlinker -reproducible -target arm64-apple-ios17.0-simulator -r -isysroot /Applications/Xcode_26.6.app/Contents/Developer/Platforms/iPhoneSimulator.platform/Developer/SDKs/iPhoneSimulator26.5.sdk -O0 -w -F/Users/runner/work/red-pen-ios/red-pen-ios/ios/build/Build/Intermediates.noindex/EagerLinkingTBDs/Debug-iphonesimulator -F/Users/runner/work/red-pen-ios/red-pen-ios/ios/build/Build/Products/Debug-iphonesimulator -iframework /Applications/Xcode_26.6.app/Contents/Developer/Platforms/iPhoneSimulator.platform/Developer/Library/Frameworks -iframework /Applications/Xcode_26.6.app/Contents/Developer/Platforms/iPhoneSimulator.platform/Developer/SDKs/iPhoneSimulator26.5.sdk/Developer/Library/Frameworks -filelist /Users/runner/work/red-pen-ios/red-pen-ios/ios/build/Build/Intermediates.noindex/LocalLLMClient.build/Debug-iphonesimulator/LocalLLMClientUtility.build/Objects-normal/arm64/LocalLLMClientUtility.LinkFileList -nostdlib -Xlinker -object_path_lto -Xlinker /Users/runner/work/red-pen-ios/red-pen-ios/ios/build/Build/Intermediates.noindex/LocalLLMClient.build/Debug-iphonesimulator/LocalLLMClientUtility.build/Objects-normal/arm64/LocalLLMClientUtility_lto.o -Xlinker -no_deduplicate -Xlinker -objc_abi_version -Xlinker 2 -Xlinker -dependency_info -Xlinker /Users/runner/work/red-pen-ios/red-pen-ios/ios/build/Build/Intermediates.noindex/LocalLLMClient.build/Debug-iphonesimulator/LocalLLMClientUtility.build/Objects-normal/arm64/LocalLLMClientUtility_dependency_info.dat -fobjc-link-runtime -L/Applications/Xcode_26.6.app/Contents/Developer/Toolchains/XcodeDefault.xctoolchain/usr/lib/swift/iphonesimulator -L/usr/lib/swift -Xlinker -add_ast_path -Xlinker /Users/runner/work/red-pen-ios/red-pen-ios/ios/build/Build/Intermediates.noindex/LocalLLMClient.build/Debug-iphonesimulator/LocalLLMClientUtility.build/Objects-normal/arm64/LocalLLMClientUtility.swiftmodule -o /Users/runner/work/red-pen-ios/red-pen-ios/ios/build/Build/Products/Debug-iphonesimulator/LocalLLMClientUtility.o

SwiftDriverJobDiscovery normal arm64 Compiling _UnsafeBitSet+_Word.swift, _UnsafeBitSet.swift, UnsafeBufferPointer+Extras.swift, UnsafeMutableBufferPointer+Extras.swift, UnsafeMutablePointer+Extras.swift, UnsafeMutableRawBufferPointer+Extras.swift, UnsafePointer+Extras.swift, UnsafeRawBufferPointer+Extras.swift, _SortedCollection.swift, _UniqueCollection.swift (in target 'InternalCollectionsUtilities' from project 'swift-collections')

SwiftDriver\ Compilation InternalCollectionsUtilities normal arm64 com.apple.xcode.tools.swift.compiler (in target 'InternalCollectionsUtilities' from project 'swift-collections')
    cd /Users/runner/work/red-pen-ios/red-pen-ios/ios/RedPen.xcodeproj
    builtin-Swift-Compilation -- /Applications/Xcode_26.6.app/Contents/Developer/Toolchains/XcodeDefault.xctoolchain/usr/bin/swiftc -module-name InternalCollectionsUtilities -Onone @/Users/runner/work/red-pen-ios/red-pen-ios/ios/build/Build/Intermediates.noindex/swift-collections.build/Debug-iphonesimulator/InternalCollectionsUtilities.build/Objects-normal/arm64/InternalCollectionsUtilities.SwiftFileList -DSWIFT_PACKAGE -DDEBUG -DSWIFT_MODULE_RESOURCE_BUNDLE_UNAVAILABLE -DCOLLECTIONS_RANDOMIZED_TESTING -DXcode -enable-experimental-feature AvailabilityMacro\=SwiftStdlib\ 5.0:\ macOS\ 10.14.4,\ iOS\ 12.2,\ watchOS\ 5.2,\ tvOS\ 12.2 -enable-experimental-feature AvailabilityMacro\=SwiftStdlib\ 5.1:\ macOS\ 10.15,\ iOS\ 13.0,\ watchOS\ 6.0,\ tvOS\ 13.0 -enable-experimental-feature AvailabilityMacro\=SwiftStdlib\ 5.6:\ macOS\ 12.3,\ iOS\ 15.4,\ watchOS\ 8.5,\ tvOS\ 15.4 -enable-experimental-feature AvailabilityMacro\=SwiftStdlib\ 5.7:\ macOS\ 13.0,\ iOS\ 16.0,\ watchOS\ 9.0,\ tvOS\ 16.0 -enable-experimental-feature AvailabilityMacro\=SwiftStdlib\ 5.8:\ macOS\ 13.3,\ iOS\ 16.4,\ watchOS\ 9.4,\ tvOS\ 16.4 -enable-experimental-feature AvailabilityMacro\=SwiftStdlib\ 5.9:\ macOS\ 14.0,\ iOS\ 17.0,\ watchOS\ 10.0,\ tvOS\ 17.0 -enable-experimental-feature AvailabilityMacro\=SwiftStdlib\ 5.10:\ macOS\ 14.4,\ iOS\ 17.4,\ watchOS\ 10.4,\ tvOS\ 17.4,\ visionOS\ 1.1 -enable-experimental-feature AvailabilityMacro\=SwiftStdlib\ 6.0:\ macOS\ 15.0,\ iOS\ 18.0,\ watchOS\ 11.0,\ tvOS\ 18.0,\ visionOS\ 2.0 -enable-experimental-feature AvailabilityMacro\=SwiftStdlib\ 6.1:\ macOS\ 15.4,\ iOS\ 18.4,\ watchOS\ 11.4,\ tvOS\ 18.4,\ visionOS\ 2.4 -enable-experimental-feature AvailabilityMacro\=SwiftStdlib\ 6.2:\ macOS\ 26.0,\ iOS\ 26.0,\ watchOS\ 26.0,\ tvOS\ 26.0,\ visionOS\ 26.0 -enable-experimental-feature AvailabilityMacro\=SwiftStdlib\ 6.3:\ macOS\ 26.4,\ iOS\ 26.4,\ watchOS\ 26.4,\ tvOS\ 26.4,\ visionOS\ 26.4 -enable-experimental-feature AvailabilityMacro\=SwiftStdlib\ 6.4:\ macOS\ 27.0,\ iOS\ 27.0,\ watchOS\ 27.0,\ tvOS\ 27.0,\ visionOS\ 27.0 -enable-experimental-feature AvailabilityMacro\=SwiftStdlib\ 6.5:\ macOS\ 9999,\ iOS\ 9999,\ watchOS\ 9999,\ tvOS\ 9999,\ visionOS\ 9999 -enable-upcoming-feature MemberImportVisibility -enable-experimental-feature BuiltinModule -enable-experimental-feature Lifetimes -enable-experimental-feature InoutLifetimeDependence -enable-experimental-feature AddressableParameters -enable-experimental-feature AddressableTypes -enable-experimental-feature SuppressedAssociatedTypesWithDefaults -enable-experimental-feature BorrowingSequence -plugin-path /Applications/Xcode_26.6.app/Contents/Developer/Toolchains/XcodeDefault.xctoolchain/usr/lib/swift/host/plugins/testing -enable-experimental-feature DebugDescriptionMacro -sdk /Applications/Xcode_26.6.app/Contents/Developer/Platforms/iPhoneSimulator.platform/Developer/SDKs/iPhoneSimulator26.5.sdk -target arm64-apple-ios12.0-simulator -g -module-cache-path /Users/runner/work/red-pen-ios/red-pen-ios/ios/build/ModuleCache.noindex -Xfrontend -serialize-debugging-options -enable-testing -suppress-warnings -index-store-path /Users/runner/work/red-pen-ios/red-pen-ios/ios/build/Index.noindex/DataStore -Xcc -D_LIBCPP_HARDENING_MODE\=_LIBCPP_HARDENING_MODE_DEBUG -swift-version 6 -I /Users/runner/work/red-pen-ios/red-pen-ios/ios/build/Build/Products/Debug-iphonesimulator -Isystem /Applications/Xcode_26.6.app/Contents/Developer/Platforms/iPhoneSimulator.platform/Developer/usr/lib -F /Users/runner/work/red-pen-ios/red-pen-ios/ios/build/Build/Products/Debug-iphonesimulator -F /Applications/Xcode_26.6.app/Contents/Developer/Platforms/iPhoneSimulator.platform/Developer/Library/Frameworks -F /Applications/Xcode_26.6.app/Contents/Developer/Platforms/iPhoneSimulator.platform/Developer/SDKs/iPhoneSimulator26.5.sdk/Developer/Library/Frameworks -c -j3 -enable-batch-mode -incremental -Xcc -ivfsstatcache -Xcc /Users/runner/work/red-pen-ios/red-pen-ios/ios/build/SDKStatCaches.noindex/iphonesimulator26.5-23F81a-688ef53f1462e2c8f657fdc38a81448ff45c64a1807a658693f2a61704f17a36.sdkstatcache -output-file-map /Users/runner/work/red-pen-ios/red-pen-ios/ios/build/Build/Intermediates.noindex/swift-collections.build/Debug-iphonesimulator/InternalCollectionsUtilities.build/Objects-normal/arm64/InternalCollectionsUtilities-OutputFileMap.json -use-frontend-parseable-output -save-temps -no-color-diagnostics -serialize-diagnostics -emit-dependencies -emit-module -emit-module-path /Users/runner/work/red-pen-ios/red-pen-ios/ios/build/Build/Intermediates.noindex/swift-collections.build/Debug-iphonesimulator/InternalCollectionsUtilities.build/Objects-normal/arm64/InternalCollectionsUtilities.swiftmodule -user-module-version 1.7.2 -validate-clang-modules-once -clang-build-session-file /Users/runner/work/red-pen-ios/red-pen-ios/ios/build/ModuleCache.noindex/Session.modulevalidation -package-name swift_collections -Xcc -I/Users/runner/work/red-pen-ios/red-pen-ios/ios/build/Build/Intermediates.noindex/swift-collections.build/Debug-iphonesimulator/InternalCollectionsUtilities.build/swift-overrides.hmap -emit-const-values -Xfrontend -const-gather-protocols-file -Xfrontend /Users/runner/work/red-pen-ios/red-pen-ios/ios/build/Build/Intermediates.noindex/swift-collections.build/Debug-iphonesimulator/InternalCollectionsUtilities.build/Objects-normal/arm64/InternalCollectionsUtilities_const_extract_protocols.json -Xcc -I/Users/runner/work/red-pen-ios/red-pen-ios/ios/build/Build/Products/Debug-iphonesimulator/include -Xcc -I/Users/runner/work/red-pen-ios/red-pen-ios/ios/build/Build/Intermediates.noindex/swift-collections.build/Debug-iphonesimulator/InternalCollectionsUtilities.build/DerivedSources-normal/arm64 -Xcc -I/Users/runner/work/red-pen-ios/red-pen-ios/ios/build/Build/Intermediates.noindex/swift-collections.build/Debug-iphonesimulator/InternalCollectionsUtilities.build/DerivedSources/arm64 -Xcc -I/Users/runner/work/red-pen-ios/red-pen-ios/ios/build/Build/Intermediates.noindex/swift-collections.build/Debug-iphonesimulator/InternalCollectionsUtilities.build/DerivedSources -Xcc -DSWIFT_PACKAGE -Xcc -DDEBUG\=1 -emit-objc-header -emit-objc-header-path /Users/runner/work/red-pen-ios/red-pen-ios/ios/build/Build/Intermediates.noindex/swift-collections.build/Debug-iphonesimulator/InternalCollectionsUtilities.build/Objects-normal/arm64/InternalCollectionsUtilities-Swift.h -working-directory /Users/runner/work/red-pen-ios/red-pen-ios/ios/RedPen.xcodeproj -experimental-emit-module-separately -disable-cmo

ConstructStubExecutorLinkFileList /Users/runner/work/red-pen-ios/red-pen-ios/ios/build/Build/Intermediates.noindex/RedPen.build/Debug-iphonesimulator/StethoscoreWidgets.build/StethoscoreWidgets-ExecutorLinkFileList-normal-arm64.txt (in target 'StethoscoreWidgets' from project 'RedPen')
    cd /Users/runner/work/red-pen-ios/red-pen-ios/ios
    construct-stub-executor-link-file-list /Users/runner/work/red-pen-ios/red-pen-ios/ios/build/Build/Products/Debug-iphonesimulator/StethoscoreWidgets.appex/StethoscoreWidgets.debug.dylib /Applications/Xcode_26.6.app/Contents/Developer/Platforms/iPhoneSimulator.platform/Developer/usr/lib/libPreviewsJITStubExecutor_no_swift_entry_point.a /Applications/Xcode_26.6.app/Contents/Developer/Platforms/iPhoneSimulator.platform/Developer/usr/lib/libPreviewsJITStubExecutor.a --output /Users/runner/work/red-pen-ios/red-pen-ios/ios/build/Build/Intermediates.noindex/RedPen.build/Debug-iphonesimulator/StethoscoreWidgets.build/StethoscoreWidgets-ExecutorLinkFileList-normal-arm64.txt
note: Using stub executor library with Swift entry point. (in target 'StethoscoreWidgets' from project 'RedPen')

Ld /Users/runner/work/red-pen-ios/red-pen-ios/ios/build/Build/Products/Debug-iphonesimulator/InternalCollectionsUtilities.o normal (in target 'InternalCollectionsUtilities' from project 'swift-collections')
    cd /Users/runner/work/red-pen-ios/red-pen-ios/ios/build/SourcePackages/checkouts/swift-collections
    /Applications/Xcode_26.6.app/Contents/Developer/Toolchains/XcodeDefault.xctoolchain/usr/bin/clang -Xlinker -reproducible -target arm64-apple-ios12.0-simulator -r -isysroot /Applications/Xcode_26.6.app/Contents/Developer/Platforms/iPhoneSimulator.platform/Developer/SDKs/iPhoneSimulator26.5.sdk -O0 -w -F/Users/runner/work/red-pen-ios/red-pen-ios/ios/build/Build/Intermediates.noindex/EagerLinkingTBDs/Debug-iphonesimulator -F/Users/runner/work/red-pen-ios/red-pen-ios/ios/build/Build/Products/Debug-iphonesimulator -iframework /Applications/Xcode_26.6.app/Contents/Developer/Platforms/iPhoneSimulator.platform/Developer/Library/Frameworks -iframework /Applications/Xcode_26.6.app/Contents/Developer/Platforms/iPhoneSimulator.platform/Developer/SDKs/iPhoneSimulator26.5.sdk/Developer/Library/Frameworks -filelist /Users/runner/work/red-pen-ios/red-pen-ios/ios/build/Build/Intermediates.noindex/swift-collections.build/Debug-iphonesimulator/InternalCollectionsUtilities.build/Objects-normal/arm64/InternalCollectionsUtilities.LinkFileList -nostdlib -Xlinker -object_path_lto -Xlinker /Users/runner/work/red-pen-ios/red-pen-ios/ios/build/Build/Intermediates.noindex/swift-collections.build/Debug-iphonesimulator/InternalCollectionsUtilities.build/Objects-normal/arm64/InternalCollectionsUtilities_lto.o -Xlinker -no_deduplicate -Xlinker -objc_abi_version -Xlinker 2 -Xlinker -dependency_info -Xlinker /Users/runner/work/red-pen-ios/red-pen-ios/ios/build/Build/Intermediates.noindex/swift-collections.build/Debug-iphonesimulator/InternalCollectionsUtilities.build/Objects-normal/arm64/InternalCollectionsUtilities_dependency_info.dat -fobjc-link-runtime -L/Applications/Xcode_26.6.app/Contents/Developer/Toolchains/XcodeDefault.xctoolchain/usr/lib/swift/iphonesimulator -L/usr/lib/swift -Xlinker -add_ast_path -Xlinker /Users/runner/work/red-pen-ios/red-pen-ios/ios/build/Build/Intermediates.noindex/swift-collections.build/Debug-iphonesimulator/InternalCollectionsUtilities.build/Objects-normal/arm64/InternalCollectionsUtilities.swiftmodule -o /Users/runner/work/red-pen-ios/red-pen-ios/ios/build/Build/Products/Debug-iphonesimulator/InternalCollectionsUtilities.o

Ld /Users/runner/work/red-pen-ios/red-pen-ios/ios/build/Build/Products/Debug-iphonesimulator/StethoscoreWidgets.appex/StethoscoreWidgets normal (in target 'StethoscoreWidgets' from project 'RedPen')
    cd /Users/runner/work/red-pen-ios/red-pen-ios/ios
    /Applications/Xcode_26.6.app/Contents/Developer/Toolchains/XcodeDefault.xctoolchain/usr/bin/clang -Xlinker -reproducible -target arm64-apple-ios26.0-simulator -isysroot /Applications/Xcode_26.6.app/Contents/Developer/Platforms/iPhoneSimulator.platform/Developer/SDKs/iPhoneSimulator26.5.sdk -O0 -L/Users/runner/work/red-pen-ios/red-pen-ios/ios/build/Build/Products/Debug-iphonesimulator -F/Users/runner/work/red-pen-ios/red-pen-ios/ios/build/Build/Products/Debug-iphonesimulator -Xlinker -rpath -Xlinker @executable_path -Xlinker -rpath -Xlinker @executable_path/Frameworks -Xlinker -rpath -Xlinker @executable_path/../../Frameworks -rdynamic -Xlinker -no_deduplicate -Xlinker -objc_abi_version -Xlinker 2 -e ___debug_blank_executor_main -Xlinker -sectcreate -Xlinker __TEXT -Xlinker __debug_dylib -Xlinker /Users/runner/work/red-pen-ios/red-pen-ios/ios/build/Build/Intermediates.noindex/RedPen.build/Debug-iphonesimulator/StethoscoreWidgets.build/StethoscoreWidgets-DebugDylibPath-normal-arm64.txt -Xlinker -sectcreate -Xlinker __TEXT -Xlinker __debug_entry -Xlinker /Users/runner/work/red-pen-ios/red-pen-ios/ios/build/Build/Intermediates.noindex/RedPen.build/Debug-iphonesimulator/StethoscoreWidgets.build/StethoscoreWidgets-DebugEntryPoint-normal-arm64.txt -Xlinker -sectcreate -Xlinker __TEXT -Xlinker __debug_instlnm -Xlinker /Users/runner/work/red-pen-ios/red-pen-ios/ios/build/Build/Intermediates.noindex/RedPen.build/Debug-iphonesimulator/StethoscoreWidgets.build/StethoscoreWidgets-DebugDylibInstallName-normal-arm64.txt -Xlinker -filelist -Xlinker /Users/runner/work/red-pen-ios/red-pen-ios/ios/build/Build/Intermediates.noindex/RedPen.build/Debug-iphonesimulator/StethoscoreWidgets.build/StethoscoreWidgets-ExecutorLinkFileList-normal-arm64.txt /Users/runner/work/red-pen-ios/red-pen-ios/ios/build/Build/Products/Debug-iphonesimulator/StethoscoreWidgets.appex/StethoscoreWidgets.debug.dylib -o /Users/runner/work/red-pen-ios/red-pen-ios/ios/build/Build/Products/Debug-iphonesimulator/StethoscoreWidgets.appex/StethoscoreWidgets

ExtractAppIntentsMetadata (in target 'LocalLLMClientUtility' from project 'LocalLLMClient')
    cd /Users/runner/work/red-pen-ios/red-pen-ios/ios/build/SourcePackages/checkouts/LocalLLMClient
    /Applications/Xcode_26.6.app/Contents/Developer/Toolchains/XcodeDefault.xctoolchain/usr/bin/appintentsmetadataprocessor --toolchain-dir /var/run/com.apple.security.cryptexd/mnt/com.apple.MobileAsset.MetalToolchain-v17.6.109.0.iHKZXc/Metal.xctoolchain --module-name LocalLLMClientUtility --sdk-root /Applications/Xcode_26.6.app/Contents/Developer/Platforms/iPhoneSimulator.platform/Developer/SDKs/iPhoneSimulator26.5.sdk --xcode-version 17F113 --platform-family iOS --deployment-target 17.0 --bundle-identifier localllmclient.LocalLLMClientUtility --output /Users/runner/work/red-pen-ios/red-pen-ios/ios/build/Build/Products/Debug-iphonesimulator/LocalLLMClientUtility.appintents --target-triple arm64-apple-ios17.0-simulator --binary-file /Users/runner/work/red-pen-ios/red-pen-ios/ios/build/Build/Products/Debug-iphonesimulator/LocalLLMClientUtility.o --dependency-file /Users/runner/work/red-pen-ios/red-pen-ios/ios/build/Build/Intermediates.noindex/LocalLLMClient.build/Debug-iphonesimulator/LocalLLMClientUtility.build/Objects-normal/arm64/LocalLLMClientUtility_dependency_info.dat --stringsdata-file /Users/runner/work/red-pen-ios/red-pen-ios/ios/build/Build/Intermediates.noindex/LocalLLMClient.build/Debug-iphonesimulator/LocalLLMClientUtility.build/Objects-normal/arm64/ExtractedAppShortcutsMetadata.stringsdata --source-file-list /Users/runner/work/red-pen-ios/red-pen-ios/ios/build/Build/Intermediates.noindex/LocalLLMClient.build/Debug-iphonesimulator/LocalLLMClientUtility.build/Objects-normal/arm64/LocalLLMClientUtility.SwiftFileList --metadata-file-list /Users/runner/work/red-pen-ios/red-pen-ios/ios/build/Build/Intermediates.noindex/LocalLLMClient.build/Debug-iphonesimulator/LocalLLMClientUtility.build/LocalLLMClientUtility.DependencyMetadataFileList --static-metadata-file-list /Users/runner/work/red-pen-ios/red-pen-ios/ios/build/Build/Intermediates.noindex/LocalLLMClient.build/Debug-iphonesimulator/LocalLLMClientUtility.build/LocalLLMClientUtility.DependencyStaticMetadataFileList --swift-const-vals-list /Users/runner/work/red-pen-ios/red-pen-ios/ios/build/Build/Intermediates.noindex/LocalLLMClient.build/Debug-iphonesimulator/LocalLLMClientUtility.build/Objects-normal/arm64/LocalLLMClientUtility.SwiftConstValuesFileList --force --compile-time-extraction --deployment-aware-processing --validate-assistant-intents --no-app-shortcuts-localization
2026-10-09 14:37:18.077 appintentsmetadataprocessor[7522:24971] Starting appintentsmetadataprocessor export
2026-10-09 14:37:18.176 appintentsmetadataprocessor[7522:24971] Extracted no relevant App Intents symbols, skipping writing output

ExtractAppIntentsMetadata (in target 'StethoscoreWidgets' from project 'RedPen')
    cd /Users/runner/work/red-pen-ios/red-pen-ios/ios
    /Applications/Xcode_26.6.app/Contents/Developer/Toolchains/XcodeDefault.xctoolchain/usr/bin/appintentsmetadataprocessor --toolchain-dir /var/run/com.apple.security.cryptexd/mnt/com.apple.MobileAsset.MetalToolchain-v17.6.109.0.iHKZXc/Metal.xctoolchain --module-name StethoscoreWidgets --sdk-root /Applications/Xcode_26.6.app/Contents/Developer/Platforms/iPhoneSimulator.platform/Developer/SDKs/iPhoneSimulator26.5.sdk --xcode-version 17F113 --platform-family iOS --deployment-target 26.0 --bundle-identifier com.cramdown.app.widgets --output /Users/runner/work/red-pen-ios/red-pen-ios/ios/build/Build/Products/Debug-iphonesimulator/StethoscoreWidgets.appex --target-triple arm64-apple-ios26.0-simulator --binary-file /Users/runner/work/red-pen-ios/red-pen-ios/ios/build/Build/Products/Debug-iphonesimulator/StethoscoreWidgets.appex/StethoscoreWidgets --dependency-file /Users/runner/work/red-pen-ios/red-pen-ios/ios/build/Build/Intermediates.noindex/RedPen.build/Debug-iphonesimulator/StethoscoreWidgets.build/Objects-normal/arm64/StethoscoreWidgets_dependency_info.dat --stringsdata-file /Users/runner/work/red-pen-ios/red-pen-ios/ios/build/Build/Intermediates.noindex/RedPen.build/Debug-iphonesimulator/StethoscoreWidgets.build/Objects-normal/arm64/ExtractedAppShortcutsMetadata.stringsdata --source-file-list /Users/runner/work/red-pen-ios/red-pen-ios/ios/build/Build/Intermediates.noindex/RedPen.build/Debug-iphonesimulator/StethoscoreWidgets.build/Objects-normal/arm64/StethoscoreWidgets.SwiftFileList --metadata-file-list /Users/runner/work/red-pen-ios/red-pen-ios/ios/build/Build/Intermediates.noindex/RedPen.build/Debug-iphonesimulator/StethoscoreWidgets.build/StethoscoreWidgets.DependencyMetadataFileList --static-metadata-file-list /Users/runner/work/red-pen-ios/red-pen-ios/ios/build/Build/Intermediates.noindex/RedPen.build/Debug-iphonesimulator/StethoscoreWidgets.build/StethoscoreWidgets.DependencyStaticMetadataFileList --swift-const-vals-list /Users/runner/work/red-pen-ios/red-pen-ios/ios/build/Build/Intermediates.noindex/RedPen.build/Debug-iphonesimulator/StethoscoreWidgets.build/Objects-normal/arm64/StethoscoreWidgets.SwiftConstValuesFileList --compile-time-extraction --deployment-aware-processing --validate-assistant-intents --no-app-shortcuts-localization
2026-10-09 14:37:18.077 appintentsmetadataprocessor[7523:24972] Starting appintentsmetadataprocessor export
2026-10-09 14:37:18.177 appintentsmetadataprocessor[7523:24972] Writing Metadata.appintents
2026-10-09 14:37:18.177 appintentsmetadataprocessor[7523:24972] Metadata root: /Users/runner/work/red-pen-ios/red-pen-ios/ios/build/Build/Products/Debug-iphonesimulator/StethoscoreWidgets.appex/Metadata.appintents

SwiftDriver OrderedCollections normal arm64 com.apple.xcode.tools.swift.compiler (in target 'OrderedCollections' from project 'swift-collections')
    cd /Users/runner/work/red-pen-ios/red-pen-ios/ios/RedPen.xcodeproj
    builtin-SwiftDriver -- /Applications/Xcode_26.6.app/Contents/Developer/Toolchains/XcodeDefault.xctoolchain/usr/bin/swiftc -module-name OrderedCollections -Onone @/Users/runner/work/red-pen-ios/red-pen-ios/ios/build/Build/Intermediates.noindex/swift-collections.build/Debug-iphonesimulator/OrderedCollections.build/Objects-normal/arm64/OrderedCollections.SwiftFileList -DSWIFT_PACKAGE -DDEBUG -DSWIFT_MODULE_RESOURCE_BUNDLE_UNAVAILABLE -DCOLLECTIONS_RANDOMIZED_TESTING -DXcode -enable-experimental-feature AvailabilityMacro\=SwiftStdlib\ 5.0:\ macOS\ 10.14.4,\ iOS\ 12.2,\ watchOS\ 5.2,\ tvOS\ 12.2 -enable-experimental-feature AvailabilityMacro\=SwiftStdlib\ 5.1:\ macOS\ 10.15,\ iOS\ 13.0,\ watchOS\ 6.0,\ tvOS\ 13.0 -enable-experimental-feature AvailabilityMacro\=SwiftStdlib\ 5.6:\ macOS\ 12.3,\ iOS\ 15.4,\ watchOS\ 8.5,\ tvOS\ 15.4 -enable-experimental-feature AvailabilityMacro\=SwiftStdlib\ 5.7:\ macOS\ 13.0,\ iOS\ 16.0,\ watchOS\ 9.0,\ tvOS\ 16.0 -enable-experimental-feature AvailabilityMacro\=SwiftStdlib\ 5.8:\ macOS\ 13.3,\ iOS\ 16.4,\ watchOS\ 9.4,\ tvOS\ 16.4 -enable-experimental-feature AvailabilityMacro\=SwiftStdlib\ 5.9:\ macOS\ 14.0,\ iOS\ 17.0,\ watchOS\ 10.0,\ tvOS\ 17.0 -enable-experimental-feature AvailabilityMacro\=SwiftStdlib\ 5.10:\ macOS\ 14.4,\ iOS\ 17.4,\ watchOS\ 10.4,\ tvOS\ 17.4,\ visionOS\ 1.1 -enable-experimental-feature AvailabilityMacro\=SwiftStdlib\ 6.0:\ macOS\ 15.0,\ iOS\ 18.0,\ watchOS\ 11.0,\ tvOS\ 18.0,\ visionOS\ 2.0 -enable-experimental-feature AvailabilityMacro\=SwiftStdlib\ 6.1:\ macOS\ 15.4,\ iOS\ 18.4,\ watchOS\ 11.4,\ tvOS\ 18.4,\ visionOS\ 2.4 -enable-experimental-feature AvailabilityMacro\=SwiftStdlib\ 6.2:\ macOS\ 26.0,\ iOS\ 26.0,\ watchOS\ 26.0,\ tvOS\ 26.0,\ visionOS\ 26.0 -enable-experimental-feature AvailabilityMacro\=SwiftStdlib\ 6.3:\ macOS\ 26.4,\ iOS\ 26.4,\ watchOS\ 26.4,\ tvOS\ 26.4,\ visionOS\ 26.4 -enable-experimental-feature AvailabilityMacro\=SwiftStdlib\ 6.4:\ macOS\ 27.0,\ iOS\ 27.0,\ watchOS\ 27.0,\ tvOS\ 27.0,\ visionOS\ 27.0 -enable-experimental-feature AvailabilityMacro\=SwiftStdlib\ 6.5:\ macOS\ 9999,\ iOS\ 9999,\ watchOS\ 9999,\ tvOS\ 9999,\ visionOS\ 9999 -enable-upcoming-feature MemberImportVisibility -enable-experimental-feature BuiltinModule -enable-experimental-feature Lifetimes -enable-experimental-feature InoutLifetimeDependence -enable-experimental-feature AddressableParameters -enable-experimental-feature AddressableTypes -enable-experimental-feature SuppressedAssociatedTypesWithDefaults -enable-experimental-feature BorrowingSequence -plugin-path /Applications/Xcode_26.6.app/Contents/Developer/Toolchains/XcodeDefault.xctoolchain/usr/lib/swift/host/plugins/testing -enable-experimental-feature DebugDescriptionMacro -sdk /Applications/Xcode_26.6.app/Contents/Developer/Platforms/iPhoneSimulator.platform/Developer/SDKs/iPhoneSimulator26.5.sdk -target arm64-apple-ios12.0-simulator -g -module-cache-path /Users/runner/work/red-pen-ios/red-pen-ios/ios/build/ModuleCache.noindex -Xfrontend -serialize-debugging-options -enable-testing -suppress-warnings -index-store-path /Users/runner/work/red-pen-ios/red-pen-ios/ios/build/Index.noindex/DataStore -Xcc -D_LIBCPP_HARDENING_MODE\=_LIBCPP_HARDENING_MODE_DEBUG -swift-version 6 -I /Users/runner/work/red-pen-ios/red-pen-ios/ios/build/Build/Products/Debug-iphonesimulator -Isystem /Applications/Xcode_26.6.app/Contents/Developer/Platforms/iPhoneSimulator.platform/Developer/usr/lib -F /Users/runner/work/red-pen-ios/red-pen-ios/ios/build/Build/Products/Debug-iphonesimulator/PackageFrameworks -F /Users/runner/work/red-pen-ios/red-pen-ios/ios/build/Build/Products/Debug-iphonesimulator -F /Applications/Xcode_26.6.app/Contents/Developer/Platforms/iPhoneSimulator.platform/Developer/Library/Frameworks -F /Applications/Xcode_26.6.app/Contents/Developer/Platforms/iPhoneSimulator.platform/Developer/SDKs/iPhoneSimulator26.5.sdk/Developer/Library/Frameworks -c -j3 -enable-batch-mode -incremental -Xcc -ivfsstatcache -Xcc /Users/runner/work/red-pen-ios/red-pen-ios/ios/build/SDKStatCaches.noindex/iphonesimulator26.5-23F81a-688ef53f1462e2c8f657fdc38a81448ff45c64a1807a658693f2a61704f17a36.sdkstatcache -output-file-map /Users/runner/work/red-pen-ios/red-pen-ios/ios/build/Build/Intermediates.noindex/swift-collections.build/Debug-iphonesimulator/OrderedCollections.build/Objects-normal/arm64/OrderedCollections-OutputFileMap.json -use-frontend-parseable-output -save-temps -no-color-diagnostics -serialize-diagnostics -emit-dependencies -emit-module -emit-module-path /Users/runner/work/red-pen-ios/red-pen-ios/ios/build/Build/Intermediates.noindex/swift-collections.build/Debug-iphonesimulator/OrderedCollections.build/Objects-normal/arm64/OrderedCollections.swiftmodule -user-module-version 1.7.2 -validate-clang-modules-once -clang-build-session-file /Users/runner/work/red-pen-ios/red-pen-ios/ios/build/ModuleCache.noindex/Session.modulevalidation -package-name swift_collections -Xcc -I/Users/runner/work/red-pen-ios/red-pen-ios/ios/build/Build/Intermediates.noindex/swift-collections.build/Debug-iphonesimulator/OrderedCollections.build/swift-overrides.hmap -emit-const-values -Xfrontend -const-gather-protocols-file -Xfrontend /Users/runner/work/red-pen-ios/red-pen-ios/ios/build/Build/Intermediates.noindex/swift-collections.build/Debug-iphonesimulator/OrderedCollections.build/Objects-normal/arm64/OrderedCollections_const_extract_protocols.json -Xcc -I/Users/runner/work/red-pen-ios/red-pen-ios/ios/build/Build/Products/Debug-iphonesimulator/include -Xcc -I/Users/runner/work/red-pen-ios/red-pen-ios/ios/build/Build/Intermediates.noindex/swift-collections.build/Debug-iphonesimulator/OrderedCollections.build/DerivedSources-normal/arm64 -Xcc -I/Users/runner/work/red-pen-ios/red-pen-ios/ios/build/Build/Intermediates.noindex/swift-collections.build/Debug-iphonesimulator/OrderedCollections.build/DerivedSources/arm64 -Xcc -I/Users/runner/work/red-pen-ios/red-pen-ios/ios/build/Build/Intermediates.noindex/swift-collections.build/Debug-iphonesimulator/OrderedCollections.build/DerivedSources -Xcc -DSWIFT_PACKAGE -Xcc -DDEBUG\=1 -emit-objc-header -emit-objc-header-path /Users/runner/work/red-pen-ios/red-pen-ios/ios/build/Build/Intermediates.noindex/swift-collections.build/Debug-iphonesimulator/OrderedCollections.build/Objects-normal/arm64/OrderedCollections-Swift.h -working-directory /Users/runner/work/red-pen-ios/red-pen-ios/ios/RedPen.xcodeproj -experimental-emit-module-separately -disable-cmo

AppIntentsSSUTraining (in target 'StethoscoreWidgets' from project 'RedPen')
    cd /Users/runner/work/red-pen-ios/red-pen-ios/ios
    /Applications/Xcode_26.6.app/Contents/Developer/Toolchains/XcodeDefault.xctoolchain/usr/bin/appintentsnltrainingprocessor --infoplist-path /Users/runner/work/red-pen-ios/red-pen-ios/ios/build/Build/Products/Debug-iphonesimulator/StethoscoreWidgets.appex/Info.plist --temp-dir-path /Users/runner/work/red-pen-ios/red-pen-ios/ios/build/Build/Intermediates.noindex/RedPen.build/Debug-iphonesimulator/StethoscoreWidgets.build/ssu --bundle-id com.cramdown.app.widgets --product-path /Users/runner/work/red-pen-ios/red-pen-ios/ios/build/Build/Products/Debug-iphonesimulator/StethoscoreWidgets.appex --extracted-metadata-path /Users/runner/work/red-pen-ios/red-pen-ios/ios/build/Build/Products/Debug-iphonesimulator/StethoscoreWidgets.appex/Metadata.appintents --metadata-file-list /Users/runner/work/red-pen-ios/red-pen-ios/ios/build/Build/Intermediates.noindex/RedPen.build/Debug-iphonesimulator/StethoscoreWidgets.build/StethoscoreWidgets.DependencyMetadataFileList --source-file /Users/runner/work/red-pen-ios/red-pen-ios/ios/build/Build/Products/Debug-iphonesimulator/StethoscoreWidgets.appex/Info.plist --archive-ssu-assets
2026-10-09 14:37:18.240 appintentsnltrainingprocessor[7524:24980] Parsing options for appintentsnltrainingprocessor
2026-10-09 14:37:18.241 appintentsnltrainingprocessor[7524:24980] Starting AppIntents SSU YAML Generation
2026-10-09 14:37:18.270 appintentsnltrainingprocessor[7524:24980] No AppShortcuts found - Skipping.

SwiftEmitModule normal arm64 Emitting\ module\ for\ OrderedCollections (in target 'OrderedCollections' from project 'swift-collections')
EmitSwiftModule normal arm64 (in target 'OrderedCollections' from project 'swift-collections')
    cd /Users/runner/work/red-pen-ios/red-pen-ios/ios/RedPen.xcodeproj
    

SwiftCompile normal arm64 Compiling\ OrderedDictionary+Partial\ RangeReplaceableCollection.swift,\ OrderedDictionary+Sendable.swift,\ OrderedDictionary+Sequence.swift,\ OrderedDictionary+Values.swift,\ OrderedDictionary.swift,\ OrderedSet+Codable.swift,\ OrderedSet+CustomReflectable.swift,\ OrderedSet+Descriptions.swift,\ OrderedSet+Diffing.swift,\ OrderedSet+Equatable.swift,\ OrderedSet+ExpressibleByArrayLiteral.swift,\ OrderedSet+Hashable.swift,\ OrderedSet+Initializers.swift,\ OrderedSet+Insertions.swift,\ OrderedSet+Invariants.swift,\ OrderedSet+Move.swift,\ OrderedSet+Partial\ MutableCollection.swift,\ OrderedSet+Partial\ RangeReplaceableCollection.swift,\ OrderedSet+Partial\ SetAlgebra\ formIntersection.swift,\ OrderedSet+Partial\ SetAlgebra\ formSymmetricDifference.swift,\ OrderedSet+Partial\ SetAlgebra\ formUnion.swift /Users/runner/work/red-pen-ios/red-pen-ios/ios/build/SourcePackages/checkouts/swift-collections/Sources/OrderedCollections/OrderedDictionary/OrderedDictionary+Partial\ RangeReplaceableCollection.swift /Users/runner/work/red-pen-ios/red-pen-ios/ios/build/SourcePackages/checkouts/swift-collections/Sources/OrderedCollections/OrderedDictionary/OrderedDictionary+Sendable.swift /Users/runner/work/red-pen-ios/red-pen-ios/ios/build/SourcePackages/checkouts/swift-collections/Sources/OrderedCollections/OrderedDictionary/OrderedDictionary+Sequence.swift /Users/runner/work/red-pen-ios/red-pen-ios/ios/build/SourcePackages/checkouts/swift-collections/Sources/OrderedCollections/OrderedDictionary/OrderedDictionary+Values.swift /Users/runner/work/red-pen-ios/red-pen-ios/ios/build/SourcePackages/checkouts/swift-collections/Sources/OrderedCollections/OrderedDictionary/OrderedDictionary.swift /Users/runner/work/red-pen-ios/red-pen-ios/ios/build/SourcePackages/checkouts/swift-collections/Sources/OrderedCollections/OrderedSet/OrderedSet+Codable.swift /Users/runner/work/red-pen-ios/red-pen-ios/ios/build/SourcePackages/checkouts/swift-collections/Sources/OrderedCollections/OrderedSet/OrderedSet+CustomReflectable.swift /Users/runner/work/red-pen-ios/red-pen-ios/ios/build/SourcePackages/checkouts/swift-collections/Sources/OrderedCollections/OrderedSet/OrderedSet+Descriptions.swift /Users/runner/work/red-pen-ios/red-pen-ios/ios/build/SourcePackages/checkouts/swift-collections/Sources/OrderedCollections/OrderedSet/OrderedSet+Diffing.swift /Users/runner/work/red-pen-ios/red-pen-ios/ios/build/SourcePackages/checkouts/swift-collections/Sources/OrderedCollections/OrderedSet/OrderedSet+Equatable.swift /Users/runner/work/red-pen-ios/red-pen-ios/ios/build/SourcePackages/checkouts/swift-collections/Sources/OrderedCollections/OrderedSet/OrderedSet+ExpressibleByArrayLiteral.swift /Users/runner/work/red-pen-ios/red-pen-ios/ios/build/SourcePackages/checkouts/swift-collections/Sources/OrderedCollections/OrderedSet/OrderedSet+Hashable.swift /Users/runner/work/red-pen-ios/red-pen-ios/ios/build/SourcePackages/checkouts/swift-collections/Sources/OrderedCollections/OrderedSet/OrderedSet+Initializers.swift /Users/runner/work/red-pen-ios/red-pen-ios/ios/build/SourcePackages/checkouts/swift-collections/Sources/OrderedCollections/OrderedSet/OrderedSet+Insertions.swift /Users/runner/work/red-pen-ios/red-pen-ios/ios/build/SourcePackages/checkouts/swift-collections/Sources/OrderedCollections/OrderedSet/OrderedSet+Invariants.swift /Users/runner/work/red-pen-ios/red-pen-ios/ios/build/SourcePackages/checkouts/swift-collections/Sources/OrderedCollections/OrderedSet/OrderedSet+Move.swift /Users/runner/work/red-pen-ios/red-pen-ios/ios/build/SourcePackages/checkouts/swift-collections/Sources/OrderedCollections/OrderedSet/OrderedSet+Partial\ MutableCollection.swift /Users/runner/work/red-pen-ios/red-pen-ios/ios/build/SourcePackages/checkouts/swift-collections/Sources/OrderedCollections/OrderedSet/OrderedSet+Partial\ RangeReplaceableCollection.swift /Users/runner/work/red-pen-ios/red-pen-ios/ios/build/SourcePackages/checkouts/swift-collections/Sources/OrderedCollections/OrderedSet/OrderedSet+Partial\ SetAlgebra\ formIntersection.swift /Users/runner/work/red-pen-ios/red-pen-ios/ios/build/SourcePackages/checkouts/swift-collections/Sources/OrderedCollections/OrderedSet/OrderedSet+Partial\ SetAlgebra\ formSymmetricDifference.swift /Users/runner/work/red-pen-ios/red-pen-ios/ios/build/SourcePackages/checkouts/swift-collections/Sources/OrderedCollections/OrderedSet/OrderedSet+Partial\ SetAlgebra\ formUnion.swift (in target 'OrderedCollections' from project 'swift-collections')
SwiftCompile normal arm64 /Users/runner/work/red-pen-ios/red-pen-ios/ios/build/SourcePackages/checkouts/swift-collections/Sources/OrderedCollections/OrderedDictionary/OrderedDictionary+Partial\ RangeReplaceableCollection.swift (in target 'OrderedCollections' from project 'swift-collections')
    cd /Users/runner/work/red-pen-ios/red-pen-ios/ios/RedPen.xcodeproj
    

SwiftCompile normal arm64 /Users/runner/work/red-pen-ios/red-pen-ios/ios/build/SourcePackages/checkouts/swift-collections/Sources/OrderedCollections/OrderedDictionary/OrderedDictionary+Sendable.swift (in target 'OrderedCollections' from project 'swift-collections')
    cd /Users/runner/work/red-pen-ios/red-pen-ios/ios/RedPen.xcodeproj
    

SwiftCompile normal arm64 /Users/runner/work/red-pen-ios/red-pen-ios/ios/build/SourcePackages/checkouts/swift-collections/Sources/OrderedCollections/OrderedDictionary/OrderedDictionary+Sequence.swift (in target 'OrderedCollections' from project 'swift-collections')
    cd /Users/runner/work/red-pen-ios/red-pen-ios/ios/RedPen.xcodeproj
    

SwiftCompile normal arm64 /Users/runner/work/red-pen-ios/red-pen-ios/ios/build/SourcePackages/checkouts/swift-collections/Sources/OrderedCollections/OrderedDictionary/OrderedDictionary+Values.swift (in target 'OrderedCollections' from project 'swift-collections')
    cd /Users/runner/work/red-pen-ios/red-pen-ios/ios/RedPen.xcodeproj
    

SwiftCompile normal arm64 /Users/runner/work/red-pen-ios/red-pen-ios/ios/build/SourcePackages/checkouts/swift-collections/Sources/OrderedCollections/OrderedDictionary/OrderedDictionary.swift (in target 'OrderedCollections' from project 'swift-collections')
    cd /Users/runner/work/red-pen-ios/red-pen-ios/ios/RedPen.xcodeproj
    

SwiftCompile normal arm64 /Users/runner/work/red-pen-ios/red-pen-ios/ios/build/SourcePackages/checkouts/swift-collections/Sources/OrderedCollections/OrderedSet/OrderedSet+Codable.swift (in target 'OrderedCollections' from project 'swift-collections')
    cd /Users/runner/work/red-pen-ios/red-pen-ios/ios/RedPen.xcodeproj
    

SwiftCompile normal arm64 /Users/runner/work/red-pen-ios/red-pen-ios/ios/build/SourcePackages/checkouts/swift-collections/Sources/OrderedCollections/OrderedSet/OrderedSet+CustomReflectable.swift (in target 'OrderedCollections' from project 'swift-collections')
    cd /Users/runner/work/red-pen-ios/red-pen-ios/ios/RedPen.xcodeproj
    

SwiftCompile normal arm64 /Users/runner/work/red-pen-ios/red-pen-ios/ios/build/SourcePackages/checkouts/swift-collections/Sources/OrderedCollections/OrderedSet/OrderedSet+Descriptions.swift (in target 'OrderedCollections' from project 'swift-collections')
    cd /Users/runner/work/red-pen-ios/red-pen-ios/ios/RedPen.xcodeproj
    

SwiftCompile normal arm64 /Users/runner/work/red-pen-ios/red-pen-ios/ios/build/SourcePackages/checkouts/swift-collections/Sources/OrderedCollections/OrderedSet/OrderedSet+Diffing.swift (in target 'OrderedCollections' from project 'swift-collections')
    cd /Users/runner/work/red-pen-ios/red-pen-ios/ios/RedPen.xcodeproj
    

SwiftCompile normal arm64 /Users/runner/work/red-pen-ios/red-pen-ios/ios/build/SourcePackages/checkouts/swift-collections/Sources/OrderedCollections/OrderedSet/OrderedSet+Equatable.swift (in target 'OrderedCollections' from project 'swift-collections')
    cd /Users/runner/work/red-pen-ios/red-pen-ios/ios/RedPen.xcodeproj
    

SwiftCompile normal arm64 /Users/runner/work/red-pen-ios/red-pen-ios/ios/build/SourcePackages/checkouts/swift-collections/Sources/OrderedCollections/OrderedSet/OrderedSet+ExpressibleByArrayLiteral.swift (in target 'OrderedCollections' from project 'swift-collections')
    cd /Users/runner/work/red-pen-ios/red-pen-ios/ios/RedPen.xcodeproj
    

SwiftCompile normal arm64 /Users/runner/work/red-pen-ios/red-pen-ios/ios/build/SourcePackages/checkouts/swift-collections/Sources/OrderedCollections/OrderedSet/OrderedSet+Hashable.swift (in target 'OrderedCollections' from project 'swift-collections')
    cd /Users/runner/work/red-pen-ios/red-pen-ios/ios/RedPen.xcodeproj
    

SwiftCompile normal arm64 /Users/runner/work/red-pen-ios/red-pen-ios/ios/build/SourcePackages/checkouts/swift-collections/Sources/OrderedCollections/OrderedSet/OrderedSet+Initializers.swift (in target 'OrderedCollections' from project 'swift-collections')
    cd /Users/runner/work/red-pen-ios/red-pen-ios/ios/RedPen.xcodeproj
    

SwiftCompile normal arm64 /Users/runner/work/red-pen-ios/red-pen-ios/ios/build/SourcePackages/checkouts/swift-collections/Sources/OrderedCollections/OrderedSet/OrderedSet+Insertions.swift (in target 'OrderedCollections' from project 'swift-collections')
    cd /Users/runner/work/red-pen-ios/red-pen-ios/ios/RedPen.xcodeproj
    

SwiftCompile normal arm64 /Users/runner/work/red-pen-ios/red-pen-ios/ios/build/SourcePackages/checkouts/swift-collections/Sources/OrderedCollections/OrderedSet/OrderedSet+Invariants.swift (in target 'OrderedCollections' from project 'swift-collections')
    cd /Users/runner/work/red-pen-ios/red-pen-ios/ios/RedPen.xcodeproj
    

SwiftCompile normal arm64 /Users/runner/work/red-pen-ios/red-pen-ios/ios/build/SourcePackages/checkouts/swift-collections/Sources/OrderedCollections/OrderedSet/OrderedSet+Move.swift (in target 'OrderedCollections' from project 'swift-collections')
    cd /Users/runner/work/red-pen-ios/red-pen-ios/ios/RedPen.xcodeproj
    

SwiftCompile normal arm64 /Users/runner/work/red-pen-ios/red-pen-ios/ios/build/SourcePackages/checkouts/swift-collections/Sources/OrderedCollections/OrderedSet/OrderedSet+Partial\ MutableCollection.swift (in target 'OrderedCollections' from project 'swift-collections')
    cd /Users/runner/work/red-pen-ios/red-pen-ios/ios/RedPen.xcodeproj
    

SwiftCompile normal arm64 /Users/runner/work/red-pen-ios/red-pen-ios/ios/build/SourcePackages/checkouts/swift-collections/Sources/OrderedCollections/OrderedSet/OrderedSet+Partial\ RangeReplaceableCollection.swift (in target 'OrderedCollections' from project 'swift-collections')
    cd /Users/runner/work/red-pen-ios/red-pen-ios/ios/RedPen.xcodeproj
    

SwiftCompile normal arm64 /Users/runner/work/red-pen-ios/red-pen-ios/ios/build/SourcePackages/checkouts/swift-collections/Sources/OrderedCollections/OrderedSet/OrderedSet+Partial\ SetAlgebra\ formIntersection.swift (in target 'OrderedCollections' from project 'swift-collections')
    cd /Users/runner/work/red-pen-ios/red-pen-ios/ios/RedPen.xcodeproj
    

SwiftCompile normal arm64 /Users/runner/work/red-pen-ios/red-pen-ios/ios/build/SourcePackages/checkouts/swift-collections/Sources/OrderedCollections/OrderedSet/OrderedSet+Partial\ SetAlgebra\ formSymmetricDifference.swift (in target 'OrderedCollections' from project 'swift-collections')
    cd /Users/runner/work/red-pen-ios/red-pen-ios/ios/RedPen.xcodeproj
    

SwiftCompile normal arm64 /Users/runner/work/red-pen-ios/red-pen-ios/ios/build/SourcePackages/checkouts/swift-collections/Sources/OrderedCollections/OrderedSet/OrderedSet+Partial\ SetAlgebra\ formUnion.swift (in target 'OrderedCollections' from project 'swift-collections')
    cd /Users/runner/work/red-pen-ios/red-pen-ios/ios/RedPen.xcodeproj
    

SwiftCompile normal arm64 Compiling\ _HashTable+Bucket.swift,\ _HashTable+BucketIterator.swift,\ _HashTable+Constants.swift,\ _HashTable+CustomStringConvertible.swift,\ _HashTable+Testing.swift,\ _HashTable+UnsafeHandle.swift,\ _HashTable.swift,\ _Hashtable+Header.swift,\ OrderedDictionary+Codable.swift,\ OrderedDictionary+CustomReflectable.swift,\ OrderedDictionary+Deprecations.swift,\ OrderedDictionary+Descriptions.swift,\ OrderedDictionary+Elements.SubSequence.swift,\ OrderedDictionary+Elements.swift,\ OrderedDictionary+Equatable.swift,\ OrderedDictionary+ExpressibleByDictionaryLiteral.swift,\ OrderedDictionary+Hashable.swift,\ OrderedDictionary+Initializers.swift,\ OrderedDictionary+Invariants.swift,\ OrderedDictionary+Move.swift,\ OrderedDictionary+Partial\ MutableCollection.swift /Users/runner/work/red-pen-ios/red-pen-ios/ios/build/SourcePackages/checkouts/swift-collections/Sources/OrderedCollections/HashTable/_HashTable+Bucket.swift /Users/runner/work/red-pen-ios/red-pen-ios/ios/build/SourcePackages/checkouts/swift-collections/Sources/OrderedCollections/HashTable/_HashTable+BucketIterator.swift /Users/runner/work/red-pen-ios/red-pen-ios/ios/build/SourcePackages/checkouts/swift-collections/Sources/OrderedCollections/HashTable/_HashTable+Constants.swift /Users/runner/work/red-pen-ios/red-pen-ios/ios/build/SourcePackages/checkouts/swift-collections/Sources/OrderedCollections/HashTable/_HashTable+CustomStringConvertible.swift /Users/runner/work/red-pen-ios/red-pen-ios/ios/build/SourcePackages/checkouts/swift-collections/Sources/OrderedCollections/HashTable/_HashTable+Testing.swift /Users/runner/work/red-pen-ios/red-pen-ios/ios/build/SourcePackages/checkouts/swift-collections/Sources/OrderedCollections/HashTable/_HashTable+UnsafeHandle.swift /Users/runner/work/red-pen-ios/red-pen-ios/ios/build/SourcePackages/checkouts/swift-collections/Sources/OrderedCollections/HashTable/_HashTable.swift /Users/runner/work/red-pen-ios/red-pen-ios/ios/build/SourcePackages/checkouts/swift-collections/Sources/OrderedCollections/HashTable/_Hashtable+Header.swift /Users/runner/work/red-pen-ios/red-pen-ios/ios/build/SourcePackages/checkouts/swift-collections/Sources/OrderedCollections/OrderedDictionary/OrderedDictionary+Codable.swift /Users/runner/work/red-pen-ios/red-pen-ios/ios/build/SourcePackages/checkouts/swift-collections/Sources/OrderedCollections/OrderedDictionary/OrderedDictionary+CustomReflectable.swift /Users/runner/work/red-pen-ios/red-pen-ios/ios/build/SourcePackages/checkouts/swift-collections/Sources/OrderedCollections/OrderedDictionary/OrderedDictionary+Deprecations.swift /Users/runner/work/red-pen-ios/red-pen-ios/ios/build/SourcePackages/checkouts/swift-collections/Sources/OrderedCollections/OrderedDictionary/OrderedDictionary+Descriptions.swift /Users/runner/work/red-pen-ios/red-pen-ios/ios/build/SourcePackages/checkouts/swift-collections/Sources/OrderedCollections/OrderedDictionary/OrderedDictionary+Elements.SubSequence.swift /Users/runner/work/red-pen-ios/red-pen-ios/ios/build/SourcePackages/checkouts/swift-collections/Sources/OrderedCollections/OrderedDictionary/OrderedDictionary+Elements.swift /Users/runner/work/red-pen-ios/red-pen-ios/ios/build/SourcePackages/checkouts/swift-collections/Sources/OrderedCollections/OrderedDictionary/OrderedDictionary+Equatable.swift /Users/runner/work/red-pen-ios/red-pen-ios/ios/build/SourcePackages/checkouts/swift-collections/Sources/OrderedCollections/OrderedDictionary/OrderedDictionary+ExpressibleByDictionaryLiteral.swift /Users/runner/work/red-pen-ios/red-pen-ios/ios/build/SourcePackages/checkouts/swift-collections/Sources/OrderedCollections/OrderedDictionary/OrderedDictionary+Hashable.swift /Users/runner/work/red-pen-ios/red-pen-ios/ios/build/SourcePackages/checkouts/swift-collections/Sources/OrderedCollections/OrderedDictionary/OrderedDictionary+Initializers.swift /Users/runner/work/red-pen-ios/red-pen-ios/ios/build/SourcePackages/checkouts/swift-collections/Sources/OrderedCollections/OrderedDictionary/OrderedDictionary+Invariants.swift /Users/runner/work/red-pen-ios/red-pen-ios/ios/build/SourcePackages/checkouts/swift-collections/Sources/OrderedCollections/OrderedDictionary/OrderedDictionary+Move.swift /Users/runner/work/red-pen-ios/red-pen-ios/ios/build/SourcePackages/checkouts/swift-collections/Sources/OrderedCollections/OrderedDictionary/OrderedDictionary+Partial\ MutableCollection.swift (in target 'OrderedCollections' from project 'swift-collections')
SwiftCompile normal arm64 /Users/runner/work/red-pen-ios/red-pen-ios/ios/build/SourcePackages/checkouts/swift-collections/Sources/OrderedCollections/HashTable/_HashTable+Bucket.swift (in target 'OrderedCollections' from project 'swift-collections')
    cd /Users/runner/work/red-pen-ios/red-pen-ios/ios/RedPen.xcodeproj
    

SwiftCompile normal arm64 /Users/runner/work/red-pen-ios/red-pen-ios/ios/build/SourcePackages/checkouts/swift-collections/Sources/OrderedCollections/HashTable/_HashTable+BucketIterator.swift (in target 'OrderedCollections' from project 'swift-collections')
    cd /Users/runner/work/red-pen-ios/red-pen-ios/ios/RedPen.xcodeproj
    

SwiftCompile normal arm64 /Users/runner/work/red-pen-ios/red-pen-ios/ios/build/SourcePackages/checkouts/swift-collections/Sources/OrderedCollections/HashTable/_HashTable+Constants.swift (in target 'OrderedCollections' from project 'swift-collections')
    cd /Users/runner/work/red-pen-ios/red-pen-ios/ios/RedPen.xcodeproj
    

SwiftCompile normal arm64 /Users/runner/work/red-pen-ios/red-pen-ios/ios/build/SourcePackages/checkouts/swift-collections/Sources/OrderedCollections/HashTable/_HashTable+CustomStringConvertible.swift (in target 'OrderedCollections' from project 'swift-collections')
    cd /Users/runner/work/red-pen-ios/red-pen-ios/ios/RedPen.xcodeproj
    

SwiftCompile normal arm64 /Users/runner/work/red-pen-ios/red-pen-ios/ios/build/SourcePackages/checkouts/swift-collections/Sources/OrderedCollections/HashTable/_HashTable+Testing.swift (in target 'OrderedCollections' from project 'swift-collections')
    cd /Users/runner/work/red-pen-ios/red-pen-ios/ios/RedPen.xcodeproj
    

SwiftCompile normal arm64 /Users/runner/work/red-pen-ios/red-pen-ios/ios/build/SourcePackages/checkouts/swift-collections/Sources/OrderedCollections/HashTable/_HashTable+UnsafeHandle.swift (in target 'OrderedCollections' from project 'swift-collections')
    cd /Users/runner/work/red-pen-ios/red-pen-ios/ios/RedPen.xcodeproj
    

SwiftCompile normal arm64 /Users/runner/work/red-pen-ios/red-pen-ios/ios/build/SourcePackages/checkouts/swift-collections/Sources/OrderedCollections/HashTable/_HashTable.swift (in target 'OrderedCollections' from project 'swift-collections')
    cd /Users/runner/work/red-pen-ios/red-pen-ios/ios/RedPen.xcodeproj
    

SwiftCompile normal arm64 /Users/runner/work/red-pen-ios/red-pen-ios/ios/build/SourcePackages/checkouts/swift-collections/Sources/OrderedCollections/HashTable/_Hashtable+Header.swift (in target 'OrderedCollections' from project 'swift-collections')
    cd /Users/runner/work/red-pen-ios/red-pen-ios/ios/RedPen.xcodeproj
    

SwiftCompile normal arm64 /Users/runner/work/red-pen-ios/red-pen-ios/ios/build/SourcePackages/checkouts/swift-collections/Sources/OrderedCollections/OrderedDictionary/OrderedDictionary+Codable.swift (in target 'OrderedCollections' from project 'swift-collections')
    cd /Users/runner/work/red-pen-ios/red-pen-ios/ios/RedPen.xcodeproj
    

SwiftCompile normal arm64 /Users/runner/work/red-pen-ios/red-pen-ios/ios/build/SourcePackages/checkouts/swift-collections/Sources/OrderedCollections/OrderedDictionary/OrderedDictionary+CustomReflectable.swift (in target 'OrderedCollections' from project 'swift-collections')
    cd /Users/runner/work/red-pen-ios/red-pen-ios/ios/RedPen.xcodeproj
    

SwiftCompile normal arm64 /Users/runner/work/red-pen-ios/red-pen-ios/ios/build/SourcePackages/checkouts/swift-collections/Sources/OrderedCollections/OrderedDictionary/OrderedDictionary+Deprecations.swift (in target 'OrderedCollections' from project 'swift-collections')
    cd /Users/runner/work/red-pen-ios/red-pen-ios/ios/RedPen.xcodeproj
    

SwiftCompile normal arm64 /Users/runner/work/red-pen-ios/red-pen-ios/ios/build/SourcePackages/checkouts/swift-collections/Sources/OrderedCollections/OrderedDictionary/OrderedDictionary+Descriptions.swift (in target 'OrderedCollections' from project 'swift-collections')
    cd /Users/runner/work/red-pen-ios/red-pen-ios/ios/RedPen.xcodeproj
    

SwiftCompile normal arm64 /Users/runner/work/red-pen-ios/red-pen-ios/ios/build/SourcePackages/checkouts/swift-collections/Sources/OrderedCollections/OrderedDictionary/OrderedDictionary+Elements.SubSequence.swift (in target 'OrderedCollections' from project 'swift-collections')
    cd /Users/runner/work/red-pen-ios/red-pen-ios/ios/RedPen.xcodeproj
    

SwiftCompile normal arm64 /Users/runner/work/red-pen-ios/red-pen-ios/ios/build/SourcePackages/checkouts/swift-collections/Sources/OrderedCollections/OrderedDictionary/OrderedDictionary+Elements.swift (in target 'OrderedCollections' from project 'swift-collections')
    cd /Users/runner/work/red-pen-ios/red-pen-ios/ios/RedPen.xcodeproj
    

SwiftCompile normal arm64 /Users/runner/work/red-pen-ios/red-pen-ios/ios/build/SourcePackages/checkouts/swift-collections/Sources/OrderedCollections/OrderedDictionary/OrderedDictionary+Equatable.swift (in target 'OrderedCollections' from project 'swift-collections')
    cd /Users/runner/work/red-pen-ios/red-pen-ios/ios/RedPen.xcodeproj
    

SwiftCompile normal arm64 /Users/runner/work/red-pen-ios/red-pen-ios/ios/build/SourcePackages/checkouts/swift-collections/Sources/OrderedCollections/OrderedDictionary/OrderedDictionary+ExpressibleByDictionaryLiteral.swift (in target 'OrderedCollections' from project 'swift-collections')
    cd /Users/runner/work/red-pen-ios/red-pen-ios/ios/RedPen.xcodeproj
    

SwiftCompile normal arm64 /Users/runner/work/red-pen-ios/red-pen-ios/ios/build/SourcePackages/checkouts/swift-collections/Sources/OrderedCollections/OrderedDictionary/OrderedDictionary+Hashable.swift (in target 'OrderedCollections' from project 'swift-collections')
    cd /Users/runner/work/red-pen-ios/red-pen-ios/ios/RedPen.xcodeproj
    

SwiftCompile normal arm64 /Users/runner/work/red-pen-ios/red-pen-ios/ios/build/SourcePackages/checkouts/swift-collections/Sources/OrderedCollections/OrderedDictionary/OrderedDictionary+Initializers.swift (in target 'OrderedCollections' from project 'swift-collections')
    cd /Users/runner/work/red-pen-ios/red-pen-ios/ios/RedPen.xcodeproj
    

SwiftCompile normal arm64 /Users/runner/work/red-pen-ios/red-pen-ios/ios/build/SourcePackages/checkouts/swift-collections/Sources/OrderedCollections/OrderedDictionary/OrderedDictionary+Invariants.swift (in target 'OrderedCollections' from project 'swift-collections')
    cd /Users/runner/work/red-pen-ios/red-pen-ios/ios/RedPen.xcodeproj
    

SwiftCompile normal arm64 /Users/runner/work/red-pen-ios/red-pen-ios/ios/build/SourcePackages/checkouts/swift-collections/Sources/OrderedCollections/OrderedDictionary/OrderedDictionary+Move.swift (in target 'OrderedCollections' from project 'swift-collections')
    cd /Users/runner/work/red-pen-ios/red-pen-ios/ios/RedPen.xcodeproj
    

SwiftCompile normal arm64 /Users/runner/work/red-pen-ios/red-pen-ios/ios/build/SourcePackages/checkouts/swift-collections/Sources/OrderedCollections/OrderedDictionary/OrderedDictionary+Partial\ MutableCollection.swift (in target 'OrderedCollections' from project 'swift-collections')
    cd /Users/runner/work/red-pen-ios/red-pen-ios/ios/RedPen.xcodeproj
    

SwiftDriverJobDiscovery normal arm64 Compiling ToolArgumentMacro.swift, ToolArgumentsMacro.swift (in target 'LocalLLMClientMacrosPlugin' from project 'LocalLLMClient')

SwiftCompile normal arm64 Compiling\ OrderedSet+Partial\ SetAlgebra\ intersection.swift,\ OrderedSet+Partial\ SetAlgebra\ isDisjoint.swift,\ OrderedSet+Partial\ SetAlgebra\ isEqualSet.swift,\ OrderedSet+Partial\ SetAlgebra\ isStrictSubset.swift,\ OrderedSet+Partial\ SetAlgebra\ isStrictSuperset.swift,\ OrderedSet+Partial\ SetAlgebra\ isSubset.swift,\ OrderedSet+Partial\ SetAlgebra\ isSuperset.swift,\ OrderedSet+Partial\ SetAlgebra\ subtract.swift,\ OrderedSet+Partial\ SetAlgebra\ subtracting.swift,\ OrderedSet+Partial\ SetAlgebra\ symmetricDifference.swift,\ OrderedSet+Partial\ SetAlgebra\ union.swift,\ OrderedSet+Partial\ SetAlgebra+Basics.swift,\ OrderedSet+RandomAccessCollection.swift,\ OrderedSet+ReserveCapacity.swift,\ OrderedSet+Sendable.swift,\ OrderedSet+SubSequence.swift,\ OrderedSet+Testing.swift,\ OrderedSet+UnorderedView.swift,\ OrderedSet+UnstableInternals.swift,\ OrderedSet.swift,\ _UnsafeBitset.swift /Users/runner/work/red-pen-ios/red-pen-ios/ios/build/SourcePackages/checkouts/swift-collections/Sources/OrderedCollections/OrderedSet/OrderedSet+Partial\ SetAlgebra\ intersection.swift /Users/runner/work/red-pen-ios/red-pen-ios/ios/build/SourcePackages/checkouts/swift-collections/Sources/OrderedCollections/OrderedSet/OrderedSet+Partial\ SetAlgebra\ isDisjoint.swift /Users/runner/work/red-pen-ios/red-pen-ios/ios/build/SourcePackages/checkouts/swift-collections/Sources/OrderedCollections/OrderedSet/OrderedSet+Partial\ SetAlgebra\ isEqualSet.swift /Users/runner/work/red-pen-ios/red-pen-ios/ios/build/SourcePackages/checkouts/swift-collections/Sources/OrderedCollections/OrderedSet/OrderedSet+Partial\ SetAlgebra\ isStrictSubset.swift /Users/runner/work/red-pen-ios/red-pen-ios/ios/build/SourcePackages/checkouts/swift-collections/Sources/OrderedCollections/OrderedSet/OrderedSet+Partial\ SetAlgebra\ isStrictSuperset.swift /Users/runner/work/red-pen-ios/red-pen-ios/ios/build/SourcePackages/checkouts/swift-collections/Sources/OrderedCollections/OrderedSet/OrderedSet+Partial\ SetAlgebra\ isSubset.swift /Users/runner/work/red-pen-ios/red-pen-ios/ios/build/SourcePackages/checkouts/swift-collections/Sources/OrderedCollections/OrderedSet/OrderedSet+Partial\ SetAlgebra\ isSuperset.swift /Users/runner/work/red-pen-ios/red-pen-ios/ios/build/SourcePackages/checkouts/swift-collections/Sources/OrderedCollections/OrderedSet/OrderedSet+Partial\ SetAlgebra\ subtract.swift /Users/runner/work/red-pen-ios/red-pen-ios/ios/build/SourcePackages/checkouts/swift-collections/Sources/OrderedCollections/OrderedSet/OrderedSet+Partial\ SetAlgebra\ subtracting.swift /Users/runner/work/red-pen-ios/red-pen-ios/ios/build/SourcePackages/checkouts/swift-collections/Sources/OrderedCollections/OrderedSet/OrderedSet+Partial\ SetAlgebra\ symmetricDifference.swift /Users/runner/work/red-pen-ios/red-pen-ios/ios/build/SourcePackages/checkouts/swift-collections/Sources/OrderedCollections/OrderedSet/OrderedSet+Partial\ SetAlgebra\ union.swift /Users/runner/work/red-pen-ios/red-pen-ios/ios/build/SourcePackages/checkouts/swift-collections/Sources/OrderedCollections/OrderedSet/OrderedSet+Partial\ SetAlgebra+Basics.swift /Users/runner/work/red-pen-ios/red-pen-ios/ios/build/SourcePackages/checkouts/swift-collections/Sources/OrderedCollections/OrderedSet/OrderedSet+RandomAccessCollection.swift /Users/runner/work/red-pen-ios/red-pen-ios/ios/build/SourcePackages/checkouts/swift-collections/Sources/OrderedCollections/OrderedSet/OrderedSet+ReserveCapacity.swift /Users/runner/work/red-pen-ios/red-pen-ios/ios/build/SourcePackages/checkouts/swift-collections/Sources/OrderedCollections/OrderedSet/OrderedSet+Sendable.swift /Users/runner/work/red-pen-ios/red-pen-ios/ios/build/SourcePackages/checkouts/swift-collections/Sources/OrderedCollections/OrderedSet/OrderedSet+SubSequence.swift /Users/runner/work/red-pen-ios/red-pen-ios/ios/build/SourcePackages/checkouts/swift-collections/Sources/OrderedCollections/OrderedSet/OrderedSet+Testing.swift /Users/runner/work/red-pen-ios/red-pen-ios/ios/build/SourcePackages/checkouts/swift-collections/Sources/OrderedCollections/OrderedSet/OrderedSet+UnorderedView.swift /Users/runner/work/red-pen-ios/red-pen-ios/ios/build/SourcePackages/checkouts/swift-collections/Sources/OrderedCollections/OrderedSet/OrderedSet+UnstableInternals.swift /Users/runner/work/red-pen-ios/red-pen-ios/ios/build/SourcePackages/checkouts/swift-collections/Sources/OrderedCollections/OrderedSet/OrderedSet.swift /Users/runner/work/red-pen-ios/red-pen-ios/ios/build/SourcePackages/checkouts/swift-collections/Sources/OrderedCollections/Utilities/_UnsafeBitset.swift (in target 'OrderedCollections' from project 'swift-collections')
SwiftCompile normal arm64 /Users/runner/work/red-pen-ios/red-pen-ios/ios/build/SourcePackages/checkouts/swift-collections/Sources/OrderedCollections/OrderedSet/OrderedSet+Partial\ SetAlgebra\ intersection.swift (in target 'OrderedCollections' from project 'swift-collections')
    cd /Users/runner/work/red-pen-ios/red-pen-ios/ios/RedPen.xcodeproj
    

SwiftCompile normal arm64 /Users/runner/work/red-pen-ios/red-pen-ios/ios/build/SourcePackages/checkouts/swift-collections/Sources/OrderedCollections/OrderedSet/OrderedSet+Partial\ SetAlgebra\ isDisjoint.swift (in target 'OrderedCollections' from project 'swift-collections')
    cd /Users/runner/work/red-pen-ios/red-pen-ios/ios/RedPen.xcodeproj
    

SwiftCompile normal arm64 /Users/runner/work/red-pen-ios/red-pen-ios/ios/build/SourcePackages/checkouts/swift-collections/Sources/OrderedCollections/OrderedSet/OrderedSet+Partial\ SetAlgebra\ isEqualSet.swift (in target 'OrderedCollections' from project 'swift-collections')
    cd /Users/runner/work/red-pen-ios/red-pen-ios/ios/RedPen.xcodeproj
    

SwiftCompile normal arm64 /Users/runner/work/red-pen-ios/red-pen-ios/ios/build/SourcePackages/checkouts/swift-collections/Sources/OrderedCollections/OrderedSet/OrderedSet+Partial\ SetAlgebra\ isStrictSubset.swift (in target 'OrderedCollections' from project 'swift-collections')
    cd /Users/runner/work/red-pen-ios/red-pen-ios/ios/RedPen.xcodeproj
    

SwiftCompile normal arm64 /Users/runner/work/red-pen-ios/red-pen-ios/ios/build/SourcePackages/checkouts/swift-collections/Sources/OrderedCollections/OrderedSet/OrderedSet+Partial\ SetAlgebra\ isStrictSuperset.swift (in target 'OrderedCollections' from project 'swift-collections')
    cd /Users/runner/work/red-pen-ios/red-pen-ios/ios/RedPen.xcodeproj
    

SwiftCompile normal arm64 /Users/runner/work/red-pen-ios/red-pen-ios/ios/build/SourcePackages/checkouts/swift-collections/Sources/OrderedCollections/OrderedSet/OrderedSet+Partial\ SetAlgebra\ isSubset.swift (in target 'OrderedCollections' from project 'swift-collections')
    cd /Users/runner/work/red-pen-ios/red-pen-ios/ios/RedPen.xcodeproj
    

SwiftCompile normal arm64 /Users/runner/work/red-pen-ios/red-pen-ios/ios/build/SourcePackages/checkouts/swift-collections/Sources/OrderedCollections/OrderedSet/OrderedSet+Partial\ SetAlgebra\ isSuperset.swift (in target 'OrderedCollections' from project 'swift-collections')
    cd /Users/runner/work/red-pen-ios/red-pen-ios/ios/RedPen.xcodeproj
    

SwiftCompile normal arm64 /Users/runner/work/red-pen-ios/red-pen-ios/ios/build/SourcePackages/checkouts/swift-collections/Sources/OrderedCollections/OrderedSet/OrderedSet+Partial\ SetAlgebra\ subtract.swift (in target 'OrderedCollections' from project 'swift-collections')
    cd /Users/runner/work/red-pen-ios/red-pen-ios/ios/RedPen.xcodeproj
    

SwiftCompile normal arm64 /Users/runner/work/red-pen-ios/red-pen-ios/ios/build/SourcePackages/checkouts/swift-collections/Sources/OrderedCollections/OrderedSet/OrderedSet+Partial\ SetAlgebra\ subtracting.swift (in target 'OrderedCollections' from project 'swift-collections')
    cd /Users/runner/work/red-pen-ios/red-pen-ios/ios/RedPen.xcodeproj
    

SwiftCompile normal arm64 /Users/runner/work/red-pen-ios/red-pen-ios/ios/build/SourcePackages/checkouts/swift-collections/Sources/OrderedCollections/OrderedSet/OrderedSet+Partial\ SetAlgebra\ symmetricDifference.swift (in target 'OrderedCollections' from project 'swift-collections')
    cd /Users/runner/work/red-pen-ios/red-pen-ios/ios/RedPen.xcodeproj
    

SwiftCompile normal arm64 /Users/runner/work/red-pen-ios/red-pen-ios/ios/build/SourcePackages/checkouts/swift-collections/Sources/OrderedCollections/OrderedSet/OrderedSet+Partial\ SetAlgebra\ union.swift (in target 'OrderedCollections' from project 'swift-collections')
    cd /Users/runner/work/red-pen-ios/red-pen-ios/ios/RedPen.xcodeproj
    

SwiftCompile normal arm64 /Users/runner/work/red-pen-ios/red-pen-ios/ios/build/SourcePackages/checkouts/swift-collections/Sources/OrderedCollections/OrderedSet/OrderedSet+Partial\ SetAlgebra+Basics.swift (in target 'OrderedCollections' from project 'swift-collections')
    cd /Users/runner/work/red-pen-ios/red-pen-ios/ios/RedPen.xcodeproj
    

SwiftCompile normal arm64 /Users/runner/work/red-pen-ios/red-pen-ios/ios/build/SourcePackages/checkouts/swift-collections/Sources/OrderedCollections/OrderedSet/OrderedSet+RandomAccessCollection.swift (in target 'OrderedCollections' from project 'swift-collections')
    cd /Users/runner/work/red-pen-ios/red-pen-ios/ios/RedPen.xcodeproj
    

SwiftCompile normal arm64 /Users/runner/work/red-pen-ios/red-pen-ios/ios/build/SourcePackages/checkouts/swift-collections/Sources/OrderedCollections/OrderedSet/OrderedSet+ReserveCapacity.swift (in target 'OrderedCollections' from project 'swift-collections')
    cd /Users/runner/work/red-pen-ios/red-pen-ios/ios/RedPen.xcodeproj
    

SwiftCompile normal arm64 /Users/runner/work/red-pen-ios/red-pen-ios/ios/build/SourcePackages/checkouts/swift-collections/Sources/OrderedCollections/OrderedSet/OrderedSet+Sendable.swift (in target 'OrderedCollections' from project 'swift-collections')
    cd /Users/runner/work/red-pen-ios/red-pen-ios/ios/RedPen.xcodeproj
    

SwiftCompile normal arm64 /Users/runner/work/red-pen-ios/red-pen-ios/ios/build/SourcePackages/checkouts/swift-collections/Sources/OrderedCollections/OrderedSet/OrderedSet+SubSequence.swift (in target 'OrderedCollections' from project 'swift-collections')
    cd /Users/runner/work/red-pen-ios/red-pen-ios/ios/RedPen.xcodeproj
    

SwiftCompile normal arm64 /Users/runner/work/red-pen-ios/red-pen-ios/ios/build/SourcePackages/checkouts/swift-collections/Sources/OrderedCollections/OrderedSet/OrderedSet+Testing.swift (in target 'OrderedCollections' from project 'swift-collections')
    cd /Users/runner/work/red-pen-ios/red-pen-ios/ios/RedPen.xcodeproj
    

SwiftCompile normal arm64 /Users/runner/work/red-pen-ios/red-pen-ios/ios/build/SourcePackages/checkouts/swift-collections/Sources/OrderedCollections/OrderedSet/OrderedSet+UnorderedView.swift (in target 'OrderedCollections' from project 'swift-collections')
    cd /Users/runner/work/red-pen-ios/red-pen-ios/ios/RedPen.xcodeproj
    

SwiftCompile normal arm64 /Users/runner/work/red-pen-ios/red-pen-ios/ios/build/SourcePackages/checkouts/swift-collections/Sources/OrderedCollections/OrderedSet/OrderedSet+UnstableInternals.swift (in target 'OrderedCollections' from project 'swift-collections')
    cd /Users/runner/work/red-pen-ios/red-pen-ios/ios/RedPen.xcodeproj
    

SwiftCompile normal arm64 /Users/runner/work/red-pen-ios/red-pen-ios/ios/build/SourcePackages/checkouts/swift-collections/Sources/OrderedCollections/OrderedSet/OrderedSet.swift (in target 'OrderedCollections' from project 'swift-collections')
    cd /Users/runner/work/red-pen-ios/red-pen-ios/ios/RedPen.xcodeproj
    

SwiftCompile normal arm64 /Users/runner/work/red-pen-ios/red-pen-ios/ios/build/SourcePackages/checkouts/swift-collections/Sources/OrderedCollections/Utilities/_UnsafeBitset.swift (in target 'OrderedCollections' from project 'swift-collections')
    cd /Users/runner/work/red-pen-ios/red-pen-ios/ios/RedPen.xcodeproj
    

SwiftDriverJobDiscovery normal arm64 Emitting module for OrderedCollections (in target 'OrderedCollections' from project 'swift-collections')

SwiftDriver\ Compilation\ Requirements OrderedCollections normal arm64 com.apple.xcode.tools.swift.compiler (in target 'OrderedCollections' from project 'swift-collections')
    cd /Users/runner/work/red-pen-ios/red-pen-ios/ios/RedPen.xcodeproj
    builtin-Swift-Compilation-Requirements -- /Applications/Xcode_26.6.app/Contents/Developer/Toolchains/XcodeDefault.xctoolchain/usr/bin/swiftc -module-name OrderedCollections -Onone @/Users/runner/work/red-pen-ios/red-pen-ios/ios/build/Build/Intermediates.noindex/swift-collections.build/Debug-iphonesimulator/OrderedCollections.build/Objects-normal/arm64/OrderedCollections.SwiftFileList -DSWIFT_PACKAGE -DDEBUG -DSWIFT_MODULE_RESOURCE_BUNDLE_UNAVAILABLE -DCOLLECTIONS_RANDOMIZED_TESTING -DXcode -enable-experimental-feature AvailabilityMacro\=SwiftStdlib\ 5.0:\ macOS\ 10.14.4,\ iOS\ 12.2,\ watchOS\ 5.2,\ tvOS\ 12.2 -enable-experimental-feature AvailabilityMacro\=SwiftStdlib\ 5.1:\ macOS\ 10.15,\ iOS\ 13.0,\ watchOS\ 6.0,\ tvOS\ 13.0 -enable-experimental-feature AvailabilityMacro\=SwiftStdlib\ 5.6:\ macOS\ 12.3,\ iOS\ 15.4,\ watchOS\ 8.5,\ tvOS\ 15.4 -enable-experimental-feature AvailabilityMacro\=SwiftStdlib\ 5.7:\ macOS\ 13.0,\ iOS\ 16.0,\ watchOS\ 9.0,\ tvOS\ 16.0 -enable-experimental-feature AvailabilityMacro\=SwiftStdlib\ 5.8:\ macOS\ 13.3,\ iOS\ 16.4,\ watchOS\ 9.4,\ tvOS\ 16.4 -enable-experimental-feature AvailabilityMacro\=SwiftStdlib\ 5.9:\ macOS\ 14.0,\ iOS\ 17.0,\ watchOS\ 10.0,\ tvOS\ 17.0 -enable-experimental-feature AvailabilityMacro\=SwiftStdlib\ 5.10:\ macOS\ 14.4,\ iOS\ 17.4,\ watchOS\ 10.4,\ tvOS\ 17.4,\ visionOS\ 1.1 -enable-experimental-feature AvailabilityMacro\=SwiftStdlib\ 6.0:\ macOS\ 15.0,\ iOS\ 18.0,\ watchOS\ 11.0,\ tvOS\ 18.0,\ visionOS\ 2.0 -enable-experimental-feature AvailabilityMacro\=SwiftStdlib\ 6.1:\ macOS\ 15.4,\ iOS\ 18.4,\ watchOS\ 11.4,\ tvOS\ 18.4,\ visionOS\ 2.4 -enable-experimental-feature AvailabilityMacro\=SwiftStdlib\ 6.2:\ macOS\ 26.0,\ iOS\ 26.0,\ watchOS\ 26.0,\ tvOS\ 26.0,\ visionOS\ 26.0 -enable-experimental-feature AvailabilityMacro\=SwiftStdlib\ 6.3:\ macOS\ 26.4,\ iOS\ 26.4,\ watchOS\ 26.4,\ tvOS\ 26.4,\ visionOS\ 26.4 -enable-experimental-feature AvailabilityMacro\=SwiftStdlib\ 6.4:\ macOS\ 27.0,\ iOS\ 27.0,\ watchOS\ 27.0,\ tvOS\ 27.0,\ visionOS\ 27.0 -enable-experimental-feature AvailabilityMacro\=SwiftStdlib\ 6.5:\ macOS\ 9999,\ iOS\ 9999,\ watchOS\ 9999,\ tvOS\ 9999,\ visionOS\ 9999 -enable-upcoming-feature MemberImportVisibility -enable-experimental-feature BuiltinModule -enable-experimental-feature Lifetimes -enable-experimental-feature InoutLifetimeDependence -enable-experimental-feature AddressableParameters -enable-experimental-feature AddressableTypes -enable-experimental-feature SuppressedAssociatedTypesWithDefaults -enable-experimental-feature BorrowingSequence -plugin-path /Applications/Xcode_26.6.app/Contents/Developer/Toolchains/XcodeDefault.xctoolchain/usr/lib/swift/host/plugins/testing -enable-experimental-feature DebugDescriptionMacro -sdk /Applications/Xcode_26.6.app/Contents/Developer/Platforms/iPhoneSimulator.platform/Developer/SDKs/iPhoneSimulator26.5.sdk -target arm64-apple-ios12.0-simulator -g -module-cache-path /Users/runner/work/red-pen-ios/red-pen-ios/ios/build/ModuleCache.noindex -Xfrontend -serialize-debugging-options -enable-testing -suppress-warnings -index-store-path /Users/runner/work/red-pen-ios/red-pen-ios/ios/build/Index.noindex/DataStore -Xcc -D_LIBCPP_HARDENING_MODE\=_LIBCPP_HARDENING_MODE_DEBUG -swift-version 6 -I /Users/runner/work/red-pen-ios/red-pen-ios/ios/build/Build/Products/Debug-iphonesimulator -Isystem /Applications/Xcode_26.6.app/Contents/Developer/Platforms/iPhoneSimulator.platform/Developer/usr/lib -F /Users/runner/work/red-pen-ios/red-pen-ios/ios/build/Build/Products/Debug-iphonesimulator/PackageFrameworks -F /Users/runner/work/red-pen-ios/red-pen-ios/ios/build/Build/Products/Debug-iphonesimulator -F /Applications/Xcode_26.6.app/Contents/Developer/Platforms/iPhoneSimulator.platform/Developer/Library/Frameworks -F /Applications/Xcode_26.6.app/Contents/Developer/Platforms/iPhoneSimulator.platform/Developer/SDKs/iPhoneSimulator26.5.sdk/Developer/Library/Frameworks -c -j3 -enable-batch-mode -incremental -Xcc -ivfsstatcache -Xcc /Users/runner/work/red-pen-ios/red-pen-ios/ios/build/SDKStatCaches.noindex/iphonesimulator26.5-23F81a-688ef53f1462e2c8f657fdc38a81448ff45c64a1807a658693f2a61704f17a36.sdkstatcache -output-file-map /Users/runner/work/red-pen-ios/red-pen-ios/ios/build/Build/Intermediates.noindex/swift-collections.build/Debug-iphonesimulator/OrderedCollections.build/Objects-normal/arm64/OrderedCollections-OutputFileMap.json -use-frontend-parseable-output -save-temps -no-color-diagnostics -serialize-diagnostics -emit-dependencies -emit-module -emit-module-path /Users/runner/work/red-pen-ios/red-pen-ios/ios/build/Build/Intermediates.noindex/swift-collections.build/Debug-iphonesimulator/OrderedCollections.build/Objects-normal/arm64/OrderedCollections.swiftmodule -user-module-version 1.7.2 -validate-clang-modules-once -clang-build-session-file /Users/runner/work/red-pen-ios/red-pen-ios/ios/build/ModuleCache.noindex/Session.modulevalidation -package-name swift_collections -Xcc -I/Users/runner/work/red-pen-ios/red-pen-ios/ios/build/Build/Intermediates.noindex/swift-collections.build/Debug-iphonesimulator/OrderedCollections.build/swift-overrides.hmap -emit-const-values -Xfrontend -const-gather-protocols-file -Xfrontend /Users/runner/work/red-pen-ios/red-pen-ios/ios/build/Build/Intermediates.noindex/swift-collections.build/Debug-iphonesimulator/OrderedCollections.build/Objects-normal/arm64/OrderedCollections_const_extract_protocols.json -Xcc -I/Users/runner/work/red-pen-ios/red-pen-ios/ios/build/Build/Products/Debug-iphonesimulator/include -Xcc -I/Users/runner/work/red-pen-ios/red-pen-ios/ios/build/Build/Intermediates.noindex/swift-collections.build/Debug-iphonesimulator/OrderedCollections.build/DerivedSources-normal/arm64 -Xcc -I/Users/runner/work/red-pen-ios/red-pen-ios/ios/build/Build/Intermediates.noindex/swift-collections.build/Debug-iphonesimulator/OrderedCollections.build/DerivedSources/arm64 -Xcc -I/Users/runner/work/red-pen-ios/red-pen-ios/ios/build/Build/Intermediates.noindex/swift-collections.build/Debug-iphonesimulator/OrderedCollections.build/DerivedSources -Xcc -DSWIFT_PACKAGE -Xcc -DDEBUG\=1 -emit-objc-header -emit-objc-header-path /Users/runner/work/red-pen-ios/red-pen-ios/ios/build/Build/Intermediates.noindex/swift-collections.build/Debug-iphonesimulator/OrderedCollections.build/Objects-normal/arm64/OrderedCollections-Swift.h -working-directory /Users/runner/work/red-pen-ios/red-pen-ios/ios/RedPen.xcodeproj -experimental-emit-module-separately -disable-cmo

SwiftDriverJobDiscovery normal arm64 Compiling OrderedDictionary+Partial RangeReplaceableCollection.swift, OrderedDictionary+Sendable.swift, OrderedDictionary+Sequence.swift, OrderedDictionary+Values.swift, OrderedDictionary.swift, OrderedSet+Codable.swift, OrderedSet+CustomReflectable.swift, OrderedSet+Descriptions.swift, OrderedSet+Diffing.swift, OrderedSet+Equatable.swift, OrderedSet+ExpressibleByArrayLiteral.swift, OrderedSet+Hashable.swift, OrderedSet+Initializers.swift, OrderedSet+Insertions.swift, OrderedSet+Invariants.swift, OrderedSet+Move.swift, OrderedSet+Partial MutableCollection.swift, OrderedSet+Partial RangeReplaceableCollection.swift, OrderedSet+Partial SetAlgebra formIntersection.swift, OrderedSet+Partial SetAlgebra formSymmetricDifference.swift, OrderedSet+Partial SetAlgebra formUnion.swift (in target 'OrderedCollections' from project 'swift-collections')

SwiftDriver\ Compilation LocalLLMClientMacrosPlugin normal arm64 com.apple.xcode.tools.swift.compiler (in target 'LocalLLMClientMacrosPlugin' from project 'LocalLLMClient')
    cd /Users/runner/work/red-pen-ios/red-pen-ios/ios/RedPen.xcodeproj
    builtin-Swift-Compilation -- /Applications/Xcode_26.6.app/Contents/Developer/Toolchains/XcodeDefault.xctoolchain/usr/bin/swiftc -module-name LocalLLMClientMacrosPlugin -Onone @/Users/runner/work/red-pen-ios/red-pen-ios/ios/build/Build/Intermediates.noindex/LocalLLMClient.build/Debug/LocalLLMClientMacrosPlugin.build/Objects-normal/arm64/LocalLLMClientMacrosPlugin.SwiftFileList -DSWIFT_PACKAGE -DDEBUG -DXcode -I /Users/runner/work/red-pen-ios/red-pen-ios/ios/build/SourcePackages/prebuilts/swift-syntax/603.0.2/swiftlang-6.3.3.1.3-macosx26.5-MacroSupport/Modules -I /Users/runner/work/red-pen-ios/red-pen-ios/ios/build/SourcePackages/checkouts/swift-syntax/Sources/_SwiftLibraryPluginProviderCShims/include -I /Users/runner/work/red-pen-ios/red-pen-ios/ios/build/SourcePackages/checkouts/swift-syntax/Sources/_SwiftSyntaxCShims/include -plugin-path /Applications/Xcode_26.6.app/Contents/Developer/Toolchains/XcodeDefault.xctoolchain/usr/lib/swift/host/plugins/testing -enable-experimental-feature DebugDescriptionMacro -sdk /Applications/Xcode_26.6.app/Contents/Developer/Platforms/MacOSX.platform/Developer/SDKs/MacOSX26.5.sdk -target arm64-apple-macos14.0 -g -module-cache-path /Users/runner/work/red-pen-ios/red-pen-ios/ios/build/ModuleCache.noindex -Xfrontend -serialize-debugging-options -enable-testing -suppress-warnings -index-store-path /Users/runner/work/red-pen-ios/red-pen-ios/ios/build/Index.noindex/DataStore -Xcc -D_LIBCPP_HARDENING_MODE\=_LIBCPP_HARDENING_MODE_DEBUG -swift-version 6 -I /Users/runner/work/red-pen-ios/red-pen-ios/ios/build/Build/Products/Debug -Isystem /Applications/Xcode_26.6.app/Contents/Developer/Platforms/MacOSX.platform/Developer/usr/lib -F /Users/runner/work/red-pen-ios/red-pen-ios/ios/build/Build/Products/Debug -F /Applications/Xcode_26.6.app/Contents/Developer/Platforms/MacOSX.platform/Developer/Library/Frameworks -c -j3 -enable-batch-mode -incremental -Xcc -ivfsstatcache -Xcc /Users/runner/work/red-pen-ios/red-pen-ios/ios/build/SDKStatCaches.noindex/macosx26.5-25F70-688ef53f1462e2c8f657fdc38a81448fee0e6409aa6676c5e6c013d148225433.sdkstatcache -output-file-map /Users/runner/work/red-pen-ios/red-pen-ios/ios/build/Build/Intermediates.noindex/LocalLLMClient.build/Debug/LocalLLMClientMacrosPlugin.build/Objects-normal/arm64/LocalLLMClientMacrosPlugin-OutputFileMap.json -use-frontend-parseable-output -save-temps -no-color-diagnostics -serialize-diagnostics -emit-dependencies -emit-module -emit-module-path /Users/runner/work/red-pen-ios/red-pen-ios/ios/build/Build/Intermediates.noindex/LocalLLMClient.build/Debug/LocalLLMClientMacrosPlugin.build/Objects-normal/arm64/LocalLLMClientMacrosPlugin.swiftmodule -validate-clang-modules-once -clang-build-session-file /Users/runner/work/red-pen-ios/red-pen-ios/ios/build/ModuleCache.noindex/Session.modulevalidation -package-name localllmclient -emit-const-values -Xfrontend -const-gather-protocols-file -Xfrontend /Users/runner/work/red-pen-ios/red-pen-ios/ios/build/Build/Intermediates.noindex/LocalLLMClient.build/Debug/LocalLLMClientMacrosPlugin.build/Objects-normal/arm64/LocalLLMClientMacrosPlugin_const_extract_protocols.json -Xcc -I/Users/runner/work/red-pen-ios/red-pen-ios/ios/build/Build/Products/Debug/include -Xcc -I/Users/runner/work/red-pen-ios/red-pen-ios/ios/build/Build/Intermediates.noindex/LocalLLMClient.build/Debug/LocalLLMClientMacrosPlugin.build/DerivedSources-normal/arm64 -Xcc -I/Users/runner/work/red-pen-ios/red-pen-ios/ios/build/Build/Intermediates.noindex/LocalLLMClient.build/Debug/LocalLLMClientMacrosPlugin.build/DerivedSources/arm64 -Xcc -I/Users/runner/work/red-pen-ios/red-pen-ios/ios/build/Build/Intermediates.noindex/LocalLLMClient.build/Debug/LocalLLMClientMacrosPlugin.build/DerivedSources -Xcc -DSWIFT_PACKAGE -Xcc -DDEBUG\=1 -working-directory /Users/runner/work/red-pen-ios/red-pen-ios/ios/RedPen.xcodeproj -experimental-emit-module-separately -disable-cmo

SwiftMergeGeneratedHeaders /Users/runner/work/red-pen-ios/red-pen-ios/ios/build/Build/Intermediates.noindex/GeneratedModuleMaps-iphonesimulator/OrderedCollections-Swift.h /Users/runner/work/red-pen-ios/red-pen-ios/ios/build/Build/Intermediates.noindex/swift-collections.build/Debug-iphonesimulator/OrderedCollections.build/Objects-normal/arm64/OrderedCollections-Swift.h (in target 'OrderedCollections' from project 'swift-collections')
    cd /Users/runner/work/red-pen-ios/red-pen-ios/ios/build/SourcePackages/checkouts/swift-collections
    builtin-swiftHeaderTool -arch arm64 /Users/runner/work/red-pen-ios/red-pen-ios/ios/build/Build/Intermediates.noindex/swift-collections.build/Debug-iphonesimulator/OrderedCollections.build/Objects-normal/arm64/OrderedCollections-Swift.h -o /Users/runner/work/red-pen-ios/red-pen-ios/ios/build/Build/Intermediates.noindex/GeneratedModuleMaps-iphonesimulator/OrderedCollections-Swift.h

Ld /Users/runner/work/red-pen-ios/red-pen-ios/ios/build/Build/Products/Debug/LocalLLMClientMacrosPlugin normal (in target 'LocalLLMClientMacrosPlugin' from project 'LocalLLMClient')
    cd /Users/runner/work/red-pen-ios/red-pen-ios/ios/build/SourcePackages/checkouts/LocalLLMClient
    /Applications/Xcode_26.6.app/Contents/Developer/Toolchains/XcodeDefault.xctoolchain/usr/bin/clang -Xlinker -reproducible -target arm64-apple-macos14.0 -isysroot /Applications/Xcode_26.6.app/Contents/Developer/Platforms/MacOSX.platform/Developer/SDKs/MacOSX26.5.sdk -O0 -w -L/Users/runner/work/red-pen-ios/red-pen-ios/ios/build/Build/Intermediates.noindex/EagerLinkingTBDs/Debug -L/Users/runner/work/red-pen-ios/red-pen-ios/ios/build/Build/Products/Debug -L/Applications/Xcode_26.6.app/Contents/Developer/Platforms/MacOSX.platform/Developer/usr/lib -F/Users/runner/work/red-pen-ios/red-pen-ios/ios/build/Build/Intermediates.noindex/EagerLinkingTBDs/Debug -F/Users/runner/work/red-pen-ios/red-pen-ios/ios/build/Build/Products/Debug -iframework /Applications/Xcode_26.6.app/Contents/Developer/Platforms/MacOSX.platform/Developer/Library/Frameworks -filelist /Users/runner/work/red-pen-ios/red-pen-ios/ios/build/Build/Intermediates.noindex/LocalLLMClient.build/Debug/LocalLLMClientMacrosPlugin.build/Objects-normal/arm64/LocalLLMClientMacrosPlugin.LinkFileList -Xlinker -rpath -Xlinker /usr/lib/swift -Xlinker -object_path_lto -Xlinker /Users/runner/work/red-pen-ios/red-pen-ios/ios/build/Build/Intermediates.noindex/LocalLLMClient.build/Debug/LocalLLMClientMacrosPlugin.build/Objects-normal/arm64/LocalLLMClientMacrosPlugin_lto.o -rdynamic -Xlinker -no_deduplicate -Xlinker -dependency_info -Xlinker /Users/runner/work/red-pen-ios/red-pen-ios/ios/build/Build/Intermediates.noindex/LocalLLMClient.build/Debug/LocalLLMClientMacrosPlugin.build/Objects-normal/arm64/LocalLLMClientMacrosPlugin_dependency_info.dat -fobjc-link-runtime -L/Applications/Xcode_26.6.app/Contents/Developer/Toolchains/XcodeDefault.xctoolchain/usr/lib/swift/macosx -L/usr/lib/swift -Xlinker -add_ast_path -Xlinker /Users/runner/work/red-pen-ios/red-pen-ios/ios/build/Build/Intermediates.noindex/LocalLLMClient.build/Debug/LocalLLMClientMacrosPlugin.build/Objects-normal/arm64/LocalLLMClientMacrosPlugin.swiftmodule -L /Users/runner/work/red-pen-ios/red-pen-ios/ios/build/SourcePackages/prebuilts/swift-syntax/603.0.2/swiftlang-6.3.3.1.3-macosx26.5-MacroSupport/lib -lMacroSupport -o /Users/runner/work/red-pen-ios/red-pen-ios/ios/build/Build/Products/Debug/LocalLLMClientMacrosPlugin

Copy /Users/runner/work/red-pen-ios/red-pen-ios/ios/build/Build/Products/Debug-iphonesimulator/OrderedCollections.swiftmodule/arm64-apple-ios-simulator.swiftmodule /Users/runner/work/red-pen-ios/red-pen-ios/ios/build/Build/Intermediates.noindex/swift-collections.build/Debug-iphonesimulator/OrderedCollections.build/Objects-normal/arm64/OrderedCollections.swiftmodule (in target 'OrderedCollections' from project 'swift-collections')
    cd /Users/runner/work/red-pen-ios/red-pen-ios/ios/build/SourcePackages/checkouts/swift-collections
    builtin-copy -exclude .DS_Store -exclude CVS -exclude .svn -exclude .git -exclude .hg -resolve-src-symlinks -rename /Users/runner/work/red-pen-ios/red-pen-ios/ios/build/Build/Intermediates.noindex/swift-collections.build/Debug-iphonesimulator/OrderedCollections.build/Objects-normal/arm64/OrderedCollections.swiftmodule /Users/runner/work/red-pen-ios/red-pen-ios/ios/build/Build/Products/Debug-iphonesimulator/OrderedCollections.swiftmodule/arm64-apple-ios-simulator.swiftmodule

Copy /Users/runner/work/red-pen-ios/red-pen-ios/ios/build/Build/Products/Debug-iphonesimulator/OrderedCollections.swiftmodule/arm64-apple-ios-simulator.swiftdoc /Users/runner/work/red-pen-ios/red-pen-ios/ios/build/Build/Intermediates.noindex/swift-collections.build/Debug-iphonesimulator/OrderedCollections.build/Objects-normal/arm64/OrderedCollections.swiftdoc (in target 'OrderedCollections' from project 'swift-collections')
    cd /Users/runner/work/red-pen-ios/red-pen-ios/ios/build/SourcePackages/checkouts/swift-collections
    builtin-copy -exclude .DS_Store -exclude CVS -exclude .svn -exclude .git -exclude .hg -resolve-src-symlinks -rename /Users/runner/work/red-pen-ios/red-pen-ios/ios/build/Build/Intermediates.noindex/swift-collections.build/Debug-iphonesimulator/OrderedCollections.build/Objects-normal/arm64/OrderedCollections.swiftdoc /Users/runner/work/red-pen-ios/red-pen-ios/ios/build/Build/Products/Debug-iphonesimulator/OrderedCollections.swiftmodule/arm64-apple-ios-simulator.swiftdoc

Copy /Users/runner/work/red-pen-ios/red-pen-ios/ios/build/Build/Products/Debug-iphonesimulator/OrderedCollections.swiftmodule/arm64-apple-ios-simulator.abi.json /Users/runner/work/red-pen-ios/red-pen-ios/ios/build/Build/Intermediates.noindex/swift-collections.build/Debug-iphonesimulator/OrderedCollections.build/Objects-normal/arm64/OrderedCollections.abi.json (in target 'OrderedCollections' from project 'swift-collections')
    cd /Users/runner/work/red-pen-ios/red-pen-ios/ios/build/SourcePackages/checkouts/swift-collections
    builtin-copy -exclude .DS_Store -exclude CVS -exclude .svn -exclude .git -exclude .hg -resolve-src-symlinks -rename /Users/runner/work/red-pen-ios/red-pen-ios/ios/build/Build/Intermediates.noindex/swift-collections.build/Debug-iphonesimulator/OrderedCollections.build/Objects-normal/arm64/OrderedCollections.abi.json /Users/runner/work/red-pen-ios/red-pen-ios/ios/build/Build/Products/Debug-iphonesimulator/OrderedCollections.swiftmodule/arm64-apple-ios-simulator.abi.json

Copy /Users/runner/work/red-pen-ios/red-pen-ios/ios/build/Build/Products/Debug-iphonesimulator/OrderedCollections.swiftmodule/Project/arm64-apple-ios-simulator.swiftsourceinfo /Users/runner/work/red-pen-ios/red-pen-ios/ios/build/Build/Intermediates.noindex/swift-collections.build/Debug-iphonesimulator/OrderedCollections.build/Objects-normal/arm64/OrderedCollections.swiftsourceinfo (in target 'OrderedCollections' from project 'swift-collections')
    cd /Users/runner/work/red-pen-ios/red-pen-ios/ios/build/SourcePackages/checkouts/swift-collections
    builtin-copy -exclude .DS_Store -exclude CVS -exclude .svn -exclude .git -exclude .hg -resolve-src-symlinks -rename /Users/runner/work/red-pen-ios/red-pen-ios/ios/build/Build/Intermediates.noindex/swift-collections.build/Debug-iphonesimulator/OrderedCollections.build/Objects-normal/arm64/OrderedCollections.swiftsourceinfo /Users/runner/work/red-pen-ios/red-pen-ios/ios/build/Build/Products/Debug-iphonesimulator/OrderedCollections.swiftmodule/Project/arm64-apple-ios-simulator.swiftsourceinfo

ExtractAppIntentsMetadata (in target 'InternalCollectionsUtilities' from project 'swift-collections')
    cd /Users/runner/work/red-pen-ios/red-pen-ios/ios/build/SourcePackages/checkouts/swift-collections
    /Applications/Xcode_26.6.app/Contents/Developer/Toolchains/XcodeDefault.xctoolchain/usr/bin/appintentsmetadataprocessor --toolchain-dir /var/run/com.apple.security.cryptexd/mnt/com.apple.MobileAsset.MetalToolchain-v17.6.109.0.iHKZXc/Metal.xctoolchain --module-name InternalCollectionsUtilities --sdk-root /Applications/Xcode_26.6.app/Contents/Developer/Platforms/iPhoneSimulator.platform/Developer/SDKs/iPhoneSimulator26.5.sdk --xcode-version 17F113 --platform-family iOS --deployment-target 12.0 --bundle-identifier swift-collections.InternalCollectionsUtilities --output /Users/runner/work/red-pen-ios/red-pen-ios/ios/build/Build/Products/Debug-iphonesimulator/InternalCollectionsUtilities.appintents --target-triple arm64-apple-ios12.0-simulator --binary-file /Users/runner/work/red-pen-ios/red-pen-ios/ios/build/Build/Products/Debug-iphonesimulator/InternalCollectionsUtilities.o --dependency-file /Users/runner/work/red-pen-ios/red-pen-ios/ios/build/Build/Intermediates.noindex/swift-collections.build/Debug-iphonesimulator/InternalCollectionsUtilities.build/Objects-normal/arm64/InternalCollectionsUtilities_dependency_info.dat --stringsdata-file /Users/runner/work/red-pen-ios/red-pen-ios/ios/build/Build/Intermediates.noindex/swift-collections.build/Debug-iphonesimulator/InternalCollectionsUtilities.build/Objects-normal/arm64/ExtractedAppShortcutsMetadata.stringsdata --source-file-list /Users/runner/work/red-pen-ios/red-pen-ios/ios/build/Build/Intermediates.noindex/swift-collections.build/Debug-iphonesimulator/InternalCollectionsUtilities.build/Objects-normal/arm64/InternalCollectionsUtilities.SwiftFileList --metadata-file-list /Users/runner/work/red-pen-ios/red-pen-ios/ios/build/Build/Intermediates.noindex/swift-collections.build/Debug-iphonesimulator/InternalCollectionsUtilities.build/InternalCollectionsUtilities.DependencyMetadataFileList --static-metadata-file-list /Users/runner/work/red-pen-ios/red-pen-ios/ios/build/Build/Intermediates.noindex/swift-collections.build/Debug-iphonesimulator/InternalCollectionsUtilities.build/InternalCollectionsUtilities.DependencyStaticMetadataFileList --swift-const-vals-list /Users/runner/work/red-pen-ios/red-pen-ios/ios/build/Build/Intermediates.noindex/swift-collections.build/Debug-iphonesimulator/InternalCollectionsUtilities.build/Objects-normal/arm64/InternalCollectionsUtilities.SwiftConstValuesFileList --force --compile-time-extraction --deployment-aware-processing --validate-assistant-intents --no-app-shortcuts-localization
2026-10-09 14:37:21.271 appintentsmetadataprocessor[7540:25095] Starting appintentsmetadataprocessor export
2026-10-09 14:37:21.297 appintentsmetadataprocessor[7540:25095] Extracted no relevant App Intents symbols, skipping writing output

RegisterExecutionPolicyException /Users/runner/work/red-pen-ios/red-pen-ios/ios/build/Build/Products/Debug-iphonesimulator/StethoscoreWidgets.appex (in target 'StethoscoreWidgets' from project 'RedPen')
    cd /Users/runner/work/red-pen-ios/red-pen-ios/ios
    builtin-RegisterExecutionPolicyException /Users/runner/work/red-pen-ios/red-pen-ios/ios/build/Build/Products/Debug-iphonesimulator/StethoscoreWidgets.appex

Touch /Users/runner/work/red-pen-ios/red-pen-ios/ios/build/Build/Products/Debug-iphonesimulator/StethoscoreWidgets.appex (in target 'StethoscoreWidgets' from project 'RedPen')
    cd /Users/runner/work/red-pen-ios/red-pen-ios/ios
    /usr/bin/touch -c /Users/runner/work/red-pen-ios/red-pen-ios/ios/build/Build/Products/Debug-iphonesimulator/StethoscoreWidgets.appex

RegisterExecutionPolicyException /Users/runner/work/red-pen-ios/red-pen-ios/ios/build/Build/Products/Debug-iphonesimulator/LocalLLMClientUtility.o (in target 'LocalLLMClientUtility' from project 'LocalLLMClient')
    cd /Users/runner/work/red-pen-ios/red-pen-ios/ios/build/SourcePackages/checkouts/LocalLLMClient
    builtin-RegisterExecutionPolicyException /Users/runner/work/red-pen-ios/red-pen-ios/ios/build/Build/Products/Debug-iphonesimulator/LocalLLMClientUtility.o

RegisterExecutionPolicyException /Users/runner/work/red-pen-ios/red-pen-ios/ios/build/Build/Products/Debug/LocalLLMClientMacrosPlugin (in target 'LocalLLMClientMacrosPlugin' from project 'LocalLLMClient')
    cd /Users/runner/work/red-pen-ios/red-pen-ios/ios/build/SourcePackages/checkouts/LocalLLMClient
    builtin-RegisterExecutionPolicyException /Users/runner/work/red-pen-ios/red-pen-ios/ios/build/Build/Products/Debug/LocalLLMClientMacrosPlugin

RegisterExecutionPolicyException /Users/runner/work/red-pen-ios/red-pen-ios/ios/build/Build/Products/Debug-iphonesimulator/LocalLLMClientLlamaC.o (in target 'LocalLLMClientLlamaC' from project 'LocalLLMClient')
    cd /Users/runner/work/red-pen-ios/red-pen-ios/ios/build/SourcePackages/checkouts/LocalLLMClient
    builtin-RegisterExecutionPolicyException /Users/runner/work/red-pen-ios/red-pen-ios/ios/build/Build/Products/Debug-iphonesimulator/LocalLLMClientLlamaC.o

SwiftDriver Jinja normal arm64 com.apple.xcode.tools.swift.compiler (in target 'Jinja' from project 'Jinja')
    cd /Users/runner/work/red-pen-ios/red-pen-ios/ios/RedPen.xcodeproj
    builtin-SwiftDriver -- /Applications/Xcode_26.6.app/Contents/Developer/Toolchains/XcodeDefault.xctoolchain/usr/bin/swiftc -module-name Jinja -Onone @/Users/runner/work/red-pen-ios/red-pen-ios/ios/build/Build/Intermediates.noindex/Jinja.build/Debug-iphonesimulator/Jinja.build/Objects-normal/arm64/Jinja.SwiftFileList -DSWIFT_PACKAGE -DDEBUG -DSWIFT_MODULE_RESOURCE_BUNDLE_UNAVAILABLE -DXcode -plugin-path /Applications/Xcode_26.6.app/Contents/Developer/Toolchains/XcodeDefault.xctoolchain/usr/lib/swift/host/plugins/testing -enable-experimental-feature DebugDescriptionMacro -sdk /Applications/Xcode_26.6.app/Contents/Developer/Platforms/iPhoneSimulator.platform/Developer/SDKs/iPhoneSimulator26.5.sdk -target arm64-apple-ios16.0-simulator -g -module-cache-path /Users/runner/work/red-pen-ios/red-pen-ios/ios/build/ModuleCache.noindex -Xfrontend -serialize-debugging-options -enable-testing -suppress-warnings -index-store-path /Users/runner/work/red-pen-ios/red-pen-ios/ios/build/Index.noindex/DataStore -Xcc -D_LIBCPP_HARDENING_MODE\=_LIBCPP_HARDENING_MODE_DEBUG -swift-version 6 -I /Users/runner/work/red-pen-ios/red-pen-ios/ios/build/Build/Products/Debug-iphonesimulator -Isystem /Applications/Xcode_26.6.app/Contents/Developer/Platforms/iPhoneSimulator.platform/Developer/usr/lib -F /Users/runner/work/red-pen-ios/red-pen-ios/ios/build/Build/Products/Debug-iphonesimulator/PackageFrameworks -F /Users/runner/work/red-pen-ios/red-pen-ios/ios/build/Build/Products/Debug-iphonesimulator/PackageFrameworks -F /Users/runner/work/red-pen-ios/red-pen-ios/ios/build/Build/Products/Debug-iphonesimulator -F /Applications/Xcode_26.6.app/Contents/Developer/Platforms/iPhoneSimulator.platform/Developer/Library/Frameworks -F /Applications/Xcode_26.6.app/Contents/Developer/Platforms/iPhoneSimulator.platform/Developer/SDKs/iPhoneSimulator26.5.sdk/Developer/Library/Frameworks -c -j3 -enable-batch-mode -incremental -Xcc -ivfsstatcache -Xcc /Users/runner/work/red-pen-ios/red-pen-ios/ios/build/SDKStatCaches.noindex/iphonesimulator26.5-23F81a-688ef53f1462e2c8f657fdc38a81448ff45c64a1807a658693f2a61704f17a36.sdkstatcache -output-file-map /Users/runner/work/red-pen-ios/red-pen-ios/ios/build/Build/Intermediates.noindex/Jinja.build/Debug-iphonesimulator/Jinja.build/Objects-normal/arm64/Jinja-OutputFileMap.json -use-frontend-parseable-output -save-temps -no-color-diagnostics -serialize-diagnostics -emit-dependencies -emit-module -emit-module-path /Users/runner/work/red-pen-ios/red-pen-ios/ios/build/Build/Intermediates.noindex/Jinja.build/Debug-iphonesimulator/Jinja.build/Objects-normal/arm64/Jinja.swiftmodule -user-module-version 2.5.1 -validate-clang-modules-once -clang-build-session-file /Users/runner/work/red-pen-ios/red-pen-ios/ios/build/ModuleCache.noindex/Session.modulevalidation -package-name swift_jinja -Xcc -I/Users/runner/work/red-pen-ios/red-pen-ios/ios/build/Build/Intermediates.noindex/Jinja.build/Debug-iphonesimulator/Jinja.build/swift-overrides.hmap -emit-const-values -Xfrontend -const-gather-protocols-file -Xfrontend /Users/runner/work/red-pen-ios/red-pen-ios/ios/build/Build/Intermediates.noindex/Jinja.build/Debug-iphonesimulator/Jinja.build/Objects-normal/arm64/Jinja_const_extract_protocols.json -Xcc -I/Users/runner/work/red-pen-ios/red-pen-ios/ios/build/Build/Products/Debug-iphonesimulator/include -Xcc -I/Users/runner/work/red-pen-ios/red-pen-ios/ios/build/Build/Intermediates.noindex/Jinja.build/Debug-iphonesimulator/Jinja.build/DerivedSources-normal/arm64 -Xcc -I/Users/runner/work/red-pen-ios/red-pen-ios/ios/build/Build/Intermediates.noindex/Jinja.build/Debug-iphonesimulator/Jinja.build/DerivedSources/arm64 -Xcc -I/Users/runner/work/red-pen-ios/red-pen-ios/ios/build/Build/Intermediates.noindex/Jinja.build/Debug-iphonesimulator/Jinja.build/DerivedSources -Xcc -DSWIFT_PACKAGE -Xcc -DDEBUG\=1 -emit-objc-header -emit-objc-header-path /Users/runner/work/red-pen-ios/red-pen-ios/ios/build/Build/Intermediates.noindex/Jinja.build/Debug-iphonesimulator/Jinja.build/Objects-normal/arm64/Jinja-Swift.h -working-directory /Users/runner/work/red-pen-ios/red-pen-ios/ios/RedPen.xcodeproj -experimental-emit-module-separately -disable-cmo

SwiftEmitModule normal arm64 Emitting\ module\ for\ Jinja (in target 'Jinja' from project 'Jinja')
EmitSwiftModule normal arm64 (in target 'Jinja' from project 'Jinja')
    cd /Users/runner/work/red-pen-ios/red-pen-ios/ios/RedPen.xcodeproj
    

SwiftCompile normal arm64 Compiling\ Template.swift,\ Tests.swift,\ Token.swift,\ Utilities.swift,\ Value.swift /Users/runner/work/red-pen-ios/red-pen-ios/ios/build/SourcePackages/checkouts/swift-jinja/Sources/Jinja/Template.swift /Users/runner/work/red-pen-ios/red-pen-ios/ios/build/SourcePackages/checkouts/swift-jinja/Sources/Jinja/Tests.swift /Users/runner/work/red-pen-ios/red-pen-ios/ios/build/SourcePackages/checkouts/swift-jinja/Sources/Jinja/Token.swift /Users/runner/work/red-pen-ios/red-pen-ios/ios/build/SourcePackages/checkouts/swift-jinja/Sources/Jinja/Utilities.swift /Users/runner/work/red-pen-ios/red-pen-ios/ios/build/SourcePackages/checkouts/swift-jinja/Sources/Jinja/Value.swift (in target 'Jinja' from project 'Jinja')
SwiftCompile normal arm64 /Users/runner/work/red-pen-ios/red-pen-ios/ios/build/SourcePackages/checkouts/swift-jinja/Sources/Jinja/Template.swift (in target 'Jinja' from project 'Jinja')
    cd /Users/runner/work/red-pen-ios/red-pen-ios/ios/RedPen.xcodeproj
    

SwiftCompile normal arm64 /Users/runner/work/red-pen-ios/red-pen-ios/ios/build/SourcePackages/checkouts/swift-jinja/Sources/Jinja/Tests.swift (in target 'Jinja' from project 'Jinja')
    cd /Users/runner/work/red-pen-ios/red-pen-ios/ios/RedPen.xcodeproj
    

SwiftCompile normal arm64 /Users/runner/work/red-pen-ios/red-pen-ios/ios/build/SourcePackages/checkouts/swift-jinja/Sources/Jinja/Token.swift (in target 'Jinja' from project 'Jinja')
    cd /Users/runner/work/red-pen-ios/red-pen-ios/ios/RedPen.xcodeproj
    

SwiftCompile normal arm64 /Users/runner/work/red-pen-ios/red-pen-ios/ios/build/SourcePackages/checkouts/swift-jinja/Sources/Jinja/Utilities.swift (in target 'Jinja' from project 'Jinja')
    cd /Users/runner/work/red-pen-ios/red-pen-ios/ios/RedPen.xcodeproj
    

SwiftCompile normal arm64 /Users/runner/work/red-pen-ios/red-pen-ios/ios/build/SourcePackages/checkouts/swift-jinja/Sources/Jinja/Value.swift (in target 'Jinja' from project 'Jinja')
    cd /Users/runner/work/red-pen-ios/red-pen-ios/ios/RedPen.xcodeproj
    

SwiftDriverJobDiscovery normal arm64 Compiling _HashTable+Bucket.swift, _HashTable+BucketIterator.swift, _HashTable+Constants.swift, _HashTable+CustomStringConvertible.swift, _HashTable+Testing.swift, _HashTable+UnsafeHandle.swift, _HashTable.swift, _Hashtable+Header.swift, OrderedDictionary+Codable.swift, OrderedDictionary+CustomReflectable.swift, OrderedDictionary+Deprecations.swift, OrderedDictionary+Descriptions.swift, OrderedDictionary+Elements.SubSequence.swift, OrderedDictionary+Elements.swift, OrderedDictionary+Equatable.swift, OrderedDictionary+ExpressibleByDictionaryLiteral.swift, OrderedDictionary+Hashable.swift, OrderedDictionary+Initializers.swift, OrderedDictionary+Invariants.swift, OrderedDictionary+Move.swift, OrderedDictionary+Partial MutableCollection.swift (in target 'OrderedCollections' from project 'swift-collections')

SwiftCompile normal arm64 Compiling\ JSON.swift,\ Lexer.swift,\ Macro.swift,\ Parser.swift,\ PropertyMembers.swift /Users/runner/work/red-pen-ios/red-pen-ios/ios/build/SourcePackages/checkouts/swift-jinja/Sources/Jinja/JSON.swift /Users/runner/work/red-pen-ios/red-pen-ios/ios/build/SourcePackages/checkouts/swift-jinja/Sources/Jinja/Lexer.swift /Users/runner/work/red-pen-ios/red-pen-ios/ios/build/SourcePackages/checkouts/swift-jinja/Sources/Jinja/Macro.swift /Users/runner/work/red-pen-ios/red-pen-ios/ios/build/SourcePackages/checkouts/swift-jinja/Sources/Jinja/Parser.swift /Users/runner/work/red-pen-ios/red-pen-ios/ios/build/SourcePackages/checkouts/swift-jinja/Sources/Jinja/PropertyMembers.swift (in target 'Jinja' from project 'Jinja')

SwiftCompile normal arm64 /Users/runner/work/red-pen-ios/red-pen-ios/ios/build/SourcePackages/checkouts/swift-jinja/Sources/Jinja/JSON.swift (in target 'Jinja' from project 'Jinja')
    cd /Users/runner/work/red-pen-ios/red-pen-ios/ios/RedPen.xcodeproj
    

SwiftCompile normal arm64 /Users/runner/work/red-pen-ios/red-pen-ios/ios/build/SourcePackages/checkouts/swift-jinja/Sources/Jinja/Lexer.swift (in target 'Jinja' from project 'Jinja')
    cd /Users/runner/work/red-pen-ios/red-pen-ios/ios/RedPen.xcodeproj
    

SwiftCompile normal arm64 /Users/runner/work/red-pen-ios/red-pen-ios/ios/build/SourcePackages/checkouts/swift-jinja/Sources/Jinja/Macro.swift (in target 'Jinja' from project 'Jinja')
    cd /Users/runner/work/red-pen-ios/red-pen-ios/ios/RedPen.xcodeproj
    

SwiftCompile normal arm64 /Users/runner/work/red-pen-ios/red-pen-ios/ios/build/SourcePackages/checkouts/swift-jinja/Sources/Jinja/Parser.swift (in target 'Jinja' from project 'Jinja')
    cd /Users/runner/work/red-pen-ios/red-pen-ios/ios/RedPen.xcodeproj
    

SwiftCompile normal arm64 /Users/runner/work/red-pen-ios/red-pen-ios/ios/build/SourcePackages/checkouts/swift-jinja/Sources/Jinja/PropertyMembers.swift (in target 'Jinja' from project 'Jinja')
    cd /Users/runner/work/red-pen-ios/red-pen-ios/ios/RedPen.xcodeproj
    

SwiftDriverJobDiscovery normal arm64 Compiling OrderedSet+Partial SetAlgebra intersection.swift, OrderedSet+Partial SetAlgebra isDisjoint.swift, OrderedSet+Partial SetAlgebra isEqualSet.swift, OrderedSet+Partial SetAlgebra isStrictSubset.swift, OrderedSet+Partial SetAlgebra isStrictSuperset.swift, OrderedSet+Partial SetAlgebra isSubset.swift, OrderedSet+Partial SetAlgebra isSuperset.swift, OrderedSet+Partial SetAlgebra subtract.swift, OrderedSet+Partial SetAlgebra subtracting.swift, OrderedSet+Partial SetAlgebra symmetricDifference.swift, OrderedSet+Partial SetAlgebra union.swift, OrderedSet+Partial SetAlgebra+Basics.swift, OrderedSet+RandomAccessCollection.swift, OrderedSet+ReserveCapacity.swift, OrderedSet+Sendable.swift, OrderedSet+SubSequence.swift, OrderedSet+Testing.swift, OrderedSet+UnorderedView.swift, OrderedSet+UnstableInternals.swift, OrderedSet.swift, _UnsafeBitset.swift (in target 'OrderedCollections' from project 'swift-collections')

SwiftDriver\ Compilation OrderedCollections normal arm64 com.apple.xcode.tools.swift.compiler (in target 'OrderedCollections' from project 'swift-collections')
    cd /Users/runner/work/red-pen-ios/red-pen-ios/ios/RedPen.xcodeproj
    builtin-Swift-Compilation -- /Applications/Xcode_26.6.app/Contents/Developer/Toolchains/XcodeDefault.xctoolchain/usr/bin/swiftc -module-name OrderedCollections -Onone @/Users/runner/work/red-pen-ios/red-pen-ios/ios/build/Build/Intermediates.noindex/swift-collections.build/Debug-iphonesimulator/OrderedCollections.build/Objects-normal/arm64/OrderedCollections.SwiftFileList -DSWIFT_PACKAGE -DDEBUG -DSWIFT_MODULE_RESOURCE_BUNDLE_UNAVAILABLE -DCOLLECTIONS_RANDOMIZED_TESTING -DXcode -enable-experimental-feature AvailabilityMacro\=SwiftStdlib\ 5.0:\ macOS\ 10.14.4,\ iOS\ 12.2,\ watchOS\ 5.2,\ tvOS\ 12.2 -enable-experimental-feature AvailabilityMacro\=SwiftStdlib\ 5.1:\ macOS\ 10.15,\ iOS\ 13.0,\ watchOS\ 6.0,\ tvOS\ 13.0 -enable-experimental-feature AvailabilityMacro\=SwiftStdlib\ 5.6:\ macOS\ 12.3,\ iOS\ 15.4,\ watchOS\ 8.5,\ tvOS\ 15.4 -enable-experimental-feature AvailabilityMacro\=SwiftStdlib\ 5.7:\ macOS\ 13.0,\ iOS\ 16.0,\ watchOS\ 9.0,\ tvOS\ 16.0 -enable-experimental-feature AvailabilityMacro\=SwiftStdlib\ 5.8:\ macOS\ 13.3,\ iOS\ 16.4,\ watchOS\ 9.4,\ tvOS\ 16.4 -enable-experimental-feature AvailabilityMacro\=SwiftStdlib\ 5.9:\ macOS\ 14.0,\ iOS\ 17.0,\ watchOS\ 10.0,\ tvOS\ 17.0 -enable-experimental-feature AvailabilityMacro\=SwiftStdlib\ 5.10:\ macOS\ 14.4,\ iOS\ 17.4,\ watchOS\ 10.4,\ tvOS\ 17.4,\ visionOS\ 1.1 -enable-experimental-feature AvailabilityMacro\=SwiftStdlib\ 6.0:\ macOS\ 15.0,\ iOS\ 18.0,\ watchOS\ 11.0,\ tvOS\ 18.0,\ visionOS\ 2.0 -enable-experimental-feature AvailabilityMacro\=SwiftStdlib\ 6.1:\ macOS\ 15.4,\ iOS\ 18.4,\ watchOS\ 11.4,\ tvOS\ 18.4,\ visionOS\ 2.4 -enable-experimental-feature AvailabilityMacro\=SwiftStdlib\ 6.2:\ macOS\ 26.0,\ iOS\ 26.0,\ watchOS\ 26.0,\ tvOS\ 26.0,\ visionOS\ 26.0 -enable-experimental-feature AvailabilityMacro\=SwiftStdlib\ 6.3:\ macOS\ 26.4,\ iOS\ 26.4,\ watchOS\ 26.4,\ tvOS\ 26.4,\ visionOS\ 26.4 -enable-experimental-feature AvailabilityMacro\=SwiftStdlib\ 6.4:\ macOS\ 27.0,\ iOS\ 27.0,\ watchOS\ 27.0,\ tvOS\ 27.0,\ visionOS\ 27.0 -enable-experimental-feature AvailabilityMacro\=SwiftStdlib\ 6.5:\ macOS\ 9999,\ iOS\ 9999,\ watchOS\ 9999,\ tvOS\ 9999,\ visionOS\ 9999 -enable-upcoming-feature MemberImportVisibility -enable-experimental-feature BuiltinModule -enable-experimental-feature Lifetimes -enable-experimental-feature InoutLifetimeDependence -enable-experimental-feature AddressableParameters -enable-experimental-feature AddressableTypes -enable-experimental-feature SuppressedAssociatedTypesWithDefaults -enable-experimental-feature BorrowingSequence -plugin-path /Applications/Xcode_26.6.app/Contents/Developer/Toolchains/XcodeDefault.xctoolchain/usr/lib/swift/host/plugins/testing -enable-experimental-feature DebugDescriptionMacro -sdk /Applications/Xcode_26.6.app/Contents/Developer/Platforms/iPhoneSimulator.platform/Developer/SDKs/iPhoneSimulator26.5.sdk -target arm64-apple-ios12.0-simulator -g -module-cache-path /Users/runner/work/red-pen-ios/red-pen-ios/ios/build/ModuleCache.noindex -Xfrontend -serialize-debugging-options -enable-testing -suppress-warnings -index-store-path /Users/runner/work/red-pen-ios/red-pen-ios/ios/build/Index.noindex/DataStore -Xcc -D_LIBCPP_HARDENING_MODE\=_LIBCPP_HARDENING_MODE_DEBUG -swift-version 6 -I /Users/runner/work/red-pen-ios/red-pen-ios/ios/build/Build/Products/Debug-iphonesimulator -Isystem /Applications/Xcode_26.6.app/Contents/Developer/Platforms/iPhoneSimulator.platform/Developer/usr/lib -F /Users/runner/work/red-pen-ios/red-pen-ios/ios/build/Build/Products/Debug-iphonesimulator/PackageFrameworks -F /Users/runner/work/red-pen-ios/red-pen-ios/ios/build/Build/Products/Debug-iphonesimulator -F /Applications/Xcode_26.6.app/Contents/Developer/Platforms/iPhoneSimulator.platform/Developer/Library/Frameworks -F /Applications/Xcode_26.6.app/Contents/Developer/Platforms/iPhoneSimulator.platform/Developer/SDKs/iPhoneSimulator26.5.sdk/Developer/Library/Frameworks -c -j3 -enable-batch-mode -incremental -Xcc -ivfsstatcache -Xcc /Users/runner/work/red-pen-ios/red-pen-ios/ios/build/SDKStatCaches.noindex/iphonesimulator26.5-23F81a-688ef53f1462e2c8f657fdc38a81448ff45c64a1807a658693f2a61704f17a36.sdkstatcache -output-file-map /Users/runner/work/red-pen-ios/red-pen-ios/ios/build/Build/Intermediates.noindex/swift-collections.build/Debug-iphonesimulator/OrderedCollections.build/Objects-normal/arm64/OrderedCollections-OutputFileMap.json -use-frontend-parseable-output -save-temps -no-color-diagnostics -serialize-diagnostics -emit-dependencies -emit-module -emit-module-path /Users/runner/work/red-pen-ios/red-pen-ios/ios/build/Build/Intermediates.noindex/swift-collections.build/Debug-iphonesimulator/OrderedCollections.build/Objects-normal/arm64/OrderedCollections.swiftmodule -user-module-version 1.7.2 -validate-clang-modules-once -clang-build-session-file /Users/runner/work/red-pen-ios/red-pen-ios/ios/build/ModuleCache.noindex/Session.modulevalidation -package-name swift_collections -Xcc -I/Users/runner/work/red-pen-ios/red-pen-ios/ios/build/Build/Intermediates.noindex/swift-collections.build/Debug-iphonesimulator/OrderedCollections.build/swift-overrides.hmap -emit-const-values -Xfrontend -const-gather-protocols-file -Xfrontend /Users/runner/work/red-pen-ios/red-pen-ios/ios/build/Build/Intermediates.noindex/swift-collections.build/Debug-iphonesimulator/OrderedCollections.build/Objects-normal/arm64/OrderedCollections_const_extract_protocols.json -Xcc -I/Users/runner/work/red-pen-ios/red-pen-ios/ios/build/Build/Products/Debug-iphonesimulator/include -Xcc -I/Users/runner/work/red-pen-ios/red-pen-ios/ios/build/Build/Intermediates.noindex/swift-collections.build/Debug-iphonesimulator/OrderedCollections.build/DerivedSources-normal/arm64 -Xcc -I/Users/runner/work/red-pen-ios/red-pen-ios/ios/build/Build/Intermediates.noindex/swift-collections.build/Debug-iphonesimulator/OrderedCollections.build/DerivedSources/arm64 -Xcc -I/Users/runner/work/red-pen-ios/red-pen-ios/ios/build/Build/Intermediates.noindex/swift-collections.build/Debug-iphonesimulator/OrderedCollections.build/DerivedSources -Xcc -DSWIFT_PACKAGE -Xcc -DDEBUG\=1 -emit-objc-header -emit-objc-header-path /Users/runner/work/red-pen-ios/red-pen-ios/ios/build/Build/Intermediates.noindex/swift-collections.build/Debug-iphonesimulator/OrderedCollections.build/Objects-normal/arm64/OrderedCollections-Swift.h -working-directory /Users/runner/work/red-pen-ios/red-pen-ios/ios/RedPen.xcodeproj -experimental-emit-module-separately -disable-cmo

SwiftDriverJobDiscovery normal arm64 Emitting module for Jinja (in target 'Jinja' from project 'Jinja')

SwiftDriver\ Compilation\ Requirements Jinja normal arm64 com.apple.xcode.tools.swift.compiler (in target 'Jinja' from project 'Jinja')
    cd /Users/runner/work/red-pen-ios/red-pen-ios/ios/RedPen.xcodeproj
    builtin-Swift-Compilation-Requirements -- /Applications/Xcode_26.6.app/Contents/Developer/Toolchains/XcodeDefault.xctoolchain/usr/bin/swiftc -module-name Jinja -Onone @/Users/runner/work/red-pen-ios/red-pen-ios/ios/build/Build/Intermediates.noindex/Jinja.build/Debug-iphonesimulator/Jinja.build/Objects-normal/arm64/Jinja.SwiftFileList -DSWIFT_PACKAGE -DDEBUG -DSWIFT_MODULE_RESOURCE_BUNDLE_UNAVAILABLE -DXcode -plugin-path /Applications/Xcode_26.6.app/Contents/Developer/Toolchains/XcodeDefault.xctoolchain/usr/lib/swift/host/plugins/testing -enable-experimental-feature DebugDescriptionMacro -sdk /Applications/Xcode_26.6.app/Contents/Developer/Platforms/iPhoneSimulator.platform/Developer/SDKs/iPhoneSimulator26.5.sdk -target arm64-apple-ios16.0-simulator -g -module-cache-path /Users/runner/work/red-pen-ios/red-pen-ios/ios/build/ModuleCache.noindex -Xfrontend -serialize-debugging-options -enable-testing -suppress-warnings -index-store-path /Users/runner/work/red-pen-ios/red-pen-ios/ios/build/Index.noindex/DataStore -Xcc -D_LIBCPP_HARDENING_MODE\=_LIBCPP_HARDENING_MODE_DEBUG -swift-version 6 -I /Users/runner/work/red-pen-ios/red-pen-ios/ios/build/Build/Products/Debug-iphonesimulator -Isystem /Applications/Xcode_26.6.app/Contents/Developer/Platforms/iPhoneSimulator.platform/Developer/usr/lib -F /Users/runner/work/red-pen-ios/red-pen-ios/ios/build/Build/Products/Debug-iphonesimulator/PackageFrameworks -F /Users/runner/work/red-pen-ios/red-pen-ios/ios/build/Build/Products/Debug-iphonesimulator/PackageFrameworks -F /Users/runner/work/red-pen-ios/red-pen-ios/ios/build/Build/Products/Debug-iphonesimulator -F /Applications/Xcode_26.6.app/Contents/Developer/Platforms/iPhoneSimulator.platform/Developer/Library/Frameworks -F /Applications/Xcode_26.6.app/Contents/Developer/Platforms/iPhoneSimulator.platform/Developer/SDKs/iPhoneSimulator26.5.sdk/Developer/Library/Frameworks -c -j3 -enable-batch-mode -incremental -Xcc -ivfsstatcache -Xcc /Users/runner/work/red-pen-ios/red-pen-ios/ios/build/SDKStatCaches.noindex/iphonesimulator26.5-23F81a-688ef53f1462e2c8f657fdc38a81448ff45c64a1807a658693f2a61704f17a36.sdkstatcache -output-file-map /Users/runner/work/red-pen-ios/red-pen-ios/ios/build/Build/Intermediates.noindex/Jinja.build/Debug-iphonesimulator/Jinja.build/Objects-normal/arm64/Jinja-OutputFileMap.json -use-frontend-parseable-output -save-temps -no-color-diagnostics -serialize-diagnostics -emit-dependencies -emit-module -emit-module-path /Users/runner/work/red-pen-ios/red-pen-ios/ios/build/Build/Intermediates.noindex/Jinja.build/Debug-iphonesimulator/Jinja.build/Objects-normal/arm64/Jinja.swiftmodule -user-module-version 2.5.1 -validate-clang-modules-once -clang-build-session-file /Users/runner/work/red-pen-ios/red-pen-ios/ios/build/ModuleCache.noindex/Session.modulevalidation -package-name swift_jinja -Xcc -I/Users/runner/work/red-pen-ios/red-pen-ios/ios/build/Build/Intermediates.noindex/Jinja.build/Debug-iphonesimulator/Jinja.build/swift-overrides.hmap -emit-const-values -Xfrontend -const-gather-protocols-file -Xfrontend /Users/runner/work/red-pen-ios/red-pen-ios/ios/build/Build/Intermediates.noindex/Jinja.build/Debug-iphonesimulator/Jinja.build/Objects-normal/arm64/Jinja_const_extract_protocols.json -Xcc -I/Users/runner/work/red-pen-ios/red-pen-ios/ios/build/Build/Products/Debug-iphonesimulator/include -Xcc -I/Users/runner/work/red-pen-ios/red-pen-ios/ios/build/Build/Intermediates.noindex/Jinja.build/Debug-iphonesimulator/Jinja.build/DerivedSources-normal/arm64 -Xcc -I/Users/runner/work/red-pen-ios/red-pen-ios/ios/build/Build/Intermediates.noindex/Jinja.build/Debug-iphonesimulator/Jinja.build/DerivedSources/arm64 -Xcc -I/Users/runner/work/red-pen-ios/red-pen-ios/ios/build/Build/Intermediates.noindex/Jinja.build/Debug-iphonesimulator/Jinja.build/DerivedSources -Xcc -DSWIFT_PACKAGE -Xcc -DDEBUG\=1 -emit-objc-header -emit-objc-header-path /Users/runner/work/red-pen-ios/red-pen-ios/ios/build/Build/Intermediates.noindex/Jinja.build/Debug-iphonesimulator/Jinja.build/Objects-normal/arm64/Jinja-Swift.h -working-directory /Users/runner/work/red-pen-ios/red-pen-ios/ios/RedPen.xcodeproj -experimental-emit-module-separately -disable-cmo

SwiftCompile normal arm64 Compiling\ AST.swift,\ Error.swift,\ Filters.swift,\ Globals.swift,\ Interpreter.swift /Users/runner/work/red-pen-ios/red-pen-ios/ios/build/SourcePackages/checkouts/swift-jinja/Sources/Jinja/AST.swift /Users/runner/work/red-pen-ios/red-pen-ios/ios/build/SourcePackages/checkouts/swift-jinja/Sources/Jinja/Error.swift /Users/runner/work/red-pen-ios/red-pen-ios/ios/build/SourcePackages/checkouts/swift-jinja/Sources/Jinja/Filters.swift /Users/runner/work/red-pen-ios/red-pen-ios/ios/build/SourcePackages/checkouts/swift-jinja/Sources/Jinja/Globals.swift /Users/runner/work/red-pen-ios/red-pen-ios/ios/build/SourcePackages/checkouts/swift-jinja/Sources/Jinja/Interpreter.swift (in target 'Jinja' from project 'Jinja')
SwiftCompile normal arm64 /Users/runner/work/red-pen-ios/red-pen-ios/ios/build/SourcePackages/checkouts/swift-jinja/Sources/Jinja/AST.swift (in target 'Jinja' from project 'Jinja')
    cd /Users/runner/work/red-pen-ios/red-pen-ios/ios/RedPen.xcodeproj
    

SwiftCompile normal arm64 /Users/runner/work/red-pen-ios/red-pen-ios/ios/build/SourcePackages/checkouts/swift-jinja/Sources/Jinja/Error.swift (in target 'Jinja' from project 'Jinja')
    cd /Users/runner/work/red-pen-ios/red-pen-ios/ios/RedPen.xcodeproj
    

SwiftCompile normal arm64 /Users/runner/work/red-pen-ios/red-pen-ios/ios/build/SourcePackages/checkouts/swift-jinja/Sources/Jinja/Filters.swift (in target 'Jinja' from project 'Jinja')
    cd /Users/runner/work/red-pen-ios/red-pen-ios/ios/RedPen.xcodeproj
    

SwiftCompile normal arm64 /Users/runner/work/red-pen-ios/red-pen-ios/ios/build/SourcePackages/checkouts/swift-jinja/Sources/Jinja/Globals.swift (in target 'Jinja' from project 'Jinja')
    cd /Users/runner/work/red-pen-ios/red-pen-ios/ios/RedPen.xcodeproj
    

SwiftCompile normal arm64 /Users/runner/work/red-pen-ios/red-pen-ios/ios/build/SourcePackages/checkouts/swift-jinja/Sources/Jinja/Interpreter.swift (in target 'Jinja' from project 'Jinja')
    cd /Users/runner/work/red-pen-ios/red-pen-ios/ios/RedPen.xcodeproj
    

SwiftMergeGeneratedHeaders /Users/runner/work/red-pen-ios/red-pen-ios/ios/build/Build/Intermediates.noindex/GeneratedModuleMaps-iphonesimulator/Jinja-Swift.h /Users/runner/work/red-pen-ios/red-pen-ios/ios/build/Build/Intermediates.noindex/Jinja.build/Debug-iphonesimulator/Jinja.build/Objects-normal/arm64/Jinja-Swift.h (in target 'Jinja' from project 'Jinja')
    cd /Users/runner/work/red-pen-ios/red-pen-ios/ios/build/SourcePackages/checkouts/swift-jinja
    builtin-swiftHeaderTool -arch arm64 /Users/runner/work/red-pen-ios/red-pen-ios/ios/build/Build/Intermediates.noindex/Jinja.build/Debug-iphonesimulator/Jinja.build/Objects-normal/arm64/Jinja-Swift.h -o /Users/runner/work/red-pen-ios/red-pen-ios/ios/build/Build/Intermediates.noindex/GeneratedModuleMaps-iphonesimulator/Jinja-Swift.h

SwiftDriverJobDiscovery normal arm64 Compiling JSON.swift, Lexer.swift, Macro.swift, Parser.swift, PropertyMembers.swift (in target 'Jinja' from project 'Jinja')

Copy /Users/runner/work/red-pen-ios/red-pen-ios/ios/build/Build/Products/Debug-iphonesimulator/Jinja.swiftmodule/arm64-apple-ios-simulator.swiftmodule /Users/runner/work/red-pen-ios/red-pen-ios/ios/build/Build/Intermediates.noindex/Jinja.build/Debug-iphonesimulator/Jinja.build/Objects-normal/arm64/Jinja.swiftmodule (in target 'Jinja' from project 'Jinja')
    cd /Users/runner/work/red-pen-ios/red-pen-ios/ios/build/SourcePackages/checkouts/swift-jinja
    builtin-copy -exclude .DS_Store -exclude CVS -exclude .svn -exclude .git -exclude .hg -resolve-src-symlinks -rename /Users/runner/work/red-pen-ios/red-pen-ios/ios/build/Build/Intermediates.noindex/Jinja.build/Debug-iphonesimulator/Jinja.build/Objects-normal/arm64/Jinja.swiftmodule /Users/runner/work/red-pen-ios/red-pen-ios/ios/build/Build/Products/Debug-iphonesimulator/Jinja.swiftmodule/arm64-apple-ios-simulator.swiftmodule

Copy /Users/runner/work/red-pen-ios/red-pen-ios/ios/build/Build/Products/Debug-iphonesimulator/Jinja.swiftmodule/arm64-apple-ios-simulator.swiftdoc /Users/runner/work/red-pen-ios/red-pen-ios/ios/build/Build/Intermediates.noindex/Jinja.build/Debug-iphonesimulator/Jinja.build/Objects-normal/arm64/Jinja.swiftdoc (in target 'Jinja' from project 'Jinja')
    cd /Users/runner/work/red-pen-ios/red-pen-ios/ios/build/SourcePackages/checkouts/swift-jinja
    builtin-copy -exclude .DS_Store -exclude CVS -exclude .svn -exclude .git -exclude .hg -resolve-src-symlinks -rename /Users/runner/work/red-pen-ios/red-pen-ios/ios/build/Build/Intermediates.noindex/Jinja.build/Debug-iphonesimulator/Jinja.build/Objects-normal/arm64/Jinja.swiftdoc /Users/runner/work/red-pen-ios/red-pen-ios/ios/build/Build/Products/Debug-iphonesimulator/Jinja.swiftmodule/arm64-apple-ios-simulator.swiftdoc

Copy /Users/runner/work/red-pen-ios/red-pen-ios/ios/build/Build/Products/Debug-iphonesimulator/Jinja.swiftmodule/arm64-apple-ios-simulator.abi.json /Users/runner/work/red-pen-ios/red-pen-ios/ios/build/Build/Intermediates.noindex/Jinja.build/Debug-iphonesimulator/Jinja.build/Objects-normal/arm64/Jinja.abi.json (in target 'Jinja' from project 'Jinja')
    cd /Users/runner/work/red-pen-ios/red-pen-ios/ios/build/SourcePackages/checkouts/swift-jinja
    builtin-copy -exclude .DS_Store -exclude CVS -exclude .svn -exclude .git -exclude .hg -resolve-src-symlinks -rename /Users/runner/work/red-pen-ios/red-pen-ios/ios/build/Build/Intermediates.noindex/Jinja.build/Debug-iphonesimulator/Jinja.build/Objects-normal/arm64/Jinja.abi.json /Users/runner/work/red-pen-ios/red-pen-ios/ios/build/Build/Products/Debug-iphonesimulator/Jinja.swiftmodule/arm64-apple-ios-simulator.abi.json

Copy /Users/runner/work/red-pen-ios/red-pen-ios/ios/build/Build/Products/Debug-iphonesimulator/Jinja.swiftmodule/Project/arm64-apple-ios-simulator.swiftsourceinfo /Users/runner/work/red-pen-ios/red-pen-ios/ios/build/Build/Intermediates.noindex/Jinja.build/Debug-iphonesimulator/Jinja.build/Objects-normal/arm64/Jinja.swiftsourceinfo (in target 'Jinja' from project 'Jinja')
    cd /Users/runner/work/red-pen-ios/red-pen-ios/ios/build/SourcePackages/checkouts/swift-jinja
    builtin-copy -exclude .DS_Store -exclude CVS -exclude .svn -exclude .git -exclude .hg -resolve-src-symlinks -rename /Users/runner/work/red-pen-ios/red-pen-ios/ios/build/Build/Intermediates.noindex/Jinja.build/Debug-iphonesimulator/Jinja.build/Objects-normal/arm64/Jinja.swiftsourceinfo /Users/runner/work/red-pen-ios/red-pen-ios/ios/build/Build/Products/Debug-iphonesimulator/Jinja.swiftmodule/Project/arm64-apple-ios-simulator.swiftsourceinfo

RegisterExecutionPolicyException /Users/runner/work/red-pen-ios/red-pen-ios/ios/build/Build/Products/Debug-iphonesimulator/InternalCollectionsUtilities.o (in target 'InternalCollectionsUtilities' from project 'swift-collections')
    cd /Users/runner/work/red-pen-ios/red-pen-ios/ios/build/SourcePackages/checkouts/swift-collections
    builtin-RegisterExecutionPolicyException /Users/runner/work/red-pen-ios/red-pen-ios/ios/build/Build/Products/Debug-iphonesimulator/InternalCollectionsUtilities.o

SwiftDriver LocalLLMClientCore normal arm64 com.apple.xcode.tools.swift.compiler (in target 'LocalLLMClientCore' from project 'LocalLLMClient')
    cd /Users/runner/work/red-pen-ios/red-pen-ios/ios/RedPen.xcodeproj
    builtin-SwiftDriver -- /Applications/Xcode_26.6.app/Contents/Developer/Toolchains/XcodeDefault.xctoolchain/usr/bin/swiftc -module-name LocalLLMClientCore -Onone @/Users/runner/work/red-pen-ios/red-pen-ios/ios/build/Build/Intermediates.noindex/LocalLLMClient.build/Debug-iphonesimulator/LocalLLMClientCore.build/Objects-normal/arm64/LocalLLMClientCore.SwiftFileList -DSWIFT_PACKAGE -DDEBUG -DSWIFT_MODULE_RESOURCE_BUNDLE_UNAVAILABLE -DXcode -plugin-path /Applications/Xcode_26.6.app/Contents/Developer/Toolchains/XcodeDefault.xctoolchain/usr/lib/swift/host/plugins/testing -enable-experimental-feature DebugDescriptionMacro -sdk /Applications/Xcode_26.6.app/Contents/Developer/Platforms/iPhoneSimulator.platform/Developer/SDKs/iPhoneSimulator26.5.sdk -target arm64-apple-ios17.0-simulator -g -module-cache-path /Users/runner/work/red-pen-ios/red-pen-ios/ios/build/ModuleCache.noindex -Xfrontend -serialize-debugging-options -enable-testing -suppress-warnings -index-store-path /Users/runner/work/red-pen-ios/red-pen-ios/ios/build/Index.noindex/DataStore -Xcc -D_LIBCPP_HARDENING_MODE\=_LIBCPP_HARDENING_MODE_DEBUG -swift-version 6 -I /Users/runner/work/red-pen-ios/red-pen-ios/ios/build/Build/Products/Debug-iphonesimulator -Isystem /Applications/Xcode_26.6.app/Contents/Developer/Platforms/iPhoneSimulator.platform/Developer/usr/lib -F /Users/runner/work/red-pen-ios/red-pen-ios/ios/build/Build/Products/Debug-iphonesimulator/PackageFrameworks -F /Users/runner/work/red-pen-ios/red-pen-ios/ios/build/Build/Products/Debug-iphonesimulator/PackageFrameworks -F /Users/runner/work/red-pen-ios/red-pen-ios/ios/build/Build/Products/Debug-iphonesimulator/PackageFrameworks -F /Users/runner/work/red-pen-ios/red-pen-ios/ios/build/Build/Products/Debug-iphonesimulator/PackageFrameworks -F /Users/runner/work/red-pen-ios/red-pen-ios/ios/build/Build/Products/Debug-iphonesimulator -F /Applications/Xcode_26.6.app/Contents/Developer/Platforms/iPhoneSimulator.platform/Developer/Library/Frameworks -F /Applications/Xcode_26.6.app/Contents/Developer/Platforms/iPhoneSimulator.platform/Developer/SDKs/iPhoneSimulator26.5.sdk/Developer/Library/Frameworks -c -j3 -enable-batch-mode -incremental -Xcc -ivfsstatcache -Xcc /Users/runner/work/red-pen-ios/red-pen-ios/ios/build/SDKStatCaches.noindex/iphonesimulator26.5-23F81a-688ef53f1462e2c8f657fdc38a81448ff45c64a1807a658693f2a61704f17a36.sdkstatcache -output-file-map /Users/runner/work/red-pen-ios/red-pen-ios/ios/build/Build/Intermediates.noindex/LocalLLMClient.build/Debug-iphonesimulator/LocalLLMClientCore.build/Objects-normal/arm64/LocalLLMClientCore-OutputFileMap.json -use-frontend-parseable-output -save-temps -no-color-diagnostics -serialize-diagnostics -emit-dependencies -emit-module -emit-module-path /Users/runner/work/red-pen-ios/red-pen-ios/ios/build/Build/Intermediates.noindex/LocalLLMClient.build/Debug-iphonesimulator/LocalLLMClientCore.build/Objects-normal/arm64/LocalLLMClientCore.swiftmodule -validate-clang-modules-once -clang-build-session-file /Users/runner/work/red-pen-ios/red-pen-ios/ios/build/ModuleCache.noindex/Session.modulevalidation -package-name localllmclient -Xcc -I/Users/runner/work/red-pen-ios/red-pen-ios/ios/build/Build/Intermediates.noindex/LocalLLMClient.build/Debug-iphonesimulator/LocalLLMClientCore.build/swift-overrides.hmap -emit-const-values -Xfrontend -const-gather-protocols-file -Xfrontend /Users/runner/work/red-pen-ios/red-pen-ios/ios/build/Build/Intermediates.noindex/LocalLLMClient.build/Debug-iphonesimulator/LocalLLMClientCore.build/Objects-normal/arm64/LocalLLMClientCore_const_extract_protocols.json -Xcc -I/Users/runner/work/red-pen-ios/red-pen-ios/ios/build/Build/Products/Debug-iphonesimulator/include -Xcc -I/Users/runner/work/red-pen-ios/red-pen-ios/ios/build/Build/Intermediates.noindex/LocalLLMClient.build/Debug-iphonesimulator/LocalLLMClientCore.build/DerivedSources-normal/arm64 -Xcc -I/Users/runner/work/red-pen-ios/red-pen-ios/ios/build/Build/Intermediates.noindex/LocalLLMClient.build/Debug-iphonesimulator/LocalLLMClientCore.build/DerivedSources/arm64 -Xcc -I/Users/runner/work/red-pen-ios/red-pen-ios/ios/build/Build/Intermediates.noindex/LocalLLMClient.build/Debug-iphonesimulator/LocalLLMClientCore.build/DerivedSources -Xcc -DSWIFT_PACKAGE -Xcc -DDEBUG\=1 -emit-objc-header -emit-objc-header-path /Users/runner/work/red-pen-ios/red-pen-ios/ios/build/Build/Intermediates.noindex/LocalLLMClient.build/Debug-iphonesimulator/LocalLLMClientCore.build/Objects-normal/arm64/LocalLLMClientCore-Swift.h -working-directory /Users/runner/work/red-pen-ios/red-pen-ios/ios/RedPen.xcodeproj -experimental-emit-module-separately -disable-cmo

SwiftEmitModule normal arm64 Emitting\ module\ for\ LocalLLMClientCore (in target 'LocalLLMClientCore' from project 'LocalLLMClient')
EmitSwiftModule normal arm64 (in target 'LocalLLMClientCore' from project 'LocalLLMClient')
    cd /Users/runner/work/red-pen-ios/red-pen-ios/ios/RedPen.xcodeproj
    

SwiftCompile normal arm64 Compiling\ AnyLLMTool+OpenAI.swift,\ AnyLLMTool.swift,\ DynamicLLMTool.swift,\ GeneratedContent.swift,\ LLMTool.swift,\ LLMToolCall.swift,\ StreamingChunk.swift /Users/runner/work/red-pen-ios/red-pen-ios/ios/build/SourcePackages/checkouts/LocalLLMClient/Sources/LocalLLMClientCore/Tools/AnyLLMTool+OpenAI.swift /Users/runner/work/red-pen-ios/red-pen-ios/ios/build/SourcePackages/checkouts/LocalLLMClient/Sources/LocalLLMClientCore/Tools/AnyLLMTool.swift /Users/runner/work/red-pen-ios/red-pen-ios/ios/build/SourcePackages/checkouts/LocalLLMClient/Sources/LocalLLMClientCore/Tools/DynamicLLMTool.swift /Users/runner/work/red-pen-ios/red-pen-ios/ios/build/SourcePackages/checkouts/LocalLLMClient/Sources/LocalLLMClientCore/Tools/GeneratedContent.swift /Users/runner/work/red-pen-ios/red-pen-ios/ios/build/SourcePackages/checkouts/LocalLLMClient/Sources/LocalLLMClientCore/Tools/LLMTool.swift /Users/runner/work/red-pen-ios/red-pen-ios/ios/build/SourcePackages/checkouts/LocalLLMClient/Sources/LocalLLMClientCore/Tools/LLMToolCall.swift /Users/runner/work/red-pen-ios/red-pen-ios/ios/build/SourcePackages/checkouts/LocalLLMClient/Sources/LocalLLMClientCore/Tools/StreamingChunk.swift (in target 'LocalLLMClientCore' from project 'LocalLLMClient')

SwiftCompile normal arm64 /Users/runner/work/red-pen-ios/red-pen-ios/ios/build/SourcePackages/checkouts/LocalLLMClient/Sources/LocalLLMClientCore/Tools/AnyLLMTool+OpenAI.swift (in target 'LocalLLMClientCore' from project 'LocalLLMClient')
    cd /Users/runner/work/red-pen-ios/red-pen-ios/ios/RedPen.xcodeproj
    

SwiftCompile normal arm64 /Users/runner/work/red-pen-ios/red-pen-ios/ios/build/SourcePackages/checkouts/LocalLLMClient/Sources/LocalLLMClientCore/Tools/AnyLLMTool.swift (in target 'LocalLLMClientCore' from project 'LocalLLMClient')
    cd /Users/runner/work/red-pen-ios/red-pen-ios/ios/RedPen.xcodeproj
    

SwiftCompile normal arm64 /Users/runner/work/red-pen-ios/red-pen-ios/ios/build/SourcePackages/checkouts/LocalLLMClient/Sources/LocalLLMClientCore/Tools/DynamicLLMTool.swift (in target 'LocalLLMClientCore' from project 'LocalLLMClient')
    cd /Users/runner/work/red-pen-ios/red-pen-ios/ios/RedPen.xcodeproj
    

SwiftCompile normal arm64 /Users/runner/work/red-pen-ios/red-pen-ios/ios/build/SourcePackages/checkouts/LocalLLMClient/Sources/LocalLLMClientCore/Tools/GeneratedContent.swift (in target 'LocalLLMClientCore' from project 'LocalLLMClient')
    cd /Users/runner/work/red-pen-ios/red-pen-ios/ios/RedPen.xcodeproj
    

SwiftCompile normal arm64 /Users/runner/work/red-pen-ios/red-pen-ios/ios/build/SourcePackages/checkouts/LocalLLMClient/Sources/LocalLLMClientCore/Tools/LLMTool.swift (in target 'LocalLLMClientCore' from project 'LocalLLMClient')
    cd /Users/runner/work/red-pen-ios/red-pen-ios/ios/RedPen.xcodeproj
    

SwiftCompile normal arm64 /Users/runner/work/red-pen-ios/red-pen-ios/ios/build/SourcePackages/checkouts/LocalLLMClient/Sources/LocalLLMClientCore/Tools/LLMToolCall.swift (in target 'LocalLLMClientCore' from project 'LocalLLMClient')
    cd /Users/runner/work/red-pen-ios/red-pen-ios/ios/RedPen.xcodeproj
    

SwiftCompile normal arm64 /Users/runner/work/red-pen-ios/red-pen-ios/ios/build/SourcePackages/checkouts/LocalLLMClient/Sources/LocalLLMClientCore/Tools/StreamingChunk.swift (in target 'LocalLLMClientCore' from project 'LocalLLMClient')
    cd /Users/runner/work/red-pen-ios/red-pen-ios/ios/RedPen.xcodeproj
    

SwiftDriverJobDiscovery normal arm64 Compiling Template.swift, Tests.swift, Token.swift, Utilities.swift, Value.swift (in target 'Jinja' from project 'Jinja')

SwiftCompile normal arm64 Compiling\ AnyLLMClient.swift,\ Async+.swift,\ LLMClient.swift,\ LLMError.swift,\ LLMInput.swift,\ LLMSession.swift,\ PauseHandler.swift /Users/runner/work/red-pen-ios/red-pen-ios/ios/build/SourcePackages/checkouts/LocalLLMClient/Sources/LocalLLMClientCore/AnyLLMClient.swift /Users/runner/work/red-pen-ios/red-pen-ios/ios/build/SourcePackages/checkouts/LocalLLMClient/Sources/LocalLLMClientCore/Async+.swift /Users/runner/work/red-pen-ios/red-pen-ios/ios/build/SourcePackages/checkouts/LocalLLMClient/Sources/LocalLLMClientCore/LLMClient.swift /Users/runner/work/red-pen-ios/red-pen-ios/ios/build/SourcePackages/checkouts/LocalLLMClient/Sources/LocalLLMClientCore/LLMError.swift /Users/runner/work/red-pen-ios/red-pen-ios/ios/build/SourcePackages/checkouts/LocalLLMClient/Sources/LocalLLMClientCore/LLMInput.swift /Users/runner/work/red-pen-ios/red-pen-ios/ios/build/SourcePackages/checkouts/LocalLLMClient/Sources/LocalLLMClientCore/LLMSession.swift /Users/runner/work/red-pen-ios/red-pen-ios/ios/build/SourcePackages/checkouts/LocalLLMClient/Sources/LocalLLMClientCore/PauseHandler.swift (in target 'LocalLLMClientCore' from project 'LocalLLMClient')
SwiftCompile normal arm64 /Users/runner/work/red-pen-ios/red-pen-ios/ios/build/SourcePackages/checkouts/LocalLLMClient/Sources/LocalLLMClientCore/AnyLLMClient.swift (in target 'LocalLLMClientCore' from project 'LocalLLMClient')
    cd /Users/runner/work/red-pen-ios/red-pen-ios/ios/RedPen.xcodeproj
    

SwiftCompile normal arm64 /Users/runner/work/red-pen-ios/red-pen-ios/ios/build/SourcePackages/checkouts/LocalLLMClient/Sources/LocalLLMClientCore/Async+.swift (in target 'LocalLLMClientCore' from project 'LocalLLMClient')
    cd /Users/runner/work/red-pen-ios/red-pen-ios/ios/RedPen.xcodeproj
    

SwiftCompile normal arm64 /Users/runner/work/red-pen-ios/red-pen-ios/ios/build/SourcePackages/checkouts/LocalLLMClient/Sources/LocalLLMClientCore/LLMClient.swift (in target 'LocalLLMClientCore' from project 'LocalLLMClient')
    cd /Users/runner/work/red-pen-ios/red-pen-ios/ios/RedPen.xcodeproj
    

SwiftCompile normal arm64 /Users/runner/work/red-pen-ios/red-pen-ios/ios/build/SourcePackages/checkouts/LocalLLMClient/Sources/LocalLLMClientCore/LLMError.swift (in target 'LocalLLMClientCore' from project 'LocalLLMClient')
    cd /Users/runner/work/red-pen-ios/red-pen-ios/ios/RedPen.xcodeproj
    

SwiftCompile normal arm64 /Users/runner/work/red-pen-ios/red-pen-ios/ios/build/SourcePackages/checkouts/LocalLLMClient/Sources/LocalLLMClientCore/LLMInput.swift (in target 'LocalLLMClientCore' from project 'LocalLLMClient')
    cd /Users/runner/work/red-pen-ios/red-pen-ios/ios/RedPen.xcodeproj
    

SwiftCompile normal arm64 /Users/runner/work/red-pen-ios/red-pen-ios/ios/build/SourcePackages/checkouts/LocalLLMClient/Sources/LocalLLMClientCore/LLMSession.swift (in target 'LocalLLMClientCore' from project 'LocalLLMClient')
    cd /Users/runner/work/red-pen-ios/red-pen-ios/ios/RedPen.xcodeproj
    

SwiftCompile normal arm64 /Users/runner/work/red-pen-ios/red-pen-ios/ios/build/SourcePackages/checkouts/LocalLLMClient/Sources/LocalLLMClientCore/PauseHandler.swift (in target 'LocalLLMClientCore' from project 'LocalLLMClient')
    cd /Users/runner/work/red-pen-ios/red-pen-ios/ios/RedPen.xcodeproj
    

SwiftDriverJobDiscovery normal arm64 Compiling AST.swift, Error.swift, Filters.swift, Globals.swift, Interpreter.swift (in target 'Jinja' from project 'Jinja')

SwiftCompile normal arm64 Compiling\ StreamingToolCallProcessor.swift,\ ToolArgument.swift,\ ToolArgumentType.swift,\ ToolExecutor.swift,\ ToolOutput.swift,\ ToolSchemaGeneratable.swift /Users/runner/work/red-pen-ios/red-pen-ios/ios/build/SourcePackages/checkouts/LocalLLMClient/Sources/LocalLLMClientCore/Tools/StreamingToolCallProcessor.swift /Users/runner/work/red-pen-ios/red-pen-ios/ios/build/SourcePackages/checkouts/LocalLLMClient/Sources/LocalLLMClientCore/Tools/ToolArgument.swift /Users/runner/work/red-pen-ios/red-pen-ios/ios/build/SourcePackages/checkouts/LocalLLMClient/Sources/LocalLLMClientCore/Tools/ToolArgumentType.swift /Users/runner/work/red-pen-ios/red-pen-ios/ios/build/SourcePackages/checkouts/LocalLLMClient/Sources/LocalLLMClientCore/Tools/ToolExecutor.swift /Users/runner/work/red-pen-ios/red-pen-ios/ios/build/SourcePackages/checkouts/LocalLLMClient/Sources/LocalLLMClientCore/Tools/ToolOutput.swift /Users/runner/work/red-pen-ios/red-pen-ios/ios/build/SourcePackages/checkouts/LocalLLMClient/Sources/LocalLLMClientCore/Tools/ToolSchemaGeneratable.swift (in target 'LocalLLMClientCore' from project 'LocalLLMClient')

SwiftCompile normal arm64 /Users/runner/work/red-pen-ios/red-pen-ios/ios/build/SourcePackages/checkouts/LocalLLMClient/Sources/LocalLLMClientCore/Tools/StreamingToolCallProcessor.swift (in target 'LocalLLMClientCore' from project 'LocalLLMClient')
    cd /Users/runner/work/red-pen-ios/red-pen-ios/ios/RedPen.xcodeproj
    

SwiftCompile normal arm64 /Users/runner/work/red-pen-ios/red-pen-ios/ios/build/SourcePackages/checkouts/LocalLLMClient/Sources/LocalLLMClientCore/Tools/ToolArgument.swift (in target 'LocalLLMClientCore' from project 'LocalLLMClient')
    cd /Users/runner/work/red-pen-ios/red-pen-ios/ios/RedPen.xcodeproj
    

SwiftCompile normal arm64 /Users/runner/work/red-pen-ios/red-pen-ios/ios/build/SourcePackages/checkouts/LocalLLMClient/Sources/LocalLLMClientCore/Tools/ToolArgumentType.swift (in target 'LocalLLMClientCore' from project 'LocalLLMClient')
    cd /Users/runner/work/red-pen-ios/red-pen-ios/ios/RedPen.xcodeproj
    

SwiftCompile normal arm64 /Users/runner/work/red-pen-ios/red-pen-ios/ios/build/SourcePackages/checkouts/LocalLLMClient/Sources/LocalLLMClientCore/Tools/ToolExecutor.swift (in target 'LocalLLMClientCore' from project 'LocalLLMClient')
    cd /Users/runner/work/red-pen-ios/red-pen-ios/ios/RedPen.xcodeproj
    

SwiftCompile normal arm64 /Users/runner/work/red-pen-ios/red-pen-ios/ios/build/SourcePackages/checkouts/LocalLLMClient/Sources/LocalLLMClientCore/Tools/ToolOutput.swift (in target 'LocalLLMClientCore' from project 'LocalLLMClient')
    cd /Users/runner/work/red-pen-ios/red-pen-ios/ios/RedPen.xcodeproj
    

SwiftCompile normal arm64 /Users/runner/work/red-pen-ios/red-pen-ios/ios/build/SourcePackages/checkouts/LocalLLMClient/Sources/LocalLLMClientCore/Tools/ToolSchemaGeneratable.swift (in target 'LocalLLMClientCore' from project 'LocalLLMClient')
    cd /Users/runner/work/red-pen-ios/red-pen-ios/ios/RedPen.xcodeproj
    

SwiftDriverJobDiscovery normal arm64 Compiling AnyLLMTool+OpenAI.swift, AnyLLMTool.swift, DynamicLLMTool.swift, GeneratedContent.swift, LLMTool.swift, LLMToolCall.swift, StreamingChunk.swift (in target 'LocalLLMClientCore' from project 'LocalLLMClient')

SwiftDriver\ Compilation Jinja normal arm64 com.apple.xcode.tools.swift.compiler (in target 'Jinja' from project 'Jinja')
    cd /Users/runner/work/red-pen-ios/red-pen-ios/ios/RedPen.xcodeproj
    builtin-Swift-Compilation -- /Applications/Xcode_26.6.app/Contents/Developer/Toolchains/XcodeDefault.xctoolchain/usr/bin/swiftc -module-name Jinja -Onone @/Users/runner/work/red-pen-ios/red-pen-ios/ios/build/Build/Intermediates.noindex/Jinja.build/Debug-iphonesimulator/Jinja.build/Objects-normal/arm64/Jinja.SwiftFileList -DSWIFT_PACKAGE -DDEBUG -DSWIFT_MODULE_RESOURCE_BUNDLE_UNAVAILABLE -DXcode -plugin-path /Applications/Xcode_26.6.app/Contents/Developer/Toolchains/XcodeDefault.xctoolchain/usr/lib/swift/host/plugins/testing -enable-experimental-feature DebugDescriptionMacro -sdk /Applications/Xcode_26.6.app/Contents/Developer/Platforms/iPhoneSimulator.platform/Developer/SDKs/iPhoneSimulator26.5.sdk -target arm64-apple-ios16.0-simulator -g -module-cache-path /Users/runner/work/red-pen-ios/red-pen-ios/ios/build/ModuleCache.noindex -Xfrontend -serialize-debugging-options -enable-testing -suppress-warnings -index-store-path /Users/runner/work/red-pen-ios/red-pen-ios/ios/build/Index.noindex/DataStore -Xcc -D_LIBCPP_HARDENING_MODE\=_LIBCPP_HARDENING_MODE_DEBUG -swift-version 6 -I /Users/runner/work/red-pen-ios/red-pen-ios/ios/build/Build/Products/Debug-iphonesimulator -Isystem /Applications/Xcode_26.6.app/Contents/Developer/Platforms/iPhoneSimulator.platform/Developer/usr/lib -F /Users/runner/work/red-pen-ios/red-pen-ios/ios/build/Build/Products/Debug-iphonesimulator/PackageFrameworks -F /Users/runner/work/red-pen-ios/red-pen-ios/ios/build/Build/Products/Debug-iphonesimulator/PackageFrameworks -F /Users/runner/work/red-pen-ios/red-pen-ios/ios/build/Build/Products/Debug-iphonesimulator -F /Applications/Xcode_26.6.app/Contents/Developer/Platforms/iPhoneSimulator.platform/Developer/Library/Frameworks -F /Applications/Xcode_26.6.app/Contents/Developer/Platforms/iPhoneSimulator.platform/Developer/SDKs/iPhoneSimulator26.5.sdk/Developer/Library/Frameworks -c -j3 -enable-batch-mode -incremental -Xcc -ivfsstatcache -Xcc /Users/runner/work/red-pen-ios/red-pen-ios/ios/build/SDKStatCaches.noindex/iphonesimulator26.5-23F81a-688ef53f1462e2c8f657fdc38a81448ff45c64a1807a658693f2a61704f17a36.sdkstatcache -output-file-map /Users/runner/work/red-pen-ios/red-pen-ios/ios/build/Build/Intermediates.noindex/Jinja.build/Debug-iphonesimulator/Jinja.build/Objects-normal/arm64/Jinja-OutputFileMap.json -use-frontend-parseable-output -save-temps -no-color-diagnostics -serialize-diagnostics -emit-dependencies -emit-module -emit-module-path /Users/runner/work/red-pen-ios/red-pen-ios/ios/build/Build/Intermediates.noindex/Jinja.build/Debug-iphonesimulator/Jinja.build/Objects-normal/arm64/Jinja.swiftmodule -user-module-version 2.5.1 -validate-clang-modules-once -clang-build-session-file /Users/runner/work/red-pen-ios/red-pen-ios/ios/build/ModuleCache.noindex/Session.modulevalidation -package-name swift_jinja -Xcc -I/Users/runner/work/red-pen-ios/red-pen-ios/ios/build/Build/Intermediates.noindex/Jinja.build/Debug-iphonesimulator/Jinja.build/swift-overrides.hmap -emit-const-values -Xfrontend -const-gather-protocols-file -Xfrontend /Users/runner/work/red-pen-ios/red-pen-ios/ios/build/Build/Intermediates.noindex/Jinja.build/Debug-iphonesimulator/Jinja.build/Objects-normal/arm64/Jinja_const_extract_protocols.json -Xcc -I/Users/runner/work/red-pen-ios/red-pen-ios/ios/build/Build/Products/Debug-iphonesimulator/include -Xcc -I/Users/runner/work/red-pen-ios/red-pen-ios/ios/build/Build/Intermediates.noindex/Jinja.build/Debug-iphonesimulator/Jinja.build/DerivedSources-normal/arm64 -Xcc -I/Users/runner/work/red-pen-ios/red-pen-ios/ios/build/Build/Intermediates.noindex/Jinja.build/Debug-iphonesimulator/Jinja.build/DerivedSources/arm64 -Xcc -I/Users/runner/work/red-pen-ios/red-pen-ios/ios/build/Build/Intermediates.noindex/Jinja.build/Debug-iphonesimulator/Jinja.build/DerivedSources -Xcc -DSWIFT_PACKAGE -Xcc -DDEBUG\=1 -emit-objc-header -emit-objc-header-path /Users/runner/work/red-pen-ios/red-pen-ios/ios/build/Build/Intermediates.noindex/Jinja.build/Debug-iphonesimulator/Jinja.build/Objects-normal/arm64/Jinja-Swift.h -working-directory /Users/runner/work/red-pen-ios/red-pen-ios/ios/RedPen.xcodeproj -experimental-emit-module-separately -disable-cmo

SwiftDriverJobDiscovery normal arm64 Emitting module for LocalLLMClientCore (in target 'LocalLLMClientCore' from project 'LocalLLMClient')

SwiftDriver\ Compilation\ Requirements LocalLLMClientCore normal arm64 com.apple.xcode.tools.swift.compiler (in target 'LocalLLMClientCore' from project 'LocalLLMClient')
    cd /Users/runner/work/red-pen-ios/red-pen-ios/ios/RedPen.xcodeproj
    builtin-Swift-Compilation-Requirements -- /Applications/Xcode_26.6.app/Contents/Developer/Toolchains/XcodeDefault.xctoolchain/usr/bin/swiftc -module-name LocalLLMClientCore -Onone @/Users/runner/work/red-pen-ios/red-pen-ios/ios/build/Build/Intermediates.noindex/LocalLLMClient.build/Debug-iphonesimulator/LocalLLMClientCore.build/Objects-normal/arm64/LocalLLMClientCore.SwiftFileList -DSWIFT_PACKAGE -DDEBUG -DSWIFT_MODULE_RESOURCE_BUNDLE_UNAVAILABLE -DXcode -plugin-path /Applications/Xcode_26.6.app/Contents/Developer/Toolchains/XcodeDefault.xctoolchain/usr/lib/swift/host/plugins/testing -enable-experimental-feature DebugDescriptionMacro -sdk /Applications/Xcode_26.6.app/Contents/Developer/Platforms/iPhoneSimulator.platform/Developer/SDKs/iPhoneSimulator26.5.sdk -target arm64-apple-ios17.0-simulator -g -module-cache-path /Users/runner/work/red-pen-ios/red-pen-ios/ios/build/ModuleCache.noindex -Xfrontend -serialize-debugging-options -enable-testing -suppress-warnings -index-store-path /Users/runner/work/red-pen-ios/red-pen-ios/ios/build/Index.noindex/DataStore -Xcc -D_LIBCPP_HARDENING_MODE\=_LIBCPP_HARDENING_MODE_DEBUG -swift-version 6 -I /Users/runner/work/red-pen-ios/red-pen-ios/ios/build/Build/Products/Debug-iphonesimulator -Isystem /Applications/Xcode_26.6.app/Contents/Developer/Platforms/iPhoneSimulator.platform/Developer/usr/lib -F /Users/runner/work/red-pen-ios/red-pen-ios/ios/build/Build/Products/Debug-iphonesimulator/PackageFrameworks -F /Users/runner/work/red-pen-ios/red-pen-ios/ios/build/Build/Products/Debug-iphonesimulator/PackageFrameworks -F /Users/runner/work/red-pen-ios/red-pen-ios/ios/build/Build/Products/Debug-iphonesimulator/PackageFrameworks -F /Users/runner/work/red-pen-ios/red-pen-ios/ios/build/Build/Products/Debug-iphonesimulator/PackageFrameworks -F /Users/runner/work/red-pen-ios/red-pen-ios/ios/build/Build/Products/Debug-iphonesimulator -F /Applications/Xcode_26.6.app/Contents/Developer/Platforms/iPhoneSimulator.platform/Developer/Library/Frameworks -F /Applications/Xcode_26.6.app/Contents/Developer/Platforms/iPhoneSimulator.platform/Developer/SDKs/iPhoneSimulator26.5.sdk/Developer/Library/Frameworks -c -j3 -enable-batch-mode -incremental -Xcc -ivfsstatcache -Xcc /Users/runner/work/red-pen-ios/red-pen-ios/ios/build/SDKStatCaches.noindex/iphonesimulator26.5-23F81a-688ef53f1462e2c8f657fdc38a81448ff45c64a1807a658693f2a61704f17a36.sdkstatcache -output-file-map /Users/runner/work/red-pen-ios/red-pen-ios/ios/build/Build/Intermediates.noindex/LocalLLMClient.build/Debug-iphonesimulator/LocalLLMClientCore.build/Objects-normal/arm64/LocalLLMClientCore-OutputFileMap.json -use-frontend-parseable-output -save-temps -no-color-diagnostics -serialize-diagnostics -emit-dependencies -emit-module -emit-module-path /Users/runner/work/red-pen-ios/red-pen-ios/ios/build/Build/Intermediates.noindex/LocalLLMClient.build/Debug-iphonesimulator/LocalLLMClientCore.build/Objects-normal/arm64/LocalLLMClientCore.swiftmodule -validate-clang-modules-once -clang-build-session-file /Users/runner/work/red-pen-ios/red-pen-ios/ios/build/ModuleCache.noindex/Session.modulevalidation -package-name localllmclient -Xcc -I/Users/runner/work/red-pen-ios/red-pen-ios/ios/build/Build/Intermediates.noindex/LocalLLMClient.build/Debug-iphonesimulator/LocalLLMClientCore.build/swift-overrides.hmap -emit-const-values -Xfrontend -const-gather-protocols-file -Xfrontend /Users/runner/work/red-pen-ios/red-pen-ios/ios/build/Build/Intermediates.noindex/LocalLLMClient.build/Debug-iphonesimulator/LocalLLMClientCore.build/Objects-normal/arm64/LocalLLMClientCore_const_extract_protocols.json -Xcc -I/Users/runner/work/red-pen-ios/red-pen-ios/ios/build/Build/Products/Debug-iphonesimulator/include -Xcc -I/Users/runner/work/red-pen-ios/red-pen-ios/ios/build/Build/Intermediates.noindex/LocalLLMClient.build/Debug-iphonesimulator/LocalLLMClientCore.build/DerivedSources-normal/arm64 -Xcc -I/Users/runner/work/red-pen-ios/red-pen-ios/ios/build/Build/Intermediates.noindex/LocalLLMClient.build/Debug-iphonesimulator/LocalLLMClientCore.build/DerivedSources/arm64 -Xcc -I/Users/runner/work/red-pen-ios/red-pen-ios/ios/build/Build/Intermediates.noindex/LocalLLMClient.build/Debug-iphonesimulator/LocalLLMClientCore.build/DerivedSources -Xcc -DSWIFT_PACKAGE -Xcc -DDEBUG\=1 -emit-objc-header -emit-objc-header-path /Users/runner/work/red-pen-ios/red-pen-ios/ios/build/Build/Intermediates.noindex/LocalLLMClient.build/Debug-iphonesimulator/LocalLLMClientCore.build/Objects-normal/arm64/LocalLLMClientCore-Swift.h -working-directory /Users/runner/work/red-pen-ios/red-pen-ios/ios/RedPen.xcodeproj -experimental-emit-module-separately -disable-cmo

SwiftMergeGeneratedHeaders /Users/runner/work/red-pen-ios/red-pen-ios/ios/build/Build/Intermediates.noindex/GeneratedModuleMaps-iphonesimulator/LocalLLMClientCore-Swift.h /Users/runner/work/red-pen-ios/red-pen-ios/ios/build/Build/Intermediates.noindex/LocalLLMClient.build/Debug-iphonesimulator/LocalLLMClientCore.build/Objects-normal/arm64/LocalLLMClientCore-Swift.h (in target 'LocalLLMClientCore' from project 'LocalLLMClient')
    cd /Users/runner/work/red-pen-ios/red-pen-ios/ios/build/SourcePackages/checkouts/LocalLLMClient
    builtin-swiftHeaderTool -arch arm64 /Users/runner/work/red-pen-ios/red-pen-ios/ios/build/Build/Intermediates.noindex/LocalLLMClient.build/Debug-iphonesimulator/LocalLLMClientCore.build/Objects-normal/arm64/LocalLLMClientCore-Swift.h -o /Users/runner/work/red-pen-ios/red-pen-ios/ios/build/Build/Intermediates.noindex/GeneratedModuleMaps-iphonesimulator/LocalLLMClientCore-Swift.h

Copy /Users/runner/work/red-pen-ios/red-pen-ios/ios/build/Build/Products/Debug-iphonesimulator/LocalLLMClientCore.swiftmodule/arm64-apple-ios-simulator.swiftmodule /Users/runner/work/red-pen-ios/red-pen-ios/ios/build/Build/Intermediates.noindex/LocalLLMClient.build/Debug-iphonesimulator/LocalLLMClientCore.build/Objects-normal/arm64/LocalLLMClientCore.swiftmodule (in target 'LocalLLMClientCore' from project 'LocalLLMClient')
    cd /Users/runner/work/red-pen-ios/red-pen-ios/ios/build/SourcePackages/checkouts/LocalLLMClient
    builtin-copy -exclude .DS_Store -exclude CVS -exclude .svn -exclude .git -exclude .hg -resolve-src-symlinks -rename /Users/runner/work/red-pen-ios/red-pen-ios/ios/build/Build/Intermediates.noindex/LocalLLMClient.build/Debug-iphonesimulator/LocalLLMClientCore.build/Objects-normal/arm64/LocalLLMClientCore.swiftmodule /Users/runner/work/red-pen-ios/red-pen-ios/ios/build/Build/Products/Debug-iphonesimulator/LocalLLMClientCore.swiftmodule/arm64-apple-ios-simulator.swiftmodule

Copy /Users/runner/work/red-pen-ios/red-pen-ios/ios/build/Build/Products/Debug-iphonesimulator/LocalLLMClientCore.swiftmodule/arm64-apple-ios-simulator.swiftdoc /Users/runner/work/red-pen-ios/red-pen-ios/ios/build/Build/Intermediates.noindex/LocalLLMClient.build/Debug-iphonesimulator/LocalLLMClientCore.build/Objects-normal/arm64/LocalLLMClientCore.swiftdoc (in target 'LocalLLMClientCore' from project 'LocalLLMClient')
    cd /Users/runner/work/red-pen-ios/red-pen-ios/ios/build/SourcePackages/checkouts/LocalLLMClient
    builtin-copy -exclude .DS_Store -exclude CVS -exclude .svn -exclude .git -exclude .hg -resolve-src-symlinks -rename /Users/runner/work/red-pen-ios/red-pen-ios/ios/build/Build/Intermediates.noindex/LocalLLMClient.build/Debug-iphonesimulator/LocalLLMClientCore.build/Objects-normal/arm64/LocalLLMClientCore.swiftdoc /Users/runner/work/red-pen-ios/red-pen-ios/ios/build/Build/Products/Debug-iphonesimulator/LocalLLMClientCore.swiftmodule/arm64-apple-ios-simulator.swiftdoc

Copy /Users/runner/work/red-pen-ios/red-pen-ios/ios/build/Build/Products/Debug-iphonesimulator/LocalLLMClientCore.swiftmodule/arm64-apple-ios-simulator.abi.json /Users/runner/work/red-pen-ios/red-pen-ios/ios/build/Build/Intermediates.noindex/LocalLLMClient.build/Debug-iphonesimulator/LocalLLMClientCore.build/Objects-normal/arm64/LocalLLMClientCore.abi.json (in target 'LocalLLMClientCore' from project 'LocalLLMClient')
    cd /Users/runner/work/red-pen-ios/red-pen-ios/ios/build/SourcePackages/checkouts/LocalLLMClient
    builtin-copy -exclude .DS_Store -exclude CVS -exclude .svn -exclude .git -exclude .hg -resolve-src-symlinks -rename /Users/runner/work/red-pen-ios/red-pen-ios/ios/build/Build/Intermediates.noindex/LocalLLMClient.build/Debug-iphonesimulator/LocalLLMClientCore.build/Objects-normal/arm64/LocalLLMClientCore.abi.json /Users/runner/work/red-pen-ios/red-pen-ios/ios/build/Build/Products/Debug-iphonesimulator/LocalLLMClientCore.swiftmodule/arm64-apple-ios-simulator.abi.json

Copy /Users/runner/work/red-pen-ios/red-pen-ios/ios/build/Build/Products/Debug-iphonesimulator/LocalLLMClientCore.swiftmodule/Project/arm64-apple-ios-simulator.swiftsourceinfo /Users/runner/work/red-pen-ios/red-pen-ios/ios/build/Build/Intermediates.noindex/LocalLLMClient.build/Debug-iphonesimulator/LocalLLMClientCore.build/Objects-normal/arm64/LocalLLMClientCore.swiftsourceinfo (in target 'LocalLLMClientCore' from project 'LocalLLMClient')
    cd /Users/runner/work/red-pen-ios/red-pen-ios/ios/build/SourcePackages/checkouts/LocalLLMClient
    builtin-copy -exclude .DS_Store -exclude CVS -exclude .svn -exclude .git -exclude .hg -resolve-src-symlinks -rename /Users/runner/work/red-pen-ios/red-pen-ios/ios/build/Build/Intermediates.noindex/LocalLLMClient.build/Debug-iphonesimulator/LocalLLMClientCore.build/Objects-normal/arm64/LocalLLMClientCore.swiftsourceinfo /Users/runner/work/red-pen-ios/red-pen-ios/ios/build/Build/Products/Debug-iphonesimulator/LocalLLMClientCore.swiftmodule/Project/arm64-apple-ios-simulator.swiftsourceinfo

Ld /Users/runner/work/red-pen-ios/red-pen-ios/ios/build/Build/Products/Debug-iphonesimulator/OrderedCollections.o normal (in target 'OrderedCollections' from project 'swift-collections')
    cd /Users/runner/work/red-pen-ios/red-pen-ios/ios/build/SourcePackages/checkouts/swift-collections
    /Applications/Xcode_26.6.app/Contents/Developer/Toolchains/XcodeDefault.xctoolchain/usr/bin/clang -Xlinker -reproducible -target arm64-apple-ios12.0-simulator -r -isysroot /Applications/Xcode_26.6.app/Contents/Developer/Platforms/iPhoneSimulator.platform/Developer/SDKs/iPhoneSimulator26.5.sdk -O0 -w -F/Users/runner/work/red-pen-ios/red-pen-ios/ios/build/Build/Intermediates.noindex/EagerLinkingTBDs/Debug-iphonesimulator -F/Users/runner/work/red-pen-ios/red-pen-ios/ios/build/Build/Products/Debug-iphonesimulator/PackageFrameworks -F/Users/runner/work/red-pen-ios/red-pen-ios/ios/build/Build/Products/Debug-iphonesimulator -iframework /Applications/Xcode_26.6.app/Contents/Developer/Platforms/iPhoneSimulator.platform/Developer/Library/Frameworks -iframework /Applications/Xcode_26.6.app/Contents/Developer/Platforms/iPhoneSimulator.platform/Developer/SDKs/iPhoneSimulator26.5.sdk/Developer/Library/Frameworks -filelist /Users/runner/work/red-pen-ios/red-pen-ios/ios/build/Build/Intermediates.noindex/swift-collections.build/Debug-iphonesimulator/OrderedCollections.build/Objects-normal/arm64/OrderedCollections.LinkFileList -nostdlib -Xlinker -object_path_lto -Xlinker /Users/runner/work/red-pen-ios/red-pen-ios/ios/build/Build/Intermediates.noindex/swift-collections.build/Debug-iphonesimulator/OrderedCollections.build/Objects-normal/arm64/OrderedCollections_lto.o -Xlinker -no_deduplicate -Xlinker -objc_abi_version -Xlinker 2 -Xlinker -dependency_info -Xlinker /Users/runner/work/red-pen-ios/red-pen-ios/ios/build/Build/Intermediates.noindex/swift-collections.build/Debug-iphonesimulator/OrderedCollections.build/Objects-normal/arm64/OrderedCollections_dependency_info.dat -fobjc-link-runtime -L/Applications/Xcode_26.6.app/Contents/Developer/Toolchains/XcodeDefault.xctoolchain/usr/lib/swift/iphonesimulator -L/usr/lib/swift -Xlinker -add_ast_path -Xlinker /Users/runner/work/red-pen-ios/red-pen-ios/ios/build/Build/Intermediates.noindex/swift-collections.build/Debug-iphonesimulator/OrderedCollections.build/Objects-normal/arm64/OrderedCollections.swiftmodule -o /Users/runner/work/red-pen-ios/red-pen-ios/ios/build/Build/Products/Debug-iphonesimulator/OrderedCollections.o

ExtractAppIntentsMetadata (in target 'OrderedCollections' from project 'swift-collections')
    cd /Users/runner/work/red-pen-ios/red-pen-ios/ios/build/SourcePackages/checkouts/swift-collections
    /Applications/Xcode_26.6.app/Contents/Developer/Toolchains/XcodeDefault.xctoolchain/usr/bin/appintentsmetadataprocessor --toolchain-dir /var/run/com.apple.security.cryptexd/mnt/com.apple.MobileAsset.MetalToolchain-v17.6.109.0.iHKZXc/Metal.xctoolchain --module-name OrderedCollections --sdk-root /Applications/Xcode_26.6.app/Contents/Developer/Platforms/iPhoneSimulator.platform/Developer/SDKs/iPhoneSimulator26.5.sdk --xcode-version 17F113 --platform-family iOS --deployment-target 12.0 --bundle-identifier swift-collections.OrderedCollections --output /Users/runner/work/red-pen-ios/red-pen-ios/ios/build/Build/Products/Debug-iphonesimulator/OrderedCollections.appintents --target-triple arm64-apple-ios12.0-simulator --binary-file /Users/runner/work/red-pen-ios/red-pen-ios/ios/build/Build/Products/Debug-iphonesimulator/OrderedCollections.o --dependency-file /Users/runner/work/red-pen-ios/red-pen-ios/ios/build/Build/Intermediates.noindex/swift-collections.build/Debug-iphonesimulator/OrderedCollections.build/Objects-normal/arm64/OrderedCollections_dependency_info.dat --stringsdata-file /Users/runner/work/red-pen-ios/red-pen-ios/ios/build/Build/Intermediates.noindex/swift-collections.build/Debug-iphonesimulator/OrderedCollections.build/Objects-normal/arm64/ExtractedAppShortcutsMetadata.stringsdata --source-file-list /Users/runner/work/red-pen-ios/red-pen-ios/ios/build/Build/Intermediates.noindex/swift-collections.build/Debug-iphonesimulator/OrderedCollections.build/Objects-normal/arm64/OrderedCollections.SwiftFileList --metadata-file-list /Users/runner/work/red-pen-ios/red-pen-ios/ios/build/Build/Intermediates.noindex/swift-collections.build/Debug-iphonesimulator/OrderedCollections.build/OrderedCollections.DependencyMetadataFileList --static-metadata-file-list /Users/runner/work/red-pen-ios/red-pen-ios/ios/build/Build/Intermediates.noindex/swift-collections.build/Debug-iphonesimulator/OrderedCollections.build/OrderedCollections.DependencyStaticMetadataFileList --swift-const-vals-list /Users/runner/work/red-pen-ios/red-pen-ios/ios/build/Build/Intermediates.noindex/swift-collections.build/Debug-iphonesimulator/OrderedCollections.build/Objects-normal/arm64/OrderedCollections.SwiftConstValuesFileList --force --compile-time-extraction --deployment-aware-processing --validate-assistant-intents --no-app-shortcuts-localization
2026-10-09 14:37:30.928 appintentsmetadataprocessor[7808:25832] Starting appintentsmetadataprocessor export
2026-10-09 14:37:30.953 appintentsmetadataprocessor[7808:25832] Extracted no relevant App Intents symbols, skipping writing output

SwiftDriver LocalLLMClientMacros normal arm64 com.apple.xcode.tools.swift.compiler (in target 'LocalLLMClientMacros' from project 'LocalLLMClient')
    cd /Users/runner/work/red-pen-ios/red-pen-ios/ios/RedPen.xcodeproj
    builtin-SwiftDriver -- /Applications/Xcode_26.6.app/Contents/Developer/Toolchains/XcodeDefault.xctoolchain/usr/bin/swiftc -module-name LocalLLMClientMacros -Onone @/Users/runner/work/red-pen-ios/red-pen-ios/ios/build/Build/Intermediates.noindex/LocalLLMClient.build/Debug-iphonesimulator/LocalLLMClientMacros.build/Objects-normal/arm64/LocalLLMClientMacros.SwiftFileList -DSWIFT_PACKAGE -DDEBUG -DSWIFT_MODULE_RESOURCE_BUNDLE_UNAVAILABLE -DXcode -plugin-path /Applications/Xcode_26.6.app/Contents/Developer/Toolchains/XcodeDefault.xctoolchain/usr/lib/swift/host/plugins/testing -enable-experimental-feature DebugDescriptionMacro -sdk /Applications/Xcode_26.6.app/Contents/Developer/Platforms/iPhoneSimulator.platform/Developer/SDKs/iPhoneSimulator26.5.sdk -target arm64-apple-ios17.0-simulator -g -module-cache-path /Users/runner/work/red-pen-ios/red-pen-ios/ios/build/ModuleCache.noindex -Xfrontend -serialize-debugging-options -enable-testing -suppress-warnings -index-store-path /Users/runner/work/red-pen-ios/red-pen-ios/ios/build/Index.noindex/DataStore -Xcc -D_LIBCPP_HARDENING_MODE\=_LIBCPP_HARDENING_MODE_DEBUG -swift-version 6 -I /Users/runner/work/red-pen-ios/red-pen-ios/ios/build/Build/Products/Debug-iphonesimulator -Isystem /Applications/Xcode_26.6.app/Contents/Developer/Platforms/iPhoneSimulator.platform/Developer/usr/lib -F /Users/runner/work/red-pen-ios/red-pen-ios/ios/build/Build/Products/Debug-iphonesimulator/PackageFrameworks -F /Users/runner/work/red-pen-ios/red-pen-ios/ios/build/Build/Products/Debug-iphonesimulator/PackageFrameworks -F /Users/runner/work/red-pen-ios/red-pen-ios/ios/build/Build/Products/Debug-iphonesimulator/PackageFrameworks -F /Users/runner/work/red-pen-ios/red-pen-ios/ios/build/Build/Products/Debug-iphonesimulator/PackageFrameworks -F /Users/runner/work/red-pen-ios/red-pen-ios/ios/build/Build/Products/Debug-iphonesimulator/PackageFrameworks -F /Users/runner/work/red-pen-ios/red-pen-ios/ios/build/Build/Products/Debug-iphonesimulator -F /Applications/Xcode_26.6.app/Contents/Developer/Platforms/iPhoneSimulator.platform/Developer/Library/Frameworks -F /Applications/Xcode_26.6.app/Contents/Developer/Platforms/iPhoneSimulator.platform/Developer/SDKs/iPhoneSimulator26.5.sdk/Developer/Library/Frameworks -Xfrontend -load-plugin-executable -Xfrontend /Users/runner/work/red-pen-ios/red-pen-ios/ios/build/Build/Products/Debug/LocalLLMClientMacrosPlugin\#LocalLLMClientMacrosPlugin -parse-as-library -c -j3 -enable-batch-mode -incremental -Xcc -ivfsstatcache -Xcc /Users/runner/work/red-pen-ios/red-pen-ios/ios/build/SDKStatCaches.noindex/iphonesimulator26.5-23F81a-688ef53f1462e2c8f657fdc38a81448ff45c64a1807a658693f2a61704f17a36.sdkstatcache -output-file-map /Users/runner/work/red-pen-ios/red-pen-ios/ios/build/Build/Intermediates.noindex/LocalLLMClient.build/Debug-iphonesimulator/LocalLLMClientMacros.build/Objects-normal/arm64/LocalLLMClientMacros-OutputFileMap.json -use-frontend-parseable-output -save-temps -no-color-diagnostics -serialize-diagnostics -emit-dependencies -emit-module -emit-module-path /Users/runner/work/red-pen-ios/red-pen-ios/ios/build/Build/Intermediates.noindex/LocalLLMClient.build/Debug-iphonesimulator/LocalLLMClientMacros.build/Objects-normal/arm64/LocalLLMClientMacros.swiftmodule -validate-clang-modules-once -clang-build-session-file /Users/runner/work/red-pen-ios/red-pen-ios/ios/build/ModuleCache.noindex/Session.modulevalidation -package-name localllmclient -Xcc -I/Users/runner/work/red-pen-ios/red-pen-ios/ios/build/Build/Intermediates.noindex/LocalLLMClient.build/Debug-iphonesimulator/LocalLLMClientMacros.build/swift-overrides.hmap -emit-const-values -Xfrontend -const-gather-protocols-file -Xfrontend /Users/runner/work/red-pen-ios/red-pen-ios/ios/build/Build/Intermediates.noindex/LocalLLMClient.build/Debug-iphonesimulator/LocalLLMClientMacros.build/Objects-normal/arm64/LocalLLMClientMacros_const_extract_protocols.json -Xcc -I/Users/runner/work/red-pen-ios/red-pen-ios/ios/build/Build/Products/Debug-iphonesimulator/include -Xcc -I/Users/runner/work/red-pen-ios/red-pen-ios/ios/build/Build/Intermediates.noindex/LocalLLMClient.build/Debug-iphonesimulator/LocalLLMClientMacros.build/DerivedSources-normal/arm64 -Xcc -I/Users/runner/work/red-pen-ios/red-pen-ios/ios/build/Build/Intermediates.noindex/LocalLLMClient.build/Debug-iphonesimulator/LocalLLMClientMacros.build/DerivedSources/arm64 -Xcc -I/Users/runner/work/red-pen-ios/red-pen-ios/ios/build/Build/Intermediates.noindex/LocalLLMClient.build/Debug-iphonesimulator/LocalLLMClientMacros.build/DerivedSources -Xcc -DSWIFT_PACKAGE -Xcc -DDEBUG\=1 -emit-objc-header -emit-objc-header-path /Users/runner/work/red-pen-ios/red-pen-ios/ios/build/Build/Intermediates.noindex/LocalLLMClient.build/Debug-iphonesimulator/LocalLLMClientMacros.build/Objects-normal/arm64/LocalLLMClientMacros-Swift.h -working-directory /Users/runner/work/red-pen-ios/red-pen-ios/ios/RedPen.xcodeproj -experimental-emit-module-separately -disable-cmo

RegisterExecutionPolicyException /Users/runner/work/red-pen-ios/red-pen-ios/ios/build/Build/Products/Debug-iphonesimulator/OrderedCollections.o (in target 'OrderedCollections' from project 'swift-collections')
    cd /Users/runner/work/red-pen-ios/red-pen-ios/ios/build/SourcePackages/checkouts/swift-collections
    builtin-RegisterExecutionPolicyException /Users/runner/work/red-pen-ios/red-pen-ios/ios/build/Build/Products/Debug-iphonesimulator/OrderedCollections.o

SwiftEmitModule normal arm64 Emitting\ module\ for\ LocalLLMClientMacros (in target 'LocalLLMClientMacros' from project 'LocalLLMClient')

SwiftCompile normal arm64 /Users/runner/work/red-pen-ios/red-pen-ios/ios/build/SourcePackages/checkouts/LocalLLMClient/Sources/LocalLLMClientMacros/LocalLLMClientMacros.swift (in target 'LocalLLMClientMacros' from project 'LocalLLMClient')
    cd /Users/runner/work/red-pen-ios/red-pen-ios/ios/RedPen.xcodeproj
    

SwiftCompile normal arm64 Compiling\ LocalLLMClientMacros.swift /Users/runner/work/red-pen-ios/red-pen-ios/ios/build/SourcePackages/checkouts/LocalLLMClient/Sources/LocalLLMClientMacros/LocalLLMClientMacros.swift (in target 'LocalLLMClientMacros' from project 'LocalLLMClient')

SwiftCompile normal arm64 /Users/runner/work/red-pen-ios/red-pen-ios/ios/build/SourcePackages/checkouts/LocalLLMClient/Sources/LocalLLMClientMacros/LocalLLMClientMacros.swift (in target 'LocalLLMClientMacros' from project 'LocalLLMClient')
    cd /Users/runner/work/red-pen-ios/red-pen-ios/ios/RedPen.xcodeproj
    

SwiftDriverJobDiscovery normal arm64 Emitting module for LocalLLMClientMacros (in target 'LocalLLMClientMacros' from project 'LocalLLMClient')

SwiftDriver\ Compilation\ Requirements LocalLLMClientMacros normal arm64 com.apple.xcode.tools.swift.compiler (in target 'LocalLLMClientMacros' from project 'LocalLLMClient')
    cd /Users/runner/work/red-pen-ios/red-pen-ios/ios/RedPen.xcodeproj
    builtin-Swift-Compilation-Requirements -- /Applications/Xcode_26.6.app/Contents/Developer/Toolchains/XcodeDefault.xctoolchain/usr/bin/swiftc -module-name LocalLLMClientMacros -Onone @/Users/runner/work/red-pen-ios/red-pen-ios/ios/build/Build/Intermediates.noindex/LocalLLMClient.build/Debug-iphonesimulator/LocalLLMClientMacros.build/Objects-normal/arm64/LocalLLMClientMacros.SwiftFileList -DSWIFT_PACKAGE -DDEBUG -DSWIFT_MODULE_RESOURCE_BUNDLE_UNAVAILABLE -DXcode -plugin-path /Applications/Xcode_26.6.app/Contents/Developer/Toolchains/XcodeDefault.xctoolchain/usr/lib/swift/host/plugins/testing -enable-experimental-feature DebugDescriptionMacro -sdk /Applications/Xcode_26.6.app/Contents/Developer/Platforms/iPhoneSimulator.platform/Developer/SDKs/iPhoneSimulator26.5.sdk -target arm64-apple-ios17.0-simulator -g -module-cache-path /Users/runner/work/red-pen-ios/red-pen-ios/ios/build/ModuleCache.noindex -Xfrontend -serialize-debugging-options -enable-testing -suppress-warnings -index-store-path /Users/runner/work/red-pen-ios/red-pen-ios/ios/build/Index.noindex/DataStore -Xcc -D_LIBCPP_HARDENING_MODE\=_LIBCPP_HARDENING_MODE_DEBUG -swift-version 6 -I /Users/runner/work/red-pen-ios/red-pen-ios/ios/build/Build/Products/Debug-iphonesimulator -Isystem /Applications/Xcode_26.6.app/Contents/Developer/Platforms/iPhoneSimulator.platform/Developer/usr/lib -F /Users/runner/work/red-pen-ios/red-pen-ios/ios/build/Build/Products/Debug-iphonesimulator/PackageFrameworks -F /Users/runner/work/red-pen-ios/red-pen-ios/ios/build/Build/Products/Debug-iphonesimulator/PackageFrameworks -F /Users/runner/work/red-pen-ios/red-pen-ios/ios/build/Build/Products/Debug-iphonesimulator/PackageFrameworks -F /Users/runner/work/red-pen-ios/red-pen-ios/ios/build/Build/Products/Debug-iphonesimulator/PackageFrameworks -F /Users/runner/work/red-pen-ios/red-pen-ios/ios/build/Build/Products/Debug-iphonesimulator/PackageFrameworks -F /Users/runner/work/red-pen-ios/red-pen-ios/ios/build/Build/Products/Debug-iphonesimulator -F /Applications/Xcode_26.6.app/Contents/Developer/Platforms/iPhoneSimulator.platform/Developer/Library/Frameworks -F /Applications/Xcode_26.6.app/Contents/Developer/Platforms/iPhoneSimulator.platform/Developer/SDKs/iPhoneSimulator26.5.sdk/Developer/Library/Frameworks -Xfrontend -load-plugin-executable -Xfrontend /Users/runner/work/red-pen-ios/red-pen-ios/ios/build/Build/Products/Debug/LocalLLMClientMacrosPlugin\#LocalLLMClientMacrosPlugin -parse-as-library -c -j3 -enable-batch-mode -incremental -Xcc -ivfsstatcache -Xcc /Users/runner/work/red-pen-ios/red-pen-ios/ios/build/SDKStatCaches.noindex/iphonesimulator26.5-23F81a-688ef53f1462e2c8f657fdc38a81448ff45c64a1807a658693f2a61704f17a36.sdkstatcache -output-file-map /Users/runner/work/red-pen-ios/red-pen-ios/ios/build/Build/Intermediates.noindex/LocalLLMClient.build/Debug-iphonesimulator/LocalLLMClientMacros.build/Objects-normal/arm64/LocalLLMClientMacros-OutputFileMap.json -use-frontend-parseable-output -save-temps -no-color-diagnostics -serialize-diagnostics -emit-dependencies -emit-module -emit-module-path /Users/runner/work/red-pen-ios/red-pen-ios/ios/build/Build/Intermediates.noindex/LocalLLMClient.build/Debug-iphonesimulator/LocalLLMClientMacros.build/Objects-normal/arm64/LocalLLMClientMacros.swiftmodule -validate-clang-modules-once -clang-build-session-file /Users/runner/work/red-pen-ios/red-pen-ios/ios/build/ModuleCache.noindex/Session.modulevalidation -package-name localllmclient -Xcc -I/Users/runner/work/red-pen-ios/red-pen-ios/ios/build/Build/Intermediates.noindex/LocalLLMClient.build/Debug-iphonesimulator/LocalLLMClientMacros.build/swift-overrides.hmap -emit-const-values -Xfrontend -const-gather-protocols-file -Xfrontend /Users/runner/work/red-pen-ios/red-pen-ios/ios/build/Build/Intermediates.noindex/LocalLLMClient.build/Debug-iphonesimulator/LocalLLMClientMacros.build/Objects-normal/arm64/LocalLLMClientMacros_const_extract_protocols.json -Xcc -I/Users/runner/work/red-pen-ios/red-pen-ios/ios/build/Build/Products/Debug-iphonesimulator/include -Xcc -I/Users/runner/work/red-pen-ios/red-pen-ios/ios/build/Build/Intermediates.noindex/LocalLLMClient.build/Debug-iphonesimulator/LocalLLMClientMacros.build/DerivedSources-normal/arm64 -Xcc -I/Users/runner/work/red-pen-ios/red-pen-ios/ios/build/Build/Intermediates.noindex/LocalLLMClient.build/Debug-iphonesimulator/LocalLLMClientMacros.build/DerivedSources/arm64 -Xcc -I/Users/runner/work/red-pen-ios/red-pen-ios/ios/build/Build/Intermediates.noindex/LocalLLMClient.build/Debug-iphonesimulator/LocalLLMClientMacros.build/DerivedSources -Xcc -DSWIFT_PACKAGE -Xcc -DDEBUG\=1 -emit-objc-header -emit-objc-header-path /Users/runner/work/red-pen-ios/red-pen-ios/ios/build/Build/Intermediates.noindex/LocalLLMClient.build/Debug-iphonesimulator/LocalLLMClientMacros.build/Objects-normal/arm64/LocalLLMClientMacros-Swift.h -working-directory /Users/runner/work/red-pen-ios/red-pen-ios/ios/RedPen.xcodeproj -experimental-emit-module-separately -disable-cmo

SwiftDriverJobDiscovery normal arm64 Compiling LocalLLMClientMacros.swift (in target 'LocalLLMClientMacros' from project 'LocalLLMClient')

SwiftMergeGeneratedHeaders /Users/runner/work/red-pen-ios/red-pen-ios/ios/build/Build/Intermediates.noindex/GeneratedModuleMaps-iphonesimulator/LocalLLMClientMacros-Swift.h /Users/runner/work/red-pen-ios/red-pen-ios/ios/build/Build/Intermediates.noindex/LocalLLMClient.build/Debug-iphonesimulator/LocalLLMClientMacros.build/Objects-normal/arm64/LocalLLMClientMacros-Swift.h (in target 'LocalLLMClientMacros' from project 'LocalLLMClient')
    cd /Users/runner/work/red-pen-ios/red-pen-ios/ios/build/SourcePackages/checkouts/LocalLLMClient
    builtin-swiftHeaderTool -arch arm64 /Users/runner/work/red-pen-ios/red-pen-ios/ios/build/Build/Intermediates.noindex/LocalLLMClient.build/Debug-iphonesimulator/LocalLLMClientMacros.build/Objects-normal/arm64/LocalLLMClientMacros-Swift.h -o /Users/runner/work/red-pen-ios/red-pen-ios/ios/build/Build/Intermediates.noindex/GeneratedModuleMaps-iphonesimulator/LocalLLMClientMacros-Swift.h

Copy /Users/runner/work/red-pen-ios/red-pen-ios/ios/build/Build/Products/Debug-iphonesimulator/LocalLLMClientMacros.swiftmodule/arm64-apple-ios-simulator.swiftmodule /Users/runner/work/red-pen-ios/red-pen-ios/ios/build/Build/Intermediates.noindex/LocalLLMClient.build/Debug-iphonesimulator/LocalLLMClientMacros.build/Objects-normal/arm64/LocalLLMClientMacros.swiftmodule (in target 'LocalLLMClientMacros' from project 'LocalLLMClient')
    cd /Users/runner/work/red-pen-ios/red-pen-ios/ios/build/SourcePackages/checkouts/LocalLLMClient
    builtin-copy -exclude .DS_Store -exclude CVS -exclude .svn -exclude .git -exclude .hg -resolve-src-symlinks -rename /Users/runner/work/red-pen-ios/red-pen-ios/ios/build/Build/Intermediates.noindex/LocalLLMClient.build/Debug-iphonesimulator/LocalLLMClientMacros.build/Objects-normal/arm64/LocalLLMClientMacros.swiftmodule /Users/runner/work/red-pen-ios/red-pen-ios/ios/build/Build/Products/Debug-iphonesimulator/LocalLLMClientMacros.swiftmodule/arm64-apple-ios-simulator.swiftmodule

Copy /Users/runner/work/red-pen-ios/red-pen-ios/ios/build/Build/Products/Debug-iphonesimulator/LocalLLMClientMacros.swiftmodule/arm64-apple-ios-simulator.swiftdoc /Users/runner/work/red-pen-ios/red-pen-ios/ios/build/Build/Intermediates.noindex/LocalLLMClient.build/Debug-iphonesimulator/LocalLLMClientMacros.build/Objects-normal/arm64/LocalLLMClientMacros.swiftdoc (in target 'LocalLLMClientMacros' from project 'LocalLLMClient')
    cd /Users/runner/work/red-pen-ios/red-pen-ios/ios/build/SourcePackages/checkouts/LocalLLMClient
    builtin-copy -exclude .DS_Store -exclude CVS -exclude .svn -exclude .git -exclude .hg -resolve-src-symlinks -rename /Users/runner/work/red-pen-ios/red-pen-ios/ios/build/Build/Intermediates.noindex/LocalLLMClient.build/Debug-iphonesimulator/LocalLLMClientMacros.build/Objects-normal/arm64/LocalLLMClientMacros.swiftdoc /Users/runner/work/red-pen-ios/red-pen-ios/ios/build/Build/Products/Debug-iphonesimulator/LocalLLMClientMacros.swiftmodule/arm64-apple-ios-simulator.swiftdoc

Copy /Users/runner/work/red-pen-ios/red-pen-ios/ios/build/Build/Products/Debug-iphonesimulator/LocalLLMClientMacros.swiftmodule/arm64-apple-ios-simulator.abi.json /Users/runner/work/red-pen-ios/red-pen-ios/ios/build/Build/Intermediates.noindex/LocalLLMClient.build/Debug-iphonesimulator/LocalLLMClientMacros.build/Objects-normal/arm64/LocalLLMClientMacros.abi.json (in target 'LocalLLMClientMacros' from project 'LocalLLMClient')
    cd /Users/runner/work/red-pen-ios/red-pen-ios/ios/build/SourcePackages/checkouts/LocalLLMClient
    builtin-copy -exclude .DS_Store -exclude CVS -exclude .svn -exclude .git -exclude .hg -resolve-src-symlinks -rename /Users/runner/work/red-pen-ios/red-pen-ios/ios/build/Build/Intermediates.noindex/LocalLLMClient.build/Debug-iphonesimulator/LocalLLMClientMacros.build/Objects-normal/arm64/LocalLLMClientMacros.abi.json /Users/runner/work/red-pen-ios/red-pen-ios/ios/build/Build/Products/Debug-iphonesimulator/LocalLLMClientMacros.swiftmodule/arm64-apple-ios-simulator.abi.json

Copy /Users/runner/work/red-pen-ios/red-pen-ios/ios/build/Build/Products/Debug-iphonesimulator/LocalLLMClientMacros.swiftmodule/Project/arm64-apple-ios-simulator.swiftsourceinfo /Users/runner/work/red-pen-ios/red-pen-ios/ios/build/Build/Intermediates.noindex/LocalLLMClient.build/Debug-iphonesimulator/LocalLLMClientMacros.build/Objects-normal/arm64/LocalLLMClientMacros.swiftsourceinfo (in target 'LocalLLMClientMacros' from project 'LocalLLMClient')
    cd /Users/runner/work/red-pen-ios/red-pen-ios/ios/build/SourcePackages/checkouts/LocalLLMClient
    builtin-copy -exclude .DS_Store -exclude CVS -exclude .svn -exclude .git -exclude .hg -resolve-src-symlinks -rename /Users/runner/work/red-pen-ios/red-pen-ios/ios/build/Build/Intermediates.noindex/LocalLLMClient.build/Debug-iphonesimulator/LocalLLMClientMacros.build/Objects-normal/arm64/LocalLLMClientMacros.swiftsourceinfo /Users/runner/work/red-pen-ios/red-pen-ios/ios/build/Build/Products/Debug-iphonesimulator/LocalLLMClientMacros.swiftmodule/Project/arm64-apple-ios-simulator.swiftsourceinfo

SwiftDriver\ Compilation LocalLLMClientMacros normal arm64 com.apple.xcode.tools.swift.compiler (in target 'LocalLLMClientMacros' from project 'LocalLLMClient')
    cd /Users/runner/work/red-pen-ios/red-pen-ios/ios/RedPen.xcodeproj
    builtin-Swift-Compilation -- /Applications/Xcode_26.6.app/Contents/Developer/Toolchains/XcodeDefault.xctoolchain/usr/bin/swiftc -module-name LocalLLMClientMacros -Onone @/Users/runner/work/red-pen-ios/red-pen-ios/ios/build/Build/Intermediates.noindex/LocalLLMClient.build/Debug-iphonesimulator/LocalLLMClientMacros.build/Objects-normal/arm64/LocalLLMClientMacros.SwiftFileList -DSWIFT_PACKAGE -DDEBUG -DSWIFT_MODULE_RESOURCE_BUNDLE_UNAVAILABLE -DXcode -plugin-path /Applications/Xcode_26.6.app/Contents/Developer/Toolchains/XcodeDefault.xctoolchain/usr/lib/swift/host/plugins/testing -enable-experimental-feature DebugDescriptionMacro -sdk /Applications/Xcode_26.6.app/Contents/Developer/Platforms/iPhoneSimulator.platform/Developer/SDKs/iPhoneSimulator26.5.sdk -target arm64-apple-ios17.0-simulator -g -module-cache-path /Users/runner/work/red-pen-ios/red-pen-ios/ios/build/ModuleCache.noindex -Xfrontend -serialize-debugging-options -enable-testing -suppress-warnings -index-store-path /Users/runner/work/red-pen-ios/red-pen-ios/ios/build/Index.noindex/DataStore -Xcc -D_LIBCPP_HARDENING_MODE\=_LIBCPP_HARDENING_MODE_DEBUG -swift-version 6 -I /Users/runner/work/red-pen-ios/red-pen-ios/ios/build/Build/Products/Debug-iphonesimulator -Isystem /Applications/Xcode_26.6.app/Contents/Developer/Platforms/iPhoneSimulator.platform/Developer/usr/lib -F /Users/runner/work/red-pen-ios/red-pen-ios/ios/build/Build/Products/Debug-iphonesimulator/PackageFrameworks -F /Users/runner/work/red-pen-ios/red-pen-ios/ios/build/Build/Products/Debug-iphonesimulator/PackageFrameworks -F /Users/runner/work/red-pen-ios/red-pen-ios/ios/build/Build/Products/Debug-iphonesimulator/PackageFrameworks -F /Users/runner/work/red-pen-ios/red-pen-ios/ios/build/Build/Products/Debug-iphonesimulator/PackageFrameworks -F /Users/runner/work/red-pen-ios/red-pen-ios/ios/build/Build/Products/Debug-iphonesimulator/PackageFrameworks -F /Users/runner/work/red-pen-ios/red-pen-ios/ios/build/Build/Products/Debug-iphonesimulator -F /Applications/Xcode_26.6.app/Contents/Developer/Platforms/iPhoneSimulator.platform/Developer/Library/Frameworks -F /Applications/Xcode_26.6.app/Contents/Developer/Platforms/iPhoneSimulator.platform/Developer/SDKs/iPhoneSimulator26.5.sdk/Developer/Library/Frameworks -Xfrontend -load-plugin-executable -Xfrontend /Users/runner/work/red-pen-ios/red-pen-ios/ios/build/Build/Products/Debug/LocalLLMClientMacrosPlugin\#LocalLLMClientMacrosPlugin -parse-as-library -c -j3 -enable-batch-mode -incremental -Xcc -ivfsstatcache -Xcc /Users/runner/work/red-pen-ios/red-pen-ios/ios/build/SDKStatCaches.noindex/iphonesimulator26.5-23F81a-688ef53f1462e2c8f657fdc38a81448ff45c64a1807a658693f2a61704f17a36.sdkstatcache -output-file-map /Users/runner/work/red-pen-ios/red-pen-ios/ios/build/Build/Intermediates.noindex/LocalLLMClient.build/Debug-iphonesimulator/LocalLLMClientMacros.build/Objects-normal/arm64/LocalLLMClientMacros-OutputFileMap.json -use-frontend-parseable-output -save-temps -no-color-diagnostics -serialize-diagnostics -emit-dependencies -emit-module -emit-module-path /Users/runner/work/red-pen-ios/red-pen-ios/ios/build/Build/Intermediates.noindex/LocalLLMClient.build/Debug-iphonesimulator/LocalLLMClientMacros.build/Objects-normal/arm64/LocalLLMClientMacros.swiftmodule -validate-clang-modules-once -clang-build-session-file /Users/runner/work/red-pen-ios/red-pen-ios/ios/build/ModuleCache.noindex/Session.modulevalidation -package-name localllmclient -Xcc -I/Users/runner/work/red-pen-ios/red-pen-ios/ios/build/Build/Intermediates.noindex/LocalLLMClient.build/Debug-iphonesimulator/LocalLLMClientMacros.build/swift-overrides.hmap -emit-const-values -Xfrontend -const-gather-protocols-file -Xfrontend /Users/runner/work/red-pen-ios/red-pen-ios/ios/build/Build/Intermediates.noindex/LocalLLMClient.build/Debug-iphonesimulator/LocalLLMClientMacros.build/Objects-normal/arm64/LocalLLMClientMacros_const_extract_protocols.json -Xcc -I/Users/runner/work/red-pen-ios/red-pen-ios/ios/build/Build/Products/Debug-iphonesimulator/include -Xcc -I/Users/runner/work/red-pen-ios/red-pen-ios/ios/build/Build/Intermediates.noindex/LocalLLMClient.build/Debug-iphonesimulator/LocalLLMClientMacros.build/DerivedSources-normal/arm64 -Xcc -I/Users/runner/work/red-pen-ios/red-pen-ios/ios/build/Build/Intermediates.noindex/LocalLLMClient.build/Debug-iphonesimulator/LocalLLMClientMacros.build/DerivedSources/arm64 -Xcc -I/Users/runner/work/red-pen-ios/red-pen-ios/ios/build/Build/Intermediates.noindex/LocalLLMClient.build/Debug-iphonesimulator/LocalLLMClientMacros.build/DerivedSources -Xcc -DSWIFT_PACKAGE -Xcc -DDEBUG\=1 -emit-objc-header -emit-objc-header-path /Users/runner/work/red-pen-ios/red-pen-ios/ios/build/Build/Intermediates.noindex/LocalLLMClient.build/Debug-iphonesimulator/LocalLLMClientMacros.build/Objects-normal/arm64/LocalLLMClientMacros-Swift.h -working-directory /Users/runner/work/red-pen-ios/red-pen-ios/ios/RedPen.xcodeproj -experimental-emit-module-separately -disable-cmo

Ld /Users/runner/work/red-pen-ios/red-pen-ios/ios/build/Build/Products/Debug-iphonesimulator/Jinja.o normal (in target 'Jinja' from project 'Jinja')
    cd /Users/runner/work/red-pen-ios/red-pen-ios/ios/build/SourcePackages/checkouts/swift-jinja
    /Applications/Xcode_26.6.app/Contents/Developer/Toolchains/XcodeDefault.xctoolchain/usr/bin/clang -Xlinker -reproducible -target arm64-apple-ios16.0-simulator -r -isysroot /Applications/Xcode_26.6.app/Contents/Developer/Platforms/iPhoneSimulator.platform/Developer/SDKs/iPhoneSimulator26.5.sdk -O0 -w -F/Users/runner/work/red-pen-ios/red-pen-ios/ios/build/Build/Intermediates.noindex/EagerLinkingTBDs/Debug-iphonesimulator -F/Users/runner/work/red-pen-ios/red-pen-ios/ios/build/Build/Products/Debug-iphonesimulator/PackageFrameworks -F/Users/runner/work/red-pen-ios/red-pen-ios/ios/build/Build/Products/Debug-iphonesimulator/PackageFrameworks -F/Users/runner/work/red-pen-ios/red-pen-ios/ios/build/Build/Products/Debug-iphonesimulator -iframework /Applications/Xcode_26.6.app/Contents/Developer/Platforms/iPhoneSimulator.platform/Developer/Library/Frameworks -iframework /Applications/Xcode_26.6.app/Contents/Developer/Platforms/iPhoneSimulator.platform/Developer/SDKs/iPhoneSimulator26.5.sdk/Developer/Library/Frameworks -filelist /Users/runner/work/red-pen-ios/red-pen-ios/ios/build/Build/Intermediates.noindex/Jinja.build/Debug-iphonesimulator/Jinja.build/Objects-normal/arm64/Jinja.LinkFileList -nostdlib -Xlinker -object_path_lto -Xlinker /Users/runner/work/red-pen-ios/red-pen-ios/ios/build/Build/Intermediates.noindex/Jinja.build/Debug-iphonesimulator/Jinja.build/Objects-normal/arm64/Jinja_lto.o -Xlinker -no_deduplicate -Xlinker -objc_abi_version -Xlinker 2 -Xlinker -dependency_info -Xlinker /Users/runner/work/red-pen-ios/red-pen-ios/ios/build/Build/Intermediates.noindex/Jinja.build/Debug-iphonesimulator/Jinja.build/Objects-normal/arm64/Jinja_dependency_info.dat -fobjc-link-runtime -L/Applications/Xcode_26.6.app/Contents/Developer/Toolchains/XcodeDefault.xctoolchain/usr/lib/swift/iphonesimulator -L/usr/lib/swift -Xlinker -add_ast_path -Xlinker /Users/runner/work/red-pen-ios/red-pen-ios/ios/build/Build/Intermediates.noindex/Jinja.build/Debug-iphonesimulator/Jinja.build/Objects-normal/arm64/Jinja.swiftmodule -o /Users/runner/work/red-pen-ios/red-pen-ios/ios/build/Build/Products/Debug-iphonesimulator/Jinja.o

SwiftDriver LocalLLMClientLlama normal arm64 com.apple.xcode.tools.swift.compiler (in target 'LocalLLMClientLlama' from project 'LocalLLMClient')
    cd /Users/runner/work/red-pen-ios/red-pen-ios/ios/RedPen.xcodeproj
    builtin-SwiftDriver -- /Applications/Xcode_26.6.app/Contents/Developer/Toolchains/XcodeDefault.xctoolchain/usr/bin/swiftc -module-name LocalLLMClientLlama -Onone @/Users/runner/work/red-pen-ios/red-pen-ios/ios/build/Build/Intermediates.noindex/LocalLLMClient.build/Debug-iphonesimulator/LocalLLMClientLlama.build/Objects-normal/arm64/LocalLLMClientLlama.SwiftFileList -DSWIFT_PACKAGE -DDEBUG -DSWIFT_MODULE_RESOURCE_BUNDLE_AVAILABLE -DXcode -cxx-interoperability-mode\=default -Xcc -std\=c++17 -plugin-path /Applications/Xcode_26.6.app/Contents/Developer/Toolchains/XcodeDefault.xctoolchain/usr/lib/swift/host/plugins/testing -enable-experimental-feature DebugDescriptionMacro -sdk /Applications/Xcode_26.6.app/Contents/Developer/Platforms/iPhoneSimulator.platform/Developer/SDKs/iPhoneSimulator26.5.sdk -target arm64-apple-ios17.0-simulator -g -module-cache-path /Users/runner/work/red-pen-ios/red-pen-ios/ios/build/ModuleCache.noindex -Xfrontend -serialize-debugging-options -enable-testing -suppress-warnings -index-store-path /Users/runner/work/red-pen-ios/red-pen-ios/ios/build/Index.noindex/DataStore -Xcc -D_LIBCPP_HARDENING_MODE\=_LIBCPP_HARDENING_MODE_DEBUG -swift-version 6 -I /Users/runner/work/red-pen-ios/red-pen-ios/ios/build/Build/Products/Debug-iphonesimulator -Isystem /Applications/Xcode_26.6.app/Contents/Developer/Platforms/iPhoneSimulator.platform/Developer/usr/lib -F /Users/runner/work/red-pen-ios/red-pen-ios/ios/build/Build/Products/Debug-iphonesimulator/PackageFrameworks -F /Users/runner/work/red-pen-ios/red-pen-ios/ios/build/Build/Products/Debug-iphonesimulator/PackageFrameworks -F /Users/runner/work/red-pen-ios/red-pen-ios/ios/build/Build/Products/Debug-iphonesimulator/PackageFrameworks -F /Users/runner/work/red-pen-ios/red-pen-ios/ios/build/Build/Products/Debug-iphonesimulator/PackageFrameworks -F /Users/runner/work/red-pen-ios/red-pen-ios/ios/build/Build/Products/Debug-iphonesimulator/PackageFrameworks -F /Users/runner/work/red-pen-ios/red-pen-ios/ios/build/Build/Products/Debug-iphonesimulator/PackageFrameworks -F /Users/runner/work/red-pen-ios/red-pen-ios/ios/build/Build/Products/Debug-iphonesimulator -F /Applications/Xcode_26.6.app/Contents/Developer/Platforms/iPhoneSimulator.platform/Developer/Library/Frameworks -F /Applications/Xcode_26.6.app/Contents/Developer/Platforms/iPhoneSimulator.platform/Developer/SDKs/iPhoneSimulator26.5.sdk/Developer/Library/Frameworks -c -j3 -enable-batch-mode -incremental -Xcc -ivfsstatcache -Xcc /Users/runner/work/red-pen-ios/red-pen-ios/ios/build/SDKStatCaches.noindex/iphonesimulator26.5-23F81a-688ef53f1462e2c8f657fdc38a81448ff45c64a1807a658693f2a61704f17a36.sdkstatcache -output-file-map /Users/runner/work/red-pen-ios/red-pen-ios/ios/build/Build/Intermediates.noindex/LocalLLMClient.build/Debug-iphonesimulator/LocalLLMClientLlama.build/Objects-normal/arm64/LocalLLMClientLlama-OutputFileMap.json -use-frontend-parseable-output -save-temps -no-color-diagnostics -serialize-diagnostics -emit-dependencies -emit-module -emit-module-path /Users/runner/work/red-pen-ios/red-pen-ios/ios/build/Build/Intermediates.noindex/LocalLLMClient.build/Debug-iphonesimulator/LocalLLMClientLlama.build/Objects-normal/arm64/LocalLLMClientLlama.swiftmodule -validate-clang-modules-once -clang-build-session-file /Users/runner/work/red-pen-ios/red-pen-ios/ios/build/ModuleCache.noindex/Session.modulevalidation -package-name localllmclient -Xcc -I/Users/runner/work/red-pen-ios/red-pen-ios/ios/build/Build/Intermediates.noindex/LocalLLMClient.build/Debug-iphonesimulator/LocalLLMClientLlama.build/swift-overrides.hmap -emit-const-values -Xfrontend -const-gather-protocols-file -Xfrontend /Users/runner/work/red-pen-ios/red-pen-ios/ios/build/Build/Intermediates.noindex/LocalLLMClient.build/Debug-iphonesimulator/LocalLLMClientLlama.build/Objects-normal/arm64/LocalLLMClientLlama_const_extract_protocols.json -Xcc -I/Users/runner/work/red-pen-ios/red-pen-ios/ios/build/SourcePackages/checkouts/LocalLLMClient/Sources/LocalLLMClientLlamaC/include -Xcc -I/Users/runner/work/red-pen-ios/red-pen-ios/ios/build/Build/Products/Debug-iphonesimulator/include -Xcc -I/Users/runner/work/red-pen-ios/red-pen-ios/ios/build/Build/Intermediates.noindex/LocalLLMClient.build/Debug-iphonesimulator/LocalLLMClientLlama.build/DerivedSources-normal/arm64 -Xcc -I/Users/runner/work/red-pen-ios/red-pen-ios/ios/build/Build/Intermediates.noindex/LocalLLMClient.build/Debug-iphonesimulator/LocalLLMClientLlama.build/DerivedSources/arm64 -Xcc -I/Users/runner/work/red-pen-ios/red-pen-ios/ios/build/Build/Intermediates.noindex/LocalLLMClient.build/Debug-iphonesimulator/LocalLLMClientLlama.build/DerivedSources -Xcc -DSWIFT_PACKAGE -Xcc -DDEBUG\=1 -emit-objc-header -emit-objc-header-path /Users/runner/work/red-pen-ios/red-pen-ios/ios/build/Build/Intermediates.noindex/LocalLLMClient.build/Debug-iphonesimulator/LocalLLMClientLlama.build/Objects-normal/arm64/LocalLLMClientLlama-Swift.h -working-directory /Users/runner/work/red-pen-ios/red-pen-ios/ios/RedPen.xcodeproj -experimental-emit-module-separately -disable-cmo

SwiftEmitModule normal arm64 Emitting\ module\ for\ LocalLLMClientLlama (in target 'LocalLLMClientLlama' from project 'LocalLLMClient')
EmitSwiftModule normal arm64 (in target 'LocalLLMClientLlama' from project 'LocalLLMClient')
    cd /Users/runner/work/red-pen-ios/red-pen-ios/ios/RedPen.xcodeproj
    

SwiftCompile normal arm64 Compiling\ Model.swift,\ Multimodal.swift,\ Parameter.swift,\ Sampler.swift,\ Token.swift,\ ToolExecution.swift,\ Utility.swift,\ stb_image.swift /Users/runner/work/red-pen-ios/red-pen-ios/ios/build/SourcePackages/checkouts/LocalLLMClient/Sources/LocalLLMClientLlama/Model.swift /Users/runner/work/red-pen-ios/red-pen-ios/ios/build/SourcePackages/checkouts/LocalLLMClient/Sources/LocalLLMClientLlama/Multimodal.swift /Users/runner/work/red-pen-ios/red-pen-ios/ios/build/SourcePackages/checkouts/LocalLLMClient/Sources/LocalLLMClientLlama/Parameter.swift /Users/runner/work/red-pen-ios/red-pen-ios/ios/build/SourcePackages/checkouts/LocalLLMClient/Sources/LocalLLMClientLlama/Sampler.swift /Users/runner/work/red-pen-ios/red-pen-ios/ios/build/SourcePackages/checkouts/LocalLLMClient/Sources/LocalLLMClientLlama/Token.swift /Users/runner/work/red-pen-ios/red-pen-ios/ios/build/SourcePackages/checkouts/LocalLLMClient/Sources/LocalLLMClientLlama/ToolExecution.swift /Users/runner/work/red-pen-ios/red-pen-ios/ios/build/SourcePackages/checkouts/LocalLLMClient/Sources/LocalLLMClientLlama/Utility.swift /Users/runner/work/red-pen-ios/red-pen-ios/ios/build/SourcePackages/checkouts/LocalLLMClient/Sources/LocalLLMClientLlama/stb_image.swift (in target 'LocalLLMClientLlama' from project 'LocalLLMClient')
SwiftCompile normal arm64 /Users/runner/work/red-pen-ios/red-pen-ios/ios/build/SourcePackages/checkouts/LocalLLMClient/Sources/LocalLLMClientLlama/Model.swift (in target 'LocalLLMClientLlama' from project 'LocalLLMClient')
    cd /Users/runner/work/red-pen-ios/red-pen-ios/ios/RedPen.xcodeproj
    

SwiftCompile normal arm64 /Users/runner/work/red-pen-ios/red-pen-ios/ios/build/SourcePackages/checkouts/LocalLLMClient/Sources/LocalLLMClientLlama/Multimodal.swift (in target 'LocalLLMClientLlama' from project 'LocalLLMClient')
    cd /Users/runner/work/red-pen-ios/red-pen-ios/ios/RedPen.xcodeproj
    

SwiftCompile normal arm64 /Users/runner/work/red-pen-ios/red-pen-ios/ios/build/SourcePackages/checkouts/LocalLLMClient/Sources/LocalLLMClientLlama/Parameter.swift (in target 'LocalLLMClientLlama' from project 'LocalLLMClient')
    cd /Users/runner/work/red-pen-ios/red-pen-ios/ios/RedPen.xcodeproj
    

SwiftCompile normal arm64 /Users/runner/work/red-pen-ios/red-pen-ios/ios/build/SourcePackages/checkouts/LocalLLMClient/Sources/LocalLLMClientLlama/Sampler.swift (in target 'LocalLLMClientLlama' from project 'LocalLLMClient')
    cd /Users/runner/work/red-pen-ios/red-pen-ios/ios/RedPen.xcodeproj
    

SwiftCompile normal arm64 /Users/runner/work/red-pen-ios/red-pen-ios/ios/build/SourcePackages/checkouts/LocalLLMClient/Sources/LocalLLMClientLlama/Token.swift (in target 'LocalLLMClientLlama' from project 'LocalLLMClient')
    cd /Users/runner/work/red-pen-ios/red-pen-ios/ios/RedPen.xcodeproj
    

SwiftCompile normal arm64 /Users/runner/work/red-pen-ios/red-pen-ios/ios/build/SourcePackages/checkouts/LocalLLMClient/Sources/LocalLLMClientLlama/ToolExecution.swift (in target 'LocalLLMClientLlama' from project 'LocalLLMClient')
    cd /Users/runner/work/red-pen-ios/red-pen-ios/ios/RedPen.xcodeproj
    

SwiftCompile normal arm64 /Users/runner/work/red-pen-ios/red-pen-ios/ios/build/SourcePackages/checkouts/LocalLLMClient/Sources/LocalLLMClientLlama/Utility.swift (in target 'LocalLLMClientLlama' from project 'LocalLLMClient')
    cd /Users/runner/work/red-pen-ios/red-pen-ios/ios/RedPen.xcodeproj
    

SwiftCompile normal arm64 /Users/runner/work/red-pen-ios/red-pen-ios/ios/build/SourcePackages/checkouts/LocalLLMClient/Sources/LocalLLMClientLlama/stb_image.swift (in target 'LocalLLMClientLlama' from project 'LocalLLMClient')
    cd /Users/runner/work/red-pen-ios/red-pen-ios/ios/RedPen.xcodeproj
    

SwiftDriverJobDiscovery normal arm64 Compiling StreamingToolCallProcessor.swift, ToolArgument.swift, ToolArgumentType.swift, ToolExecutor.swift, ToolOutput.swift, ToolSchemaGeneratable.swift (in target 'LocalLLMClientCore' from project 'LocalLLMClient')

SwiftCompile normal arm64 Compiling\ resource_bundle_accessor.swift,\ Batch.swift,\ Context.swift,\ Decoder.swift,\ Generator.swift,\ LLMSession+Llama.swift,\ LlamaClient.swift,\ LlamaToolCallParser.swift /Users/runner/work/red-pen-ios/red-pen-ios/ios/build/Build/Intermediates.noindex/LocalLLMClient.build/Debug-iphonesimulator/LocalLLMClientLlama.build/DerivedSources/resource_bundle_accessor.swift /Users/runner/work/red-pen-ios/red-pen-ios/ios/build/SourcePackages/checkouts/LocalLLMClient/Sources/LocalLLMClientLlama/Batch.swift /Users/runner/work/red-pen-ios/red-pen-ios/ios/build/SourcePackages/checkouts/LocalLLMClient/Sources/LocalLLMClientLlama/Context.swift /Users/runner/work/red-pen-ios/red-pen-ios/ios/build/SourcePackages/checkouts/LocalLLMClient/Sources/LocalLLMClientLlama/Decoder.swift /Users/runner/work/red-pen-ios/red-pen-ios/ios/build/SourcePackages/checkouts/LocalLLMClient/Sources/LocalLLMClientLlama/Generator.swift /Users/runner/work/red-pen-ios/red-pen-ios/ios/build/SourcePackages/checkouts/LocalLLMClient/Sources/LocalLLMClientLlama/LLMSession+Llama.swift /Users/runner/work/red-pen-ios/red-pen-ios/ios/build/SourcePackages/checkouts/LocalLLMClient/Sources/LocalLLMClientLlama/LlamaClient.swift /Users/runner/work/red-pen-ios/red-pen-ios/ios/build/SourcePackages/checkouts/LocalLLMClient/Sources/LocalLLMClientLlama/LlamaToolCallParser.swift (in target 'LocalLLMClientLlama' from project 'LocalLLMClient')

SwiftCompile normal arm64 /Users/runner/work/red-pen-ios/red-pen-ios/ios/build/Build/Intermediates.noindex/LocalLLMClient.build/Debug-iphonesimulator/LocalLLMClientLlama.build/DerivedSources/resource_bundle_accessor.swift (in target 'LocalLLMClientLlama' from project 'LocalLLMClient')
    cd /Users/runner/work/red-pen-ios/red-pen-ios/ios/RedPen.xcodeproj
    

SwiftCompile normal arm64 /Users/runner/work/red-pen-ios/red-pen-ios/ios/build/SourcePackages/checkouts/LocalLLMClient/Sources/LocalLLMClientLlama/Batch.swift (in target 'LocalLLMClientLlama' from project 'LocalLLMClient')
    cd /Users/runner/work/red-pen-ios/red-pen-ios/ios/RedPen.xcodeproj
    

SwiftCompile normal arm64 /Users/runner/work/red-pen-ios/red-pen-ios/ios/build/SourcePackages/checkouts/LocalLLMClient/Sources/LocalLLMClientLlama/Context.swift (in target 'LocalLLMClientLlama' from project 'LocalLLMClient')
    cd /Users/runner/work/red-pen-ios/red-pen-ios/ios/RedPen.xcodeproj
    

SwiftCompile normal arm64 /Users/runner/work/red-pen-ios/red-pen-ios/ios/build/SourcePackages/checkouts/LocalLLMClient/Sources/LocalLLMClientLlama/Decoder.swift (in target 'LocalLLMClientLlama' from project 'LocalLLMClient')
    cd /Users/runner/work/red-pen-ios/red-pen-ios/ios/RedPen.xcodeproj
    

SwiftCompile normal arm64 /Users/runner/work/red-pen-ios/red-pen-ios/ios/build/SourcePackages/checkouts/LocalLLMClient/Sources/LocalLLMClientLlama/Generator.swift (in target 'LocalLLMClientLlama' from project 'LocalLLMClient')
    cd /Users/runner/work/red-pen-ios/red-pen-ios/ios/RedPen.xcodeproj
    

SwiftCompile normal arm64 /Users/runner/work/red-pen-ios/red-pen-ios/ios/build/SourcePackages/checkouts/LocalLLMClient/Sources/LocalLLMClientLlama/LLMSession+Llama.swift (in target 'LocalLLMClientLlama' from project 'LocalLLMClient')
    cd /Users/runner/work/red-pen-ios/red-pen-ios/ios/RedPen.xcodeproj
    

SwiftCompile normal arm64 /Users/runner/work/red-pen-ios/red-pen-ios/ios/build/SourcePackages/checkouts/LocalLLMClient/Sources/LocalLLMClientLlama/LlamaClient.swift (in target 'LocalLLMClientLlama' from project 'LocalLLMClient')
    cd /Users/runner/work/red-pen-ios/red-pen-ios/ios/RedPen.xcodeproj
    

SwiftCompile normal arm64 /Users/runner/work/red-pen-ios/red-pen-ios/ios/build/SourcePackages/checkouts/LocalLLMClient/Sources/LocalLLMClientLlama/LlamaToolCallParser.swift (in target 'LocalLLMClientLlama' from project 'LocalLLMClient')
    cd /Users/runner/work/red-pen-ios/red-pen-ios/ios/RedPen.xcodeproj
    

SwiftDriverJobDiscovery normal arm64 Compiling AnyLLMClient.swift, Async+.swift, LLMClient.swift, LLMError.swift, LLMInput.swift, LLMSession.swift, PauseHandler.swift (in target 'LocalLLMClientCore' from project 'LocalLLMClient')

SwiftCompile normal arm64 Compiling\ Logger.swift,\ ChatTemplateRenderer.swift,\ LlamaSpecificDecoder.swift,\ MessageChunk.swift,\ MessageProcessor.swift,\ MessageTransformer.swift,\ MultimodalChunkExtractor.swift,\ ToolInstructionProcessor.swift /Users/runner/work/red-pen-ios/red-pen-ios/ios/build/SourcePackages/checkouts/LocalLLMClient/Sources/LocalLLMClientLlama/Logger.swift /Users/runner/work/red-pen-ios/red-pen-ios/ios/build/SourcePackages/checkouts/LocalLLMClient/Sources/LocalLLMClientLlama/MessageProcessing/ChatTemplateRenderer.swift /Users/runner/work/red-pen-ios/red-pen-ios/ios/build/SourcePackages/checkouts/LocalLLMClient/Sources/LocalLLMClientLlama/MessageProcessing/LlamaSpecificDecoder.swift /Users/runner/work/red-pen-ios/red-pen-ios/ios/build/SourcePackages/checkouts/LocalLLMClient/Sources/LocalLLMClientLlama/MessageProcessing/MessageChunk.swift /Users/runner/work/red-pen-ios/red-pen-ios/ios/build/SourcePackages/checkouts/LocalLLMClient/Sources/LocalLLMClientLlama/MessageProcessing/MessageProcessor.swift /Users/runner/work/red-pen-ios/red-pen-ios/ios/build/SourcePackages/checkouts/LocalLLMClient/Sources/LocalLLMClientLlama/MessageProcessing/MessageTransformer.swift /Users/runner/work/red-pen-ios/red-pen-ios/ios/build/SourcePackages/checkouts/LocalLLMClient/Sources/LocalLLMClientLlama/MessageProcessing/MultimodalChunkExtractor.swift /Users/runner/work/red-pen-ios/red-pen-ios/ios/build/SourcePackages/checkouts/LocalLLMClient/Sources/LocalLLMClientLlama/MessageProcessing/ToolInstructionProcessor.swift (in target 'LocalLLMClientLlama' from project 'LocalLLMClient')

SwiftCompile normal arm64 /Users/runner/work/red-pen-ios/red-pen-ios/ios/build/SourcePackages/checkouts/LocalLLMClient/Sources/LocalLLMClientLlama/Logger.swift (in target 'LocalLLMClientLlama' from project 'LocalLLMClient')
    cd /Users/runner/work/red-pen-ios/red-pen-ios/ios/RedPen.xcodeproj
    

SwiftCompile normal arm64 /Users/runner/work/red-pen-ios/red-pen-ios/ios/build/SourcePackages/checkouts/LocalLLMClient/Sources/LocalLLMClientLlama/MessageProcessing/ChatTemplateRenderer.swift (in target 'LocalLLMClientLlama' from project 'LocalLLMClient')
    cd /Users/runner/work/red-pen-ios/red-pen-ios/ios/RedPen.xcodeproj
    

SwiftCompile normal arm64 /Users/runner/work/red-pen-ios/red-pen-ios/ios/build/SourcePackages/checkouts/LocalLLMClient/Sources/LocalLLMClientLlama/MessageProcessing/LlamaSpecificDecoder.swift (in target 'LocalLLMClientLlama' from project 'LocalLLMClient')
    cd /Users/runner/work/red-pen-ios/red-pen-ios/ios/RedPen.xcodeproj
    

SwiftCompile normal arm64 /Users/runner/work/red-pen-ios/red-pen-ios/ios/build/SourcePackages/checkouts/LocalLLMClient/Sources/LocalLLMClientLlama/MessageProcessing/MessageChunk.swift (in target 'LocalLLMClientLlama' from project 'LocalLLMClient')
    cd /Users/runner/work/red-pen-ios/red-pen-ios/ios/RedPen.xcodeproj
    

SwiftCompile normal arm64 /Users/runner/work/red-pen-ios/red-pen-ios/ios/build/SourcePackages/checkouts/LocalLLMClient/Sources/LocalLLMClientLlama/MessageProcessing/MessageProcessor.swift (in target 'LocalLLMClientLlama' from project 'LocalLLMClient')
    cd /Users/runner/work/red-pen-ios/red-pen-ios/ios/RedPen.xcodeproj
    

SwiftCompile normal arm64 /Users/runner/work/red-pen-ios/red-pen-ios/ios/build/SourcePackages/checkouts/LocalLLMClient/Sources/LocalLLMClientLlama/MessageProcessing/MessageTransformer.swift (in target 'LocalLLMClientLlama' from project 'LocalLLMClient')
    cd /Users/runner/work/red-pen-ios/red-pen-ios/ios/RedPen.xcodeproj
    

SwiftCompile normal arm64 /Users/runner/work/red-pen-ios/red-pen-ios/ios/build/SourcePackages/checkouts/LocalLLMClient/Sources/LocalLLMClientLlama/MessageProcessing/MultimodalChunkExtractor.swift (in target 'LocalLLMClientLlama' from project 'LocalLLMClient')
    cd /Users/runner/work/red-pen-ios/red-pen-ios/ios/RedPen.xcodeproj
    

SwiftCompile normal arm64 /Users/runner/work/red-pen-ios/red-pen-ios/ios/build/SourcePackages/checkouts/LocalLLMClient/Sources/LocalLLMClientLlama/MessageProcessing/ToolInstructionProcessor.swift (in target 'LocalLLMClientLlama' from project 'LocalLLMClient')
    cd /Users/runner/work/red-pen-ios/red-pen-ios/ios/RedPen.xcodeproj
    

SwiftDriverJobDiscovery normal arm64 Emitting module for LocalLLMClientLlama (in target 'LocalLLMClientLlama' from project 'LocalLLMClient')

SwiftDriver\ Compilation\ Requirements LocalLLMClientLlama normal arm64 com.apple.xcode.tools.swift.compiler (in target 'LocalLLMClientLlama' from project 'LocalLLMClient')
    cd /Users/runner/work/red-pen-ios/red-pen-ios/ios/RedPen.xcodeproj
    builtin-Swift-Compilation-Requirements -- /Applications/Xcode_26.6.app/Contents/Developer/Toolchains/XcodeDefault.xctoolchain/usr/bin/swiftc -module-name LocalLLMClientLlama -Onone @/Users/runner/work/red-pen-ios/red-pen-ios/ios/build/Build/Intermediates.noindex/LocalLLMClient.build/Debug-iphonesimulator/LocalLLMClientLlama.build/Objects-normal/arm64/LocalLLMClientLlama.SwiftFileList -DSWIFT_PACKAGE -DDEBUG -DSWIFT_MODULE_RESOURCE_BUNDLE_AVAILABLE -DXcode -cxx-interoperability-mode\=default -Xcc -std\=c++17 -plugin-path /Applications/Xcode_26.6.app/Contents/Developer/Toolchains/XcodeDefault.xctoolchain/usr/lib/swift/host/plugins/testing -enable-experimental-feature DebugDescriptionMacro -sdk /Applications/Xcode_26.6.app/Contents/Developer/Platforms/iPhoneSimulator.platform/Developer/SDKs/iPhoneSimulator26.5.sdk -target arm64-apple-ios17.0-simulator -g -module-cache-path /Users/runner/work/red-pen-ios/red-pen-ios/ios/build/ModuleCache.noindex -Xfrontend -serialize-debugging-options -enable-testing -suppress-warnings -index-store-path /Users/runner/work/red-pen-ios/red-pen-ios/ios/build/Index.noindex/DataStore -Xcc -D_LIBCPP_HARDENING_MODE\=_LIBCPP_HARDENING_MODE_DEBUG -swift-version 6 -I /Users/runner/work/red-pen-ios/red-pen-ios/ios/build/Build/Products/Debug-iphonesimulator -Isystem /Applications/Xcode_26.6.app/Contents/Developer/Platforms/iPhoneSimulator.platform/Developer/usr/lib -F /Users/runner/work/red-pen-ios/red-pen-ios/ios/build/Build/Products/Debug-iphonesimulator/PackageFrameworks -F /Users/runner/work/red-pen-ios/red-pen-ios/ios/build/Build/Products/Debug-iphonesimulator/PackageFrameworks -F /Users/runner/work/red-pen-ios/red-pen-ios/ios/build/Build/Products/Debug-iphonesimulator/PackageFrameworks -F /Users/runner/work/red-pen-ios/red-pen-ios/ios/build/Build/Products/Debug-iphonesimulator/PackageFrameworks -F /Users/runner/work/red-pen-ios/red-pen-ios/ios/build/Build/Products/Debug-iphonesimulator/PackageFrameworks -F /Users/runner/work/red-pen-ios/red-pen-ios/ios/build/Build/Products/Debug-iphonesimulator/PackageFrameworks -F /Users/runner/work/red-pen-ios/red-pen-ios/ios/build/Build/Products/Debug-iphonesimulator -F /Applications/Xcode_26.6.app/Contents/Developer/Platforms/iPhoneSimulator.platform/Developer/Library/Frameworks -F /Applications/Xcode_26.6.app/Contents/Developer/Platforms/iPhoneSimulator.platform/Developer/SDKs/iPhoneSimulator26.5.sdk/Developer/Library/Frameworks -c -j3 -enable-batch-mode -incremental -Xcc -ivfsstatcache -Xcc /Users/runner/work/red-pen-ios/red-pen-ios/ios/build/SDKStatCaches.noindex/iphonesimulator26.5-23F81a-688ef53f1462e2c8f657fdc38a81448ff45c64a1807a658693f2a61704f17a36.sdkstatcache -output-file-map /Users/runner/work/red-pen-ios/red-pen-ios/ios/build/Build/Intermediates.noindex/LocalLLMClient.build/Debug-iphonesimulator/LocalLLMClientLlama.build/Objects-normal/arm64/LocalLLMClientLlama-OutputFileMap.json -use-frontend-parseable-output -save-temps -no-color-diagnostics -serialize-diagnostics -emit-dependencies -emit-module -emit-module-path /Users/runner/work/red-pen-ios/red-pen-ios/ios/build/Build/Intermediates.noindex/LocalLLMClient.build/Debug-iphonesimulator/LocalLLMClientLlama.build/Objects-normal/arm64/LocalLLMClientLlama.swiftmodule -validate-clang-modules-once -clang-build-session-file /Users/runner/work/red-pen-ios/red-pen-ios/ios/build/ModuleCache.noindex/Session.modulevalidation -package-name localllmclient -Xcc -I/Users/runner/work/red-pen-ios/red-pen-ios/ios/build/Build/Intermediates.noindex/LocalLLMClient.build/Debug-iphonesimulator/LocalLLMClientLlama.build/swift-overrides.hmap -emit-const-values -Xfrontend -const-gather-protocols-file -Xfrontend /Users/runner/work/red-pen-ios/red-pen-ios/ios/build/Build/Intermediates.noindex/LocalLLMClient.build/Debug-iphonesimulator/LocalLLMClientLlama.build/Objects-normal/arm64/LocalLLMClientLlama_const_extract_protocols.json -Xcc -I/Users/runner/work/red-pen-ios/red-pen-ios/ios/build/SourcePackages/checkouts/LocalLLMClient/Sources/LocalLLMClientLlamaC/include -Xcc -I/Users/runner/work/red-pen-ios/red-pen-ios/ios/build/Build/Products/Debug-iphonesimulator/include -Xcc -I/Users/runner/work/red-pen-ios/red-pen-ios/ios/build/Build/Intermediates.noindex/LocalLLMClient.build/Debug-iphonesimulator/LocalLLMClientLlama.build/DerivedSources-normal/arm64 -Xcc -I/Users/runner/work/red-pen-ios/red-pen-ios/ios/build/Build/Intermediates.noindex/LocalLLMClient.build/Debug-iphonesimulator/LocalLLMClientLlama.build/DerivedSources/arm64 -Xcc -I/Users/runner/work/red-pen-ios/red-pen-ios/ios/build/Build/Intermediates.noindex/LocalLLMClient.build/Debug-iphonesimulator/LocalLLMClientLlama.build/DerivedSources -Xcc -DSWIFT_PACKAGE -Xcc -DDEBUG\=1 -emit-objc-header -emit-objc-header-path /Users/runner/work/red-pen-ios/red-pen-ios/ios/build/Build/Intermediates.noindex/LocalLLMClient.build/Debug-iphonesimulator/LocalLLMClientLlama.build/Objects-normal/arm64/LocalLLMClientLlama-Swift.h -working-directory /Users/runner/work/red-pen-ios/red-pen-ios/ios/RedPen.xcodeproj -experimental-emit-module-separately -disable-cmo

SwiftDriverJobDiscovery normal arm64 Compiling Logger.swift, ChatTemplateRenderer.swift, LlamaSpecificDecoder.swift, MessageChunk.swift, MessageProcessor.swift, MessageTransformer.swift, MultimodalChunkExtractor.swift, ToolInstructionProcessor.swift (in target 'LocalLLMClientLlama' from project 'LocalLLMClient')

SwiftDriver\ Compilation LocalLLMClientCore normal arm64 com.apple.xcode.tools.swift.compiler (in target 'LocalLLMClientCore' from project 'LocalLLMClient')
    cd /Users/runner/work/red-pen-ios/red-pen-ios/ios/RedPen.xcodeproj
    builtin-Swift-Compilation -- /Applications/Xcode_26.6.app/Contents/Developer/Toolchains/XcodeDefault.xctoolchain/usr/bin/swiftc -module-name LocalLLMClientCore -Onone @/Users/runner/work/red-pen-ios/red-pen-ios/ios/build/Build/Intermediates.noindex/LocalLLMClient.build/Debug-iphonesimulator/LocalLLMClientCore.build/Objects-normal/arm64/LocalLLMClientCore.SwiftFileList -DSWIFT_PACKAGE -DDEBUG -DSWIFT_MODULE_RESOURCE_BUNDLE_UNAVAILABLE -DXcode -plugin-path /Applications/Xcode_26.6.app/Contents/Developer/Toolchains/XcodeDefault.xctoolchain/usr/lib/swift/host/plugins/testing -enable-experimental-feature DebugDescriptionMacro -sdk /Applications/Xcode_26.6.app/Contents/Developer/Platforms/iPhoneSimulator.platform/Developer/SDKs/iPhoneSimulator26.5.sdk -target arm64-apple-ios17.0-simulator -g -module-cache-path /Users/runner/work/red-pen-ios/red-pen-ios/ios/build/ModuleCache.noindex -Xfrontend -serialize-debugging-options -enable-testing -suppress-warnings -index-store-path /Users/runner/work/red-pen-ios/red-pen-ios/ios/build/Index.noindex/DataStore -Xcc -D_LIBCPP_HARDENING_MODE\=_LIBCPP_HARDENING_MODE_DEBUG -swift-version 6 -I /Users/runner/work/red-pen-ios/red-pen-ios/ios/build/Build/Products/Debug-iphonesimulator -Isystem /Applications/Xcode_26.6.app/Contents/Developer/Platforms/iPhoneSimulator.platform/Developer/usr/lib -F /Users/runner/work/red-pen-ios/red-pen-ios/ios/build/Build/Products/Debug-iphonesimulator/PackageFrameworks -F /Users/runner/work/red-pen-ios/red-pen-ios/ios/build/Build/Products/Debug-iphonesimulator/PackageFrameworks -F /Users/runner/work/red-pen-ios/red-pen-ios/ios/build/Build/Products/Debug-iphonesimulator/PackageFrameworks -F /Users/runner/work/red-pen-ios/red-pen-ios/ios/build/Build/Products/Debug-iphonesimulator/PackageFrameworks -F /Users/runner/work/red-pen-ios/red-pen-ios/ios/build/Build/Products/Debug-iphonesimulator -F /Applications/Xcode_26.6.app/Contents/Developer/Platforms/iPhoneSimulator.platform/Developer/Library/Frameworks -F /Applications/Xcode_26.6.app/Contents/Developer/Platforms/iPhoneSimulator.platform/Developer/SDKs/iPhoneSimulator26.5.sdk/Developer/Library/Frameworks -c -j3 -enable-batch-mode -incremental -Xcc -ivfsstatcache -Xcc /Users/runner/work/red-pen-ios/red-pen-ios/ios/build/SDKStatCaches.noindex/iphonesimulator26.5-23F81a-688ef53f1462e2c8f657fdc38a81448ff45c64a1807a658693f2a61704f17a36.sdkstatcache -output-file-map /Users/runner/work/red-pen-ios/red-pen-ios/ios/build/Build/Intermediates.noindex/LocalLLMClient.build/Debug-iphonesimulator/LocalLLMClientCore.build/Objects-normal/arm64/LocalLLMClientCore-OutputFileMap.json -use-frontend-parseable-output -save-temps -no-color-diagnostics -serialize-diagnostics -emit-dependencies -emit-module -emit-module-path /Users/runner/work/red-pen-ios/red-pen-ios/ios/build/Build/Intermediates.noindex/LocalLLMClient.build/Debug-iphonesimulator/LocalLLMClientCore.build/Objects-normal/arm64/LocalLLMClientCore.swiftmodule -validate-clang-modules-once -clang-build-session-file /Users/runner/work/red-pen-ios/red-pen-ios/ios/build/ModuleCache.noindex/Session.modulevalidation -package-name localllmclient -Xcc -I/Users/runner/work/red-pen-ios/red-pen-ios/ios/build/Build/Intermediates.noindex/LocalLLMClient.build/Debug-iphonesimulator/LocalLLMClientCore.build/swift-overrides.hmap -emit-const-values -Xfrontend -const-gather-protocols-file -Xfrontend /Users/runner/work/red-pen-ios/red-pen-ios/ios/build/Build/Intermediates.noindex/LocalLLMClient.build/Debug-iphonesimulator/LocalLLMClientCore.build/Objects-normal/arm64/LocalLLMClientCore_const_extract_protocols.json -Xcc -I/Users/runner/work/red-pen-ios/red-pen-ios/ios/build/Build/Products/Debug-iphonesimulator/include -Xcc -I/Users/runner/work/red-pen-ios/red-pen-ios/ios/build/Build/Intermediates.noindex/LocalLLMClient.build/Debug-iphonesimulator/LocalLLMClientCore.build/DerivedSources-normal/arm64 -Xcc -I/Users/runner/work/red-pen-ios/red-pen-ios/ios/build/Build/Intermediates.noindex/LocalLLMClient.build/Debug-iphonesimulator/LocalLLMClientCore.build/DerivedSources/arm64 -Xcc -I/Users/runner/work/red-pen-ios/red-pen-ios/ios/build/Build/Intermediates.noindex/LocalLLMClient.build/Debug-iphonesimulator/LocalLLMClientCore.build/DerivedSources -Xcc -DSWIFT_PACKAGE -Xcc -DDEBUG\=1 -emit-objc-header -emit-objc-header-path /Users/runner/work/red-pen-ios/red-pen-ios/ios/build/Build/Intermediates.noindex/LocalLLMClient.build/Debug-iphonesimulator/LocalLLMClientCore.build/Objects-normal/arm64/LocalLLMClientCore-Swift.h -working-directory /Users/runner/work/red-pen-ios/red-pen-ios/ios/RedPen.xcodeproj -experimental-emit-module-separately -disable-cmo

SwiftMergeGeneratedHeaders /Users/runner/work/red-pen-ios/red-pen-ios/ios/build/Build/Intermediates.noindex/GeneratedModuleMaps-iphonesimulator/LocalLLMClientLlama-Swift.h /Users/runner/work/red-pen-ios/red-pen-ios/ios/build/Build/Intermediates.noindex/LocalLLMClient.build/Debug-iphonesimulator/LocalLLMClientLlama.build/Objects-normal/arm64/LocalLLMClientLlama-Swift.h (in target 'LocalLLMClientLlama' from project 'LocalLLMClient')
    cd /Users/runner/work/red-pen-ios/red-pen-ios/ios/build/SourcePackages/checkouts/LocalLLMClient
    builtin-swiftHeaderTool -arch arm64 /Users/runner/work/red-pen-ios/red-pen-ios/ios/build/Build/Intermediates.noindex/LocalLLMClient.build/Debug-iphonesimulator/LocalLLMClientLlama.build/Objects-normal/arm64/LocalLLMClientLlama-Swift.h -o /Users/runner/work/red-pen-ios/red-pen-ios/ios/build/Build/Intermediates.noindex/GeneratedModuleMaps-iphonesimulator/LocalLLMClientLlama-Swift.h

Copy /Users/runner/work/red-pen-ios/red-pen-ios/ios/build/Build/Products/Debug-iphonesimulator/LocalLLMClientLlama.swiftmodule/arm64-apple-ios-simulator.swiftmodule /Users/runner/work/red-pen-ios/red-pen-ios/ios/build/Build/Intermediates.noindex/LocalLLMClient.build/Debug-iphonesimulator/LocalLLMClientLlama.build/Objects-normal/arm64/LocalLLMClientLlama.swiftmodule (in target 'LocalLLMClientLlama' from project 'LocalLLMClient')
    cd /Users/runner/work/red-pen-ios/red-pen-ios/ios/build/SourcePackages/checkouts/LocalLLMClient
    builtin-copy -exclude .DS_Store -exclude CVS -exclude .svn -exclude .git -exclude .hg -resolve-src-symlinks -rename /Users/runner/work/red-pen-ios/red-pen-ios/ios/build/Build/Intermediates.noindex/LocalLLMClient.build/Debug-iphonesimulator/LocalLLMClientLlama.build/Objects-normal/arm64/LocalLLMClientLlama.swiftmodule /Users/runner/work/red-pen-ios/red-pen-ios/ios/build/Build/Products/Debug-iphonesimulator/LocalLLMClientLlama.swiftmodule/arm64-apple-ios-simulator.swiftmodule

Copy /Users/runner/work/red-pen-ios/red-pen-ios/ios/build/Build/Products/Debug-iphonesimulator/LocalLLMClientLlama.swiftmodule/arm64-apple-ios-simulator.swiftdoc /Users/runner/work/red-pen-ios/red-pen-ios/ios/build/Build/Intermediates.noindex/LocalLLMClient.build/Debug-iphonesimulator/LocalLLMClientLlama.build/Objects-normal/arm64/LocalLLMClientLlama.swiftdoc (in target 'LocalLLMClientLlama' from project 'LocalLLMClient')
    cd /Users/runner/work/red-pen-ios/red-pen-ios/ios/build/SourcePackages/checkouts/LocalLLMClient
    builtin-copy -exclude .DS_Store -exclude CVS -exclude .svn -exclude .git -exclude .hg -resolve-src-symlinks -rename /Users/runner/work/red-pen-ios/red-pen-ios/ios/build/Build/Intermediates.noindex/LocalLLMClient.build/Debug-iphonesimulator/LocalLLMClientLlama.build/Objects-normal/arm64/LocalLLMClientLlama.swiftdoc /Users/runner/work/red-pen-ios/red-pen-ios/ios/build/Build/Products/Debug-iphonesimulator/LocalLLMClientLlama.swiftmodule/arm64-apple-ios-simulator.swiftdoc

Copy /Users/runner/work/red-pen-ios/red-pen-ios/ios/build/Build/Products/Debug-iphonesimulator/LocalLLMClientLlama.swiftmodule/arm64-apple-ios-simulator.abi.json /Users/runner/work/red-pen-ios/red-pen-ios/ios/build/Build/Intermediates.noindex/LocalLLMClient.build/Debug-iphonesimulator/LocalLLMClientLlama.build/Objects-normal/arm64/LocalLLMClientLlama.abi.json (in target 'LocalLLMClientLlama' from project 'LocalLLMClient')
    cd /Users/runner/work/red-pen-ios/red-pen-ios/ios/build/SourcePackages/checkouts/LocalLLMClient
    builtin-copy -exclude .DS_Store -exclude CVS -exclude .svn -exclude .git -exclude .hg -resolve-src-symlinks -rename /Users/runner/work/red-pen-ios/red-pen-ios/ios/build/Build/Intermediates.noindex/LocalLLMClient.build/Debug-iphonesimulator/LocalLLMClientLlama.build/Objects-normal/arm64/LocalLLMClientLlama.abi.json /Users/runner/work/red-pen-ios/red-pen-ios/ios/build/Build/Products/Debug-iphonesimulator/LocalLLMClientLlama.swiftmodule/arm64-apple-ios-simulator.abi.json

Copy /Users/runner/work/red-pen-ios/red-pen-ios/ios/build/Build/Products/Debug-iphonesimulator/LocalLLMClientLlama.swiftmodule/Project/arm64-apple-ios-simulator.swiftsourceinfo /Users/runner/work/red-pen-ios/red-pen-ios/ios/build/Build/Intermediates.noindex/LocalLLMClient.build/Debug-iphonesimulator/LocalLLMClientLlama.build/Objects-normal/arm64/LocalLLMClientLlama.swiftsourceinfo (in target 'LocalLLMClientLlama' from project 'LocalLLMClient')
    cd /Users/runner/work/red-pen-ios/red-pen-ios/ios/build/SourcePackages/checkouts/LocalLLMClient
    builtin-copy -exclude .DS_Store -exclude CVS -exclude .svn -exclude .git -exclude .hg -resolve-src-symlinks -rename /Users/runner/work/red-pen-ios/red-pen-ios/ios/build/Build/Intermediates.noindex/LocalLLMClient.build/Debug-iphonesimulator/LocalLLMClientLlama.build/Objects-normal/arm64/LocalLLMClientLlama.swiftsourceinfo /Users/runner/work/red-pen-ios/red-pen-ios/ios/build/Build/Products/Debug-iphonesimulator/LocalLLMClientLlama.swiftmodule/Project/arm64-apple-ios-simulator.swiftsourceinfo

ExtractAppIntentsMetadata (in target 'Jinja' from project 'Jinja')
    cd /Users/runner/work/red-pen-ios/red-pen-ios/ios/build/SourcePackages/checkouts/swift-jinja
    /Applications/Xcode_26.6.app/Contents/Developer/Toolchains/XcodeDefault.xctoolchain/usr/bin/appintentsmetadataprocessor --toolchain-dir /var/run/com.apple.security.cryptexd/mnt/com.apple.MobileAsset.MetalToolchain-v17.6.109.0.iHKZXc/Metal.xctoolchain --module-name Jinja --sdk-root /Applications/Xcode_26.6.app/Contents/Developer/Platforms/iPhoneSimulator.platform/Developer/SDKs/iPhoneSimulator26.5.sdk --xcode-version 17F113 --platform-family iOS --deployment-target 16.0 --bundle-identifier swift-jinja.Jinja --output /Users/runner/work/red-pen-ios/red-pen-ios/ios/build/Build/Products/Debug-iphonesimulator/Jinja.appintents --target-triple arm64-apple-ios16.0-simulator --binary-file /Users/runner/work/red-pen-ios/red-pen-ios/ios/build/Build/Products/Debug-iphonesimulator/Jinja.o --dependency-file /Users/runner/work/red-pen-ios/red-pen-ios/ios/build/Build/Intermediates.noindex/Jinja.build/Debug-iphonesimulator/Jinja.build/Objects-normal/arm64/Jinja_dependency_info.dat --stringsdata-file /Users/runner/work/red-pen-ios/red-pen-ios/ios/build/Build/Intermediates.noindex/Jinja.build/Debug-iphonesimulator/Jinja.build/Objects-normal/arm64/ExtractedAppShortcutsMetadata.stringsdata --source-file-list /Users/runner/work/red-pen-ios/red-pen-ios/ios/build/Build/Intermediates.noindex/Jinja.build/Debug-iphonesimulator/Jinja.build/Objects-normal/arm64/Jinja.SwiftFileList --metadata-file-list /Users/runner/work/red-pen-ios/red-pen-ios/ios/build/Build/Intermediates.noindex/Jinja.build/Debug-iphonesimulator/Jinja.build/Jinja.DependencyMetadataFileList --static-metadata-file-list /Users/runner/work/red-pen-ios/red-pen-ios/ios/build/Build/Intermediates.noindex/Jinja.build/Debug-iphonesimulator/Jinja.build/Jinja.DependencyStaticMetadataFileList --swift-const-vals-list /Users/runner/work/red-pen-ios/red-pen-ios/ios/build/Build/Intermediates.noindex/Jinja.build/Debug-iphonesimulator/Jinja.build/Objects-normal/arm64/Jinja.SwiftConstValuesFileList --force --compile-time-extraction --deployment-aware-processing --validate-assistant-intents --no-app-shortcuts-localization
2026-10-09 14:38:05.211 appintentsmetadataprocessor[8555:27903] Starting appintentsmetadataprocessor export
2026-10-09 14:38:05.267 appintentsmetadataprocessor[8555:27903] Extracted no relevant App Intents symbols, skipping writing output

SwiftDriverJobDiscovery normal arm64 Compiling resource_bundle_accessor.swift, Batch.swift, Context.swift, Decoder.swift, Generator.swift, LLMSession+Llama.swift, LlamaClient.swift, LlamaToolCallParser.swift (in target 'LocalLLMClientLlama' from project 'LocalLLMClient')

SwiftDriver LocalLLMClient normal arm64 com.apple.xcode.tools.swift.compiler (in target 'LocalLLMClient' from project 'LocalLLMClient')
    cd /Users/runner/work/red-pen-ios/red-pen-ios/ios/RedPen.xcodeproj
    builtin-SwiftDriver -- /Applications/Xcode_26.6.app/Contents/Developer/Toolchains/XcodeDefault.xctoolchain/usr/bin/swiftc -module-name LocalLLMClient -Onone @/Users/runner/work/red-pen-ios/red-pen-ios/ios/build/Build/Intermediates.noindex/LocalLLMClient.build/Debug-iphonesimulator/LocalLLMClient.build/Objects-normal/arm64/LocalLLMClient.SwiftFileList -DSWIFT_PACKAGE -DDEBUG -DSWIFT_MODULE_RESOURCE_BUNDLE_UNAVAILABLE -DXcode -plugin-path /Applications/Xcode_26.6.app/Contents/Developer/Toolchains/XcodeDefault.xctoolchain/usr/lib/swift/host/plugins/testing -enable-experimental-feature DebugDescriptionMacro -sdk /Applications/Xcode_26.6.app/Contents/Developer/Platforms/iPhoneSimulator.platform/Developer/SDKs/iPhoneSimulator26.5.sdk -target arm64-apple-ios17.0-simulator -g -module-cache-path /Users/runner/work/red-pen-ios/red-pen-ios/ios/build/ModuleCache.noindex -Xfrontend -serialize-debugging-options -enable-testing -suppress-warnings -index-store-path /Users/runner/work/red-pen-ios/red-pen-ios/ios/build/Index.noindex/DataStore -Xcc -D_LIBCPP_HARDENING_MODE\=_LIBCPP_HARDENING_MODE_DEBUG -swift-version 6 -I /Users/runner/work/red-pen-ios/red-pen-ios/ios/build/Build/Products/Debug-iphonesimulator -Isystem /Applications/Xcode_26.6.app/Contents/Developer/Platforms/iPhoneSimulator.platform/Developer/usr/lib -F /Users/runner/work/red-pen-ios/red-pen-ios/ios/build/Build/Products/Debug-iphonesimulator/PackageFrameworks -F /Users/runner/work/red-pen-ios/red-pen-ios/ios/build/Build/Products/Debug-iphonesimulator/PackageFrameworks -F /Users/runner/work/red-pen-ios/red-pen-ios/ios/build/Build/Products/Debug-iphonesimulator/PackageFrameworks -F /Users/runner/work/red-pen-ios/red-pen-ios/ios/build/Build/Products/Debug-iphonesimulator/PackageFrameworks -F /Users/runner/work/red-pen-ios/red-pen-ios/ios/build/Build/Products/Debug-iphonesimulator/PackageFrameworks -F /Users/runner/work/red-pen-ios/red-pen-ios/ios/build/Build/Products/Debug-iphonesimulator/PackageFrameworks -F /Users/runner/work/red-pen-ios/red-pen-ios/ios/build/Build/Products/Debug-iphonesimulator -F /Applications/Xcode_26.6.app/Contents/Developer/Platforms/iPhoneSimulator.platform/Developer/Library/Frameworks -F /Applications/Xcode_26.6.app/Contents/Developer/Platforms/iPhoneSimulator.platform/Developer/SDKs/iPhoneSimulator26.5.sdk/Developer/Library/Frameworks -Xfrontend -load-plugin-executable -Xfrontend /Users/runner/work/red-pen-ios/red-pen-ios/ios/build/Build/Products/Debug/LocalLLMClientMacrosPlugin\#LocalLLMClientMacrosPlugin -parse-as-library -c -j3 -enable-batch-mode -incremental -Xcc -ivfsstatcache -Xcc /Users/runner/work/red-pen-ios/red-pen-ios/ios/build/SDKStatCaches.noindex/iphonesimulator26.5-23F81a-688ef53f1462e2c8f657fdc38a81448ff45c64a1807a658693f2a61704f17a36.sdkstatcache -output-file-map /Users/runner/work/red-pen-ios/red-pen-ios/ios/build/Build/Intermediates.noindex/LocalLLMClient.build/Debug-iphonesimulator/LocalLLMClient.build/Objects-normal/arm64/LocalLLMClient-OutputFileMap.json -use-frontend-parseable-output -save-temps -no-color-diagnostics -serialize-diagnostics -emit-dependencies -emit-module -emit-module-path /Users/runner/work/red-pen-ios/red-pen-ios/ios/build/Build/Intermediates.noindex/LocalLLMClient.build/Debug-iphonesimulator/LocalLLMClient.build/Objects-normal/arm64/LocalLLMClient.swiftmodule -validate-clang-modules-once -clang-build-session-file /Users/runner/work/red-pen-ios/red-pen-ios/ios/build/ModuleCache.noindex/Session.modulevalidation -package-name localllmclient -Xcc -I/Users/runner/work/red-pen-ios/red-pen-ios/ios/build/Build/Intermediates.noindex/LocalLLMClient.build/Debug-iphonesimulator/LocalLLMClient.build/swift-overrides.hmap -emit-const-values -Xfrontend -const-gather-protocols-file -Xfrontend /Users/runner/work/red-pen-ios/red-pen-ios/ios/build/Build/Intermediates.noindex/LocalLLMClient.build/Debug-iphonesimulator/LocalLLMClient.build/Objects-normal/arm64/LocalLLMClient_const_extract_protocols.json -Xcc -I/Users/runner/work/red-pen-ios/red-pen-ios/ios/build/Build/Products/Debug-iphonesimulator/include -Xcc -I/Users/runner/work/red-pen-ios/red-pen-ios/ios/build/Build/Intermediates.noindex/LocalLLMClient.build/Debug-iphonesimulator/LocalLLMClient.build/DerivedSources-normal/arm64 -Xcc -I/Users/runner/work/red-pen-ios/red-pen-ios/ios/build/Build/Intermediates.noindex/LocalLLMClient.build/Debug-iphonesimulator/LocalLLMClient.build/DerivedSources/arm64 -Xcc -I/Users/runner/work/red-pen-ios/red-pen-ios/ios/build/Build/Intermediates.noindex/LocalLLMClient.build/Debug-iphonesimulator/LocalLLMClient.build/DerivedSources -Xcc -DSWIFT_PACKAGE -Xcc -DDEBUG\=1 -emit-objc-header -emit-objc-header-path /Users/runner/work/red-pen-ios/red-pen-ios/ios/build/Build/Intermediates.noindex/LocalLLMClient.build/Debug-iphonesimulator/LocalLLMClient.build/Objects-normal/arm64/LocalLLMClient-Swift.h -working-directory /Users/runner/work/red-pen-ios/red-pen-ios/ios/RedPen.xcodeproj -experimental-emit-module-separately -disable-cmo

SwiftEmitModule normal arm64 Emitting\ module\ for\ LocalLLMClient (in target 'LocalLLMClient' from project 'LocalLLMClient')

SwiftCompile normal arm64 /Users/runner/work/red-pen-ios/red-pen-ios/ios/build/SourcePackages/checkouts/LocalLLMClient/Sources/LocalLLMClient/LocalLLMClient.swift (in target 'LocalLLMClient' from project 'LocalLLMClient')
    cd /Users/runner/work/red-pen-ios/red-pen-ios/ios/RedPen.xcodeproj
    

SwiftCompile normal arm64 Compiling\ LocalLLMClient.swift /Users/runner/work/red-pen-ios/red-pen-ios/ios/build/SourcePackages/checkouts/LocalLLMClient/Sources/LocalLLMClient/LocalLLMClient.swift (in target 'LocalLLMClient' from project 'LocalLLMClient')

SwiftCompile normal arm64 /Users/runner/work/red-pen-ios/red-pen-ios/ios/build/SourcePackages/checkouts/LocalLLMClient/Sources/LocalLLMClient/LocalLLMClient.swift (in target 'LocalLLMClient' from project 'LocalLLMClient')
    cd /Users/runner/work/red-pen-ios/red-pen-ios/ios/RedPen.xcodeproj
    

SwiftDriverJobDiscovery normal arm64 Emitting module for LocalLLMClient (in target 'LocalLLMClient' from project 'LocalLLMClient')

SwiftDriver\ Compilation\ Requirements LocalLLMClient normal arm64 com.apple.xcode.tools.swift.compiler (in target 'LocalLLMClient' from project 'LocalLLMClient')
    cd /Users/runner/work/red-pen-ios/red-pen-ios/ios/RedPen.xcodeproj
    builtin-Swift-Compilation-Requirements -- /Applications/Xcode_26.6.app/Contents/Developer/Toolchains/XcodeDefault.xctoolchain/usr/bin/swiftc -module-name LocalLLMClient -Onone @/Users/runner/work/red-pen-ios/red-pen-ios/ios/build/Build/Intermediates.noindex/LocalLLMClient.build/Debug-iphonesimulator/LocalLLMClient.build/Objects-normal/arm64/LocalLLMClient.SwiftFileList -DSWIFT_PACKAGE -DDEBUG -DSWIFT_MODULE_RESOURCE_BUNDLE_UNAVAILABLE -DXcode -plugin-path /Applications/Xcode_26.6.app/Contents/Developer/Toolchains/XcodeDefault.xctoolchain/usr/lib/swift/host/plugins/testing -enable-experimental-feature DebugDescriptionMacro -sdk /Applications/Xcode_26.6.app/Contents/Developer/Platforms/iPhoneSimulator.platform/Developer/SDKs/iPhoneSimulator26.5.sdk -target arm64-apple-ios17.0-simulator -g -module-cache-path /Users/runner/work/red-pen-ios/red-pen-ios/ios/build/ModuleCache.noindex -Xfrontend -serialize-debugging-options -enable-testing -suppress-warnings -index-store-path /Users/runner/work/red-pen-ios/red-pen-ios/ios/build/Index.noindex/DataStore -Xcc -D_LIBCPP_HARDENING_MODE\=_LIBCPP_HARDENING_MODE_DEBUG -swift-version 6 -I /Users/runner/work/red-pen-ios/red-pen-ios/ios/build/Build/Products/Debug-iphonesimulator -Isystem /Applications/Xcode_26.6.app/Contents/Developer/Platforms/iPhoneSimulator.platform/Developer/usr/lib -F /Users/runner/work/red-pen-ios/red-pen-ios/ios/build/Build/Products/Debug-iphonesimulator/PackageFrameworks -F /Users/runner/work/red-pen-ios/red-pen-ios/ios/build/Build/Products/Debug-iphonesimulator/PackageFrameworks -F /Users/runner/work/red-pen-ios/red-pen-ios/ios/build/Build/Products/Debug-iphonesimulator/PackageFrameworks -F /Users/runner/work/red-pen-ios/red-pen-ios/ios/build/Build/Products/Debug-iphonesimulator/PackageFrameworks -F /Users/runner/work/red-pen-ios/red-pen-ios/ios/build/Build/Products/Debug-iphonesimulator/PackageFrameworks -F /Users/runner/work/red-pen-ios/red-pen-ios/ios/build/Build/Products/Debug-iphonesimulator/PackageFrameworks -F /Users/runner/work/red-pen-ios/red-pen-ios/ios/build/Build/Products/Debug-iphonesimulator -F /Applications/Xcode_26.6.app/Contents/Developer/Platforms/iPhoneSimulator.platform/Developer/Library/Frameworks -F /Applications/Xcode_26.6.app/Contents/Developer/Platforms/iPhoneSimulator.platform/Developer/SDKs/iPhoneSimulator26.5.sdk/Developer/Library/Frameworks -Xfrontend -load-plugin-executable -Xfrontend /Users/runner/work/red-pen-ios/red-pen-ios/ios/build/Build/Products/Debug/LocalLLMClientMacrosPlugin\#LocalLLMClientMacrosPlugin -parse-as-library -c -j3 -enable-batch-mode -incremental -Xcc -ivfsstatcache -Xcc /Users/runner/work/red-pen-ios/red-pen-ios/ios/build/SDKStatCaches.noindex/iphonesimulator26.5-23F81a-688ef53f1462e2c8f657fdc38a81448ff45c64a1807a658693f2a61704f17a36.sdkstatcache -output-file-map /Users/runner/work/red-pen-ios/red-pen-ios/ios/build/Build/Intermediates.noindex/LocalLLMClient.build/Debug-iphonesimulator/LocalLLMClient.build/Objects-normal/arm64/LocalLLMClient-OutputFileMap.json -use-frontend-parseable-output -save-temps -no-color-diagnostics -serialize-diagnostics -emit-dependencies -emit-module -emit-module-path /Users/runner/work/red-pen-ios/red-pen-ios/ios/build/Build/Intermediates.noindex/LocalLLMClient.build/Debug-iphonesimulator/LocalLLMClient.build/Objects-normal/arm64/LocalLLMClient.swiftmodule -validate-clang-modules-once -clang-build-session-file /Users/runner/work/red-pen-ios/red-pen-ios/ios/build/ModuleCache.noindex/Session.modulevalidation -package-name localllmclient -Xcc -I/Users/runner/work/red-pen-ios/red-pen-ios/ios/build/Build/Intermediates.noindex/LocalLLMClient.build/Debug-iphonesimulator/LocalLLMClient.build/swift-overrides.hmap -emit-const-values -Xfrontend -const-gather-protocols-file -Xfrontend /Users/runner/work/red-pen-ios/red-pen-ios/ios/build/Build/Intermediates.noindex/LocalLLMClient.build/Debug-iphonesimulator/LocalLLMClient.build/Objects-normal/arm64/LocalLLMClient_const_extract_protocols.json -Xcc -I/Users/runner/work/red-pen-ios/red-pen-ios/ios/build/Build/Products/Debug-iphonesimulator/include -Xcc -I/Users/runner/work/red-pen-ios/red-pen-ios/ios/build/Build/Intermediates.noindex/LocalLLMClient.build/Debug-iphonesimulator/LocalLLMClient.build/DerivedSources-normal/arm64 -Xcc -I/Users/runner/work/red-pen-ios/red-pen-ios/ios/build/Build/Intermediates.noindex/LocalLLMClient.build/Debug-iphonesimulator/LocalLLMClient.build/DerivedSources/arm64 -Xcc -I/Users/runner/work/red-pen-ios/red-pen-ios/ios/build/Build/Intermediates.noindex/LocalLLMClient.build/Debug-iphonesimulator/LocalLLMClient.build/DerivedSources -Xcc -DSWIFT_PACKAGE -Xcc -DDEBUG\=1 -emit-objc-header -emit-objc-header-path /Users/runner/work/red-pen-ios/red-pen-ios/ios/build/Build/Intermediates.noindex/LocalLLMClient.build/Debug-iphonesimulator/LocalLLMClient.build/Objects-normal/arm64/LocalLLMClient-Swift.h -working-directory /Users/runner/work/red-pen-ios/red-pen-ios/ios/RedPen.xcodeproj -experimental-emit-module-separately -disable-cmo

SwiftMergeGeneratedHeaders /Users/runner/work/red-pen-ios/red-pen-ios/ios/build/Build/Intermediates.noindex/GeneratedModuleMaps-iphonesimulator/LocalLLMClient-Swift.h /Users/runner/work/red-pen-ios/red-pen-ios/ios/build/Build/Intermediates.noindex/LocalLLMClient.build/Debug-iphonesimulator/LocalLLMClient.build/Objects-normal/arm64/LocalLLMClient-Swift.h (in target 'LocalLLMClient' from project 'LocalLLMClient')
    cd /Users/runner/work/red-pen-ios/red-pen-ios/ios/build/SourcePackages/checkouts/LocalLLMClient
    builtin-swiftHeaderTool -arch arm64 /Users/runner/work/red-pen-ios/red-pen-ios/ios/build/Build/Intermediates.noindex/LocalLLMClient.build/Debug-iphonesimulator/LocalLLMClient.build/Objects-normal/arm64/LocalLLMClient-Swift.h -o /Users/runner/work/red-pen-ios/red-pen-ios/ios/build/Build/Intermediates.noindex/GeneratedModuleMaps-iphonesimulator/LocalLLMClient-Swift.h

Copy /Users/runner/work/red-pen-ios/red-pen-ios/ios/build/Build/Products/Debug-iphonesimulator/LocalLLMClient.swiftmodule/arm64-apple-ios-simulator.swiftmodule /Users/runner/work/red-pen-ios/red-pen-ios/ios/build/Build/Intermediates.noindex/LocalLLMClient.build/Debug-iphonesimulator/LocalLLMClient.build/Objects-normal/arm64/LocalLLMClient.swiftmodule (in target 'LocalLLMClient' from project 'LocalLLMClient')
    cd /Users/runner/work/red-pen-ios/red-pen-ios/ios/build/SourcePackages/checkouts/LocalLLMClient
    builtin-copy -exclude .DS_Store -exclude CVS -exclude .svn -exclude .git -exclude .hg -resolve-src-symlinks -rename /Users/runner/work/red-pen-ios/red-pen-ios/ios/build/Build/Intermediates.noindex/LocalLLMClient.build/Debug-iphonesimulator/LocalLLMClient.build/Objects-normal/arm64/LocalLLMClient.swiftmodule /Users/runner/work/red-pen-ios/red-pen-ios/ios/build/Build/Products/Debug-iphonesimulator/LocalLLMClient.swiftmodule/arm64-apple-ios-simulator.swiftmodule

Copy /Users/runner/work/red-pen-ios/red-pen-ios/ios/build/Build/Products/Debug-iphonesimulator/LocalLLMClient.swiftmodule/arm64-apple-ios-simulator.swiftdoc /Users/runner/work/red-pen-ios/red-pen-ios/ios/build/Build/Intermediates.noindex/LocalLLMClient.build/Debug-iphonesimulator/LocalLLMClient.build/Objects-normal/arm64/LocalLLMClient.swiftdoc (in target 'LocalLLMClient' from project 'LocalLLMClient')
    cd /Users/runner/work/red-pen-ios/red-pen-ios/ios/build/SourcePackages/checkouts/LocalLLMClient
    builtin-copy -exclude .DS_Store -exclude CVS -exclude .svn -exclude .git -exclude .hg -resolve-src-symlinks -rename /Users/runner/work/red-pen-ios/red-pen-ios/ios/build/Build/Intermediates.noindex/LocalLLMClient.build/Debug-iphonesimulator/LocalLLMClient.build/Objects-normal/arm64/LocalLLMClient.swiftdoc /Users/runner/work/red-pen-ios/red-pen-ios/ios/build/Build/Products/Debug-iphonesimulator/LocalLLMClient.swiftmodule/arm64-apple-ios-simulator.swiftdoc

Copy /Users/runner/work/red-pen-ios/red-pen-ios/ios/build/Build/Products/Debug-iphonesimulator/LocalLLMClient.swiftmodule/arm64-apple-ios-simulator.abi.json /Users/runner/work/red-pen-ios/red-pen-ios/ios/build/Build/Intermediates.noindex/LocalLLMClient.build/Debug-iphonesimulator/LocalLLMClient.build/Objects-normal/arm64/LocalLLMClient.abi.json (in target 'LocalLLMClient' from project 'LocalLLMClient')
    cd /Users/runner/work/red-pen-ios/red-pen-ios/ios/build/SourcePackages/checkouts/LocalLLMClient
    builtin-copy -exclude .DS_Store -exclude CVS -exclude .svn -exclude .git -exclude .hg -resolve-src-symlinks -rename /Users/runner/work/red-pen-ios/red-pen-ios/ios/build/Build/Intermediates.noindex/LocalLLMClient.build/Debug-iphonesimulator/LocalLLMClient.build/Objects-normal/arm64/LocalLLMClient.abi.json /Users/runner/work/red-pen-ios/red-pen-ios/ios/build/Build/Products/Debug-iphonesimulator/LocalLLMClient.swiftmodule/arm64-apple-ios-simulator.abi.json

Copy /Users/runner/work/red-pen-ios/red-pen-ios/ios/build/Build/Products/Debug-iphonesimulator/LocalLLMClient.swiftmodule/Project/arm64-apple-ios-simulator.swiftsourceinfo /Users/runner/work/red-pen-ios/red-pen-ios/ios/build/Build/Intermediates.noindex/LocalLLMClient.build/Debug-iphonesimulator/LocalLLMClient.build/Objects-normal/arm64/LocalLLMClient.swiftsourceinfo (in target 'LocalLLMClient' from project 'LocalLLMClient')
    cd /Users/runner/work/red-pen-ios/red-pen-ios/ios/build/SourcePackages/checkouts/LocalLLMClient
    builtin-copy -exclude .DS_Store -exclude CVS -exclude .svn -exclude .git -exclude .hg -resolve-src-symlinks -rename /Users/runner/work/red-pen-ios/red-pen-ios/ios/build/Build/Intermediates.noindex/LocalLLMClient.build/Debug-iphonesimulator/LocalLLMClient.build/Objects-normal/arm64/LocalLLMClient.swiftsourceinfo /Users/runner/work/red-pen-ios/red-pen-ios/ios/build/Build/Products/Debug-iphonesimulator/LocalLLMClient.swiftmodule/Project/arm64-apple-ios-simulator.swiftsourceinfo

SwiftDriverJobDiscovery normal arm64 Compiling LocalLLMClient.swift (in target 'LocalLLMClient' from project 'LocalLLMClient')

SwiftDriver\ Compilation LocalLLMClient normal arm64 com.apple.xcode.tools.swift.compiler (in target 'LocalLLMClient' from project 'LocalLLMClient')
    cd /Users/runner/work/red-pen-ios/red-pen-ios/ios/RedPen.xcodeproj
    builtin-Swift-Compilation -- /Applications/Xcode_26.6.app/Contents/Developer/Toolchains/XcodeDefault.xctoolchain/usr/bin/swiftc -module-name LocalLLMClient -Onone @/Users/runner/work/red-pen-ios/red-pen-ios/ios/build/Build/Intermediates.noindex/LocalLLMClient.build/Debug-iphonesimulator/LocalLLMClient.build/Objects-normal/arm64/LocalLLMClient.SwiftFileList -DSWIFT_PACKAGE -DDEBUG -DSWIFT_MODULE_RESOURCE_BUNDLE_UNAVAILABLE -DXcode -plugin-path /Applications/Xcode_26.6.app/Contents/Developer/Toolchains/XcodeDefault.xctoolchain/usr/lib/swift/host/plugins/testing -enable-experimental-feature DebugDescriptionMacro -sdk /Applications/Xcode_26.6.app/Contents/Developer/Platforms/iPhoneSimulator.platform/Developer/SDKs/iPhoneSimulator26.5.sdk -target arm64-apple-ios17.0-simulator -g -module-cache-path /Users/runner/work/red-pen-ios/red-pen-ios/ios/build/ModuleCache.noindex -Xfrontend -serialize-debugging-options -enable-testing -suppress-warnings -index-store-path /Users/runner/work/red-pen-ios/red-pen-ios/ios/build/Index.noindex/DataStore -Xcc -D_LIBCPP_HARDENING_MODE\=_LIBCPP_HARDENING_MODE_DEBUG -swift-version 6 -I /Users/runner/work/red-pen-ios/red-pen-ios/ios/build/Build/Products/Debug-iphonesimulator -Isystem /Applications/Xcode_26.6.app/Contents/Developer/Platforms/iPhoneSimulator.platform/Developer/usr/lib -F /Users/runner/work/red-pen-ios/red-pen-ios/ios/build/Build/Products/Debug-iphonesimulator/PackageFrameworks -F /Users/runner/work/red-pen-ios/red-pen-ios/ios/build/Build/Products/Debug-iphonesimulator/PackageFrameworks -F /Users/runner/work/red-pen-ios/red-pen-ios/ios/build/Build/Products/Debug-iphonesimulator/PackageFrameworks -F /Users/runner/work/red-pen-ios/red-pen-ios/ios/build/Build/Products/Debug-iphonesimulator/PackageFrameworks -F /Users/runner/work/red-pen-ios/red-pen-ios/ios/build/Build/Products/Debug-iphonesimulator/PackageFrameworks -F /Users/runner/work/red-pen-ios/red-pen-ios/ios/build/Build/Products/Debug-iphonesimulator/PackageFrameworks -F /Users/runner/work/red-pen-ios/red-pen-ios/ios/build/Build/Products/Debug-iphonesimulator -F /Applications/Xcode_26.6.app/Contents/Developer/Platforms/iPhoneSimulator.platform/Developer/Library/Frameworks -F /Applications/Xcode_26.6.app/Contents/Developer/Platforms/iPhoneSimulator.platform/Developer/SDKs/iPhoneSimulator26.5.sdk/Developer/Library/Frameworks -Xfrontend -load-plugin-executable -Xfrontend /Users/runner/work/red-pen-ios/red-pen-ios/ios/build/Build/Products/Debug/LocalLLMClientMacrosPlugin\#LocalLLMClientMacrosPlugin -parse-as-library -c -j3 -enable-batch-mode -incremental -Xcc -ivfsstatcache -Xcc /Users/runner/work/red-pen-ios/red-pen-ios/ios/build/SDKStatCaches.noindex/iphonesimulator26.5-23F81a-688ef53f1462e2c8f657fdc38a81448ff45c64a1807a658693f2a61704f17a36.sdkstatcache -output-file-map /Users/runner/work/red-pen-ios/red-pen-ios/ios/build/Build/Intermediates.noindex/LocalLLMClient.build/Debug-iphonesimulator/LocalLLMClient.build/Objects-normal/arm64/LocalLLMClient-OutputFileMap.json -use-frontend-parseable-output -save-temps -no-color-diagnostics -serialize-diagnostics -emit-dependencies -emit-module -emit-module-path /Users/runner/work/red-pen-ios/red-pen-ios/ios/build/Build/Intermediates.noindex/LocalLLMClient.build/Debug-iphonesimulator/LocalLLMClient.build/Objects-normal/arm64/LocalLLMClient.swiftmodule -validate-clang-modules-once -clang-build-session-file /Users/runner/work/red-pen-ios/red-pen-ios/ios/build/ModuleCache.noindex/Session.modulevalidation -package-name localllmclient -Xcc -I/Users/runner/work/red-pen-ios/red-pen-ios/ios/build/Build/Intermediates.noindex/LocalLLMClient.build/Debug-iphonesimulator/LocalLLMClient.build/swift-overrides.hmap -emit-const-values -Xfrontend -const-gather-protocols-file -Xfrontend /Users/runner/work/red-pen-ios/red-pen-ios/ios/build/Build/Intermediates.noindex/LocalLLMClient.build/Debug-iphonesimulator/LocalLLMClient.build/Objects-normal/arm64/LocalLLMClient_const_extract_protocols.json -Xcc -I/Users/runner/work/red-pen-ios/red-pen-ios/ios/build/Build/Products/Debug-iphonesimulator/include -Xcc -I/Users/runner/work/red-pen-ios/red-pen-ios/ios/build/Build/Intermediates.noindex/LocalLLMClient.build/Debug-iphonesimulator/LocalLLMClient.build/DerivedSources-normal/arm64 -Xcc -I/Users/runner/work/red-pen-ios/red-pen-ios/ios/build/Build/Intermediates.noindex/LocalLLMClient.build/Debug-iphonesimulator/LocalLLMClient.build/DerivedSources/arm64 -Xcc -I/Users/runner/work/red-pen-ios/red-pen-ios/ios/build/Build/Intermediates.noindex/LocalLLMClient.build/Debug-iphonesimulator/LocalLLMClient.build/DerivedSources -Xcc -DSWIFT_PACKAGE -Xcc -DDEBUG\=1 -emit-objc-header -emit-objc-header-path /Users/runner/work/red-pen-ios/red-pen-ios/ios/build/Build/Intermediates.noindex/LocalLLMClient.build/Debug-iphonesimulator/LocalLLMClient.build/Objects-normal/arm64/LocalLLMClient-Swift.h -working-directory /Users/runner/work/red-pen-ios/red-pen-ios/ios/RedPen.xcodeproj -experimental-emit-module-separately -disable-cmo

MkDir /Users/runner/work/red-pen-ios/red-pen-ios/ios/build/Build/Intermediates.noindex/RedPen.build/Debug-iphonesimulator/RedPen.build/assetcatalog_output/thinned (in target 'RedPen' from project 'RedPen')
    cd /Users/runner/work/red-pen-ios/red-pen-ios/ios
    /bin/mkdir -p /Users/runner/work/red-pen-ios/red-pen-ios/ios/build/Build/Intermediates.noindex/RedPen.build/Debug-iphonesimulator/RedPen.build/assetcatalog_output/thinned

MkDir /Users/runner/work/red-pen-ios/red-pen-ios/ios/build/Build/Intermediates.noindex/RedPen.build/Debug-iphonesimulator/RedPen.build/assetcatalog_output/unthinned (in target 'RedPen' from project 'RedPen')
    cd /Users/runner/work/red-pen-ios/red-pen-ios/ios
    /bin/mkdir -p /Users/runner/work/red-pen-ios/red-pen-ios/ios/build/Build/Intermediates.noindex/RedPen.build/Debug-iphonesimulator/RedPen.build/assetcatalog_output/unthinned

GenerateAssetSymbols /Users/runner/work/red-pen-ios/red-pen-ios/ios/AppResources/AppIcon.icon /Users/runner/work/red-pen-ios/red-pen-ios/ios/RedPen/Assets.xcassets (in target 'RedPen' from project 'RedPen')
    cd /Users/runner/work/red-pen-ios/red-pen-ios/ios
    /Applications/Xcode_26.6.app/Contents/Developer/usr/bin/actool /Users/runner/work/red-pen-ios/red-pen-ios/ios/AppResources/AppIcon.icon /Users/runner/work/red-pen-ios/red-pen-ios/ios/RedPen/Assets.xcassets --compile /Users/runner/work/red-pen-ios/red-pen-ios/ios/build/Build/Products/Debug-iphonesimulator/RedPen.app --output-format human-readable-text --notices --warnings --export-dependency-info /Users/runner/work/red-pen-ios/red-pen-ios/ios/build/Build/Intermediates.noindex/RedPen.build/Debug-iphonesimulator/RedPen.build/assetcatalog_dependencies --output-partial-info-plist /Users/runner/work/red-pen-ios/red-pen-ios/ios/build/Build/Intermediates.noindex/RedPen.build/Debug-iphonesimulator/RedPen.build/assetcatalog_generated_info.plist --app-icon AppIcon --compress-pngs --enable-on-demand-resources YES --development-region en --target-device iphone --target-device ipad --minimum-deployment-target 26.0 --platform iphonesimulator --bundle-identifier com.cramdown.app --generate-swift-asset-symbol-extensions NO --generate-swift-asset-symbols /Users/runner/work/red-pen-ios/red-pen-ios/ios/build/Build/Intermediates.noindex/RedPen.build/Debug-iphonesimulator/RedPen.build/DerivedSources/GeneratedAssetSymbols.swift --generate-objc-asset-symbols /Users/runner/work/red-pen-ios/red-pen-ios/ios/build/Build/Intermediates.noindex/RedPen.build/Debug-iphonesimulator/RedPen.build/DerivedSources/GeneratedAssetSymbols.h --generate-asset-symbol-index /Users/runner/work/red-pen-ios/red-pen-ios/ios/build/Build/Intermediates.noindex/RedPen.build/Debug-iphonesimulator/RedPen.build/DerivedSources/GeneratedAssetSymbols-Index.plist
/* com.apple.actool.compilation-results */
/Users/runner/work/red-pen-ios/red-pen-ios/ios/build/Build/Intermediates.noindex/RedPen.build/Debug-iphonesimulator/RedPen.build/DerivedSources/GeneratedAssetSymbols-Index.plist
/Users/runner/work/red-pen-ios/red-pen-ios/ios/build/Build/Intermediates.noindex/RedPen.build/Debug-iphonesimulator/RedPen.build/DerivedSources/GeneratedAssetSymbols.h
/Users/runner/work/red-pen-ios/red-pen-ios/ios/build/Build/Intermediates.noindex/RedPen.build/Debug-iphonesimulator/RedPen.build/DerivedSources/GeneratedAssetSymbols.swift


CompileAssetCatalogVariant thinned /Users/runner/work/red-pen-ios/red-pen-ios/ios/build/Build/Products/Debug-iphonesimulator/RedPen.app /Users/runner/work/red-pen-ios/red-pen-ios/ios/AppResources/AppIcon.icon /Users/runner/work/red-pen-ios/red-pen-ios/ios/RedPen/Assets.xcassets (in target 'RedPen' from project 'RedPen')
    cd /Users/runner/work/red-pen-ios/red-pen-ios/ios
    /Applications/Xcode_26.6.app/Contents/Developer/usr/bin/actool /Users/runner/work/red-pen-ios/red-pen-ios/ios/AppResources/AppIcon.icon /Users/runner/work/red-pen-ios/red-pen-ios/ios/RedPen/Assets.xcassets --compile /Users/runner/work/red-pen-ios/red-pen-ios/ios/build/Build/Intermediates.noindex/RedPen.build/Debug-iphonesimulator/RedPen.build/assetcatalog_output/thinned --output-format human-readable-text --notices --warnings --export-dependency-info /Users/runner/work/red-pen-ios/red-pen-ios/ios/build/Build/Intermediates.noindex/RedPen.build/Debug-iphonesimulator/RedPen.build/assetcatalog_dependencies_thinned --output-partial-info-plist /Users/runner/work/red-pen-ios/red-pen-ios/ios/build/Build/Intermediates.noindex/RedPen.build/Debug-iphonesimulator/RedPen.build/assetcatalog_generated_info.plist_thinned --app-icon AppIcon --compress-pngs --enable-on-demand-resources YES --filter-for-thinning-device-configuration iPhone18,1 --filter-for-device-os-version 26.5 --development-region en --target-device iphone --target-device ipad --minimum-deployment-target 26.0 --platform iphonesimulator
/* com.apple.actool.compilation-results */
/Users/runner/work/red-pen-ios/red-pen-ios/ios/build/Build/Intermediates.noindex/RedPen.build/Debug-iphonesimulator/RedPen.build/assetcatalog_generated_info.plist_thinned
/Users/runner/work/red-pen-ios/red-pen-ios/ios/build/Build/Intermediates.noindex/RedPen.build/Debug-iphonesimulator/RedPen.build/assetcatalog_output/thinned/AppIcon60x60@2x.png
/Users/runner/work/red-pen-ios/red-pen-ios/ios/build/Build/Intermediates.noindex/RedPen.build/Debug-iphonesimulator/RedPen.build/assetcatalog_output/thinned/AppIcon76x76@2x~ipad.png
/Users/runner/work/red-pen-ios/red-pen-ios/ios/build/Build/Intermediates.noindex/RedPen.build/Debug-iphonesimulator/RedPen.build/assetcatalog_output/thinned/Assets.car


RegisterExecutionPolicyException /Users/runner/work/red-pen-ios/red-pen-ios/ios/build/Build/Products/Debug-iphonesimulator/Jinja.o (in target 'Jinja' from project 'Jinja')
    cd /Users/runner/work/red-pen-ios/red-pen-ios/ios/build/SourcePackages/checkouts/swift-jinja
    builtin-RegisterExecutionPolicyException /Users/runner/work/red-pen-ios/red-pen-ios/ios/build/Build/Products/Debug-iphonesimulator/Jinja.o

SwiftDriver RedPen normal arm64 com.apple.xcode.tools.swift.compiler (in target 'RedPen' from project 'RedPen')
    cd /Users/runner/work/red-pen-ios/red-pen-ios/ios
    builtin-SwiftDriver -- /Applications/Xcode_26.6.app/Contents/Developer/Toolchains/XcodeDefault.xctoolchain/usr/bin/swiftc -module-name RedPen -Onone @/Users/runner/work/red-pen-ios/red-pen-ios/ios/build/Build/Intermediates.noindex/RedPen.build/Debug-iphonesimulator/RedPen.build/Objects-normal/arm64/RedPen.SwiftFileList -DDEBUG -cxx-interoperability-mode\=default -enable-bare-slash-regex -enable-experimental-feature DebugDescriptionMacro -sdk /Applications/Xcode_26.6.app/Contents/Developer/Platforms/iPhoneSimulator.platform/Developer/SDKs/iPhoneSimulator26.5.sdk -target arm64-apple-ios26.0-simulator -g -module-cache-path /Users/runner/work/red-pen-ios/red-pen-ios/ios/build/ModuleCache.noindex -Xfrontend -serialize-debugging-options -enable-testing -index-store-path /Users/runner/work/red-pen-ios/red-pen-ios/ios/build/Index.noindex/DataStore -Xcc -D_LIBCPP_HARDENING_MODE\=_LIBCPP_HARDENING_MODE_DEBUG -swift-version 5 -I /Users/runner/work/red-pen-ios/red-pen-ios/ios/build/Build/Products/Debug-iphonesimulator -F /Users/runner/work/red-pen-ios/red-pen-ios/ios/build/Build/Products/Debug-iphonesimulator/PackageFrameworks -F /Users/runner/work/red-pen-ios/red-pen-ios/ios/build/Build/Products/Debug-iphonesimulator/PackageFrameworks -F /Users/runner/work/red-pen-ios/red-pen-ios/ios/build/Build/Products/Debug-iphonesimulator/PackageFrameworks -F /Users/runner/work/red-pen-ios/red-pen-ios/ios/build/Build/Products/Debug-iphonesimulator/PackageFrameworks -F /Users/runner/work/red-pen-ios/red-pen-ios/ios/build/Build/Products/Debug-iphonesimulator/PackageFrameworks -F /Users/runner/work/red-pen-ios/red-pen-ios/ios/build/Build/Products/Debug-iphonesimulator/PackageFrameworks -F /Users/runner/work/red-pen-ios/red-pen-ios/ios/build/Build/Products/Debug-iphonesimulator/PackageFrameworks -F /Users/runner/work/red-pen-ios/red-pen-ios/ios/build/Build/Products/Debug-iphonesimulator/PackageFrameworks -F /Users/runner/work/red-pen-ios/red-pen-ios/ios/build/Build/Products/Debug-iphonesimulator/PackageFrameworks -F /Users/runner/work/red-pen-ios/red-pen-ios/ios/build/Build/Products/Debug-iphonesimulator -Xfrontend -load-plugin-executable -Xfrontend /Users/runner/work/red-pen-ios/red-pen-ios/ios/build/Build/Products/Debug/LocalLLMClientMacrosPlugin\#LocalLLMClientMacrosPlugin -c -j3 -enable-batch-mode -incremental -Xcc -ivfsstatcache -Xcc /Users/runner/work/red-pen-ios/red-pen-ios/ios/build/SDKStatCaches.noindex/iphonesimulator26.5-23F81a-688ef53f1462e2c8f657fdc38a81448ff45c64a1807a658693f2a61704f17a36.sdkstatcache -output-file-map /Users/runner/work/red-pen-ios/red-pen-ios/ios/build/Build/Intermediates.noindex/RedPen.build/Debug-iphonesimulator/RedPen.build/Objects-normal/arm64/RedPen-OutputFileMap.json -use-frontend-parseable-output -save-temps -no-color-diagnostics -serialize-diagnostics -emit-dependencies -emit-module -emit-module-path /Users/runner/work/red-pen-ios/red-pen-ios/ios/build/Build/Intermediates.noindex/RedPen.build/Debug-iphonesimulator/RedPen.build/Objects-normal/arm64/RedPen.swiftmodule -validate-clang-modules-once -clang-build-session-file /Users/runner/work/red-pen-ios/red-pen-ios/ios/build/ModuleCache.noindex/Session.modulevalidation -Xcc -I/Users/runner/work/red-pen-ios/red-pen-ios/ios/build/Build/Intermediates.noindex/RedPen.build/Debug-iphonesimulator/RedPen.build/swift-overrides.hmap -emit-const-values -Xfrontend -const-gather-protocols-file -Xfrontend /Users/runner/work/red-pen-ios/red-pen-ios/ios/build/Build/Intermediates.noindex/RedPen.build/Debug-iphonesimulator/RedPen.build/Objects-normal/arm64/RedPen_const_extract_protocols.json -Xcc -iquote -Xcc /Users/runner/work/red-pen-ios/red-pen-ios/ios/build/Build/Intermediates.noindex/RedPen.build/Debug-iphonesimulator/RedPen.build/RedPen-generated-files.hmap -Xcc -I/Users/runner/work/red-pen-ios/red-pen-ios/ios/build/Build/Intermediates.noindex/RedPen.build/Debug-iphonesimulator/RedPen.build/RedPen-own-target-headers.hmap -Xcc -I/Users/runner/work/red-pen-ios/red-pen-ios/ios/build/Build/Intermediates.noindex/RedPen.build/Debug-iphonesimulator/RedPen.build/RedPen-all-non-framework-target-headers.hmap -Xcc -ivfsoverlay -Xcc /Users/runner/work/red-pen-ios/red-pen-ios/ios/build/Build/Intermediates.noindex/RedPen.build/Debug-iphonesimulator/RedPen-599707e14dd5256a6604c828c0c573bf-VFS-iphonesimulator/all-product-headers.yaml -Xcc -iquote -Xcc /Users/runner/work/red-pen-ios/red-pen-ios/ios/build/Build/Intermediates.noindex/RedPen.build/Debug-iphonesimulator/RedPen.build/RedPen-project-headers.hmap -Xcc -I/Users/runner/work/red-pen-ios/red-pen-ios/ios/build/SourcePackages/checkouts/LocalLLMClient/Sources/LocalLLMClientLlamaC/include -Xcc -I/Users/runner/work/red-pen-ios/red-pen-ios/ios/build/Build/Products/Debug-iphonesimulator/include -Xcc -I/Users/runner/work/red-pen-ios/red-pen-ios/ios/build/Build/Intermediates.noindex/RedPen.build/Debug-iphonesimulator/RedPen.build/DerivedSources-normal/arm64 -Xcc -I/Users/runner/work/red-pen-ios/red-pen-ios/ios/build/Build/Intermediates.noindex/RedPen.build/Debug-iphonesimulator/RedPen.build/DerivedSources/arm64 -Xcc -I/Users/runner/work/red-pen-ios/red-pen-ios/ios/build/Build/Intermediates.noindex/RedPen.build/Debug-iphonesimulator/RedPen.build/DerivedSources -Xcc -DDEBUG\=1 -emit-objc-header -emit-objc-header-path /Users/runner/work/red-pen-ios/red-pen-ios/ios/build/Build/Intermediates.noindex/RedPen.build/Debug-iphonesimulator/RedPen.build/Objects-normal/arm64/RedPen-Swift.h -working-directory /Users/runner/work/red-pen-ios/red-pen-ios/ios -experimental-emit-module-separately -disable-cmo

SwiftEmitModule normal arm64 Emitting\ module\ for\ RedPen (in target 'RedPen' from project 'RedPen')
EmitSwiftModule normal arm64 (in target 'RedPen' from project 'RedPen')
    cd /Users/runner/work/red-pen-ios/red-pen-ios/ios
    
/Users/runner/work/red-pen-ios/red-pen-ios/ios/RedPen/Features/Notes/GraphPerfRenderer.swift:26:13: warning: '@preconcurrency' on conformance to 'MTKViewDelegate' has no effect
final class GraphPerfRenderer: NSObject, @preconcurrency MTKViewDelegate {
            ^                            ~~~~~~~~~~~~~~~~
                                         
/Users/runner/work/red-pen-ios/red-pen-ios/ios/RedPen/Shared/Learn/LearnNotifications.swift:222:10: warning: instance method 'userNotificationCenter(_:willPresent:withCompletionHandler:)' nearly matches optional requirement 'userNotificationCenter(_:willPresent:withCompletionHandler:)' of protocol 'UNUserNotificationCenterDelegate'
    func userNotificationCenter(_ center: UNUserNotificationCenter,
         ^
/Users/runner/work/red-pen-ios/red-pen-ios/ios/RedPen/Shared/Learn/LearnNotifications.swift:222:10: note: candidate has non-matching type '(UNUserNotificationCenter, UNNotification, @escaping (UNNotificationPresentationOptions) -> Void) -> ()'
    func userNotificationCenter(_ center: UNUserNotificationCenter,
         ^
/Users/runner/work/red-pen-ios/red-pen-ios/ios/RedPen/Shared/Learn/LearnNotifications.swift:222:10: note: move 'userNotificationCenter(_:willPresent:withCompletionHandler:)' to an extension to silence this warning
    func userNotificationCenter(_ center: UNUserNotificationCenter,
         ^
/Users/runner/work/red-pen-ios/red-pen-ios/ios/RedPen/Shared/Learn/LearnNotifications.swift:222:10: note: make 'userNotificationCenter(_:willPresent:withCompletionHandler:)' private to silence this warning
    func userNotificationCenter(_ center: UNUserNotificationCenter,
         ^
    private 
UserNotifications.UNUserNotificationCenterDelegate.userNotificationCenter:3:17: note: requirement 'userNotificationCenter(_:willPresent:withCompletionHandler:)' declared here
  optional func userNotificationCenter(_ center: UNUserNotificationCenter, willPresent notification: UNNotification, withCompletionHandler completionHandler: @escaping @Sendable (Int) -> Void)}
                ^
/Users/runner/work/red-pen-ios/red-pen-ios/ios/RedPen/Shared/Insight/StoreInsight.swift:51:41: warning: main actor-isolated static property 'reasonWindowDays' can not be referenced from a nonisolated context; this is an error in the Swift 6 language mode
    func reasonShares(days: Int = Store.reasonWindowDays, now: Date = Date()) -> [ReasonShare] {
                                        ^
/Users/runner/work/red-pen-ios/red-pen-ios/ios/RedPen/Shared/Insight/StoreInsight.swift:34:16: note: static property declared here
    static let reasonWindowDays = 30
               ^
/Users/runner/work/red-pen-ios/red-pen-ios/ios/RedPen/Shared/Insight/StoreInsight.swift:69:61: warning: main actor-isolated static property 'reasonWindowDays' can not be referenced from a nonisolated context; this is an error in the Swift 6 language mode
    func picks(for reason: MistakeReason, days: Int = Store.reasonWindowDays,
                                                            ^
/Users/runner/work/red-pen-ios/red-pen-ios/ios/RedPen/Shared/Insight/StoreInsight.swift:34:16: note: static property declared here
    static let reasonWindowDays = 30
               ^

SwiftCompile normal arm64 Compiling\ CardStyle.swift,\ CardTags.swift,\ CardsEditorView.swift,\ CaseAppleWriter.swift,\ CaseChecks.swift,\ CaseDebrief.swift,\ CaseDebriefView.swift,\ CaseDecisionView.swift,\ CaseFile.swift,\ CaseGemmaWriter.swift,\ CaseKit.swift,\ CaseListView.swift,\ CaseMakeSection.swift,\ CaseMaker.swift,\ CaseNames.swift,\ CaseRun.swift,\ CaseRunStore.swift,\ CaseSamples.swift,\ CaseScore.swift,\ CaseWardView.swift,\ CaseWriting.swift,\ CategoryPages.swift,\ CategoryShelves.swift,\ ChartQuiz.swift,\ ChartQuizViews.swift /Users/runner/work/red-pen-ios/red-pen-ios/ios/RedPen/Shared/CardStyle.swift /Users/runner/work/red-pen-ios/red-pen-ios/ios/RedPen/Shared/CardTags.swift /Users/runner/work/red-pen-ios/red-pen-ios/ios/RedPen/Features/Library/CardsEditorView.swift /Users/runner/work/red-pen-ios/red-pen-ios/ios/RedPen/Features/Cases/CaseAppleWriter.swift /Users/runner/work/red-pen-ios/red-pen-ios/ios/RedPen/Shared/Cases/CaseChecks.swift /Users/runner/work/red-pen-ios/red-pen-ios/ios/RedPen/Shared/Cases/CaseDebrief.swift /Users/runner/work/red-pen-ios/red-pen-ios/ios/RedPen/Features/Cases/CaseDebriefView.swift /Users/runner/work/red-pen-ios/red-pen-ios/ios/RedPen/Features/Cases/CaseDecisionView.swift /Users/runner/work/red-pen-ios/red-pen-ios/ios/RedPen/Shared/Cases/CaseFile.swift /Users/runner/work/red-pen-ios/red-pen-ios/ios/RedPen/Features/Cases/CaseGemmaWriter.swift /Users/runner/work/red-pen-ios/red-pen-ios/ios/RedPen/Features/Cases/CaseKit.swift /Users/runner/work/red-pen-ios/red-pen-ios/ios/RedPen/Features/Cases/CaseListView.swift /Users/runner/work/red-pen-ios/red-pen-ios/ios/RedPen/Features/Cases/CaseMakeSection.swift /Users/runner/work/red-pen-ios/red-pen-ios/ios/RedPen/Features/Cases/CaseMaker.swift /Users/runner/work/red-pen-ios/red-pen-ios/ios/RedPen/Shared/Cases/CaseNames.swift /Users/runner/work/red-pen-ios/red-pen-ios/ios/RedPen/Shared/Cases/CaseRun.swift /Users/runner/work/red-pen-ios/red-pen-ios/ios/RedPen/Features/Cases/CaseRunStore.swift /Users/runner/work/red-pen-ios/red-pen-ios/ios/RedPen/Shared/Cases/CaseSamples.swift /Users/runner/work/red-pen-ios/red-pen-ios/ios/RedPen/Shared/Cases/CaseScore.swift /Users/runner/work/red-pen-ios/red-pen-ios/ios/RedPen/Features/Cases/CaseWardView.swift /Users/runner/work/red-pen-ios/red-pen-ios/ios/RedPen/Shared/Cases/CaseWriting.swift /Users/runner/work/red-pen-ios/red-pen-ios/ios/RedPen/Features/Library/CategoryPages.swift /Users/runner/work/red-pen-ios/red-pen-ios/ios/RedPen/Features/Library/CategoryShelves.swift /Users/runner/work/red-pen-ios/red-pen-ios/ios/RedPen/Features/MCQ/ChartQuiz.swift /Users/runner/work/red-pen-ios/red-pen-ios/ios/RedPen/Features/MCQ/ChartQuizViews.swift (in target 'RedPen' from project 'RedPen')
SwiftCompile normal arm64 /Users/runner/work/red-pen-ios/red-pen-ios/ios/RedPen/Shared/CardStyle.swift (in target 'RedPen' from project 'RedPen')
    cd /Users/runner/work/red-pen-ios/red-pen-ios/ios
    

SwiftCompile normal arm64 /Users/runner/work/red-pen-ios/red-pen-ios/ios/RedPen/Shared/CardTags.swift (in target 'RedPen' from project 'RedPen')
    cd /Users/runner/work/red-pen-ios/red-pen-ios/ios
    

SwiftCompile normal arm64 /Users/runner/work/red-pen-ios/red-pen-ios/ios/RedPen/Features/Library/CardsEditorView.swift (in target 'RedPen' from project 'RedPen')
    cd /Users/runner/work/red-pen-ios/red-pen-ios/ios
    

SwiftCompile normal arm64 /Users/runner/work/red-pen-ios/red-pen-ios/ios/RedPen/Features/Cases/CaseAppleWriter.swift (in target 'RedPen' from project 'RedPen')
    cd /Users/runner/work/red-pen-ios/red-pen-ios/ios
    

SwiftCompile normal arm64 /Users/runner/work/red-pen-ios/red-pen-ios/ios/RedPen/Shared/Cases/CaseChecks.swift (in target 'RedPen' from project 'RedPen')
    cd /Users/runner/work/red-pen-ios/red-pen-ios/ios
    

SwiftCompile normal arm64 /Users/runner/work/red-pen-ios/red-pen-ios/ios/RedPen/Shared/Cases/CaseDebrief.swift (in target 'RedPen' from project 'RedPen')
    cd /Users/runner/work/red-pen-ios/red-pen-ios/ios
    

SwiftCompile normal arm64 /Users/runner/work/red-pen-ios/red-pen-ios/ios/RedPen/Features/Cases/CaseDebriefView.swift (in target 'RedPen' from project 'RedPen')
    cd /Users/runner/work/red-pen-ios/red-pen-ios/ios
    

SwiftCompile normal arm64 /Users/runner/work/red-pen-ios/red-pen-ios/ios/RedPen/Features/Cases/CaseDecisionView.swift (in target 'RedPen' from project 'RedPen')
    cd /Users/runner/work/red-pen-ios/red-pen-ios/ios
    

SwiftCompile normal arm64 /Users/runner/work/red-pen-ios/red-pen-ios/ios/RedPen/Shared/Cases/CaseFile.swift (in target 'RedPen' from project 'RedPen')
    cd /Users/runner/work/red-pen-ios/red-pen-ios/ios
    

SwiftCompile normal arm64 /Users/runner/work/red-pen-ios/red-pen-ios/ios/RedPen/Features/Cases/CaseGemmaWriter.swift (in target 'RedPen' from project 'RedPen')
    cd /Users/runner/work/red-pen-ios/red-pen-ios/ios
    
/Users/runner/work/red-pen-ios/red-pen-ios/ios/RedPen/Features/Cases/CaseGemmaWriter.swift:21:36: warning: no 'async' operations occur within 'await' expression
        for try await chunk in try await llm.textStream(from: input) {
                                   ^

SwiftCompile normal arm64 /Users/runner/work/red-pen-ios/red-pen-ios/ios/RedPen/Features/Cases/CaseKit.swift (in target 'RedPen' from project 'RedPen')
    cd /Users/runner/work/red-pen-ios/red-pen-ios/ios
    

SwiftCompile normal arm64 /Users/runner/work/red-pen-ios/red-pen-ios/ios/RedPen/Features/Cases/CaseListView.swift (in target 'RedPen' from project 'RedPen')
    cd /Users/runner/work/red-pen-ios/red-pen-ios/ios
    

SwiftCompile normal arm64 /Users/runner/work/red-pen-ios/red-pen-ios/ios/RedPen/Features/Cases/CaseMakeSection.swift (in target 'RedPen' from project 'RedPen')
    cd /Users/runner/work/red-pen-ios/red-pen-ios/ios
    

SwiftCompile normal arm64 /Users/runner/work/red-pen-ios/red-pen-ios/ios/RedPen/Features/Cases/CaseMaker.swift (in target 'RedPen' from project 'RedPen')
    cd /Users/runner/work/red-pen-ios/red-pen-ios/ios
    

SwiftCompile normal arm64 /Users/runner/work/red-pen-ios/red-pen-ios/ios/RedPen/Shared/Cases/CaseNames.swift (in target 'RedPen' from project 'RedPen')
    cd /Users/runner/work/red-pen-ios/red-pen-ios/ios
    

SwiftCompile normal arm64 /Users/runner/work/red-pen-ios/red-pen-ios/ios/RedPen/Shared/Cases/CaseRun.swift (in target 'RedPen' from project 'RedPen')
    cd /Users/runner/work/red-pen-ios/red-pen-ios/ios
    

SwiftCompile normal arm64 /Users/runner/work/red-pen-ios/red-pen-ios/ios/RedPen/Features/Cases/CaseRunStore.swift (in target 'RedPen' from project 'RedPen')
    cd /Users/runner/work/red-pen-ios/red-pen-ios/ios
    

SwiftCompile normal arm64 /Users/runner/work/red-pen-ios/red-pen-ios/ios/RedPen/Shared/Cases/CaseSamples.swift (in target 'RedPen' from project 'RedPen')
    cd /Users/runner/work/red-pen-ios/red-pen-ios/ios
    

SwiftCompile normal arm64 /Users/runner/work/red-pen-ios/red-pen-ios/ios/RedPen/Shared/Cases/CaseScore.swift (in target 'RedPen' from project 'RedPen')
    cd /Users/runner/work/red-pen-ios/red-pen-ios/ios
    

SwiftCompile normal arm64 /Users/runner/work/red-pen-ios/red-pen-ios/ios/RedPen/Features/Cases/CaseWardView.swift (in target 'RedPen' from project 'RedPen')
    cd /Users/runner/work/red-pen-ios/red-pen-ios/ios
    

SwiftCompile normal arm64 /Users/runner/work/red-pen-ios/red-pen-ios/ios/RedPen/Shared/Cases/CaseWriting.swift (in target 'RedPen' from project 'RedPen')
    cd /Users/runner/work/red-pen-ios/red-pen-ios/ios
    

SwiftCompile normal arm64 /Users/runner/work/red-pen-ios/red-pen-ios/ios/RedPen/Features/Library/CategoryPages.swift (in target 'RedPen' from project 'RedPen')
    cd /Users/runner/work/red-pen-ios/red-pen-ios/ios
    

SwiftCompile normal arm64 /Users/runner/work/red-pen-ios/red-pen-ios/ios/RedPen/Features/Library/CategoryShelves.swift (in target 'RedPen' from project 'RedPen')
    cd /Users/runner/work/red-pen-ios/red-pen-ios/ios
    

SwiftCompile normal arm64 /Users/runner/work/red-pen-ios/red-pen-ios/ios/RedPen/Features/MCQ/ChartQuiz.swift (in target 'RedPen' from project 'RedPen')
    cd /Users/runner/work/red-pen-ios/red-pen-ios/ios
    

SwiftCompile normal arm64 /Users/runner/work/red-pen-ios/red-pen-ios/ios/RedPen/Features/MCQ/ChartQuizViews.swift (in target 'RedPen' from project 'RedPen')
    cd /Users/runner/work/red-pen-ios/red-pen-ios/ios
    

SwiftDriverJobDiscovery normal arm64 Compiling Model.swift, Multimodal.swift, Parameter.swift, Sampler.swift, Token.swift, ToolExecution.swift, Utility.swift, stb_image.swift (in target 'LocalLLMClientLlama' from project 'LocalLLMClient')

SwiftCompile normal arm64 Compiling\ SaveToIdeasUI.swift,\ ScriptsView.swift,\ SecuredRule.swift,\ SetImport.swift,\ SetPictures.swift,\ SetWindow.swift,\ ShareSheet.swift,\ SignInView.swift,\ SkyChart.swift,\ SleepTimer.swift,\ SocialSignIn.swift,\ SoundKey.swift,\ SourceDoc.swift,\ SourceDocumentView.swift,\ SourceFiles.swift,\ SourceIngest.swift,\ SourcePageReader.swift,\ SourcePreviewView.swift,\ SourceSearch.swift,\ SourceText.swift,\ SourcesCreditsView.swift,\ SourcesLibraryView.swift,\ SpaceFeedback.swift,\ SpaceQuality.swift /Users/runner/work/red-pen-ios/red-pen-ios/ios/RedPen/Shared/Ideas/SaveToIdeasUI.swift /Users/runner/work/red-pen-ios/red-pen-ios/ios/RedPen/Features/Reasoning/ScriptsView.swift /Users/runner/work/red-pen-ios/red-pen-ios/ios/RedPen/Shared/Learn/SecuredRule.swift /Users/runner/work/red-pen-ios/red-pen-ios/ios/RedPen/Shared/SetImport.swift /Users/runner/work/red-pen-ios/red-pen-ios/ios/RedPen/Shared/SetPictures.swift /Users/runner/work/red-pen-ios/red-pen-ios/ios/RedPen/Shared/Platform/SetWindow.swift /Users/runner/work/red-pen-ios/red-pen-ios/ios/RedPen/Shared/ShareSheet.swift /Users/runner/work/red-pen-ios/red-pen-ios/ios/RedPen/Features/Auth/SignInView.swift /Users/runner/work/red-pen-ios/red-pen-ios/ios/RedPen/Shared/Space/SkyChart.swift /Users/runner/work/red-pen-ios/red-pen-ios/ios/RedPen/Shared/Voice/SleepTimer.swift /Users/runner/work/red-pen-ios/red-pen-ios/ios/RedPen/Shared/SocialSignIn.swift /Users/runner/work/red-pen-ios/red-pen-ios/ios/RedPen/Shared/SoundKey.swift /Users/runner/work/red-pen-ios/red-pen-ios/ios/RedPen/Models/SourceDoc.swift /Users/runner/work/red-pen-ios/red-pen-ios/ios/RedPen/Features/Sources/SourceDocumentView.swift /Users/runner/work/red-pen-ios/red-pen-ios/ios/RedPen/Persistence/SourceFiles.swift /Users/runner/work/red-pen-ios/red-pen-ios/ios/RedPen/Shared/SourceIngest.swift /Users/runner/work/red-pen-ios/red-pen-ios/ios/RedPen/Features/Sources/SourcePageReader.swift /Users/runner/work/red-pen-ios/red-pen-ios/ios/RedPen/Features/Sources/SourcePreviewView.swift /Users/runner/work/red-pen-ios/red-pen-ios/ios/RedPen/Shared/SourceSearch.swift /Users/runner/work/red-pen-ios/red-pen-ios/ios/RedPen/Shared/SourceText.swift /Users/runner/work/red-pen-ios/red-pen-ios/ios/RedPen/Features/Sources/SourcesCreditsView.swift /Users/runner/work/red-pen-ios/red-pen-ios/ios/RedPen/Features/Sources/SourcesLibraryView.swift /Users/runner/work/red-pen-ios/red-pen-ios/ios/RedPen/Shared/Space/SpaceFeedback.swift /Users/runner/work/red-pen-ios/red-pen-ios/ios/RedPen/Shared/Space/SpaceQuality.swift (in target 'RedPen' from project 'RedPen')
SwiftCompile normal arm64 /Users/runner/work/red-pen-ios/red-pen-ios/ios/RedPen/Shared/Ideas/SaveToIdeasUI.swift (in target 'RedPen' from project 'RedPen')
    cd /Users/runner/work/red-pen-ios/red-pen-ios/ios
    
/Users/runner/work/red-pen-ios/red-pen-ios/ios/RedPen/Shared/SocialSignIn.swift:84:72: warning: 'init()' was deprecated in iOS 26.0: Use init(windowScene:) instead.
            .compactMap { ($0 as? UIWindowScene)?.keyWindow }.first ?? ASPresentationAnchor()
                                                                       ^

SwiftCompile normal arm64 /Users/runner/work/red-pen-ios/red-pen-ios/ios/RedPen/Features/Reasoning/ScriptsView.swift (in target 'RedPen' from project 'RedPen')
    cd /Users/runner/work/red-pen-ios/red-pen-ios/ios
    
/Users/runner/work/red-pen-ios/red-pen-ios/ios/RedPen/Shared/SocialSignIn.swift:84:72: warning: 'init()' was deprecated in iOS 26.0: Use init(windowScene:) instead.
            .compactMap { ($0 as? UIWindowScene)?.keyWindow }.first ?? ASPresentationAnchor()
                                                                       ^

SwiftCompile normal arm64 /Users/runner/work/red-pen-ios/red-pen-ios/ios/RedPen/Shared/Learn/SecuredRule.swift (in target 'RedPen' from project 'RedPen')
    cd /Users/runner/work/red-pen-ios/red-pen-ios/ios
    
/Users/runner/work/red-pen-ios/red-pen-ios/ios/RedPen/Shared/SocialSignIn.swift:84:72: warning: 'init()' was deprecated in iOS 26.0: Use init(windowScene:) instead.
            .compactMap { ($0 as? UIWindowScene)?.keyWindow }.first ?? ASPresentationAnchor()
                                                                       ^

SwiftCompile normal arm64 /Users/runner/work/red-pen-ios/red-pen-ios/ios/RedPen/Shared/SetImport.swift (in target 'RedPen' from project 'RedPen')
    cd /Users/runner/work/red-pen-ios/red-pen-ios/ios
    
/Users/runner/work/red-pen-ios/red-pen-ios/ios/RedPen/Shared/SocialSignIn.swift:84:72: warning: 'init()' was deprecated in iOS 26.0: Use init(windowScene:) instead.
            .compactMap { ($0 as? UIWindowScene)?.keyWindow }.first ?? ASPresentationAnchor()
                                                                       ^

SwiftCompile normal arm64 /Users/runner/work/red-pen-ios/red-pen-ios/ios/RedPen/Shared/SetPictures.swift (in target 'RedPen' from project 'RedPen')
    cd /Users/runner/work/red-pen-ios/red-pen-ios/ios
    
/Users/runner/work/red-pen-ios/red-pen-ios/ios/RedPen/Shared/SocialSignIn.swift:84:72: warning: 'init()' was deprecated in iOS 26.0: Use init(windowScene:) instead.
            .compactMap { ($0 as? UIWindowScene)?.keyWindow }.first ?? ASPresentationAnchor()
                                                                       ^

SwiftCompile normal arm64 /Users/runner/work/red-pen-ios/red-pen-ios/ios/RedPen/Shared/Platform/SetWindow.swift (in target 'RedPen' from project 'RedPen')
    cd /Users/runner/work/red-pen-ios/red-pen-ios/ios
    
/Users/runner/work/red-pen-ios/red-pen-ios/ios/RedPen/Shared/SocialSignIn.swift:84:72: warning: 'init()' was deprecated in iOS 26.0: Use init(windowScene:) instead.
            .compactMap { ($0 as? UIWindowScene)?.keyWindow }.first ?? ASPresentationAnchor()
                                                                       ^

SwiftCompile normal arm64 /Users/runner/work/red-pen-ios/red-pen-ios/ios/RedPen/Shared/ShareSheet.swift (in target 'RedPen' from project 'RedPen')
    cd /Users/runner/work/red-pen-ios/red-pen-ios/ios
    
/Users/runner/work/red-pen-ios/red-pen-ios/ios/RedPen/Shared/SocialSignIn.swift:84:72: warning: 'init()' was deprecated in iOS 26.0: Use init(windowScene:) instead.
            .compactMap { ($0 as? UIWindowScene)?.keyWindow }.first ?? ASPresentationAnchor()
                                                                       ^

SwiftCompile normal arm64 /Users/runner/work/red-pen-ios/red-pen-ios/ios/RedPen/Features/Auth/SignInView.swift (in target 'RedPen' from project 'RedPen')
    cd /Users/runner/work/red-pen-ios/red-pen-ios/ios
    
/Users/runner/work/red-pen-ios/red-pen-ios/ios/RedPen/Shared/SocialSignIn.swift:84:72: warning: 'init()' was deprecated in iOS 26.0: Use init(windowScene:) instead.
            .compactMap { ($0 as? UIWindowScene)?.keyWindow }.first ?? ASPresentationAnchor()
                                                                       ^

SwiftCompile normal arm64 /Users/runner/work/red-pen-ios/red-pen-ios/ios/RedPen/Shared/Space/SkyChart.swift (in target 'RedPen' from project 'RedPen')
    cd /Users/runner/work/red-pen-ios/red-pen-ios/ios
    
/Users/runner/work/red-pen-ios/red-pen-ios/ios/RedPen/Shared/SocialSignIn.swift:84:72: warning: 'init()' was deprecated in iOS 26.0: Use init(windowScene:) instead.
            .compactMap { ($0 as? UIWindowScene)?.keyWindow }.first ?? ASPresentationAnchor()
                                                                       ^

SwiftCompile normal arm64 /Users/runner/work/red-pen-ios/red-pen-ios/ios/RedPen/Shared/Voice/SleepTimer.swift (in target 'RedPen' from project 'RedPen')
    cd /Users/runner/work/red-pen-ios/red-pen-ios/ios
    
/Users/runner/work/red-pen-ios/red-pen-ios/ios/RedPen/Shared/SocialSignIn.swift:84:72: warning: 'init()' was deprecated in iOS 26.0: Use init(windowScene:) instead.
            .compactMap { ($0 as? UIWindowScene)?.keyWindow }.first ?? ASPresentationAnchor()
                                                                       ^

SwiftCompile normal arm64 /Users/runner/work/red-pen-ios/red-pen-ios/ios/RedPen/Shared/SocialSignIn.swift (in target 'RedPen' from project 'RedPen')
    cd /Users/runner/work/red-pen-ios/red-pen-ios/ios
    
/Users/runner/work/red-pen-ios/red-pen-ios/ios/RedPen/Shared/SocialSignIn.swift:84:72: warning: 'init()' was deprecated in iOS 26.0: Use init(windowScene:) instead.
            .compactMap { ($0 as? UIWindowScene)?.keyWindow }.first ?? ASPresentationAnchor()
                                                                       ^

SwiftCompile normal arm64 /Users/runner/work/red-pen-ios/red-pen-ios/ios/RedPen/Shared/SoundKey.swift (in target 'RedPen' from project 'RedPen')
    cd /Users/runner/work/red-pen-ios/red-pen-ios/ios
    
/Users/runner/work/red-pen-ios/red-pen-ios/ios/RedPen/Shared/SocialSignIn.swift:84:72: warning: 'init()' was deprecated in iOS 26.0: Use init(windowScene:) instead.
            .compactMap { ($0 as? UIWindowScene)?.keyWindow }.first ?? ASPresentationAnchor()
                                                                       ^

SwiftCompile normal arm64 /Users/runner/work/red-pen-ios/red-pen-ios/ios/RedPen/Models/SourceDoc.swift (in target 'RedPen' from project 'RedPen')
    cd /Users/runner/work/red-pen-ios/red-pen-ios/ios
    
/Users/runner/work/red-pen-ios/red-pen-ios/ios/RedPen/Shared/SocialSignIn.swift:84:72: warning: 'init()' was deprecated in iOS 26.0: Use init(windowScene:) instead.
            .compactMap { ($0 as? UIWindowScene)?.keyWindow }.first ?? ASPresentationAnchor()
                                                                       ^

SwiftCompile normal arm64 /Users/runner/work/red-pen-ios/red-pen-ios/ios/RedPen/Features/Sources/SourceDocumentView.swift (in target 'RedPen' from project 'RedPen')
    cd /Users/runner/work/red-pen-ios/red-pen-ios/ios
    
/Users/runner/work/red-pen-ios/red-pen-ios/ios/RedPen/Shared/SocialSignIn.swift:84:72: warning: 'init()' was deprecated in iOS 26.0: Use init(windowScene:) instead.
            .compactMap { ($0 as? UIWindowScene)?.keyWindow }.first ?? ASPresentationAnchor()
                                                                       ^

SwiftCompile normal arm64 /Users/runner/work/red-pen-ios/red-pen-ios/ios/RedPen/Persistence/SourceFiles.swift (in target 'RedPen' from project 'RedPen')
    cd /Users/runner/work/red-pen-ios/red-pen-ios/ios
    
/Users/runner/work/red-pen-ios/red-pen-ios/ios/RedPen/Shared/SocialSignIn.swift:84:72: warning: 'init()' was deprecated in iOS 26.0: Use init(windowScene:) instead.
            .compactMap { ($0 as? UIWindowScene)?.keyWindow }.first ?? ASPresentationAnchor()
                                                                       ^

SwiftCompile normal arm64 /Users/runner/work/red-pen-ios/red-pen-ios/ios/RedPen/Shared/SourceIngest.swift (in target 'RedPen' from project 'RedPen')
    cd /Users/runner/work/red-pen-ios/red-pen-ios/ios
    
/Users/runner/work/red-pen-ios/red-pen-ios/ios/RedPen/Shared/SocialSignIn.swift:84:72: warning: 'init()' was deprecated in iOS 26.0: Use init(windowScene:) instead.
            .compactMap { ($0 as? UIWindowScene)?.keyWindow }.first ?? ASPresentationAnchor()
                                                                       ^

SwiftCompile normal arm64 /Users/runner/work/red-pen-ios/red-pen-ios/ios/RedPen/Features/Sources/SourcePageReader.swift (in target 'RedPen' from project 'RedPen')
    cd /Users/runner/work/red-pen-ios/red-pen-ios/ios
    
/Users/runner/work/red-pen-ios/red-pen-ios/ios/RedPen/Shared/SocialSignIn.swift:84:72: warning: 'init()' was deprecated in iOS 26.0: Use init(windowScene:) instead.
            .compactMap { ($0 as? UIWindowScene)?.keyWindow }.first ?? ASPresentationAnchor()
                                                                       ^

SwiftCompile normal arm64 /Users/runner/work/red-pen-ios/red-pen-ios/ios/RedPen/Features/Sources/SourcePreviewView.swift (in target 'RedPen' from project 'RedPen')
    cd /Users/runner/work/red-pen-ios/red-pen-ios/ios
    
/Users/runner/work/red-pen-ios/red-pen-ios/ios/RedPen/Shared/SocialSignIn.swift:84:72: warning: 'init()' was deprecated in iOS 26.0: Use init(windowScene:) instead.
            .compactMap { ($0 as? UIWindowScene)?.keyWindow }.first ?? ASPresentationAnchor()
                                                                       ^

SwiftCompile normal arm64 /Users/runner/work/red-pen-ios/red-pen-ios/ios/RedPen/Shared/SourceSearch.swift (in target 'RedPen' from project 'RedPen')
    cd /Users/runner/work/red-pen-ios/red-pen-ios/ios
    
/Users/runner/work/red-pen-ios/red-pen-ios/ios/RedPen/Shared/SocialSignIn.swift:84:72: warning: 'init()' was deprecated in iOS 26.0: Use init(windowScene:) instead.
            .compactMap { ($0 as? UIWindowScene)?.keyWindow }.first ?? ASPresentationAnchor()
                                                                       ^

SwiftCompile normal arm64 /Users/runner/work/red-pen-ios/red-pen-ios/ios/RedPen/Shared/SourceText.swift (in target 'RedPen' from project 'RedPen')
    cd /Users/runner/work/red-pen-ios/red-pen-ios/ios
    
/Users/runner/work/red-pen-ios/red-pen-ios/ios/RedPen/Shared/SocialSignIn.swift:84:72: warning: 'init()' was deprecated in iOS 26.0: Use init(windowScene:) instead.
            .compactMap { ($0 as? UIWindowScene)?.keyWindow }.first ?? ASPresentationAnchor()
                                                                       ^

SwiftCompile normal arm64 /Users/runner/work/red-pen-ios/red-pen-ios/ios/RedPen/Features/Sources/SourcesCreditsView.swift (in target 'RedPen' from project 'RedPen')
    cd /Users/runner/work/red-pen-ios/red-pen-ios/ios
    
/Users/runner/work/red-pen-ios/red-pen-ios/ios/RedPen/Shared/SocialSignIn.swift:84:72: warning: 'init()' was deprecated in iOS 26.0: Use init(windowScene:) instead.
            .compactMap { ($0 as? UIWindowScene)?.keyWindow }.first ?? ASPresentationAnchor()
                                                                       ^

SwiftCompile normal arm64 /Users/runner/work/red-pen-ios/red-pen-ios/ios/RedPen/Features/Sources/SourcesLibraryView.swift (in target 'RedPen' from project 'RedPen')
    cd /Users/runner/work/red-pen-ios/red-pen-ios/ios
    
/Users/runner/work/red-pen-ios/red-pen-ios/ios/RedPen/Shared/SocialSignIn.swift:84:72: warning: 'init()' was deprecated in iOS 26.0: Use init(windowScene:) instead.
            .compactMap { ($0 as? UIWindowScene)?.keyWindow }.first ?? ASPresentationAnchor()
                                                                       ^

SwiftCompile normal arm64 /Users/runner/work/red-pen-ios/red-pen-ios/ios/RedPen/Shared/Space/SpaceFeedback.swift (in target 'RedPen' from project 'RedPen')
    cd /Users/runner/work/red-pen-ios/red-pen-ios/ios
    
/Users/runner/work/red-pen-ios/red-pen-ios/ios/RedPen/Shared/SocialSignIn.swift:84:72: warning: 'init()' was deprecated in iOS 26.0: Use init(windowScene:) instead.
            .compactMap { ($0 as? UIWindowScene)?.keyWindow }.first ?? ASPresentationAnchor()
                                                                       ^

SwiftCompile normal arm64 /Users/runner/work/red-pen-ios/red-pen-ios/ios/RedPen/Shared/Space/SpaceQuality.swift (in target 'RedPen' from project 'RedPen')
    cd /Users/runner/work/red-pen-ios/red-pen-ios/ios
    
/Users/runner/work/red-pen-ios/red-pen-ios/ios/RedPen/Shared/SocialSignIn.swift:84:72: warning: 'init()' was deprecated in iOS 26.0: Use init(windowScene:) instead.
            .compactMap { ($0 as? UIWindowScene)?.keyWindow }.first ?? ASPresentationAnchor()
                                                                       ^

SwiftCompile normal arm64 Compiling\ Diagnostics.swift,\ DiagnosticsModel.swift,\ DiagnosticsPlatform.swift,\ DiagnosticsQueue.swift,\ DiagnosticsSettingsView.swift,\ Differential.swift,\ DocumentScannerSheet.swift,\ DocxText.swift,\ DrawRecallView.swift,\ DueTodayView.swift,\ DuelView.swift,\ Entitlement.swift,\ ExamBlueprint.swift,\ ExamCatalog.swift,\ ExamChoice.swift,\ ExamDashboardCard.swift,\ ExamDayAttributes.swift,\ ExamDayKitView.swift,\ ExamExemplarData.swift,\ ExamExemplars.swift,\ ExamFormats.swift,\ ExamPickerView.swift,\ ExamPlanView.swift,\ ExamPrompt.swift,\ ExamStore.swift /Users/runner/work/red-pen-ios/red-pen-ios/ios/RedPen/Shared/Diagnostics/Diagnostics.swift /Users/runner/work/red-pen-ios/red-pen-ios/ios/RedPen/Shared/Diagnostics/DiagnosticsModel.swift /Users/runner/work/red-pen-ios/red-pen-ios/ios/RedPen/Shared/Diagnostics/DiagnosticsPlatform.swift /Users/runner/work/red-pen-ios/red-pen-ios/ios/RedPen/Shared/Diagnostics/DiagnosticsQueue.swift /Users/runner/work/red-pen-ios/red-pen-ios/ios/RedPen/Features/Support/DiagnosticsSettingsView.swift /Users/runner/work/red-pen-ios/red-pen-ios/ios/RedPen/Models/Differential.swift /Users/runner/work/red-pen-ios/red-pen-ios/ios/RedPen/Features/Library/DocumentScannerSheet.swift /Users/runner/work/red-pen-ios/red-pen-ios/ios/RedPen/Shared/DocxText.swift /Users/runner/work/red-pen-ios/red-pen-ios/ios/RedPen/Features/Recall/DrawRecallView.swift /Users/runner/work/red-pen-ios/red-pen-ios/ios/RedPen/Features/Anki/DueTodayView.swift /Users/runner/work/red-pen-ios/red-pen-ios/ios/RedPen/Features/Reasoning/DuelView.swift /Users/runner/work/red-pen-ios/red-pen-ios/ios/RedPen/Shared/Entitlement.swift /Users/runner/work/red-pen-ios/red-pen-ios/ios/RedPen/Shared/Exam/ExamBlueprint.swift /Users/runner/work/red-pen-ios/red-pen-ios/ios/RedPen/Shared/Exam/ExamCatalog.swift /Users/runner/work/red-pen-ios/red-pen-ios/ios/RedPen/Shared/Exam/ExamChoice.swift /Users/runner/work/red-pen-ios/red-pen-ios/ios/RedPen/Features/Exam/ExamDashboardCard.swift /Users/runner/work/red-pen-ios/red-pen-ios/ios/RedPen/Shared/Platform/ExamDayAttributes.swift /Users/runner/work/red-pen-ios/red-pen-ios/ios/RedPen/Features/Learn/ExamDayKitView.swift /Users/runner/work/red-pen-ios/red-pen-ios/ios/RedPen/Shared/Exam/ExamExemplarData.swift /Users/runner/work/red-pen-ios/red-pen-ios/ios/RedPen/Shared/Exam/ExamExemplars.swift /Users/runner/work/red-pen-ios/red-pen-ios/ios/RedPen/Shared/Exam/ExamFormats.swift /Users/runner/work/red-pen-ios/red-pen-ios/ios/RedPen/Features/Exam/ExamPickerView.swift /Users/runner/work/red-pen-ios/red-pen-ios/ios/RedPen/Features/Learn/ExamPlanView.swift /Users/runner/work/red-pen-ios/red-pen-ios/ios/RedPen/Shared/Exam/ExamPrompt.swift /Users/runner/work/red-pen-ios/red-pen-ios/ios/RedPen/Shared/Exam/ExamStore.swift (in target 'RedPen' from project 'RedPen')
SwiftCompile normal arm64 /Users/runner/work/red-pen-ios/red-pen-ios/ios/RedPen/Shared/Diagnostics/Diagnostics.swift (in target 'RedPen' from project 'RedPen')
    cd /Users/runner/work/red-pen-ios/red-pen-ios/ios
    

SwiftCompile normal arm64 /Users/runner/work/red-pen-ios/red-pen-ios/ios/RedPen/Shared/Diagnostics/DiagnosticsModel.swift (in target 'RedPen' from project 'RedPen')
    cd /Users/runner/work/red-pen-ios/red-pen-ios/ios
    

SwiftCompile normal arm64 /Users/runner/work/red-pen-ios/red-pen-ios/ios/RedPen/Shared/Diagnostics/DiagnosticsPlatform.swift (in target 'RedPen' from project 'RedPen')
    cd /Users/runner/work/red-pen-ios/red-pen-ios/ios
    

SwiftCompile normal arm64 /Users/runner/work/red-pen-ios/red-pen-ios/ios/RedPen/Shared/Diagnostics/DiagnosticsQueue.swift (in target 'RedPen' from project 'RedPen')
    cd /Users/runner/work/red-pen-ios/red-pen-ios/ios
    

SwiftCompile normal arm64 /Users/runner/work/red-pen-ios/red-pen-ios/ios/RedPen/Features/Support/DiagnosticsSettingsView.swift (in target 'RedPen' from project 'RedPen')
    cd /Users/runner/work/red-pen-ios/red-pen-ios/ios
    

SwiftCompile normal arm64 /Users/runner/work/red-pen-ios/red-pen-ios/ios/RedPen/Models/Differential.swift (in target 'RedPen' from project 'RedPen')
    cd /Users/runner/work/red-pen-ios/red-pen-ios/ios
    

SwiftCompile normal arm64 /Users/runner/work/red-pen-ios/red-pen-ios/ios/RedPen/Features/Library/DocumentScannerSheet.swift (in target 'RedPen' from project 'RedPen')
    cd /Users/runner/work/red-pen-ios/red-pen-ios/ios
    

SwiftCompile normal arm64 /Users/runner/work/red-pen-ios/red-pen-ios/ios/RedPen/Shared/DocxText.swift (in target 'RedPen' from project 'RedPen')
    cd /Users/runner/work/red-pen-ios/red-pen-ios/ios
    

SwiftCompile normal arm64 /Users/runner/work/red-pen-ios/red-pen-ios/ios/RedPen/Features/Recall/DrawRecallView.swift (in target 'RedPen' from project 'RedPen')
    cd /Users/runner/work/red-pen-ios/red-pen-ios/ios
    

SwiftCompile normal arm64 /Users/runner/work/red-pen-ios/red-pen-ios/ios/RedPen/Features/Anki/DueTodayView.swift (in target 'RedPen' from project 'RedPen')
    cd /Users/runner/work/red-pen-ios/red-pen-ios/ios
    

SwiftCompile normal arm64 /Users/runner/work/red-pen-ios/red-pen-ios/ios/RedPen/Features/Reasoning/DuelView.swift (in target 'RedPen' from project 'RedPen')
    cd /Users/runner/work/red-pen-ios/red-pen-ios/ios
    

SwiftCompile normal arm64 /Users/runner/work/red-pen-ios/red-pen-ios/ios/RedPen/Shared/Entitlement.swift (in target 'RedPen' from project 'RedPen')
    cd /Users/runner/work/red-pen-ios/red-pen-ios/ios
    

SwiftCompile normal arm64 /Users/runner/work/red-pen-ios/red-pen-ios/ios/RedPen/Shared/Exam/ExamBlueprint.swift (in target 'RedPen' from project 'RedPen')
    cd /Users/runner/work/red-pen-ios/red-pen-ios/ios
    

SwiftCompile normal arm64 /Users/runner/work/red-pen-ios/red-pen-ios/ios/RedPen/Shared/Exam/ExamCatalog.swift (in target 'RedPen' from project 'RedPen')
    cd /Users/runner/work/red-pen-ios/red-pen-ios/ios
    

SwiftCompile normal arm64 /Users/runner/work/red-pen-ios/red-pen-ios/ios/RedPen/Shared/Exam/ExamChoice.swift (in target 'RedPen' from project 'RedPen')
    cd /Users/runner/work/red-pen-ios/red-pen-ios/ios
    

SwiftCompile normal arm64 /Users/runner/work/red-pen-ios/red-pen-ios/ios/RedPen/Features/Exam/ExamDashboardCard.swift (in target 'RedPen' from project 'RedPen')
    cd /Users/runner/work/red-pen-ios/red-pen-ios/ios
    

SwiftCompile normal arm64 /Users/runner/work/red-pen-ios/red-pen-ios/ios/RedPen/Shared/Platform/ExamDayAttributes.swift (in target 'RedPen' from project 'RedPen')
    cd /Users/runner/work/red-pen-ios/red-pen-ios/ios
    

SwiftCompile normal arm64 /Users/runner/work/red-pen-ios/red-pen-ios/ios/RedPen/Features/Learn/ExamDayKitView.swift (in target 'RedPen' from project 'RedPen')
    cd /Users/runner/work/red-pen-ios/red-pen-ios/ios
    

SwiftCompile normal arm64 /Users/runner/work/red-pen-ios/red-pen-ios/ios/RedPen/Shared/Exam/ExamExemplarData.swift (in target 'RedPen' from project 'RedPen')
    cd /Users/runner/work/red-pen-ios/red-pen-ios/ios
    

SwiftCompile normal arm64 /Users/runner/work/red-pen-ios/red-pen-ios/ios/RedPen/Shared/Exam/ExamExemplars.swift (in target 'RedPen' from project 'RedPen')
    cd /Users/runner/work/red-pen-ios/red-pen-ios/ios
    

SwiftCompile normal arm64 /Users/runner/work/red-pen-ios/red-pen-ios/ios/RedPen/Shared/Exam/ExamFormats.swift (in target 'RedPen' from project 'RedPen')
    cd /Users/runner/work/red-pen-ios/red-pen-ios/ios
    

SwiftCompile normal arm64 /Users/runner/work/red-pen-ios/red-pen-ios/ios/RedPen/Features/Exam/ExamPickerView.swift (in target 'RedPen' from project 'RedPen')
    cd /Users/runner/work/red-pen-ios/red-pen-ios/ios
    

SwiftCompile normal arm64 /Users/runner/work/red-pen-ios/red-pen-ios/ios/RedPen/Features/Learn/ExamPlanView.swift (in target 'RedPen' from project 'RedPen')
    cd /Users/runner/work/red-pen-ios/red-pen-ios/ios
    

SwiftCompile normal arm64 /Users/runner/work/red-pen-ios/red-pen-ios/ios/RedPen/Shared/Exam/ExamPrompt.swift (in target 'RedPen' from project 'RedPen')
    cd /Users/runner/work/red-pen-ios/red-pen-ios/ios
    

SwiftCompile normal arm64 /Users/runner/work/red-pen-ios/red-pen-ios/ios/RedPen/Shared/Exam/ExamStore.swift (in target 'RedPen' from project 'RedPen')
    cd /Users/runner/work/red-pen-ios/red-pen-ios/ios
    

SwiftDriverJobDiscovery normal arm64 Emitting module for RedPen (in target 'RedPen' from project 'RedPen')

SwiftDriver\ Compilation\ Requirements RedPen normal arm64 com.apple.xcode.tools.swift.compiler (in target 'RedPen' from project 'RedPen')
    cd /Users/runner/work/red-pen-ios/red-pen-ios/ios
    builtin-Swift-Compilation-Requirements -- /Applications/Xcode_26.6.app/Contents/Developer/Toolchains/XcodeDefault.xctoolchain/usr/bin/swiftc -module-name RedPen -Onone @/Users/runner/work/red-pen-ios/red-pen-ios/ios/build/Build/Intermediates.noindex/RedPen.build/Debug-iphonesimulator/RedPen.build/Objects-normal/arm64/RedPen.SwiftFileList -DDEBUG -cxx-interoperability-mode\=default -enable-bare-slash-regex -enable-experimental-feature DebugDescriptionMacro -sdk /Applications/Xcode_26.6.app/Contents/Developer/Platforms/iPhoneSimulator.platform/Developer/SDKs/iPhoneSimulator26.5.sdk -target arm64-apple-ios26.0-simulator -g -module-cache-path /Users/runner/work/red-pen-ios/red-pen-ios/ios/build/ModuleCache.noindex -Xfrontend -serialize-debugging-options -enable-testing -index-store-path /Users/runner/work/red-pen-ios/red-pen-ios/ios/build/Index.noindex/DataStore -Xcc -D_LIBCPP_HARDENING_MODE\=_LIBCPP_HARDENING_MODE_DEBUG -swift-version 5 -I /Users/runner/work/red-pen-ios/red-pen-ios/ios/build/Build/Products/Debug-iphonesimulator -F /Users/runner/work/red-pen-ios/red-pen-ios/ios/build/Build/Products/Debug-iphonesimulator/PackageFrameworks -F /Users/runner/work/red-pen-ios/red-pen-ios/ios/build/Build/Products/Debug-iphonesimulator/PackageFrameworks -F /Users/runner/work/red-pen-ios/red-pen-ios/ios/build/Build/Products/Debug-iphonesimulator/PackageFrameworks -F /Users/runner/work/red-pen-ios/red-pen-ios/ios/build/Build/Products/Debug-iphonesimulator/PackageFrameworks -F /Users/runner/work/red-pen-ios/red-pen-ios/ios/build/Build/Products/Debug-iphonesimulator/PackageFrameworks -F /Users/runner/work/red-pen-ios/red-pen-ios/ios/build/Build/Products/Debug-iphonesimulator/PackageFrameworks -F /Users/runner/work/red-pen-ios/red-pen-ios/ios/build/Build/Products/Debug-iphonesimulator/PackageFrameworks -F /Users/runner/work/red-pen-ios/red-pen-ios/ios/build/Build/Products/Debug-iphonesimulator/PackageFrameworks -F /Users/runner/work/red-pen-ios/red-pen-ios/ios/build/Build/Products/Debug-iphonesimulator/PackageFrameworks -F /Users/runner/work/red-pen-ios/red-pen-ios/ios/build/Build/Products/Debug-iphonesimulator -Xfrontend -load-plugin-executable -Xfrontend /Users/runner/work/red-pen-ios/red-pen-ios/ios/build/Build/Products/Debug/LocalLLMClientMacrosPlugin\#LocalLLMClientMacrosPlugin -c -j3 -enable-batch-mode -incremental -Xcc -ivfsstatcache -Xcc /Users/runner/work/red-pen-ios/red-pen-ios/ios/build/SDKStatCaches.noindex/iphonesimulator26.5-23F81a-688ef53f1462e2c8f657fdc38a81448ff45c64a1807a658693f2a61704f17a36.sdkstatcache -output-file-map /Users/runner/work/red-pen-ios/red-pen-ios/ios/build/Build/Intermediates.noindex/RedPen.build/Debug-iphonesimulator/RedPen.build/Objects-normal/arm64/RedPen-OutputFileMap.json -use-frontend-parseable-output -save-temps -no-color-diagnostics -serialize-diagnostics -emit-dependencies -emit-module -emit-module-path /Users/runner/work/red-pen-ios/red-pen-ios/ios/build/Build/Intermediates.noindex/RedPen.build/Debug-iphonesimulator/RedPen.build/Objects-normal/arm64/RedPen.swiftmodule -validate-clang-modules-once -clang-build-session-file /Users/runner/work/red-pen-ios/red-pen-ios/ios/build/ModuleCache.noindex/Session.modulevalidation -Xcc -I/Users/runner/work/red-pen-ios/red-pen-ios/ios/build/Build/Intermediates.noindex/RedPen.build/Debug-iphonesimulator/RedPen.build/swift-overrides.hmap -emit-const-values -Xfrontend -const-gather-protocols-file -Xfrontend /Users/runner/work/red-pen-ios/red-pen-ios/ios/build/Build/Intermediates.noindex/RedPen.build/Debug-iphonesimulator/RedPen.build/Objects-normal/arm64/RedPen_const_extract_protocols.json -Xcc -iquote -Xcc /Users/runner/work/red-pen-ios/red-pen-ios/ios/build/Build/Intermediates.noindex/RedPen.build/Debug-iphonesimulator/RedPen.build/RedPen-generated-files.hmap -Xcc -I/Users/runner/work/red-pen-ios/red-pen-ios/ios/build/Build/Intermediates.noindex/RedPen.build/Debug-iphonesimulator/RedPen.build/RedPen-own-target-headers.hmap -Xcc -I/Users/runner/work/red-pen-ios/red-pen-ios/ios/build/Build/Intermediates.noindex/RedPen.build/Debug-iphonesimulator/RedPen.build/RedPen-all-non-framework-target-headers.hmap -Xcc -ivfsoverlay -Xcc /Users/runner/work/red-pen-ios/red-pen-ios/ios/build/Build/Intermediates.noindex/RedPen.build/Debug-iphonesimulator/RedPen-599707e14dd5256a6604c828c0c573bf-VFS-iphonesimulator/all-product-headers.yaml -Xcc -iquote -Xcc /Users/runner/work/red-pen-ios/red-pen-ios/ios/build/Build/Intermediates.noindex/RedPen.build/Debug-iphonesimulator/RedPen.build/RedPen-project-headers.hmap -Xcc -I/Users/runner/work/red-pen-ios/red-pen-ios/ios/build/SourcePackages/checkouts/LocalLLMClient/Sources/LocalLLMClientLlamaC/include -Xcc -I/Users/runner/work/red-pen-ios/red-pen-ios/ios/build/Build/Products/Debug-iphonesimulator/include -Xcc -I/Users/runner/work/red-pen-ios/red-pen-ios/ios/build/Build/Intermediates.noindex/RedPen.build/Debug-iphonesimulator/RedPen.build/DerivedSources-normal/arm64 -Xcc -I/Users/runner/work/red-pen-ios/red-pen-ios/ios/build/Build/Intermediates.noindex/RedPen.build/Debug-iphonesimulator/RedPen.build/DerivedSources/arm64 -Xcc -I/Users/runner/work/red-pen-ios/red-pen-ios/ios/build/Build/Intermediates.noindex/RedPen.build/Debug-iphonesimulator/RedPen.build/DerivedSources -Xcc -DDEBUG\=1 -emit-objc-header -emit-objc-header-path /Users/runner/work/red-pen-ios/red-pen-ios/ios/build/Build/Intermediates.noindex/RedPen.build/Debug-iphonesimulator/RedPen.build/Objects-normal/arm64/RedPen-Swift.h -working-directory /Users/runner/work/red-pen-ios/red-pen-ios/ios -experimental-emit-module-separately -disable-cmo

SwiftDriverJobDiscovery normal arm64 Compiling CardStyle.swift, CardTags.swift, CardsEditorView.swift, CaseAppleWriter.swift, CaseChecks.swift, CaseDebrief.swift, CaseDebriefView.swift, CaseDecisionView.swift, CaseFile.swift, CaseGemmaWriter.swift, CaseKit.swift, CaseListView.swift, CaseMakeSection.swift, CaseMaker.swift, CaseNames.swift, CaseRun.swift, CaseRunStore.swift, CaseSamples.swift, CaseScore.swift, CaseWardView.swift, CaseWriting.swift, CategoryPages.swift, CategoryShelves.swift, ChartQuiz.swift, ChartQuizViews.swift (in target 'RedPen' from project 'RedPen')

SwiftCompile normal arm64 Compiling\ Keychain.swift,\ L10n.swift,\ L10nRules.swift,\ LLMCore.swift,\ LLMParsing.swift,\ LaunchSplash.swift,\ LearnNotifications.swift,\ LearnRouter.swift,\ LearnRoutes.swift,\ LearnStore.swift,\ LectureAudio.swift,\ LectureImporter.swift,\ LecturePDFSection.swift,\ LecturePlayer.swift,\ LectureTranscriber.swift,\ LectureWriter.swift,\ LectureWriterSection.swift,\ LegalLinks.swift,\ LensAddSheet.swift,\ LensAnswer.swift,\ LensAnswerSheet.swift,\ LensCamera.swift,\ LensConversion.swift,\ LensModel.swift,\ LensTracking.swift /Users/runner/work/red-pen-ios/red-pen-ios/ios/RedPen/Persistence/Keychain.swift /Users/runner/work/red-pen-ios/red-pen-ios/ios/RedPen/Shared/L10n.swift /Users/runner/work/red-pen-ios/red-pen-ios/ios/RedPen/Shared/L10nRules.swift /Users/runner/work/red-pen-ios/red-pen-ios/ios/RedPen/Shared/LLM/LLMCore.swift /Users/runner/work/red-pen-ios/red-pen-ios/ios/RedPen/Shared/LLM/LLMParsing.swift /Users/runner/work/red-pen-ios/red-pen-ios/ios/RedPen/Shared/LaunchSplash.swift /Users/runner/work/red-pen-ios/red-pen-ios/ios/RedPen/Shared/Learn/LearnNotifications.swift /Users/runner/work/red-pen-ios/red-pen-ios/ios/RedPen/Shared/Learn/LearnRouter.swift /Users/runner/work/red-pen-ios/red-pen-ios/ios/RedPen/Features/Learn/LearnRoutes.swift /Users/runner/work/red-pen-ios/red-pen-ios/ios/RedPen/Shared/Learn/LearnStore.swift /Users/runner/work/red-pen-ios/red-pen-ios/ios/RedPen/Shared/LectureAudio.swift /Users/runner/work/red-pen-ios/red-pen-ios/ios/RedPen/Features/Narrate/LectureImporter.swift /Users/runner/work/red-pen-ios/red-pen-ios/ios/RedPen/Features/Library/LecturePDFSection.swift /Users/runner/work/red-pen-ios/red-pen-ios/ios/RedPen/Shared/LecturePlayer.swift /Users/runner/work/red-pen-ios/red-pen-ios/ios/RedPen/Shared/LectureTranscriber.swift /Users/runner/work/red-pen-ios/red-pen-ios/ios/RedPen/Shared/LLM/LectureWriter.swift /Users/runner/work/red-pen-ios/red-pen-ios/ios/RedPen/Features/Library/LectureWriterSection.swift /Users/runner/work/red-pen-ios/red-pen-ios/ios/RedPen/Shared/LegalLinks.swift /Users/runner/work/red-pen-ios/red-pen-ios/ios/RedPen/Features/Lens/LensAddSheet.swift /Users/runner/work/red-pen-ios/red-pen-ios/ios/RedPen/Shared/Lens/LensAnswer.swift /Users/runner/work/red-pen-ios/red-pen-ios/ios/RedPen/Features/Lens/LensAnswerSheet.swift /Users/runner/work/red-pen-ios/red-pen-ios/ios/RedPen/Features/Lens/LensCamera.swift /Users/runner/work/red-pen-ios/red-pen-ios/ios/RedPen/Shared/Lens/LensConversion.swift /Users/runner/work/red-pen-ios/red-pen-ios/ios/RedPen/Features/Lens/LensModel.swift /Users/runner/work/red-pen-ios/red-pen-ios/ios/RedPen/Shared/Lens/LensTracking.swift (in target 'RedPen' from project 'RedPen')
SwiftCompile normal arm64 /Users/runner/work/red-pen-ios/red-pen-ios/ios/RedPen/Persistence/Keychain.swift (in target 'RedPen' from project 'RedPen')
    cd /Users/runner/work/red-pen-ios/red-pen-ios/ios
    

SwiftCompile normal arm64 /Users/runner/work/red-pen-ios/red-pen-ios/ios/RedPen/Shared/L10n.swift (in target 'RedPen' from project 'RedPen')
    cd /Users/runner/work/red-pen-ios/red-pen-ios/ios
    

SwiftCompile normal arm64 /Users/runner/work/red-pen-ios/red-pen-ios/ios/RedPen/Shared/L10nRules.swift (in target 'RedPen' from project 'RedPen')
    cd /Users/runner/work/red-pen-ios/red-pen-ios/ios
    

SwiftCompile normal arm64 /Users/runner/work/red-pen-ios/red-pen-ios/ios/RedPen/Shared/LLM/LLMCore.swift (in target 'RedPen' from project 'RedPen')
    cd /Users/runner/work/red-pen-ios/red-pen-ios/ios
    

SwiftCompile normal arm64 /Users/runner/work/red-pen-ios/red-pen-ios/ios/RedPen/Shared/LLM/LLMParsing.swift (in target 'RedPen' from project 'RedPen')
    cd /Users/runner/work/red-pen-ios/red-pen-ios/ios
    

SwiftCompile normal arm64 /Users/runner/work/red-pen-ios/red-pen-ios/ios/RedPen/Shared/LaunchSplash.swift (in target 'RedPen' from project 'RedPen')
    cd /Users/runner/work/red-pen-ios/red-pen-ios/ios
    

SwiftCompile normal arm64 /Users/runner/work/red-pen-ios/red-pen-ios/ios/RedPen/Shared/Learn/LearnNotifications.swift (in target 'RedPen' from project 'RedPen')
    cd /Users/runner/work/red-pen-ios/red-pen-ios/ios
    
/Users/runner/work/red-pen-ios/red-pen-ios/ios/RedPen/Shared/Learn/LearnNotifications.swift:222:10: warning: instance method 'userNotificationCenter(_:willPresent:withCompletionHandler:)' nearly matches optional requirement 'userNotificationCenter(_:willPresent:withCompletionHandler:)' of protocol 'UNUserNotificationCenterDelegate'
    func userNotificationCenter(_ center: UNUserNotificationCenter,
         ^
/Users/runner/work/red-pen-ios/red-pen-ios/ios/RedPen/Shared/Learn/LearnNotifications.swift:222:10: note: candidate has non-matching type '(UNUserNotificationCenter, UNNotification, @escaping (UNNotificationPresentationOptions) -> Void) -> ()'
    func userNotificationCenter(_ center: UNUserNotificationCenter,
         ^
/Users/runner/work/red-pen-ios/red-pen-ios/ios/RedPen/Shared/Learn/LearnNotifications.swift:222:10: note: move 'userNotificationCenter(_:willPresent:withCompletionHandler:)' to an extension to silence this warning
    func userNotificationCenter(_ center: UNUserNotificationCenter,
         ^
/Users/runner/work/red-pen-ios/red-pen-ios/ios/RedPen/Shared/Learn/LearnNotifications.swift:222:10: note: make 'userNotificationCenter(_:willPresent:withCompletionHandler:)' private to silence this warning
    func userNotificationCenter(_ center: UNUserNotificationCenter,
         ^
    private 
UserNotifications.UNUserNotificationCenterDelegate.userNotificationCenter:3:17: note: requirement 'userNotificationCenter(_:willPresent:withCompletionHandler:)' declared here
  optional func userNotificationCenter(_ center: UNUserNotificationCenter, willPresent notification: UNNotification, withCompletionHandler completionHandler: @escaping @Sendable (Int) -> Void)}
                ^

SwiftCompile normal arm64 /Users/runner/work/red-pen-ios/red-pen-ios/ios/RedPen/Shared/Learn/LearnRouter.swift (in target 'RedPen' from project 'RedPen')
    cd /Users/runner/work/red-pen-ios/red-pen-ios/ios
    

SwiftCompile normal arm64 /Users/runner/work/red-pen-ios/red-pen-ios/ios/RedPen/Features/Learn/LearnRoutes.swift (in target 'RedPen' from project 'RedPen')
    cd /Users/runner/work/red-pen-ios/red-pen-ios/ios
    

SwiftCompile normal arm64 /Users/runner/work/red-pen-ios/red-pen-ios/ios/RedPen/Shared/Learn/LearnStore.swift (in target 'RedPen' from project 'RedPen')
    cd /Users/runner/work/red-pen-ios/red-pen-ios/ios
    

SwiftCompile normal arm64 /Users/runner/work/red-pen-ios/red-pen-ios/ios/RedPen/Shared/LectureAudio.swift (in target 'RedPen' from project 'RedPen')
    cd /Users/runner/work/red-pen-ios/red-pen-ios/ios
    

SwiftCompile normal arm64 /Users/runner/work/red-pen-ios/red-pen-ios/ios/RedPen/Features/Narrate/LectureImporter.swift (in target 'RedPen' from project 'RedPen')
    cd /Users/runner/work/red-pen-ios/red-pen-ios/ios
    

SwiftCompile normal arm64 /Users/runner/work/red-pen-ios/red-pen-ios/ios/RedPen/Features/Library/LecturePDFSection.swift (in target 'RedPen' from project 'RedPen')
    cd /Users/runner/work/red-pen-ios/red-pen-ios/ios
    

SwiftCompile normal arm64 /Users/runner/work/red-pen-ios/red-pen-ios/ios/RedPen/Shared/LecturePlayer.swift (in target 'RedPen' from project 'RedPen')
    cd /Users/runner/work/red-pen-ios/red-pen-ios/ios
    

SwiftCompile normal arm64 /Users/runner/work/red-pen-ios/red-pen-ios/ios/RedPen/Shared/LectureTranscriber.swift (in target 'RedPen' from project 'RedPen')
    cd /Users/runner/work/red-pen-ios/red-pen-ios/ios
    

SwiftCompile normal arm64 /Users/runner/work/red-pen-ios/red-pen-ios/ios/RedPen/Shared/LLM/LectureWriter.swift (in target 'RedPen' from project 'RedPen')
    cd /Users/runner/work/red-pen-ios/red-pen-ios/ios
    

SwiftCompile normal arm64 /Users/runner/work/red-pen-ios/red-pen-ios/ios/RedPen/Features/Library/LectureWriterSection.swift (in target 'RedPen' from project 'RedPen')
    cd /Users/runner/work/red-pen-ios/red-pen-ios/ios
    

SwiftCompile normal arm64 /Users/runner/work/red-pen-ios/red-pen-ios/ios/RedPen/Shared/LegalLinks.swift (in target 'RedPen' from project 'RedPen')
    cd /Users/runner/work/red-pen-ios/red-pen-ios/ios
    

SwiftCompile normal arm64 /Users/runner/work/red-pen-ios/red-pen-ios/ios/RedPen/Features/Lens/LensAddSheet.swift (in target 'RedPen' from project 'RedPen')
    cd /Users/runner/work/red-pen-ios/red-pen-ios/ios
    

SwiftCompile normal arm64 /Users/runner/work/red-pen-ios/red-pen-ios/ios/RedPen/Shared/Lens/LensAnswer.swift (in target 'RedPen' from project 'RedPen')
    cd /Users/runner/work/red-pen-ios/red-pen-ios/ios
    

SwiftCompile normal arm64 /Users/runner/work/red-pen-ios/red-pen-ios/ios/RedPen/Features/Lens/LensAnswerSheet.swift (in target 'RedPen' from project 'RedPen')
    cd /Users/runner/work/red-pen-ios/red-pen-ios/ios
    

SwiftCompile normal arm64 /Users/runner/work/red-pen-ios/red-pen-ios/ios/RedPen/Features/Lens/LensCamera.swift (in target 'RedPen' from project 'RedPen')
    cd /Users/runner/work/red-pen-ios/red-pen-ios/ios
    

SwiftCompile normal arm64 /Users/runner/work/red-pen-ios/red-pen-ios/ios/RedPen/Shared/Lens/LensConversion.swift (in target 'RedPen' from project 'RedPen')
    cd /Users/runner/work/red-pen-ios/red-pen-ios/ios
    

SwiftCompile normal arm64 /Users/runner/work/red-pen-ios/red-pen-ios/ios/RedPen/Features/Lens/LensModel.swift (in target 'RedPen' from project 'RedPen')
    cd /Users/runner/work/red-pen-ios/red-pen-ios/ios
    
/Users/runner/work/red-pen-ios/red-pen-ios/ios/RedPen/Features/Lens/LensModel.swift:120:17: warning: reference to captured var 'self' in concurrently-executing code; this is an error in the Swift 6 language mode
                self?.apply(found, frame: frame)
                ^

SwiftCompile normal arm64 /Users/runner/work/red-pen-ios/red-pen-ios/ios/RedPen/Shared/Lens/LensTracking.swift (in target 'RedPen' from project 'RedPen')
    cd /Users/runner/work/red-pen-ios/red-pen-ios/ios
    

SwiftMergeGeneratedHeaders /Users/runner/work/red-pen-ios/red-pen-ios/ios/build/Build/Intermediates.noindex/RedPen.build/Debug-iphonesimulator/RedPen.build/DerivedSources/RedPen-Swift.h /Users/runner/work/red-pen-ios/red-pen-ios/ios/build/Build/Intermediates.noindex/RedPen.build/Debug-iphonesimulator/RedPen.build/Objects-normal/arm64/RedPen-Swift.h (in target 'RedPen' from project 'RedPen')
    cd /Users/runner/work/red-pen-ios/red-pen-ios/ios
    builtin-swiftHeaderTool -arch arm64 /Users/runner/work/red-pen-ios/red-pen-ios/ios/build/Build/Intermediates.noindex/RedPen.build/Debug-iphonesimulator/RedPen.build/Objects-normal/arm64/RedPen-Swift.h -o /Users/runner/work/red-pen-ios/red-pen-ios/ios/build/Build/Intermediates.noindex/RedPen.build/Debug-iphonesimulator/RedPen.build/DerivedSources/RedPen-Swift.h

SwiftDriverJobDiscovery normal arm64 Compiling SaveToIdeasUI.swift, ScriptsView.swift, SecuredRule.swift, SetImport.swift, SetPictures.swift, SetWindow.swift, ShareSheet.swift, SignInView.swift, SkyChart.swift, SleepTimer.swift, SocialSignIn.swift, SoundKey.swift, SourceDoc.swift, SourceDocumentView.swift, SourceFiles.swift, SourceIngest.swift, SourcePageReader.swift, SourcePreviewView.swift, SourceSearch.swift, SourceText.swift, SourcesCreditsView.swift, SourcesLibraryView.swift, SpaceFeedback.swift, SpaceQuality.swift (in target 'RedPen' from project 'RedPen')

Copy /Users/runner/work/red-pen-ios/red-pen-ios/ios/build/Build/Products/Debug-iphonesimulator/RedPen.swiftmodule/arm64-apple-ios-simulator.swiftmodule /Users/runner/work/red-pen-ios/red-pen-ios/ios/build/Build/Intermediates.noindex/RedPen.build/Debug-iphonesimulator/RedPen.build/Objects-normal/arm64/RedPen.swiftmodule (in target 'RedPen' from project 'RedPen')
    cd /Users/runner/work/red-pen-ios/red-pen-ios/ios
    builtin-copy -exclude .DS_Store -exclude CVS -exclude .svn -exclude .git -exclude .hg -resolve-src-symlinks -rename /Users/runner/work/red-pen-ios/red-pen-ios/ios/build/Build/Intermediates.noindex/RedPen.build/Debug-iphonesimulator/RedPen.build/Objects-normal/arm64/RedPen.swiftmodule /Users/runner/work/red-pen-ios/red-pen-ios/ios/build/Build/Products/Debug-iphonesimulator/RedPen.swiftmodule/arm64-apple-ios-simulator.swiftmodule

Copy /Users/runner/work/red-pen-ios/red-pen-ios/ios/build/Build/Products/Debug-iphonesimulator/RedPen.swiftmodule/arm64-apple-ios-simulator.swiftdoc /Users/runner/work/red-pen-ios/red-pen-ios/ios/build/Build/Intermediates.noindex/RedPen.build/Debug-iphonesimulator/RedPen.build/Objects-normal/arm64/RedPen.swiftdoc (in target 'RedPen' from project 'RedPen')
    cd /Users/runner/work/red-pen-ios/red-pen-ios/ios
    builtin-copy -exclude .DS_Store -exclude CVS -exclude .svn -exclude .git -exclude .hg -resolve-src-symlinks -rename /Users/runner/work/red-pen-ios/red-pen-ios/ios/build/Build/Intermediates.noindex/RedPen.build/Debug-iphonesimulator/RedPen.build/Objects-normal/arm64/RedPen.swiftdoc /Users/runner/work/red-pen-ios/red-pen-ios/ios/build/Build/Products/Debug-iphonesimulator/RedPen.swiftmodule/arm64-apple-ios-simulator.swiftdoc

Copy /Users/runner/work/red-pen-ios/red-pen-ios/ios/build/Build/Products/Debug-iphonesimulator/RedPen.swiftmodule/arm64-apple-ios-simulator.abi.json /Users/runner/work/red-pen-ios/red-pen-ios/ios/build/Build/Intermediates.noindex/RedPen.build/Debug-iphonesimulator/RedPen.build/Objects-normal/arm64/RedPen.abi.json (in target 'RedPen' from project 'RedPen')
    cd /Users/runner/work/red-pen-ios/red-pen-ios/ios
    builtin-copy -exclude .DS_Store -exclude CVS -exclude .svn -exclude .git -exclude .hg -resolve-src-symlinks -rename /Users/runner/work/red-pen-ios/red-pen-ios/ios/build/Build/Intermediates.noindex/RedPen.build/Debug-iphonesimulator/RedPen.build/Objects-normal/arm64/RedPen.abi.json /Users/runner/work/red-pen-ios/red-pen-ios/ios/build/Build/Products/Debug-iphonesimulator/RedPen.swiftmodule/arm64-apple-ios-simulator.abi.json

Copy /Users/runner/work/red-pen-ios/red-pen-ios/ios/build/Build/Products/Debug-iphonesimulator/RedPen.swiftmodule/Project/arm64-apple-ios-simulator.swiftsourceinfo /Users/runner/work/red-pen-ios/red-pen-ios/ios/build/Build/Intermediates.noindex/RedPen.build/Debug-iphonesimulator/RedPen.build/Objects-normal/arm64/RedPen.swiftsourceinfo (in target 'RedPen' from project 'RedPen')
    cd /Users/runner/work/red-pen-ios/red-pen-ios/ios
    builtin-copy -exclude .DS_Store -exclude CVS -exclude .svn -exclude .git -exclude .hg -resolve-src-symlinks -rename /Users/runner/work/red-pen-ios/red-pen-ios/ios/build/Build/Intermediates.noindex/RedPen.build/Debug-iphonesimulator/RedPen.build/Objects-normal/arm64/RedPen.swiftsourceinfo /Users/runner/work/red-pen-ios/red-pen-ios/ios/build/Build/Products/Debug-iphonesimulator/RedPen.swiftmodule/Project/arm64-apple-ios-simulator.swiftsourceinfo

SwiftCompile normal arm64 Compiling\ ApkgImport.swift,\ AppBackdrop.swift,\ AppIntents.swift,\ AppIntentsRouting.swift,\ AppIntentsVisual.swift,\ AppLink.swift,\ AppLock.swift,\ AppLockRule.swift,\ AttendingHint.swift,\ AudioControls.swift,\ AudioEvents.swift,\ AuthAPI.swift,\ AuthRules.swift,\ BackgroundWork.swift,\ BatchWriting.swift,\ BedPlan.swift,\ BedtimeReviewView.swift,\ BlobCache.swift,\ BlobRefs.swift,\ BookFigures.swift,\ BookPages.swift,\ BookReaderView.swift,\ Brand.swift,\ CardEditSheets.swift,\ CardQuality.swift /Users/runner/work/red-pen-ios/red-pen-ios/ios/RedPen/Shared/ApkgImport.swift /Users/runner/work/red-pen-ios/red-pen-ios/ios/RedPen/Shared/AppBackdrop.swift /Users/runner/work/red-pen-ios/red-pen-ios/ios/RedPen/Shared/AppIntents.swift /Users/runner/work/red-pen-ios/red-pen-ios/ios/RedPen/Shared/AppIntentsRouting.swift /Users/runner/work/red-pen-ios/red-pen-ios/ios/RedPen/Shared/AppIntentsVisual.swift /Users/runner/work/red-pen-ios/red-pen-ios/ios/RedPen/Shared/Platform/AppLink.swift /Users/runner/work/red-pen-ios/red-pen-ios/ios/RedPen/Shared/Platform/AppLock.swift /Users/runner/work/red-pen-ios/red-pen-ios/ios/RedPen/Shared/Platform/AppLockRule.swift /Users/runner/work/red-pen-ios/red-pen-ios/ios/RedPen/Shared/Exam/AttendingHint.swift /Users/runner/work/red-pen-ios/red-pen-ios/ios/RedPen/Shared/AudioControls.swift /Users/runner/work/red-pen-ios/red-pen-ios/ios/RedPen/Shared/Voice/AudioEvents.swift /Users/runner/work/red-pen-ios/red-pen-ios/ios/RedPen/Shared/AuthAPI.swift /Users/runner/work/red-pen-ios/red-pen-ios/ios/RedPen/Shared/AuthRules.swift /Users/runner/work/red-pen-ios/red-pen-ios/ios/RedPen/Shared/BackgroundWork.swift /Users/runner/work/red-pen-ios/red-pen-ios/ios/RedPen/Shared/LLM/BatchWriting.swift /Users/runner/work/red-pen-ios/red-pen-ios/ios/RedPen/Shared/Learn/BedPlan.swift /Users/runner/work/red-pen-ios/red-pen-ios/ios/RedPen/Features/Learn/BedtimeReviewView.swift /Users/runner/work/red-pen-ios/red-pen-ios/ios/RedPen/Persistence/BlobCache.swift /Users/runner/work/red-pen-ios/red-pen-ios/ios/RedPen/Shared/BlobRefs.swift /Users/runner/work/red-pen-ios/red-pen-ios/ios/RedPen/Shared/BookFigures.swift /Users/runner/work/red-pen-ios/red-pen-ios/ios/RedPen/Shared/BookPages.swift /Users/runner/work/red-pen-ios/red-pen-ios/ios/RedPen/Features/Book/BookReaderView.swift /Users/runner/work/red-pen-ios/red-pen-ios/ios/RedPen/Shared/Brand.swift /Users/runner/work/red-pen-ios/red-pen-ios/ios/RedPen/Features/Library/CardEditSheets.swift /Users/runner/work/red-pen-ios/red-pen-ios/ios/RedPen/Shared/CardQuality.swift (in target 'RedPen' from project 'RedPen')

SwiftCompile normal arm64 /Users/runner/work/red-pen-ios/red-pen-ios/ios/RedPen/Shared/ApkgImport.swift (in target 'RedPen' from project 'RedPen')
    cd /Users/runner/work/red-pen-ios/red-pen-ios/ios
    

SwiftCompile normal arm64 /Users/runner/work/red-pen-ios/red-pen-ios/ios/RedPen/Shared/AppBackdrop.swift (in target 'RedPen' from project 'RedPen')
    cd /Users/runner/work/red-pen-ios/red-pen-ios/ios
    

SwiftCompile normal arm64 /Users/runner/work/red-pen-ios/red-pen-ios/ios/RedPen/Shared/AppIntents.swift (in target 'RedPen' from project 'RedPen')
    cd /Users/runner/work/red-pen-ios/red-pen-ios/ios
    

SwiftCompile normal arm64 /Users/runner/work/red-pen-ios/red-pen-ios/ios/RedPen/Shared/AppIntentsRouting.swift (in target 'RedPen' from project 'RedPen')
    cd /Users/runner/work/red-pen-ios/red-pen-ios/ios
    

SwiftCompile normal arm64 /Users/runner/work/red-pen-ios/red-pen-ios/ios/RedPen/Shared/AppIntentsVisual.swift (in target 'RedPen' from project 'RedPen')
    cd /Users/runner/work/red-pen-ios/red-pen-ios/ios
    

SwiftCompile normal arm64 /Users/runner/work/red-pen-ios/red-pen-ios/ios/RedPen/Shared/Platform/AppLink.swift (in target 'RedPen' from project 'RedPen')
    cd /Users/runner/work/red-pen-ios/red-pen-ios/ios
    

SwiftCompile normal arm64 /Users/runner/work/red-pen-ios/red-pen-ios/ios/RedPen/Shared/Platform/AppLock.swift (in target 'RedPen' from project 'RedPen')
    cd /Users/runner/work/red-pen-ios/red-pen-ios/ios
    

SwiftCompile normal arm64 /Users/runner/work/red-pen-ios/red-pen-ios/ios/RedPen/Shared/Platform/AppLockRule.swift (in target 'RedPen' from project 'RedPen')
    cd /Users/runner/work/red-pen-ios/red-pen-ios/ios
    

SwiftCompile normal arm64 /Users/runner/work/red-pen-ios/red-pen-ios/ios/RedPen/Shared/Exam/AttendingHint.swift (in target 'RedPen' from project 'RedPen')
    cd /Users/runner/work/red-pen-ios/red-pen-ios/ios
    

SwiftCompile normal arm64 /Users/runner/work/red-pen-ios/red-pen-ios/ios/RedPen/Shared/AudioControls.swift (in target 'RedPen' from project 'RedPen')
    cd /Users/runner/work/red-pen-ios/red-pen-ios/ios
    

SwiftCompile normal arm64 /Users/runner/work/red-pen-ios/red-pen-ios/ios/RedPen/Shared/Voice/AudioEvents.swift (in target 'RedPen' from project 'RedPen')
    cd /Users/runner/work/red-pen-ios/red-pen-ios/ios
    

SwiftCompile normal arm64 /Users/runner/work/red-pen-ios/red-pen-ios/ios/RedPen/Shared/AuthAPI.swift (in target 'RedPen' from project 'RedPen')
    cd /Users/runner/work/red-pen-ios/red-pen-ios/ios
    

SwiftCompile normal arm64 /Users/runner/work/red-pen-ios/red-pen-ios/ios/RedPen/Shared/AuthRules.swift (in target 'RedPen' from project 'RedPen')
    cd /Users/runner/work/red-pen-ios/red-pen-ios/ios
    

SwiftCompile normal arm64 /Users/runner/work/red-pen-ios/red-pen-ios/ios/RedPen/Shared/BackgroundWork.swift (in target 'RedPen' from project 'RedPen')
    cd /Users/runner/work/red-pen-ios/red-pen-ios/ios
    

SwiftCompile normal arm64 /Users/runner/work/red-pen-ios/red-pen-ios/ios/RedPen/Shared/LLM/BatchWriting.swift (in target 'RedPen' from project 'RedPen')
    cd /Users/runner/work/red-pen-ios/red-pen-ios/ios
    

SwiftCompile normal arm64 /Users/runner/work/red-pen-ios/red-pen-ios/ios/RedPen/Shared/Learn/BedPlan.swift (in target 'RedPen' from project 'RedPen')
    cd /Users/runner/work/red-pen-ios/red-pen-ios/ios
    

SwiftCompile normal arm64 /Users/runner/work/red-pen-ios/red-pen-ios/ios/RedPen/Features/Learn/BedtimeReviewView.swift (in target 'RedPen' from project 'RedPen')
    cd /Users/runner/work/red-pen-ios/red-pen-ios/ios
    

SwiftCompile normal arm64 /Users/runner/work/red-pen-ios/red-pen-ios/ios/RedPen/Persistence/BlobCache.swift (in target 'RedPen' from project 'RedPen')
    cd /Users/runner/work/red-pen-ios/red-pen-ios/ios
    

SwiftCompile normal arm64 /Users/runner/work/red-pen-ios/red-pen-ios/ios/RedPen/Shared/BlobRefs.swift (in target 'RedPen' from project 'RedPen')
    cd /Users/runner/work/red-pen-ios/red-pen-ios/ios
    

SwiftCompile normal arm64 /Users/runner/work/red-pen-ios/red-pen-ios/ios/RedPen/Shared/BookFigures.swift (in target 'RedPen' from project 'RedPen')
    cd /Users/runner/work/red-pen-ios/red-pen-ios/ios
    

SwiftCompile normal arm64 /Users/runner/work/red-pen-ios/red-pen-ios/ios/RedPen/Shared/BookPages.swift (in target 'RedPen' from project 'RedPen')
    cd /Users/runner/work/red-pen-ios/red-pen-ios/ios
    

SwiftCompile normal arm64 /Users/runner/work/red-pen-ios/red-pen-ios/ios/RedPen/Features/Book/BookReaderView.swift (in target 'RedPen' from project 'RedPen')
    cd /Users/runner/work/red-pen-ios/red-pen-ios/ios
    

SwiftCompile normal arm64 /Users/runner/work/red-pen-ios/red-pen-ios/ios/RedPen/Shared/Brand.swift (in target 'RedPen' from project 'RedPen')
    cd /Users/runner/work/red-pen-ios/red-pen-ios/ios
    

SwiftCompile normal arm64 /Users/runner/work/red-pen-ios/red-pen-ios/ios/RedPen/Features/Library/CardEditSheets.swift (in target 'RedPen' from project 'RedPen')
    cd /Users/runner/work/red-pen-ios/red-pen-ios/ios
    

SwiftCompile normal arm64 /Users/runner/work/red-pen-ios/red-pen-ios/ios/RedPen/Shared/CardQuality.swift (in target 'RedPen' from project 'RedPen')
    cd /Users/runner/work/red-pen-ios/red-pen-ios/ios
    
/Users/runner/work/red-pen-ios/red-pen-ios/ios/RedPen/Shared/CardQuality.swift:120:13: warning: initialization of immutable value 'why' was never used; consider replacing with assignment to '_' or removing it
        let why = card.why.trimmingCharacters(in: .whitespacesAndNewlines)
        ~~~~^~~
        _

SwiftCompile normal arm64 Compiling\ SupportSender.swift,\ Syllabus.swift,\ SymptomBlocks.swift,\ SymptomBlocksView.swift,\ SyncAPI.swift,\ SyncDoc.swift,\ SyncDocuments.swift,\ SyncEngine.swift,\ SyncMerge.swift,\ SyncPush.swift,\ SyncRules.swift,\ SyncState.swift,\ TagChips.swift,\ Theme.swift,\ TurnIntoPicker.swift,\ TwinQueue.swift,\ VerificationScreen.swift,\ VignetteHeaders.swift,\ VitalsParts.swift,\ VoiceAccess.swift,\ VoiceEntryPoints.swift,\ VoiceExamples.swift,\ VoiceHistory.swift,\ VoiceListener.swift /Users/runner/work/red-pen-ios/red-pen-ios/ios/RedPen/Shared/SupportSender.swift /Users/runner/work/red-pen-ios/red-pen-ios/ios/RedPen/Shared/Coverage/Syllabus.swift /Users/runner/work/red-pen-ios/red-pen-ios/ios/RedPen/Shared/Learn/SymptomBlocks.swift /Users/runner/work/red-pen-ios/red-pen-ios/ios/RedPen/Features/Learn/SymptomBlocksView.swift /Users/runner/work/red-pen-ios/red-pen-ios/ios/RedPen/Shared/SyncAPI.swift /Users/runner/work/red-pen-ios/red-pen-ios/ios/RedPen/Models/SyncDoc.swift /Users/runner/work/red-pen-ios/red-pen-ios/ios/RedPen/Shared/SyncDocuments.swift /Users/runner/work/red-pen-ios/red-pen-ios/ios/RedPen/Persistence/SyncEngine.swift /Users/runner/work/red-pen-ios/red-pen-ios/ios/RedPen/Shared/SyncMerge.swift /Users/runner/work/red-pen-ios/red-pen-ios/ios/RedPen/Persistence/SyncPush.swift /Users/runner/work/red-pen-ios/red-pen-ios/ios/RedPen/Shared/SyncRules.swift /Users/runner/work/red-pen-ios/red-pen-ios/ios/RedPen/Persistence/SyncState.swift /Users/runner/work/red-pen-ios/red-pen-ios/ios/RedPen/Features/Library/TagChips.swift /Users/runner/work/red-pen-ios/red-pen-ios/ios/RedPen/Shared/Theme.swift /Users/runner/work/red-pen-ios/red-pen-ios/ios/RedPen/Features/Library/TurnIntoPicker.swift /Users/runner/work/red-pen-ios/red-pen-ios/ios/RedPen/Shared/Exam/TwinQueue.swift /Users/runner/work/red-pen-ios/red-pen-ios/ios/RedPen/Shared/Accuracy/VerificationScreen.swift /Users/runner/work/red-pen-ios/red-pen-ios/ios/RedPen/Shared/VignetteHeaders.swift /Users/runner/work/red-pen-ios/red-pen-ios/ios/RedPen/Features/Analytics/VitalsParts.swift /Users/runner/work/red-pen-ios/red-pen-ios/ios/RedPen/Shared/Voice/VoiceAccess.swift /Users/runner/work/red-pen-ios/red-pen-ios/ios/RedPen/Features/Voice/VoiceEntryPoints.swift /Users/runner/work/red-pen-ios/red-pen-ios/ios/RedPen/Shared/Voice/VoiceExamples.swift /Users/runner/work/red-pen-ios/red-pen-ios/ios/RedPen/Shared/Voice/VoiceHistory.swift /Users/runner/work/red-pen-ios/red-pen-ios/ios/RedPen/Shared/Voice/VoiceListener.swift (in target 'RedPen' from project 'RedPen')
SwiftCompile normal arm64 /Users/runner/work/red-pen-ios/red-pen-ios/ios/RedPen/Shared/SupportSender.swift (in target 'RedPen' from project 'RedPen')
    cd /Users/runner/work/red-pen-ios/red-pen-ios/ios
    
/Users/runner/work/red-pen-ios/red-pen-ios/ios/RedPen/Shared/Voice/VoiceAccess.swift:95:57: warning: 'allowBluetooth' was deprecated in iOS 8.0: renamed to 'AVAudioSession.CategoryOptions.allowBluetoothHFP'
                                                       .allowBluetooth, .allowBluetoothA2DP]
                                                        ^
/Users/runner/work/red-pen-ios/red-pen-ios/ios/RedPen/Shared/Voice/VoiceAccess.swift:95:57: note: use 'AVAudioSession.CategoryOptions.allowBluetoothHFP' instead
                                                       .allowBluetooth, .allowBluetoothA2DP]
                                                        ^~~~~~~~~~~~~~
                                                        AVAudioSession.CategoryOptions.allowBluetoothHFP

SwiftCompile normal arm64 /Users/runner/work/red-pen-ios/red-pen-ios/ios/RedPen/Shared/Coverage/Syllabus.swift (in target 'RedPen' from project 'RedPen')
    cd /Users/runner/work/red-pen-ios/red-pen-ios/ios
    
/Users/runner/work/red-pen-ios/red-pen-ios/ios/RedPen/Shared/Voice/VoiceAccess.swift:95:57: warning: 'allowBluetooth' was deprecated in iOS 8.0: renamed to 'AVAudioSession.CategoryOptions.allowBluetoothHFP'
                                                       .allowBluetooth, .allowBluetoothA2DP]
                                                        ^
/Users/runner/work/red-pen-ios/red-pen-ios/ios/RedPen/Shared/Voice/VoiceAccess.swift:95:57: note: use 'AVAudioSession.CategoryOptions.allowBluetoothHFP' instead
                                                       .allowBluetooth, .allowBluetoothA2DP]
                                                        ^~~~~~~~~~~~~~
                                                        AVAudioSession.CategoryOptions.allowBluetoothHFP

SwiftCompile normal arm64 /Users/runner/work/red-pen-ios/red-pen-ios/ios/RedPen/Shared/Learn/SymptomBlocks.swift (in target 'RedPen' from project 'RedPen')
    cd /Users/runner/work/red-pen-ios/red-pen-ios/ios
    
/Users/runner/work/red-pen-ios/red-pen-ios/ios/RedPen/Shared/Voice/VoiceAccess.swift:95:57: warning: 'allowBluetooth' was deprecated in iOS 8.0: renamed to 'AVAudioSession.CategoryOptions.allowBluetoothHFP'
                                                       .allowBluetooth, .allowBluetoothA2DP]
                                                        ^
/Users/runner/work/red-pen-ios/red-pen-ios/ios/RedPen/Shared/Voice/VoiceAccess.swift:95:57: note: use 'AVAudioSession.CategoryOptions.allowBluetoothHFP' instead
                                                       .allowBluetooth, .allowBluetoothA2DP]
                                                        ^~~~~~~~~~~~~~
                                                        AVAudioSession.CategoryOptions.allowBluetoothHFP

SwiftCompile normal arm64 /Users/runner/work/red-pen-ios/red-pen-ios/ios/RedPen/Features/Learn/SymptomBlocksView.swift (in target 'RedPen' from project 'RedPen')
    cd /Users/runner/work/red-pen-ios/red-pen-ios/ios
    
/Users/runner/work/red-pen-ios/red-pen-ios/ios/RedPen/Shared/Voice/VoiceAccess.swift:95:57: warning: 'allowBluetooth' was deprecated in iOS 8.0: renamed to 'AVAudioSession.CategoryOptions.allowBluetoothHFP'
                                                       .allowBluetooth, .allowBluetoothA2DP]
                                                        ^
/Users/runner/work/red-pen-ios/red-pen-ios/ios/RedPen/Shared/Voice/VoiceAccess.swift:95:57: note: use 'AVAudioSession.CategoryOptions.allowBluetoothHFP' instead
                                                       .allowBluetooth, .allowBluetoothA2DP]
                                                        ^~~~~~~~~~~~~~
                                                        AVAudioSession.CategoryOptions.allowBluetoothHFP

SwiftCompile normal arm64 /Users/runner/work/red-pen-ios/red-pen-ios/ios/RedPen/Shared/SyncAPI.swift (in target 'RedPen' from project 'RedPen')
    cd /Users/runner/work/red-pen-ios/red-pen-ios/ios
    
/Users/runner/work/red-pen-ios/red-pen-ios/ios/RedPen/Shared/Voice/VoiceAccess.swift:95:57: warning: 'allowBluetooth' was deprecated in iOS 8.0: renamed to 'AVAudioSession.CategoryOptions.allowBluetoothHFP'
                                                       .allowBluetooth, .allowBluetoothA2DP]
                                                        ^
/Users/runner/work/red-pen-ios/red-pen-ios/ios/RedPen/Shared/Voice/VoiceAccess.swift:95:57: note: use 'AVAudioSession.CategoryOptions.allowBluetoothHFP' instead
                                                       .allowBluetooth, .allowBluetoothA2DP]
                                                        ^~~~~~~~~~~~~~
                                                        AVAudioSession.CategoryOptions.allowBluetoothHFP

SwiftCompile normal arm64 /Users/runner/work/red-pen-ios/red-pen-ios/ios/RedPen/Models/SyncDoc.swift (in target 'RedPen' from project 'RedPen')
    cd /Users/runner/work/red-pen-ios/red-pen-ios/ios
    
/Users/runner/work/red-pen-ios/red-pen-ios/ios/RedPen/Shared/Voice/VoiceAccess.swift:95:57: warning: 'allowBluetooth' was deprecated in iOS 8.0: renamed to 'AVAudioSession.CategoryOptions.allowBluetoothHFP'
                                                       .allowBluetooth, .allowBluetoothA2DP]
                                                        ^
/Users/runner/work/red-pen-ios/red-pen-ios/ios/RedPen/Shared/Voice/VoiceAccess.swift:95:57: note: use 'AVAudioSession.CategoryOptions.allowBluetoothHFP' instead
                                                       .allowBluetooth, .allowBluetoothA2DP]
                                                        ^~~~~~~~~~~~~~
                                                        AVAudioSession.CategoryOptions.allowBluetoothHFP

SwiftCompile normal arm64 /Users/runner/work/red-pen-ios/red-pen-ios/ios/RedPen/Shared/SyncDocuments.swift (in target 'RedPen' from project 'RedPen')
    cd /Users/runner/work/red-pen-ios/red-pen-ios/ios
    
/Users/runner/work/red-pen-ios/red-pen-ios/ios/RedPen/Shared/Voice/VoiceAccess.swift:95:57: warning: 'allowBluetooth' was deprecated in iOS 8.0: renamed to 'AVAudioSession.CategoryOptions.allowBluetoothHFP'
                                                       .allowBluetooth, .allowBluetoothA2DP]
                                                        ^
/Users/runner/work/red-pen-ios/red-pen-ios/ios/RedPen/Shared/Voice/VoiceAccess.swift:95:57: note: use 'AVAudioSession.CategoryOptions.allowBluetoothHFP' instead
                                                       .allowBluetooth, .allowBluetoothA2DP]
                                                        ^~~~~~~~~~~~~~
                                                        AVAudioSession.CategoryOptions.allowBluetoothHFP

SwiftCompile normal arm64 /Users/runner/work/red-pen-ios/red-pen-ios/ios/RedPen/Persistence/SyncEngine.swift (in target 'RedPen' from project 'RedPen')
    cd /Users/runner/work/red-pen-ios/red-pen-ios/ios
    
/Users/runner/work/red-pen-ios/red-pen-ios/ios/RedPen/Shared/Voice/VoiceAccess.swift:95:57: warning: 'allowBluetooth' was deprecated in iOS 8.0: renamed to 'AVAudioSession.CategoryOptions.allowBluetoothHFP'
                                                       .allowBluetooth, .allowBluetoothA2DP]
                                                        ^
/Users/runner/work/red-pen-ios/red-pen-ios/ios/RedPen/Shared/Voice/VoiceAccess.swift:95:57: note: use 'AVAudioSession.CategoryOptions.allowBluetoothHFP' instead
                                                       .allowBluetooth, .allowBluetoothA2DP]
                                                        ^~~~~~~~~~~~~~
                                                        AVAudioSession.CategoryOptions.allowBluetoothHFP

SwiftCompile normal arm64 /Users/runner/work/red-pen-ios/red-pen-ios/ios/RedPen/Shared/SyncMerge.swift (in target 'RedPen' from project 'RedPen')
    cd /Users/runner/work/red-pen-ios/red-pen-ios/ios
    
/Users/runner/work/red-pen-ios/red-pen-ios/ios/RedPen/Shared/Voice/VoiceAccess.swift:95:57: warning: 'allowBluetooth' was deprecated in iOS 8.0: renamed to 'AVAudioSession.CategoryOptions.allowBluetoothHFP'
                                                       .allowBluetooth, .allowBluetoothA2DP]
                                                        ^
/Users/runner/work/red-pen-ios/red-pen-ios/ios/RedPen/Shared/Voice/VoiceAccess.swift:95:57: note: use 'AVAudioSession.CategoryOptions.allowBluetoothHFP' instead
                                                       .allowBluetooth, .allowBluetoothA2DP]
                                                        ^~~~~~~~~~~~~~
                                                        AVAudioSession.CategoryOptions.allowBluetoothHFP

SwiftCompile normal arm64 /Users/runner/work/red-pen-ios/red-pen-ios/ios/RedPen/Persistence/SyncPush.swift (in target 'RedPen' from project 'RedPen')
    cd /Users/runner/work/red-pen-ios/red-pen-ios/ios
    
/Users/runner/work/red-pen-ios/red-pen-ios/ios/RedPen/Shared/Voice/VoiceAccess.swift:95:57: warning: 'allowBluetooth' was deprecated in iOS 8.0: renamed to 'AVAudioSession.CategoryOptions.allowBluetoothHFP'
                                                       .allowBluetooth, .allowBluetoothA2DP]
                                                        ^
/Users/runner/work/red-pen-ios/red-pen-ios/ios/RedPen/Shared/Voice/VoiceAccess.swift:95:57: note: use 'AVAudioSession.CategoryOptions.allowBluetoothHFP' instead
                                                       .allowBluetooth, .allowBluetoothA2DP]
                                                        ^~~~~~~~~~~~~~
                                                        AVAudioSession.CategoryOptions.allowBluetoothHFP

SwiftCompile normal arm64 /Users/runner/work/red-pen-ios/red-pen-ios/ios/RedPen/Shared/SyncRules.swift (in target 'RedPen' from project 'RedPen')
    cd /Users/runner/work/red-pen-ios/red-pen-ios/ios
    
/Users/runner/work/red-pen-ios/red-pen-ios/ios/RedPen/Shared/Voice/VoiceAccess.swift:95:57: warning: 'allowBluetooth' was deprecated in iOS 8.0: renamed to 'AVAudioSession.CategoryOptions.allowBluetoothHFP'
                                                       .allowBluetooth, .allowBluetoothA2DP]
                                                        ^
/Users/runner/work/red-pen-ios/red-pen-ios/ios/RedPen/Shared/Voice/VoiceAccess.swift:95:57: note: use 'AVAudioSession.CategoryOptions.allowBluetoothHFP' instead
                                                       .allowBluetooth, .allowBluetoothA2DP]
                                                        ^~~~~~~~~~~~~~
                                                        AVAudioSession.CategoryOptions.allowBluetoothHFP

SwiftCompile normal arm64 /Users/runner/work/red-pen-ios/red-pen-ios/ios/RedPen/Persistence/SyncState.swift (in target 'RedPen' from project 'RedPen')
    cd /Users/runner/work/red-pen-ios/red-pen-ios/ios
    
/Users/runner/work/red-pen-ios/red-pen-ios/ios/RedPen/Shared/Voice/VoiceAccess.swift:95:57: warning: 'allowBluetooth' was deprecated in iOS 8.0: renamed to 'AVAudioSession.CategoryOptions.allowBluetoothHFP'
                                                       .allowBluetooth, .allowBluetoothA2DP]
                                                        ^
/Users/runner/work/red-pen-ios/red-pen-ios/ios/RedPen/Shared/Voice/VoiceAccess.swift:95:57: note: use 'AVAudioSession.CategoryOptions.allowBluetoothHFP' instead
                                                       .allowBluetooth, .allowBluetoothA2DP]
                                                        ^~~~~~~~~~~~~~
                                                        AVAudioSession.CategoryOptions.allowBluetoothHFP

SwiftCompile normal arm64 /Users/runner/work/red-pen-ios/red-pen-ios/ios/RedPen/Features/Library/TagChips.swift (in target 'RedPen' from project 'RedPen')
    cd /Users/runner/work/red-pen-ios/red-pen-ios/ios
    
/Users/runner/work/red-pen-ios/red-pen-ios/ios/RedPen/Shared/Voice/VoiceAccess.swift:95:57: warning: 'allowBluetooth' was deprecated in iOS 8.0: renamed to 'AVAudioSession.CategoryOptions.allowBluetoothHFP'
                                                       .allowBluetooth, .allowBluetoothA2DP]
                                                        ^
/Users/runner/work/red-pen-ios/red-pen-ios/ios/RedPen/Shared/Voice/VoiceAccess.swift:95:57: note: use 'AVAudioSession.CategoryOptions.allowBluetoothHFP' instead
                                                       .allowBluetooth, .allowBluetoothA2DP]
                                                        ^~~~~~~~~~~~~~
                                                        AVAudioSession.CategoryOptions.allowBluetoothHFP

SwiftCompile normal arm64 /Users/runner/work/red-pen-ios/red-pen-ios/ios/RedPen/Shared/Theme.swift (in target 'RedPen' from project 'RedPen')
    cd /Users/runner/work/red-pen-ios/red-pen-ios/ios
    
/Users/runner/work/red-pen-ios/red-pen-ios/ios/RedPen/Shared/Voice/VoiceAccess.swift:95:57: warning: 'allowBluetooth' was deprecated in iOS 8.0: renamed to 'AVAudioSession.CategoryOptions.allowBluetoothHFP'
                                                       .allowBluetooth, .allowBluetoothA2DP]
                                                        ^
/Users/runner/work/red-pen-ios/red-pen-ios/ios/RedPen/Shared/Voice/VoiceAccess.swift:95:57: note: use 'AVAudioSession.CategoryOptions.allowBluetoothHFP' instead
                                                       .allowBluetooth, .allowBluetoothA2DP]
                                                        ^~~~~~~~~~~~~~
                                                        AVAudioSession.CategoryOptions.allowBluetoothHFP

SwiftCompile normal arm64 /Users/runner/work/red-pen-ios/red-pen-ios/ios/RedPen/Features/Library/TurnIntoPicker.swift (in target 'RedPen' from project 'RedPen')
    cd /Users/runner/work/red-pen-ios/red-pen-ios/ios
    
/Users/runner/work/red-pen-ios/red-pen-ios/ios/RedPen/Shared/Voice/VoiceAccess.swift:95:57: warning: 'allowBluetooth' was deprecated in iOS 8.0: renamed to 'AVAudioSession.CategoryOptions.allowBluetoothHFP'
                                                       .allowBluetooth, .allowBluetoothA2DP]
                                                        ^
/Users/runner/work/red-pen-ios/red-pen-ios/ios/RedPen/Shared/Voice/VoiceAccess.swift:95:57: note: use 'AVAudioSession.CategoryOptions.allowBluetoothHFP' instead
                                                       .allowBluetooth, .allowBluetoothA2DP]
                                                        ^~~~~~~~~~~~~~
                                                        AVAudioSession.CategoryOptions.allowBluetoothHFP

SwiftCompile normal arm64 /Users/runner/work/red-pen-ios/red-pen-ios/ios/RedPen/Shared/Exam/TwinQueue.swift (in target 'RedPen' from project 'RedPen')
    cd /Users/runner/work/red-pen-ios/red-pen-ios/ios
    
/Users/runner/work/red-pen-ios/red-pen-ios/ios/RedPen/Shared/Voice/VoiceAccess.swift:95:57: warning: 'allowBluetooth' was deprecated in iOS 8.0: renamed to 'AVAudioSession.CategoryOptions.allowBluetoothHFP'
                                                       .allowBluetooth, .allowBluetoothA2DP]
                                                        ^
/Users/runner/work/red-pen-ios/red-pen-ios/ios/RedPen/Shared/Voice/VoiceAccess.swift:95:57: note: use 'AVAudioSession.CategoryOptions.allowBluetoothHFP' instead
                                                       .allowBluetooth, .allowBluetoothA2DP]
                                                        ^~~~~~~~~~~~~~
                                                        AVAudioSession.CategoryOptions.allowBluetoothHFP

SwiftCompile normal arm64 /Users/runner/work/red-pen-ios/red-pen-ios/ios/RedPen/Shared/Accuracy/VerificationScreen.swift (in target 'RedPen' from project 'RedPen')
    cd /Users/runner/work/red-pen-ios/red-pen-ios/ios
    
/Users/runner/work/red-pen-ios/red-pen-ios/ios/RedPen/Shared/Voice/VoiceAccess.swift:95:57: warning: 'allowBluetooth' was deprecated in iOS 8.0: renamed to 'AVAudioSession.CategoryOptions.allowBluetoothHFP'
                                                       .allowBluetooth, .allowBluetoothA2DP]
                                                        ^
/Users/runner/work/red-pen-ios/red-pen-ios/ios/RedPen/Shared/Voice/VoiceAccess.swift:95:57: note: use 'AVAudioSession.CategoryOptions.allowBluetoothHFP' instead
                                                       .allowBluetooth, .allowBluetoothA2DP]
                                                        ^~~~~~~~~~~~~~
                                                        AVAudioSession.CategoryOptions.allowBluetoothHFP

SwiftCompile normal arm64 /Users/runner/work/red-pen-ios/red-pen-ios/ios/RedPen/Shared/VignetteHeaders.swift (in target 'RedPen' from project 'RedPen')
    cd /Users/runner/work/red-pen-ios/red-pen-ios/ios
    
/Users/runner/work/red-pen-ios/red-pen-ios/ios/RedPen/Shared/Voice/VoiceAccess.swift:95:57: warning: 'allowBluetooth' was deprecated in iOS 8.0: renamed to 'AVAudioSession.CategoryOptions.allowBluetoothHFP'
                                                       .allowBluetooth, .allowBluetoothA2DP]
                                                        ^
/Users/runner/work/red-pen-ios/red-pen-ios/ios/RedPen/Shared/Voice/VoiceAccess.swift:95:57: note: use 'AVAudioSession.CategoryOptions.allowBluetoothHFP' instead
                                                       .allowBluetooth, .allowBluetoothA2DP]
                                                        ^~~~~~~~~~~~~~
                                                        AVAudioSession.CategoryOptions.allowBluetoothHFP

SwiftCompile normal arm64 /Users/runner/work/red-pen-ios/red-pen-ios/ios/RedPen/Features/Analytics/VitalsParts.swift (in target 'RedPen' from project 'RedPen')
    cd /Users/runner/work/red-pen-ios/red-pen-ios/ios
    
/Users/runner/work/red-pen-ios/red-pen-ios/ios/RedPen/Shared/Voice/VoiceAccess.swift:95:57: warning: 'allowBluetooth' was deprecated in iOS 8.0: renamed to 'AVAudioSession.CategoryOptions.allowBluetoothHFP'
                                                       .allowBluetooth, .allowBluetoothA2DP]
                                                        ^
/Users/runner/work/red-pen-ios/red-pen-ios/ios/RedPen/Shared/Voice/VoiceAccess.swift:95:57: note: use 'AVAudioSession.CategoryOptions.allowBluetoothHFP' instead
                                                       .allowBluetooth, .allowBluetoothA2DP]
                                                        ^~~~~~~~~~~~~~
                                                        AVAudioSession.CategoryOptions.allowBluetoothHFP

SwiftCompile normal arm64 /Users/runner/work/red-pen-ios/red-pen-ios/ios/RedPen/Shared/Voice/VoiceAccess.swift (in target 'RedPen' from project 'RedPen')
    cd /Users/runner/work/red-pen-ios/red-pen-ios/ios
    
/Users/runner/work/red-pen-ios/red-pen-ios/ios/RedPen/Shared/Voice/VoiceAccess.swift:95:57: warning: 'allowBluetooth' was deprecated in iOS 8.0: renamed to 'AVAudioSession.CategoryOptions.allowBluetoothHFP'
                                                       .allowBluetooth, .allowBluetoothA2DP]
                                                        ^
/Users/runner/work/red-pen-ios/red-pen-ios/ios/RedPen/Shared/Voice/VoiceAccess.swift:95:57: note: use 'AVAudioSession.CategoryOptions.allowBluetoothHFP' instead
                                                       .allowBluetooth, .allowBluetoothA2DP]
                                                        ^~~~~~~~~~~~~~
                                                        AVAudioSession.CategoryOptions.allowBluetoothHFP

SwiftCompile normal arm64 /Users/runner/work/red-pen-ios/red-pen-ios/ios/RedPen/Features/Voice/VoiceEntryPoints.swift (in target 'RedPen' from project 'RedPen')
    cd /Users/runner/work/red-pen-ios/red-pen-ios/ios
    
/Users/runner/work/red-pen-ios/red-pen-ios/ios/RedPen/Shared/Voice/VoiceAccess.swift:95:57: warning: 'allowBluetooth' was deprecated in iOS 8.0: renamed to 'AVAudioSession.CategoryOptions.allowBluetoothHFP'
                                                       .allowBluetooth, .allowBluetoothA2DP]
                                                        ^
/Users/runner/work/red-pen-ios/red-pen-ios/ios/RedPen/Shared/Voice/VoiceAccess.swift:95:57: note: use 'AVAudioSession.CategoryOptions.allowBluetoothHFP' instead
                                                       .allowBluetooth, .allowBluetoothA2DP]
                                                        ^~~~~~~~~~~~~~
                                                        AVAudioSession.CategoryOptions.allowBluetoothHFP

SwiftCompile normal arm64 /Users/runner/work/red-pen-ios/red-pen-ios/ios/RedPen/Shared/Voice/VoiceExamples.swift (in target 'RedPen' from project 'RedPen')
    cd /Users/runner/work/red-pen-ios/red-pen-ios/ios
    
/Users/runner/work/red-pen-ios/red-pen-ios/ios/RedPen/Shared/Voice/VoiceAccess.swift:95:57: warning: 'allowBluetooth' was deprecated in iOS 8.0: renamed to 'AVAudioSession.CategoryOptions.allowBluetoothHFP'
                                                       .allowBluetooth, .allowBluetoothA2DP]
                                                        ^
/Users/runner/work/red-pen-ios/red-pen-ios/ios/RedPen/Shared/Voice/VoiceAccess.swift:95:57: note: use 'AVAudioSession.CategoryOptions.allowBluetoothHFP' instead
                                                       .allowBluetooth, .allowBluetoothA2DP]
                                                        ^~~~~~~~~~~~~~
                                                        AVAudioSession.CategoryOptions.allowBluetoothHFP

SwiftCompile normal arm64 /Users/runner/work/red-pen-ios/red-pen-ios/ios/RedPen/Shared/Voice/VoiceHistory.swift (in target 'RedPen' from project 'RedPen')
    cd /Users/runner/work/red-pen-ios/red-pen-ios/ios
    
/Users/runner/work/red-pen-ios/red-pen-ios/ios/RedPen/Shared/Voice/VoiceAccess.swift:95:57: warning: 'allowBluetooth' was deprecated in iOS 8.0: renamed to 'AVAudioSession.CategoryOptions.allowBluetoothHFP'
                                                       .allowBluetooth, .allowBluetoothA2DP]
                                                        ^
/Users/runner/work/red-pen-ios/red-pen-ios/ios/RedPen/Shared/Voice/VoiceAccess.swift:95:57: note: use 'AVAudioSession.CategoryOptions.allowBluetoothHFP' instead
                                                       .allowBluetooth, .allowBluetoothA2DP]
                                                        ^~~~~~~~~~~~~~
                                                        AVAudioSession.CategoryOptions.allowBluetoothHFP

SwiftCompile normal arm64 /Users/runner/work/red-pen-ios/red-pen-ios/ios/RedPen/Shared/Voice/VoiceListener.swift (in target 'RedPen' from project 'RedPen')
    cd /Users/runner/work/red-pen-ios/red-pen-ios/ios
    
/Users/runner/work/red-pen-ios/red-pen-ios/ios/RedPen/Shared/Voice/VoiceAccess.swift:95:57: warning: 'allowBluetooth' was deprecated in iOS 8.0: renamed to 'AVAudioSession.CategoryOptions.allowBluetoothHFP'
                                                       .allowBluetooth, .allowBluetoothA2DP]
                                                        ^
/Users/runner/work/red-pen-ios/red-pen-ios/ios/RedPen/Shared/Voice/VoiceAccess.swift:95:57: note: use 'AVAudioSession.CategoryOptions.allowBluetoothHFP' instead
                                                       .allowBluetooth, .allowBluetoothA2DP]
                                                        ^~~~~~~~~~~~~~
                                                        AVAudioSession.CategoryOptions.allowBluetoothHFP

SwiftDriverJobDiscovery normal arm64 Compiling ApkgImport.swift, AppBackdrop.swift, AppIntents.swift, AppIntentsRouting.swift, AppIntentsVisual.swift, AppLink.swift, AppLock.swift, AppLockRule.swift, AttendingHint.swift, AudioControls.swift, AudioEvents.swift, AuthAPI.swift, AuthRules.swift, BackgroundWork.swift, BatchWriting.swift, BedPlan.swift, BedtimeReviewView.swift, BlobCache.swift, BlobRefs.swift, BookFigures.swift, BookPages.swift, BookReaderView.swift, Brand.swift, CardEditSheets.swift, CardQuality.swift (in target 'RedPen' from project 'RedPen')

SwiftCompile normal arm64 Compiling\ AccessibilitySupport.swift,\ AccessibilityText.swift,\ Account.swift,\ AccountStore.swift,\ AccountView.swift,\ AccuracyBadge.swift,\ AccuracyItem.swift,\ AccuracyLedger.swift,\ AccuracyModel.swift,\ AccuracyRules.swift,\ AccuracySchedule.swift,\ AccuracyStore.swift,\ AccuracyText.swift,\ AgeGate.swift,\ AgeSignal.swift,\ AnalyticsView.swift,\ AnalyticsVisuals.swift,\ AnkiCard.swift,\ AnkiCardFace.swift,\ AnkiExportSchedule.swift,\ AnkiFields.swift,\ AnkiNoteText.swift,\ AnkiReviewView.swift,\ AnkiScheduler.swift,\ ApkgExporter.swift /Users/runner/work/red-pen-ios/red-pen-ios/ios/RedPen/Shared/AccessibilitySupport.swift /Users/runner/work/red-pen-ios/red-pen-ios/ios/RedPen/Shared/AccessibilityText.swift /Users/runner/work/red-pen-ios/red-pen-ios/ios/RedPen/Models/Account.swift /Users/runner/work/red-pen-ios/red-pen-ios/ios/RedPen/Persistence/AccountStore.swift /Users/runner/work/red-pen-ios/red-pen-ios/ios/RedPen/Features/Auth/AccountView.swift /Users/runner/work/red-pen-ios/red-pen-ios/ios/RedPen/Features/Support/AccuracyBadge.swift /Users/runner/work/red-pen-ios/red-pen-ios/ios/RedPen/Shared/Accuracy/AccuracyItem.swift /Users/runner/work/red-pen-ios/red-pen-ios/ios/RedPen/Shared/Accuracy/AccuracyLedger.swift /Users/runner/work/red-pen-ios/red-pen-ios/ios/RedPen/Shared/Accuracy/AccuracyModel.swift /Users/runner/work/red-pen-ios/red-pen-ios/ios/RedPen/Shared/Accuracy/AccuracyRules.swift /Users/runner/work/red-pen-ios/red-pen-ios/ios/RedPen/Shared/Accuracy/AccuracySchedule.swift /Users/runner/work/red-pen-ios/red-pen-ios/ios/RedPen/Shared/Accuracy/AccuracyStore.swift /Users/runner/work/red-pen-ios/red-pen-ios/ios/RedPen/Shared/Accuracy/AccuracyText.swift /Users/runner/work/red-pen-ios/red-pen-ios/ios/RedPen/Shared/Platform/AgeGate.swift /Users/runner/work/red-pen-ios/red-pen-ios/ios/RedPen/Shared/Platform/AgeSignal.swift /Users/runner/work/red-pen-ios/red-pen-ios/ios/RedPen/Features/Analytics/AnalyticsView.swift /Users/runner/work/red-pen-ios/red-pen-ios/ios/RedPen/Features/Analytics/AnalyticsVisuals.swift /Users/runner/work/red-pen-ios/red-pen-ios/ios/RedPen/Models/AnkiCard.swift /Users/runner/work/red-pen-ios/red-pen-ios/ios/RedPen/Features/Anki/AnkiCardFace.swift /Users/runner/work/red-pen-ios/red-pen-ios/ios/RedPen/Shared/AnkiExportSchedule.swift /Users/runner/work/red-pen-ios/red-pen-ios/ios/RedPen/Shared/AnkiFields.swift /Users/runner/work/red-pen-ios/red-pen-ios/ios/RedPen/Shared/AnkiNoteText.swift /Users/runner/work/red-pen-ios/red-pen-ios/ios/RedPen/Features/Anki/AnkiReviewView.swift /Users/runner/work/red-pen-ios/red-pen-ios/ios/RedPen/Features/Anki/AnkiScheduler.swift /Users/runner/work/red-pen-ios/red-pen-ios/ios/RedPen/Shared/ApkgExporter.swift (in target 'RedPen' from project 'RedPen')
SwiftCompile normal arm64 /Users/runner/work/red-pen-ios/red-pen-ios/ios/RedPen/Shared/AccessibilitySupport.swift (in target 'RedPen' from project 'RedPen')
    cd /Users/runner/work/red-pen-ios/red-pen-ios/ios
    

SwiftCompile normal arm64 /Users/runner/work/red-pen-ios/red-pen-ios/ios/RedPen/Shared/AccessibilityText.swift (in target 'RedPen' from project 'RedPen')
    cd /Users/runner/work/red-pen-ios/red-pen-ios/ios
    

SwiftCompile normal arm64 /Users/runner/work/red-pen-ios/red-pen-ios/ios/RedPen/Models/Account.swift (in target 'RedPen' from project 'RedPen')
    cd /Users/runner/work/red-pen-ios/red-pen-ios/ios
    

SwiftCompile normal arm64 /Users/runner/work/red-pen-ios/red-pen-ios/ios/RedPen/Persistence/AccountStore.swift (in target 'RedPen' from project 'RedPen')
    cd /Users/runner/work/red-pen-ios/red-pen-ios/ios
    

SwiftCompile normal arm64 /Users/runner/work/red-pen-ios/red-pen-ios/ios/RedPen/Features/Auth/AccountView.swift (in target 'RedPen' from project 'RedPen')
    cd /Users/runner/work/red-pen-ios/red-pen-ios/ios
    

SwiftCompile normal arm64 /Users/runner/work/red-pen-ios/red-pen-ios/ios/RedPen/Features/Support/AccuracyBadge.swift (in target 'RedPen' from project 'RedPen')
    cd /Users/runner/work/red-pen-ios/red-pen-ios/ios
    

SwiftCompile normal arm64 /Users/runner/work/red-pen-ios/red-pen-ios/ios/RedPen/Shared/Accuracy/AccuracyItem.swift (in target 'RedPen' from project 'RedPen')
    cd /Users/runner/work/red-pen-ios/red-pen-ios/ios
    

SwiftCompile normal arm64 /Users/runner/work/red-pen-ios/red-pen-ios/ios/RedPen/Shared/Accuracy/AccuracyLedger.swift (in target 'RedPen' from project 'RedPen')
    cd /Users/runner/work/red-pen-ios/red-pen-ios/ios
    

SwiftCompile normal arm64 /Users/runner/work/red-pen-ios/red-pen-ios/ios/RedPen/Shared/Accuracy/AccuracyModel.swift (in target 'RedPen' from project 'RedPen')
    cd /Users/runner/work/red-pen-ios/red-pen-ios/ios
    

SwiftCompile normal arm64 /Users/runner/work/red-pen-ios/red-pen-ios/ios/RedPen/Shared/Accuracy/AccuracyRules.swift (in target 'RedPen' from project 'RedPen')
    cd /Users/runner/work/red-pen-ios/red-pen-ios/ios
    

SwiftCompile normal arm64 /Users/runner/work/red-pen-ios/red-pen-ios/ios/RedPen/Shared/Accuracy/AccuracySchedule.swift (in target 'RedPen' from project 'RedPen')
    cd /Users/runner/work/red-pen-ios/red-pen-ios/ios
    

SwiftCompile normal arm64 /Users/runner/work/red-pen-ios/red-pen-ios/ios/RedPen/Shared/Accuracy/AccuracyStore.swift (in target 'RedPen' from project 'RedPen')
    cd /Users/runner/work/red-pen-ios/red-pen-ios/ios
    

SwiftCompile normal arm64 /Users/runner/work/red-pen-ios/red-pen-ios/ios/RedPen/Shared/Accuracy/AccuracyText.swift (in target 'RedPen' from project 'RedPen')
    cd /Users/runner/work/red-pen-ios/red-pen-ios/ios
    

SwiftCompile normal arm64 /Users/runner/work/red-pen-ios/red-pen-ios/ios/RedPen/Shared/Platform/AgeGate.swift (in target 'RedPen' from project 'RedPen')
    cd /Users/runner/work/red-pen-ios/red-pen-ios/ios
    

SwiftCompile normal arm64 /Users/runner/work/red-pen-ios/red-pen-ios/ios/RedPen/Shared/Platform/AgeSignal.swift (in target 'RedPen' from project 'RedPen')
    cd /Users/runner/work/red-pen-ios/red-pen-ios/ios
    

SwiftCompile normal arm64 /Users/runner/work/red-pen-ios/red-pen-ios/ios/RedPen/Features/Analytics/AnalyticsView.swift (in target 'RedPen' from project 'RedPen')
    cd /Users/runner/work/red-pen-ios/red-pen-ios/ios
    
/Users/runner/work/red-pen-ios/red-pen-ios/ios/RedPen/Shared/Insight/StoreInsight.swift:69:61: warning: main actor-isolated static property 'reasonWindowDays' can not be referenced from a nonisolated context; this is an error in the Swift 6 language mode
    func picks(for reason: MistakeReason, days: Int = Store.reasonWindowDays,
                                                            ^
/Users/runner/work/red-pen-ios/red-pen-ios/ios/RedPen/Shared/Insight/StoreInsight.swift:34:16: note: static property declared here
    static let reasonWindowDays = 30
               ^
/Users/runner/work/red-pen-ios/red-pen-ios/ios/RedPen/Shared/Insight/StoreInsight.swift:51:41: warning: main actor-isolated static property 'reasonWindowDays' can not be referenced from a nonisolated context; this is an error in the Swift 6 language mode
    func reasonShares(days: Int = Store.reasonWindowDays, now: Date = Date()) -> [ReasonShare] {
                                        ^
/Users/runner/work/red-pen-ios/red-pen-ios/ios/RedPen/Shared/Insight/StoreInsight.swift:34:16: note: static property declared here
    static let reasonWindowDays = 30
               ^

SwiftCompile normal arm64 /Users/runner/work/red-pen-ios/red-pen-ios/ios/RedPen/Features/Analytics/AnalyticsVisuals.swift (in target 'RedPen' from project 'RedPen')
    cd /Users/runner/work/red-pen-ios/red-pen-ios/ios
    
/Users/runner/work/red-pen-ios/red-pen-ios/ios/RedPen/Features/Analytics/AnalyticsVisuals.swift:112:24: warning: value 'marker' was defined but never used; consider replacing with boolean test
                if let marker {
                   ~~~~^
                              != nil

SwiftCompile normal arm64 /Users/runner/work/red-pen-ios/red-pen-ios/ios/RedPen/Models/AnkiCard.swift (in target 'RedPen' from project 'RedPen')
    cd /Users/runner/work/red-pen-ios/red-pen-ios/ios
    

SwiftCompile normal arm64 /Users/runner/work/red-pen-ios/red-pen-ios/ios/RedPen/Features/Anki/AnkiCardFace.swift (in target 'RedPen' from project 'RedPen')
    cd /Users/runner/work/red-pen-ios/red-pen-ios/ios
    

SwiftCompile normal arm64 /Users/runner/work/red-pen-ios/red-pen-ios/ios/RedPen/Shared/AnkiExportSchedule.swift (in target 'RedPen' from project 'RedPen')
    cd /Users/runner/work/red-pen-ios/red-pen-ios/ios
    

SwiftCompile normal arm64 /Users/runner/work/red-pen-ios/red-pen-ios/ios/RedPen/Shared/AnkiFields.swift (in target 'RedPen' from project 'RedPen')
    cd /Users/runner/work/red-pen-ios/red-pen-ios/ios
    

SwiftCompile normal arm64 /Users/runner/work/red-pen-ios/red-pen-ios/ios/RedPen/Shared/AnkiNoteText.swift (in target 'RedPen' from project 'RedPen')
    cd /Users/runner/work/red-pen-ios/red-pen-ios/ios
    

SwiftCompile normal arm64 /Users/runner/work/red-pen-ios/red-pen-ios/ios/RedPen/Features/Anki/AnkiReviewView.swift (in target 'RedPen' from project 'RedPen')
    cd /Users/runner/work/red-pen-ios/red-pen-ios/ios
    

SwiftCompile normal arm64 /Users/runner/work/red-pen-ios/red-pen-ios/ios/RedPen/Features/Anki/AnkiScheduler.swift (in target 'RedPen' from project 'RedPen')
    cd /Users/runner/work/red-pen-ios/red-pen-ios/ios
    

SwiftCompile normal arm64 /Users/runner/work/red-pen-ios/red-pen-ios/ios/RedPen/Shared/ApkgExporter.swift (in target 'RedPen' from project 'RedPen')
    cd /Users/runner/work/red-pen-ios/red-pen-ios/ios
    

SwiftDriverJobDiscovery normal arm64 Compiling Diagnostics.swift, DiagnosticsModel.swift, DiagnosticsPlatform.swift, DiagnosticsQueue.swift, DiagnosticsSettingsView.swift, Differential.swift, DocumentScannerSheet.swift, DocxText.swift, DrawRecallView.swift, DueTodayView.swift, DuelView.swift, Entitlement.swift, ExamBlueprint.swift, ExamCatalog.swift, ExamChoice.swift, ExamDashboardCard.swift, ExamDayAttributes.swift, ExamDayKitView.swift, ExamExemplarData.swift, ExamExemplars.swift, ExamFormats.swift, ExamPickerView.swift, ExamPlanView.swift, ExamPrompt.swift, ExamStore.swift (in target 'RedPen' from project 'RedPen')

LinkAssetCatalog /Users/runner/work/red-pen-ios/red-pen-ios/ios/AppResources/AppIcon.icon /Users/runner/work/red-pen-ios/red-pen-ios/ios/RedPen/Assets.xcassets (in target 'RedPen' from project 'RedPen')
    cd /Users/runner/work/red-pen-ios/red-pen-ios/ios
    builtin-linkAssetCatalog --thinned /Users/runner/work/red-pen-ios/red-pen-ios/ios/build/Build/Intermediates.noindex/RedPen.build/Debug-iphonesimulator/RedPen.build/assetcatalog_output/thinned --thinned-dependencies /Users/runner/work/red-pen-ios/red-pen-ios/ios/build/Build/Intermediates.noindex/RedPen.build/Debug-iphonesimulator/RedPen.build/assetcatalog_dependencies_thinned --thinned-info-plist-content /Users/runner/work/red-pen-ios/red-pen-ios/ios/build/Build/Intermediates.noindex/RedPen.build/Debug-iphonesimulator/RedPen.build/assetcatalog_generated_info.plist_thinned --unthinned /Users/runner/work/red-pen-ios/red-pen-ios/ios/build/Build/Intermediates.noindex/RedPen.build/Debug-iphonesimulator/RedPen.build/assetcatalog_output/unthinned --unthinned-dependencies /Users/runner/work/red-pen-ios/red-pen-ios/ios/build/Build/Intermediates.noindex/RedPen.build/Debug-iphonesimulator/RedPen.build/assetcatalog_dependencies_unthinned --unthinned-info-plist-content /Users/runner/work/red-pen-ios/red-pen-ios/ios/build/Build/Intermediates.noindex/RedPen.build/Debug-iphonesimulator/RedPen.build/assetcatalog_generated_info.plist_unthinned --output /Users/runner/work/red-pen-ios/red-pen-ios/ios/build/Build/Products/Debug-iphonesimulator/RedPen.app --plist-output /Users/runner/work/red-pen-ios/red-pen-ios/ios/build/Build/Intermediates.noindex/RedPen.build/Debug-iphonesimulator/RedPen.build/assetcatalog_generated_info.plist
note: Emplaced /Users/runner/work/red-pen-ios/red-pen-ios/ios/build/Build/Products/Debug-iphonesimulator/RedPen.app/AppIcon76x76@2x~ipad.png (in target 'RedPen' from project 'RedPen')
note: Emplaced /Users/runner/work/red-pen-ios/red-pen-ios/ios/build/Build/Products/Debug-iphonesimulator/RedPen.app/Assets.car (in target 'RedPen' from project 'RedPen')
note: Emplaced /Users/runner/work/red-pen-ios/red-pen-ios/ios/build/Build/Products/Debug-iphonesimulator/RedPen.app/AppIcon60x60@2x.png (in target 'RedPen' from project 'RedPen')

SwiftCompile normal arm64 Compiling\ MCQQuizView.swift,\ MCQRepair.swift,\ MCQSummaryView.swift,\ MedicalGenerate.swift,\ MedicalModelCatalog.swift,\ MindfulMinutes.swift,\ MiniZip.swift,\ MockPaper.swift,\ MockPaperView.swift,\ MockResultsView.swift,\ MockSittingSave.swift,\ MockSittingView.swift,\ ModeConversion.swift,\ ModelSettingsView.swift,\ NarrateAudioBar.swift,\ NarrateListenRow.swift,\ NarrateListening.swift,\ NarratePlan.swift,\ NarrateReading.swift,\ NarrateReviewView.swift,\ NarrateSegment.swift,\ NarrateVoice.swift,\ NarrateWordFlow.swift,\ NebulaBaker.swift,\ NetworkFaults.swift /Users/runner/work/red-pen-ios/red-pen-ios/ios/RedPen/Features/MCQ/MCQQuizView.swift /Users/runner/work/red-pen-ios/red-pen-ios/ios/RedPen/Shared/MCQRepair.swift /Users/runner/work/red-pen-ios/red-pen-ios/ios/RedPen/Features/MCQ/MCQSummaryView.swift /Users/runner/work/red-pen-ios/red-pen-ios/ios/RedPen/Shared/LLM/MedicalGenerate.swift /Users/runner/work/red-pen-ios/red-pen-ios/ios/RedPen/Shared/LLM/MedicalModelCatalog.swift /Users/runner/work/red-pen-ios/red-pen-ios/ios/RedPen/Shared/Platform/MindfulMinutes.swift /Users/runner/work/red-pen-ios/red-pen-ios/ios/RedPen/Shared/MiniZip.swift /Users/runner/work/red-pen-ios/red-pen-ios/ios/RedPen/Shared/Exam/MockPaper.swift /Users/runner/work/red-pen-ios/red-pen-ios/ios/RedPen/Features/Mock/MockPaperView.swift /Users/runner/work/red-pen-ios/red-pen-ios/ios/RedPen/Features/Mock/MockResultsView.swift /Users/runner/work/red-pen-ios/red-pen-ios/ios/RedPen/Features/Mock/MockSittingSave.swift /Users/runner/work/red-pen-ios/red-pen-ios/ios/RedPen/Features/Mock/MockSittingView.swift /Users/runner/work/red-pen-ios/red-pen-ios/ios/RedPen/Shared/ModeConversion.swift /Users/runner/work/red-pen-ios/red-pen-ios/ios/RedPen/Features/Support/ModelSettingsView.swift /Users/runner/work/red-pen-ios/red-pen-ios/ios/RedPen/Features/Narrate/NarrateAudioBar.swift /Users/runner/work/red-pen-ios/red-pen-ios/ios/RedPen/Features/Narrate/NarrateListenRow.swift /Users/runner/work/red-pen-ios/red-pen-ios/ios/RedPen/Features/Narrate/NarrateListening.swift /Users/runner/work/red-pen-ios/red-pen-ios/ios/RedPen/Shared/NarratePlan.swift /Users/runner/work/red-pen-ios/red-pen-ios/ios/RedPen/Features/Narrate/NarrateReading.swift /Users/runner/work/red-pen-ios/red-pen-ios/ios/RedPen/Features/Narrate/NarrateReviewView.swift /Users/runner/work/red-pen-ios/red-pen-ios/ios/RedPen/Models/NarrateSegment.swift /Users/runner/work/red-pen-ios/red-pen-ios/ios/RedPen/Shared/Voice/NarrateVoice.swift /Users/runner/work/red-pen-ios/red-pen-ios/ios/RedPen/Features/Narrate/NarrateWordFlow.swift /Users/runner/work/red-pen-ios/red-pen-ios/ios/RedPen/Shared/Space/NebulaBaker.swift /Users/runner/work/red-pen-ios/red-pen-ios/ios/RedPen/Shared/NetworkFaults.swift (in target 'RedPen' from project 'RedPen')
SwiftCompile normal arm64 /Users/runner/work/red-pen-ios/red-pen-ios/ios/RedPen/Features/MCQ/MCQQuizView.swift (in target 'RedPen' from project 'RedPen')
    cd /Users/runner/work/red-pen-ios/red-pen-ios/ios
    

SwiftCompile normal arm64 /Users/runner/work/red-pen-ios/red-pen-ios/ios/RedPen/Shared/MCQRepair.swift (in target 'RedPen' from project 'RedPen')
    cd /Users/runner/work/red-pen-ios/red-pen-ios/ios
    

SwiftCompile normal arm64 /Users/runner/work/red-pen-ios/red-pen-ios/ios/RedPen/Features/MCQ/MCQSummaryView.swift (in target 'RedPen' from project 'RedPen')
    cd /Users/runner/work/red-pen-ios/red-pen-ios/ios
    

SwiftCompile normal arm64 /Users/runner/work/red-pen-ios/red-pen-ios/ios/RedPen/Shared/LLM/MedicalGenerate.swift (in target 'RedPen' from project 'RedPen')
    cd /Users/runner/work/red-pen-ios/red-pen-ios/ios
    

SwiftCompile normal arm64 /Users/runner/work/red-pen-ios/red-pen-ios/ios/RedPen/Shared/LLM/MedicalModelCatalog.swift (in target 'RedPen' from project 'RedPen')
    cd /Users/runner/work/red-pen-ios/red-pen-ios/ios
    
/Users/runner/work/red-pen-ios/red-pen-ios/ios/RedPen/Shared/LLM/MedicalModelCatalog.swift:84:22: warning: left side of nil coalescing operator '??' has non-optional type 'Int64', so the right side is never used
        return (size ?? 0) > Int64(Double(variant.bytes) * 0.9)
                ~~~~~^~~~
                    

SwiftCompile normal arm64 /Users/runner/work/red-pen-ios/red-pen-ios/ios/RedPen/Shared/Platform/MindfulMinutes.swift (in target 'RedPen' from project 'RedPen')
    cd /Users/runner/work/red-pen-ios/red-pen-ios/ios
    
/Users/runner/work/red-pen-ios/red-pen-ios/ios/RedPen/Shared/Platform/MindfulMinutes.swift:52:23: warning: result of call to 'assumeIsolated(_:file:line:)' is unused
            MainActor.assumeIsolated {
                      ^              ~

SwiftCompile normal arm64 /Users/runner/work/red-pen-ios/red-pen-ios/ios/RedPen/Shared/MiniZip.swift (in target 'RedPen' from project 'RedPen')
    cd /Users/runner/work/red-pen-ios/red-pen-ios/ios
    

SwiftCompile normal arm64 /Users/runner/work/red-pen-ios/red-pen-ios/ios/RedPen/Shared/Exam/MockPaper.swift (in target 'RedPen' from project 'RedPen')
    cd /Users/runner/work/red-pen-ios/red-pen-ios/ios
    

SwiftCompile normal arm64 /Users/runner/work/red-pen-ios/red-pen-ios/ios/RedPen/Features/Mock/MockPaperView.swift (in target 'RedPen' from project 'RedPen')
    cd /Users/runner/work/red-pen-ios/red-pen-ios/ios
    

SwiftCompile normal arm64 /Users/runner/work/red-pen-ios/red-pen-ios/ios/RedPen/Features/Mock/MockResultsView.swift (in target 'RedPen' from project 'RedPen')
    cd /Users/runner/work/red-pen-ios/red-pen-ios/ios
    

SwiftCompile normal arm64 /Users/runner/work/red-pen-ios/red-pen-ios/ios/RedPen/Features/Mock/MockSittingSave.swift (in target 'RedPen' from project 'RedPen')
    cd /Users/runner/work/red-pen-ios/red-pen-ios/ios
    

SwiftCompile normal arm64 /Users/runner/work/red-pen-ios/red-pen-ios/ios/RedPen/Features/Mock/MockSittingView.swift (in target 'RedPen' from project 'RedPen')
    cd /Users/runner/work/red-pen-ios/red-pen-ios/ios
    

SwiftCompile normal arm64 /Users/runner/work/red-pen-ios/red-pen-ios/ios/RedPen/Shared/ModeConversion.swift (in target 'RedPen' from project 'RedPen')
    cd /Users/runner/work/red-pen-ios/red-pen-ios/ios
    

SwiftCompile normal arm64 /Users/runner/work/red-pen-ios/red-pen-ios/ios/RedPen/Features/Support/ModelSettingsView.swift (in target 'RedPen' from project 'RedPen')
    cd /Users/runner/work/red-pen-ios/red-pen-ios/ios
    

SwiftCompile normal arm64 /Users/runner/work/red-pen-ios/red-pen-ios/ios/RedPen/Features/Narrate/NarrateAudioBar.swift (in target 'RedPen' from project 'RedPen')
    cd /Users/runner/work/red-pen-ios/red-pen-ios/ios
    

SwiftCompile normal arm64 /Users/runner/work/red-pen-ios/red-pen-ios/ios/RedPen/Features/Narrate/NarrateListenRow.swift (in target 'RedPen' from project 'RedPen')
    cd /Users/runner/work/red-pen-ios/red-pen-ios/ios
    

SwiftCompile normal arm64 /Users/runner/work/red-pen-ios/red-pen-ios/ios/RedPen/Features/Narrate/NarrateListening.swift (in target 'RedPen' from project 'RedPen')
    cd /Users/runner/work/red-pen-ios/red-pen-ios/ios
    

SwiftCompile normal arm64 /Users/runner/work/red-pen-ios/red-pen-ios/ios/RedPen/Shared/NarratePlan.swift (in target 'RedPen' from project 'RedPen')
    cd /Users/runner/work/red-pen-ios/red-pen-ios/ios
    

SwiftCompile normal arm64 /Users/runner/work/red-pen-ios/red-pen-ios/ios/RedPen/Features/Narrate/NarrateReading.swift (in target 'RedPen' from project 'RedPen')
    cd /Users/runner/work/red-pen-ios/red-pen-ios/ios
    

SwiftCompile normal arm64 /Users/runner/work/red-pen-ios/red-pen-ios/ios/RedPen/Features/Narrate/NarrateReviewView.swift (in target 'RedPen' from project 'RedPen')
    cd /Users/runner/work/red-pen-ios/red-pen-ios/ios
    

SwiftCompile normal arm64 /Users/runner/work/red-pen-ios/red-pen-ios/ios/RedPen/Models/NarrateSegment.swift (in target 'RedPen' from project 'RedPen')
    cd /Users/runner/work/red-pen-ios/red-pen-ios/ios
    

SwiftCompile normal arm64 /Users/runner/work/red-pen-ios/red-pen-ios/ios/RedPen/Shared/Voice/NarrateVoice.swift (in target 'RedPen' from project 'RedPen')
    cd /Users/runner/work/red-pen-ios/red-pen-ios/ios
    

SwiftCompile normal arm64 /Users/runner/work/red-pen-ios/red-pen-ios/ios/RedPen/Features/Narrate/NarrateWordFlow.swift (in target 'RedPen' from project 'RedPen')
    cd /Users/runner/work/red-pen-ios/red-pen-ios/ios
    

SwiftCompile normal arm64 /Users/runner/work/red-pen-ios/red-pen-ios/ios/RedPen/Shared/Space/NebulaBaker.swift (in target 'RedPen' from project 'RedPen')
    cd /Users/runner/work/red-pen-ios/red-pen-ios/ios
    
/Users/runner/work/red-pen-ios/red-pen-ios/ios/RedPen/Shared/Space/NebulaBaker.swift:175:25: warning: capture of 'gasBase' with non-Sendable type 'UnsafeMutableBufferPointer<UInt8>' in a '@Sendable' closure
                        gasBase[at] = byte(shade.gas.x)
                        ^
Swift.UnsafeMutableBufferPointer:1:23: note: generic struct 'UnsafeMutableBufferPointer' does not conform to the 'Sendable' protocol
@frozen public struct UnsafeMutableBufferPointer<Element> : Copyable where Element : ~Copyable {
                      ^
/Users/runner/work/red-pen-ios/red-pen-ios/ios/RedPen/Shared/Space/NebulaBaker.swift:179:25: warning: capture of 'dustBase' with non-Sendable type 'UnsafeMutableBufferPointer<UInt8>' in a '@Sendable' closure
                        dustBase[at] = d
                        ^
Swift.UnsafeMutableBufferPointer:1:23: note: generic struct 'UnsafeMutableBufferPointer' does not conform to the 'Sendable' protocol
@frozen public struct UnsafeMutableBufferPointer<Element> : Copyable where Element : ~Copyable {
                      ^

SwiftCompile normal arm64 /Users/runner/work/red-pen-ios/red-pen-ios/ios/RedPen/Shared/NetworkFaults.swift (in target 'RedPen' from project 'RedPen')
    cd /Users/runner/work/red-pen-ios/red-pen-ios/ios
    

SwiftDriverJobDiscovery normal arm64 Compiling Keychain.swift, L10n.swift, L10nRules.swift, LLMCore.swift, LLMParsing.swift, LaunchSplash.swift, LearnNotifications.swift, LearnRouter.swift, LearnRoutes.swift, LearnStore.swift, LectureAudio.swift, LectureImporter.swift, LecturePDFSection.swift, LecturePlayer.swift, LectureTranscriber.swift, LectureWriter.swift, LectureWriterSection.swift, LegalLinks.swift, LensAddSheet.swift, LensAnswer.swift, LensAnswerSheet.swift, LensCamera.swift, LensConversion.swift, LensModel.swift, LensTracking.swift (in target 'RedPen' from project 'RedPen')

SwiftCompile normal arm64 Compiling\ VoiceMarking.swift,\ VoiceParts.swift,\ VoiceSpeaker.swift,\ WardControls.swift,\ WardHome.swift,\ WardPalette.swift,\ WardPocket.swift,\ WardPocketScores.swift,\ WardPocketView.swift,\ WardRelief.swift,\ WardRoundAttributes.swift,\ WardRoundClock.swift,\ WardRoundOverlay.swift,\ WardRoundView.swift,\ WardStates.swift,\ WardSurfaces.swift,\ WardTokens.swift,\ WardVitals.swift,\ WardWords.swift,\ WarpEffect.swift,\ WordTiming.swift,\ Zip.swift,\ Zstd.swift,\ GeneratedAssetSymbols.swift /Users/runner/work/red-pen-ios/red-pen-ios/ios/RedPen/Shared/Voice/VoiceMarking.swift /Users/runner/work/red-pen-ios/red-pen-ios/ios/RedPen/Features/Voice/VoiceParts.swift /Users/runner/work/red-pen-ios/red-pen-ios/ios/RedPen/Shared/Voice/VoiceSpeaker.swift /Users/runner/work/red-pen-ios/red-pen-ios/ios/RedPen/Shared/Ward/WardControls.swift /Users/runner/work/red-pen-ios/red-pen-ios/ios/RedPen/Features/Library/WardHome.swift /Users/runner/work/red-pen-ios/red-pen-ios/ios/RedPen/Shared/Ward/WardPalette.swift /Users/runner/work/red-pen-ios/red-pen-ios/ios/RedPen/Shared/WardPocket.swift /Users/runner/work/red-pen-ios/red-pen-ios/ios/RedPen/Shared/WardPocketScores.swift /Users/runner/work/red-pen-ios/red-pen-ios/ios/RedPen/Features/Exam/WardPocketView.swift /Users/runner/work/red-pen-ios/red-pen-ios/ios/RedPen/Shared/Ward/WardRelief.swift /Users/runner/work/red-pen-ios/red-pen-ios/ios/RedPen/Shared/Platform/WardRoundAttributes.swift /Users/runner/work/red-pen-ios/red-pen-ios/ios/RedPen/Shared/Learn/WardRoundClock.swift /Users/runner/work/red-pen-ios/red-pen-ios/ios/RedPen/Features/Learn/WardRoundOverlay.swift /Users/runner/work/red-pen-ios/red-pen-ios/ios/RedPen/Features/Learn/WardRoundView.swift /Users/runner/work/red-pen-ios/red-pen-ios/ios/RedPen/Shared/Ward/WardStates.swift /Users/runner/work/red-pen-ios/red-pen-ios/ios/RedPen/Shared/Ward/WardSurfaces.swift /Users/runner/work/red-pen-ios/red-pen-ios/ios/RedPen/Shared/Ward/WardTokens.swift /Users/runner/work/red-pen-ios/red-pen-ios/ios/RedPen/Shared/Ward/WardVitals.swift /Users/runner/work/red-pen-ios/red-pen-ios/ios/RedPen/Shared/Learn/WardWords.swift /Users/runner/work/red-pen-ios/red-pen-ios/ios/RedPen/Shared/Space/WarpEffect.swift /Users/runner/work/red-pen-ios/red-pen-ios/ios/RedPen/Shared/WordTiming.swift /Users/runner/work/red-pen-ios/red-pen-ios/ios/RedPen/Shared/Zip.swift /Users/runner/work/red-pen-ios/red-pen-ios/ios/RedPen/Shared/Zstd.swift /Users/runner/work/red-pen-ios/red-pen-ios/ios/build/Build/Intermediates.noindex/RedPen.build/Debug-iphonesimulator/RedPen.build/DerivedSources/GeneratedAssetSymbols.swift (in target 'RedPen' from project 'RedPen')
SwiftCompile normal arm64 /Users/runner/work/red-pen-ios/red-pen-ios/ios/RedPen/Shared/Voice/VoiceMarking.swift (in target 'RedPen' from project 'RedPen')
    cd /Users/runner/work/red-pen-ios/red-pen-ios/ios
    

SwiftCompile normal arm64 /Users/runner/work/red-pen-ios/red-pen-ios/ios/RedPen/Features/Voice/VoiceParts.swift (in target 'RedPen' from project 'RedPen')
    cd /Users/runner/work/red-pen-ios/red-pen-ios/ios
    

SwiftCompile normal arm64 /Users/runner/work/red-pen-ios/red-pen-ios/ios/RedPen/Shared/Voice/VoiceSpeaker.swift (in target 'RedPen' from project 'RedPen')
    cd /Users/runner/work/red-pen-ios/red-pen-ios/ios
    

SwiftCompile normal arm64 /Users/runner/work/red-pen-ios/red-pen-ios/ios/RedPen/Shared/Ward/WardControls.swift (in target 'RedPen' from project 'RedPen')
    cd /Users/runner/work/red-pen-ios/red-pen-ios/ios
    

SwiftCompile normal arm64 /Users/runner/work/red-pen-ios/red-pen-ios/ios/RedPen/Features/Library/WardHome.swift (in target 'RedPen' from project 'RedPen')
    cd /Users/runner/work/red-pen-ios/red-pen-ios/ios
    

SwiftCompile normal arm64 /Users/runner/work/red-pen-ios/red-pen-ios/ios/RedPen/Shared/Ward/WardPalette.swift (in target 'RedPen' from project 'RedPen')
    cd /Users/runner/work/red-pen-ios/red-pen-ios/ios
    

SwiftCompile normal arm64 /Users/runner/work/red-pen-ios/red-pen-ios/ios/RedPen/Shared/WardPocket.swift (in target 'RedPen' from project 'RedPen')
    cd /Users/runner/work/red-pen-ios/red-pen-ios/ios
    

SwiftCompile normal arm64 /Users/runner/work/red-pen-ios/red-pen-ios/ios/RedPen/Shared/WardPocketScores.swift (in target 'RedPen' from project 'RedPen')
    cd /Users/runner/work/red-pen-ios/red-pen-ios/ios
    

SwiftCompile normal arm64 /Users/runner/work/red-pen-ios/red-pen-ios/ios/RedPen/Features/Exam/WardPocketView.swift (in target 'RedPen' from project 'RedPen')
    cd /Users/runner/work/red-pen-ios/red-pen-ios/ios
    

SwiftCompile normal arm64 /Users/runner/work/red-pen-ios/red-pen-ios/ios/RedPen/Shared/Ward/WardRelief.swift (in target 'RedPen' from project 'RedPen')
    cd /Users/runner/work/red-pen-ios/red-pen-ios/ios
    

SwiftCompile normal arm64 /Users/runner/work/red-pen-ios/red-pen-ios/ios/RedPen/Shared/Platform/WardRoundAttributes.swift (in target 'RedPen' from project 'RedPen')
    cd /Users/runner/work/red-pen-ios/red-pen-ios/ios
    

SwiftCompile normal arm64 /Users/runner/work/red-pen-ios/red-pen-ios/ios/RedPen/Shared/Learn/WardRoundClock.swift (in target 'RedPen' from project 'RedPen')
    cd /Users/runner/work/red-pen-ios/red-pen-ios/ios
    

SwiftCompile normal arm64 /Users/runner/work/red-pen-ios/red-pen-ios/ios/RedPen/Features/Learn/WardRoundOverlay.swift (in target 'RedPen' from project 'RedPen')
    cd /Users/runner/work/red-pen-ios/red-pen-ios/ios
    

SwiftCompile normal arm64 /Users/runner/work/red-pen-ios/red-pen-ios/ios/RedPen/Features/Learn/WardRoundView.swift (in target 'RedPen' from project 'RedPen')
    cd /Users/runner/work/red-pen-ios/red-pen-ios/ios
    

SwiftCompile normal arm64 /Users/runner/work/red-pen-ios/red-pen-ios/ios/RedPen/Shared/Ward/WardStates.swift (in target 'RedPen' from project 'RedPen')
    cd /Users/runner/work/red-pen-ios/red-pen-ios/ios
    

SwiftCompile normal arm64 /Users/runner/work/red-pen-ios/red-pen-ios/ios/RedPen/Shared/Ward/WardSurfaces.swift (in target 'RedPen' from project 'RedPen')
    cd /Users/runner/work/red-pen-ios/red-pen-ios/ios
    

SwiftCompile normal arm64 /Users/runner/work/red-pen-ios/red-pen-ios/ios/RedPen/Shared/Ward/WardTokens.swift (in target 'RedPen' from project 'RedPen')
    cd /Users/runner/work/red-pen-ios/red-pen-ios/ios
    

SwiftCompile normal arm64 /Users/runner/work/red-pen-ios/red-pen-ios/ios/RedPen/Shared/Ward/WardVitals.swift (in target 'RedPen' from project 'RedPen')
    cd /Users/runner/work/red-pen-ios/red-pen-ios/ios
    

SwiftCompile normal arm64 /Users/runner/work/red-pen-ios/red-pen-ios/ios/RedPen/Shared/Learn/WardWords.swift (in target 'RedPen' from project 'RedPen')
    cd /Users/runner/work/red-pen-ios/red-pen-ios/ios
    

SwiftCompile normal arm64 /Users/runner/work/red-pen-ios/red-pen-ios/ios/RedPen/Shared/Space/WarpEffect.swift (in target 'RedPen' from project 'RedPen')
    cd /Users/runner/work/red-pen-ios/red-pen-ios/ios
    

SwiftCompile normal arm64 /Users/runner/work/red-pen-ios/red-pen-ios/ios/RedPen/Shared/WordTiming.swift (in target 'RedPen' from project 'RedPen')
    cd /Users/runner/work/red-pen-ios/red-pen-ios/ios
    

SwiftCompile normal arm64 /Users/runner/work/red-pen-ios/red-pen-ios/ios/RedPen/Shared/Zip.swift (in target 'RedPen' from project 'RedPen')
    cd /Users/runner/work/red-pen-ios/red-pen-ios/ios
    

SwiftCompile normal arm64 /Users/runner/work/red-pen-ios/red-pen-ios/ios/RedPen/Shared/Zstd.swift (in target 'RedPen' from project 'RedPen')
    cd /Users/runner/work/red-pen-ios/red-pen-ios/ios
    

SwiftCompile normal arm64 /Users/runner/work/red-pen-ios/red-pen-ios/ios/build/Build/Intermediates.noindex/RedPen.build/Debug-iphonesimulator/RedPen.build/DerivedSources/GeneratedAssetSymbols.swift (in target 'RedPen' from project 'RedPen')
    cd /Users/runner/work/red-pen-ios/red-pen-ios/ios
    

SwiftDriverJobDiscovery normal arm64 Compiling SupportSender.swift, Syllabus.swift, SymptomBlocks.swift, SymptomBlocksView.swift, SyncAPI.swift, SyncDoc.swift, SyncDocuments.swift, SyncEngine.swift, SyncMerge.swift, SyncPush.swift, SyncRules.swift, SyncState.swift, TagChips.swift, Theme.swift, TurnIntoPicker.swift, TwinQueue.swift, VerificationScreen.swift, VignetteHeaders.swift, VitalsParts.swift, VoiceAccess.swift, VoiceEntryPoints.swift, VoiceExamples.swift, VoiceHistory.swift, VoiceListener.swift (in target 'RedPen' from project 'RedPen')

SwiftCompile normal arm64 Compiling\ NewSetDock.swift,\ NewSetView.swift,\ NoteEditorView.swift,\ NoteExamples.swift,\ NoteMarkdown.swift,\ NoteStore.swift,\ NotesShared.swift,\ NowPlaying.swift,\ OcclusionCoverEditor.swift,\ OcclusionExample.swift,\ OcclusionFilter.swift,\ OcclusionPhrases.swift,\ OfficeIngest.swift,\ OnDeviceLearning.swift,\ OptionOrder.swift,\ OsceChecklist.swift,\ OsceGenerateSection.swift,\ OsceGenerator.swift,\ OsceReviewView.swift,\ OsceStations.swift,\ OwnerClaim.swift,\ OwnerGate.swift,\ PDFExporter.swift,\ PDFOcclusion.swift,\ PatientChart.swift /Users/runner/work/red-pen-ios/red-pen-ios/ios/RedPen/Features/Library/NewSetDock.swift /Users/runner/work/red-pen-ios/red-pen-ios/ios/RedPen/Features/Library/NewSetView.swift /Users/runner/work/red-pen-ios/red-pen-ios/ios/RedPen/Features/Notes/NoteEditorView.swift /Users/runner/work/red-pen-ios/red-pen-ios/ios/RedPen/Features/Notes/NoteExamples.swift /Users/runner/work/red-pen-ios/red-pen-ios/ios/RedPen/Features/Notes/NoteMarkdown.swift /Users/runner/work/red-pen-ios/red-pen-ios/ios/RedPen/Persistence/NoteStore.swift /Users/runner/work/red-pen-ios/red-pen-ios/ios/RedPen/Features/Notes/NotesShared.swift /Users/runner/work/red-pen-ios/red-pen-ios/ios/RedPen/Shared/Voice/NowPlaying.swift /Users/runner/work/red-pen-ios/red-pen-ios/ios/RedPen/Features/Library/OcclusionCoverEditor.swift /Users/runner/work/red-pen-ios/red-pen-ios/ios/RedPen/Features/Examples/OcclusionExample.swift /Users/runner/work/red-pen-ios/red-pen-ios/ios/RedPen/Shared/OcclusionFilter.swift /Users/runner/work/red-pen-ios/red-pen-ios/ios/RedPen/Shared/OcclusionPhrases.swift /Users/runner/work/red-pen-ios/red-pen-ios/ios/RedPen/Shared/OfficeIngest.swift /Users/runner/work/red-pen-ios/red-pen-ios/ios/RedPen/Shared/OnDeviceLearning.swift /Users/runner/work/red-pen-ios/red-pen-ios/ios/RedPen/Shared/OptionOrder.swift /Users/runner/work/red-pen-ios/red-pen-ios/ios/RedPen/Models/OsceChecklist.swift /Users/runner/work/red-pen-ios/red-pen-ios/ios/RedPen/Features/OSCE/OsceGenerateSection.swift /Users/runner/work/red-pen-ios/red-pen-ios/ios/RedPen/Shared/OsceGenerator.swift /Users/runner/work/red-pen-ios/red-pen-ios/ios/RedPen/Features/OSCE/OsceReviewView.swift /Users/runner/work/red-pen-ios/red-pen-ios/ios/RedPen/Shared/OsceStations.swift /Users/runner/work/red-pen-ios/red-pen-ios/ios/RedPen/Shared/OwnerClaim.swift /Users/runner/work/red-pen-ios/red-pen-ios/ios/RedPen/Shared/OwnerGate.swift /Users/runner/work/red-pen-ios/red-pen-ios/ios/RedPen/Shared/PDFExporter.swift /Users/runner/work/red-pen-ios/red-pen-ios/ios/RedPen/Shared/PDFOcclusion.swift /Users/runner/work/red-pen-ios/red-pen-ios/ios/RedPen/Shared/PatientChart.swift (in target 'RedPen' from project 'RedPen')
SwiftCompile normal arm64 /Users/runner/work/red-pen-ios/red-pen-ios/ios/RedPen/Features/Library/NewSetDock.swift (in target 'RedPen' from project 'RedPen')
    cd /Users/runner/work/red-pen-ios/red-pen-ios/ios
    

SwiftCompile normal arm64 /Users/runner/work/red-pen-ios/red-pen-ios/ios/RedPen/Features/Library/NewSetView.swift (in target 'RedPen' from project 'RedPen')
    cd /Users/runner/work/red-pen-ios/red-pen-ios/ios
    

SwiftCompile normal arm64 /Users/runner/work/red-pen-ios/red-pen-ios/ios/RedPen/Features/Notes/NoteEditorView.swift (in target 'RedPen' from project 'RedPen')
    cd /Users/runner/work/red-pen-ios/red-pen-ios/ios
    

SwiftCompile normal arm64 /Users/runner/work/red-pen-ios/red-pen-ios/ios/RedPen/Features/Notes/NoteExamples.swift (in target 'RedPen' from project 'RedPen')
    cd /Users/runner/work/red-pen-ios/red-pen-ios/ios
    

SwiftCompile normal arm64 /Users/runner/work/red-pen-ios/red-pen-ios/ios/RedPen/Features/Notes/NoteMarkdown.swift (in target 'RedPen' from project 'RedPen')
    cd /Users/runner/work/red-pen-ios/red-pen-ios/ios
    

SwiftCompile normal arm64 /Users/runner/work/red-pen-ios/red-pen-ios/ios/RedPen/Persistence/NoteStore.swift (in target 'RedPen' from project 'RedPen')
    cd /Users/runner/work/red-pen-ios/red-pen-ios/ios
    

SwiftCompile normal arm64 /Users/runner/work/red-pen-ios/red-pen-ios/ios/RedPen/Features/Notes/NotesShared.swift (in target 'RedPen' from project 'RedPen')
    cd /Users/runner/work/red-pen-ios/red-pen-ios/ios
    

SwiftCompile normal arm64 /Users/runner/work/red-pen-ios/red-pen-ios/ios/RedPen/Shared/Voice/NowPlaying.swift (in target 'RedPen' from project 'RedPen')
    cd /Users/runner/work/red-pen-ios/red-pen-ios/ios
    

SwiftCompile normal arm64 /Users/runner/work/red-pen-ios/red-pen-ios/ios/RedPen/Features/Library/OcclusionCoverEditor.swift (in target 'RedPen' from project 'RedPen')
    cd /Users/runner/work/red-pen-ios/red-pen-ios/ios
    

SwiftCompile normal arm64 /Users/runner/work/red-pen-ios/red-pen-ios/ios/RedPen/Features/Examples/OcclusionExample.swift (in target 'RedPen' from project 'RedPen')
    cd /Users/runner/work/red-pen-ios/red-pen-ios/ios
    

SwiftCompile normal arm64 /Users/runner/work/red-pen-ios/red-pen-ios/ios/RedPen/Shared/OcclusionFilter.swift (in target 'RedPen' from project 'RedPen')
    cd /Users/runner/work/red-pen-ios/red-pen-ios/ios
    

SwiftCompile normal arm64 /Users/runner/work/red-pen-ios/red-pen-ios/ios/RedPen/Shared/OcclusionPhrases.swift (in target 'RedPen' from project 'RedPen')
    cd /Users/runner/work/red-pen-ios/red-pen-ios/ios
    

SwiftCompile normal arm64 /Users/runner/work/red-pen-ios/red-pen-ios/ios/RedPen/Shared/OfficeIngest.swift (in target 'RedPen' from project 'RedPen')
    cd /Users/runner/work/red-pen-ios/red-pen-ios/ios
    

SwiftCompile normal arm64 /Users/runner/work/red-pen-ios/red-pen-ios/ios/RedPen/Shared/OnDeviceLearning.swift (in target 'RedPen' from project 'RedPen')
    cd /Users/runner/work/red-pen-ios/red-pen-ios/ios
    

SwiftCompile normal arm64 /Users/runner/work/red-pen-ios/red-pen-ios/ios/RedPen/Shared/OptionOrder.swift (in target 'RedPen' from project 'RedPen')
    cd /Users/runner/work/red-pen-ios/red-pen-ios/ios
    

SwiftCompile normal arm64 /Users/runner/work/red-pen-ios/red-pen-ios/ios/RedPen/Models/OsceChecklist.swift (in target 'RedPen' from project 'RedPen')
    cd /Users/runner/work/red-pen-ios/red-pen-ios/ios
    

SwiftCompile normal arm64 /Users/runner/work/red-pen-ios/red-pen-ios/ios/RedPen/Features/OSCE/OsceGenerateSection.swift (in target 'RedPen' from project 'RedPen')
    cd /Users/runner/work/red-pen-ios/red-pen-ios/ios
    

SwiftCompile normal arm64 /Users/runner/work/red-pen-ios/red-pen-ios/ios/RedPen/Shared/OsceGenerator.swift (in target 'RedPen' from project 'RedPen')
    cd /Users/runner/work/red-pen-ios/red-pen-ios/ios
    

SwiftCompile normal arm64 /Users/runner/work/red-pen-ios/red-pen-ios/ios/RedPen/Features/OSCE/OsceReviewView.swift (in target 'RedPen' from project 'RedPen')
    cd /Users/runner/work/red-pen-ios/red-pen-ios/ios
    

SwiftCompile normal arm64 /Users/runner/work/red-pen-ios/red-pen-ios/ios/RedPen/Shared/OsceStations.swift (in target 'RedPen' from project 'RedPen')
    cd /Users/runner/work/red-pen-ios/red-pen-ios/ios
    

SwiftCompile normal arm64 /Users/runner/work/red-pen-ios/red-pen-ios/ios/RedPen/Shared/OwnerClaim.swift (in target 'RedPen' from project 'RedPen')
    cd /Users/runner/work/red-pen-ios/red-pen-ios/ios
    

SwiftCompile normal arm64 /Users/runner/work/red-pen-ios/red-pen-ios/ios/RedPen/Shared/OwnerGate.swift (in target 'RedPen' from project 'RedPen')
    cd /Users/runner/work/red-pen-ios/red-pen-ios/ios
    

SwiftCompile normal arm64 /Users/runner/work/red-pen-ios/red-pen-ios/ios/RedPen/Shared/PDFExporter.swift (in target 'RedPen' from project 'RedPen')
    cd /Users/runner/work/red-pen-ios/red-pen-ios/ios
    

SwiftCompile normal arm64 /Users/runner/work/red-pen-ios/red-pen-ios/ios/RedPen/Shared/PDFOcclusion.swift (in target 'RedPen' from project 'RedPen')
    cd /Users/runner/work/red-pen-ios/red-pen-ios/ios
    

SwiftCompile normal arm64 /Users/runner/work/red-pen-ios/red-pen-ios/ios/RedPen/Shared/PatientChart.swift (in target 'RedPen' from project 'RedPen')
    cd /Users/runner/work/red-pen-ios/red-pen-ios/ios
    

SwiftDriverJobDiscovery normal arm64 Compiling AccessibilitySupport.swift, AccessibilityText.swift, Account.swift, AccountStore.swift, AccountView.swift, AccuracyBadge.swift, AccuracyItem.swift, AccuracyLedger.swift, AccuracyModel.swift, AccuracyRules.swift, AccuracySchedule.swift, AccuracyStore.swift, AccuracyText.swift, AgeGate.swift, AgeSignal.swift, AnalyticsView.swift, AnalyticsVisuals.swift, AnkiCard.swift, AnkiCardFace.swift, AnkiExportSchedule.swift, AnkiFields.swift, AnkiNoteText.swift, AnkiReviewView.swift, AnkiScheduler.swift, ApkgExporter.swift (in target 'RedPen' from project 'RedPen')

SwiftCompile normal arm64 Compiling\ GraphTouchModel.swift,\ GraphUniverse.swift,\ GraphUniverseScene.swift,\ GraphicsQuality.swift,\ GuessFirstView.swift,\ HeadTracker.swift,\ HelpContactSection.swift,\ Highlight.swift,\ HostedLLMClient.swift,\ HowToReachCard.swift,\ IconLayerSpec.swift,\ IconLayers.swift,\ IdeaBoardView.swift,\ IdeaEdges.swift,\ IdeaTools.swift,\ IdeasBottomBar.swift,\ IdeasView.swift,\ ImageSpoiler.swift,\ ImportPreviewSheet.swift,\ ImportRouter.swift,\ IncomingImport.swift,\ InsightExamples.swift,\ InsightModels.swift,\ InsightViews.swift,\ KeyboardShortcuts.swift /Users/runner/work/red-pen-ios/red-pen-ios/ios/RedPen/Features/Notes/GraphTouchModel.swift /Users/runner/work/red-pen-ios/red-pen-ios/ios/RedPen/Features/Notes/GraphUniverse.swift /Users/runner/work/red-pen-ios/red-pen-ios/ios/RedPen/Features/Notes/GraphUniverseScene.swift /Users/runner/work/red-pen-ios/red-pen-ios/ios/RedPen/Shared/Space/GraphicsQuality.swift /Users/runner/work/red-pen-ios/red-pen-ios/ios/RedPen/Features/Learn/GuessFirstView.swift /Users/runner/work/red-pen-ios/red-pen-ios/ios/RedPen/Shared/HeadTracker.swift /Users/runner/work/red-pen-ios/red-pen-ios/ios/RedPen/Features/Support/HelpContactSection.swift /Users/runner/work/red-pen-ios/red-pen-ios/ios/RedPen/Shared/Highlight.swift /Users/runner/work/red-pen-ios/red-pen-ios/ios/RedPen/Shared/LLM/HostedLLMClient.swift /Users/runner/work/red-pen-ios/red-pen-ios/ios/RedPen/Features/Reasoning/HowToReachCard.swift /Users/runner/work/red-pen-ios/red-pen-ios/ios/RedPen/Shared/Brand/IconLayerSpec.swift /Users/runner/work/red-pen-ios/red-pen-ios/ios/RedPen/Shared/Brand/IconLayers.swift /Users/runner/work/red-pen-ios/red-pen-ios/ios/RedPen/Features/Notes/IdeaBoardView.swift /Users/runner/work/red-pen-ios/red-pen-ios/ios/RedPen/Shared/Ideas/IdeaEdges.swift /Users/runner/work/red-pen-ios/red-pen-ios/ios/RedPen/Features/Notes/IdeaTools.swift /Users/runner/work/red-pen-ios/red-pen-ios/ios/RedPen/Features/Notes/IdeasBottomBar.swift /Users/runner/work/red-pen-ios/red-pen-ios/ios/RedPen/Features/Notes/IdeasView.swift /Users/runner/work/red-pen-ios/red-pen-ios/ios/RedPen/Shared/ImageSpoiler.swift /Users/runner/work/red-pen-ios/red-pen-ios/ios/RedPen/Features/Library/ImportPreviewSheet.swift /Users/runner/work/red-pen-ios/red-pen-ios/ios/RedPen/Shared/ImportRouter.swift /Users/runner/work/red-pen-ios/red-pen-ios/ios/RedPen/Features/Library/IncomingImport.swift /Users/runner/work/red-pen-ios/red-pen-ios/ios/RedPen/Features/Insight/InsightExamples.swift /Users/runner/work/red-pen-ios/red-pen-ios/ios/RedPen/Shared/Insight/InsightModels.swift /Users/runner/work/red-pen-ios/red-pen-ios/ios/RedPen/Features/Insight/InsightViews.swift /Users/runner/work/red-pen-ios/red-pen-ios/ios/RedPen/Shared/KeyboardShortcuts.swift (in target 'RedPen' from project 'RedPen')
SwiftCompile normal arm64 /Users/runner/work/red-pen-ios/red-pen-ios/ios/RedPen/Features/Notes/GraphTouchModel.swift (in target 'RedPen' from project 'RedPen')
    cd /Users/runner/work/red-pen-ios/red-pen-ios/ios
    

SwiftCompile normal arm64 /Users/runner/work/red-pen-ios/red-pen-ios/ios/RedPen/Features/Notes/GraphUniverse.swift (in target 'RedPen' from project 'RedPen')
    cd /Users/runner/work/red-pen-ios/red-pen-ios/ios
    

SwiftCompile normal arm64 /Users/runner/work/red-pen-ios/red-pen-ios/ios/RedPen/Features/Notes/GraphUniverseScene.swift (in target 'RedPen' from project 'RedPen')
    cd /Users/runner/work/red-pen-ios/red-pen-ios/ios
    

SwiftCompile normal arm64 /Users/runner/work/red-pen-ios/red-pen-ios/ios/RedPen/Shared/Space/GraphicsQuality.swift (in target 'RedPen' from project 'RedPen')
    cd /Users/runner/work/red-pen-ios/red-pen-ios/ios
    

SwiftCompile normal arm64 /Users/runner/work/red-pen-ios/red-pen-ios/ios/RedPen/Features/Learn/GuessFirstView.swift (in target 'RedPen' from project 'RedPen')
    cd /Users/runner/work/red-pen-ios/red-pen-ios/ios
    

SwiftCompile normal arm64 /Users/runner/work/red-pen-ios/red-pen-ios/ios/RedPen/Shared/HeadTracker.swift (in target 'RedPen' from project 'RedPen')
    cd /Users/runner/work/red-pen-ios/red-pen-ios/ios
    

SwiftCompile normal arm64 /Users/runner/work/red-pen-ios/red-pen-ios/ios/RedPen/Features/Support/HelpContactSection.swift (in target 'RedPen' from project 'RedPen')
    cd /Users/runner/work/red-pen-ios/red-pen-ios/ios
    

SwiftCompile normal arm64 /Users/runner/work/red-pen-ios/red-pen-ios/ios/RedPen/Shared/Highlight.swift (in target 'RedPen' from project 'RedPen')
    cd /Users/runner/work/red-pen-ios/red-pen-ios/ios
    

SwiftCompile normal arm64 /Users/runner/work/red-pen-ios/red-pen-ios/ios/RedPen/Shared/LLM/HostedLLMClient.swift (in target 'RedPen' from project 'RedPen')
    cd /Users/runner/work/red-pen-ios/red-pen-ios/ios
    

SwiftCompile normal arm64 /Users/runner/work/red-pen-ios/red-pen-ios/ios/RedPen/Features/Reasoning/HowToReachCard.swift (in target 'RedPen' from project 'RedPen')
    cd /Users/runner/work/red-pen-ios/red-pen-ios/ios
    

SwiftCompile normal arm64 /Users/runner/work/red-pen-ios/red-pen-ios/ios/RedPen/Shared/Brand/IconLayerSpec.swift (in target 'RedPen' from project 'RedPen')
    cd /Users/runner/work/red-pen-ios/red-pen-ios/ios
    

SwiftCompile normal arm64 /Users/runner/work/red-pen-ios/red-pen-ios/ios/RedPen/Shared/Brand/IconLayers.swift (in target 'RedPen' from project 'RedPen')
    cd /Users/runner/work/red-pen-ios/red-pen-ios/ios
    

SwiftCompile normal arm64 /Users/runner/work/red-pen-ios/red-pen-ios/ios/RedPen/Features/Notes/IdeaBoardView.swift (in target 'RedPen' from project 'RedPen')
    cd /Users/runner/work/red-pen-ios/red-pen-ios/ios
    

SwiftCompile normal arm64 /Users/runner/work/red-pen-ios/red-pen-ios/ios/RedPen/Shared/Ideas/IdeaEdges.swift (in target 'RedPen' from project 'RedPen')
    cd /Users/runner/work/red-pen-ios/red-pen-ios/ios
    

SwiftCompile normal arm64 /Users/runner/work/red-pen-ios/red-pen-ios/ios/RedPen/Features/Notes/IdeaTools.swift (in target 'RedPen' from project 'RedPen')
    cd /Users/runner/work/red-pen-ios/red-pen-ios/ios
    

SwiftCompile normal arm64 /Users/runner/work/red-pen-ios/red-pen-ios/ios/RedPen/Features/Notes/IdeasBottomBar.swift (in target 'RedPen' from project 'RedPen')
    cd /Users/runner/work/red-pen-ios/red-pen-ios/ios
    

SwiftCompile normal arm64 /Users/runner/work/red-pen-ios/red-pen-ios/ios/RedPen/Features/Notes/IdeasView.swift (in target 'RedPen' from project 'RedPen')
    cd /Users/runner/work/red-pen-ios/red-pen-ios/ios
    

SwiftCompile normal arm64 /Users/runner/work/red-pen-ios/red-pen-ios/ios/RedPen/Shared/ImageSpoiler.swift (in target 'RedPen' from project 'RedPen')
    cd /Users/runner/work/red-pen-ios/red-pen-ios/ios
    

SwiftCompile normal arm64 /Users/runner/work/red-pen-ios/red-pen-ios/ios/RedPen/Features/Library/ImportPreviewSheet.swift (in target 'RedPen' from project 'RedPen')
    cd /Users/runner/work/red-pen-ios/red-pen-ios/ios
    

SwiftCompile normal arm64 /Users/runner/work/red-pen-ios/red-pen-ios/ios/RedPen/Shared/ImportRouter.swift (in target 'RedPen' from project 'RedPen')
    cd /Users/runner/work/red-pen-ios/red-pen-ios/ios
    

SwiftCompile normal arm64 /Users/runner/work/red-pen-ios/red-pen-ios/ios/RedPen/Features/Library/IncomingImport.swift (in target 'RedPen' from project 'RedPen')
    cd /Users/runner/work/red-pen-ios/red-pen-ios/ios
    

SwiftCompile normal arm64 /Users/runner/work/red-pen-ios/red-pen-ios/ios/RedPen/Features/Insight/InsightExamples.swift (in target 'RedPen' from project 'RedPen')
    cd /Users/runner/work/red-pen-ios/red-pen-ios/ios
    

SwiftCompile normal arm64 /Users/runner/work/red-pen-ios/red-pen-ios/ios/RedPen/Shared/Insight/InsightModels.swift (in target 'RedPen' from project 'RedPen')
    cd /Users/runner/work/red-pen-ios/red-pen-ios/ios
    

SwiftCompile normal arm64 /Users/runner/work/red-pen-ios/red-pen-ios/ios/RedPen/Features/Insight/InsightViews.swift (in target 'RedPen' from project 'RedPen')
    cd /Users/runner/work/red-pen-ios/red-pen-ios/ios
    

SwiftCompile normal arm64 /Users/runner/work/red-pen-ios/red-pen-ios/ios/RedPen/Shared/KeyboardShortcuts.swift (in target 'RedPen' from project 'RedPen')
    cd /Users/runner/work/red-pen-ios/red-pen-ios/ios
    

SwiftDriverJobDiscovery normal arm64 Compiling MCQQuizView.swift, MCQRepair.swift, MCQSummaryView.swift, MedicalGenerate.swift, MedicalModelCatalog.swift, MindfulMinutes.swift, MiniZip.swift, MockPaper.swift, MockPaperView.swift, MockResultsView.swift, MockSittingSave.swift, MockSittingView.swift, ModeConversion.swift, ModelSettingsView.swift, NarrateAudioBar.swift, NarrateListenRow.swift, NarrateListening.swift, NarratePlan.swift, NarrateReading.swift, NarrateReviewView.swift, NarrateSegment.swift, NarrateVoice.swift, NarrateWordFlow.swift, NebulaBaker.swift, NetworkFaults.swift (in target 'RedPen' from project 'RedPen')

SwiftCompile normal arm64 Compiling\ SpokenAnswer.swift,\ SpokenStationSession.swift,\ SpokenStationView.swift,\ StarLayers.swift,\ StatsView.swift,\ StemKeyWords.swift,\ Store.swift,\ StoreFiles.swift,\ StoreInsight.swift,\ StoreStudy.swift,\ StoreSync.swift,\ StudyCategory.swift,\ StudyFocusFilter.swift,\ StudyLensView.swift,\ StudyLog.swift,\ StudyReminderSettings.swift,\ StudyRhythm.swift,\ StudySession.swift,\ StudySet.swift,\ StudyStreak.swift,\ StudyTips.swift,\ SubscriptionStore.swift,\ SupportCenter.swift,\ SupportOutbox.swift /Users/runner/work/red-pen-ios/red-pen-ios/ios/RedPen/Shared/Voice/SpokenAnswer.swift /Users/runner/work/red-pen-ios/red-pen-ios/ios/RedPen/Features/Voice/SpokenStationSession.swift /Users/runner/work/red-pen-ios/red-pen-ios/ios/RedPen/Features/Voice/SpokenStationView.swift /Users/runner/work/red-pen-ios/red-pen-ios/ios/RedPen/Shared/Space/StarLayers.swift /Users/runner/work/red-pen-ios/red-pen-ios/ios/RedPen/Features/Library/StatsView.swift /Users/runner/work/red-pen-ios/red-pen-ios/ios/RedPen/Shared/Insight/StemKeyWords.swift /Users/runner/work/red-pen-ios/red-pen-ios/ios/RedPen/Persistence/Store.swift /Users/runner/work/red-pen-ios/red-pen-ios/ios/RedPen/Shared/StoreFiles.swift /Users/runner/work/red-pen-ios/red-pen-ios/ios/RedPen/Shared/Insight/StoreInsight.swift /Users/runner/work/red-pen-ios/red-pen-ios/ios/RedPen/Persistence/StoreStudy.swift /Users/runner/work/red-pen-ios/red-pen-ios/ios/RedPen/Persistence/StoreSync.swift /Users/runner/work/red-pen-ios/red-pen-ios/ios/RedPen/Features/Library/StudyCategory.swift /Users/runner/work/red-pen-ios/red-pen-ios/ios/RedPen/Shared/Platform/StudyFocusFilter.swift /Users/runner/work/red-pen-ios/red-pen-ios/ios/RedPen/Features/Lens/StudyLensView.swift /Users/runner/work/red-pen-ios/red-pen-ios/ios/RedPen/Shared/StudyLog.swift /Users/runner/work/red-pen-ios/red-pen-ios/ios/RedPen/Features/Support/StudyReminderSettings.swift /Users/runner/work/red-pen-ios/red-pen-ios/ios/RedPen/Shared/Learn/StudyRhythm.swift /Users/runner/work/red-pen-ios/red-pen-ios/ios/RedPen/Shared/StudySession.swift /Users/runner/work/red-pen-ios/red-pen-ios/ios/RedPen/Models/StudySet.swift /Users/runner/work/red-pen-ios/red-pen-ios/ios/RedPen/Shared/StudyStreak.swift /Users/runner/work/red-pen-ios/red-pen-ios/ios/RedPen/Features/Onboarding/StudyTips.swift /Users/runner/work/red-pen-ios/red-pen-ios/ios/RedPen/Shared/SubscriptionStore.swift /Users/runner/work/red-pen-ios/red-pen-ios/ios/RedPen/Features/Support/SupportCenter.swift /Users/runner/work/red-pen-ios/red-pen-ios/ios/RedPen/Shared/SupportOutbox.swift (in target 'RedPen' from project 'RedPen')
SwiftCompile normal arm64 /Users/runner/work/red-pen-ios/red-pen-ios/ios/RedPen/Shared/Voice/SpokenAnswer.swift (in target 'RedPen' from project 'RedPen')
    cd /Users/runner/work/red-pen-ios/red-pen-ios/ios
    

SwiftCompile normal arm64 /Users/runner/work/red-pen-ios/red-pen-ios/ios/RedPen/Features/Voice/SpokenStationSession.swift (in target 'RedPen' from project 'RedPen')
    cd /Users/runner/work/red-pen-ios/red-pen-ios/ios
    

SwiftCompile normal arm64 /Users/runner/work/red-pen-ios/red-pen-ios/ios/RedPen/Features/Voice/SpokenStationView.swift (in target 'RedPen' from project 'RedPen')
    cd /Users/runner/work/red-pen-ios/red-pen-ios/ios
    

SwiftCompile normal arm64 /Users/runner/work/red-pen-ios/red-pen-ios/ios/RedPen/Shared/Space/StarLayers.swift (in target 'RedPen' from project 'RedPen')
    cd /Users/runner/work/red-pen-ios/red-pen-ios/ios
    

SwiftCompile normal arm64 /Users/runner/work/red-pen-ios/red-pen-ios/ios/RedPen/Features/Library/StatsView.swift (in target 'RedPen' from project 'RedPen')
    cd /Users/runner/work/red-pen-ios/red-pen-ios/ios
    

SwiftCompile normal arm64 /Users/runner/work/red-pen-ios/red-pen-ios/ios/RedPen/Shared/Insight/StemKeyWords.swift (in target 'RedPen' from project 'RedPen')
    cd /Users/runner/work/red-pen-ios/red-pen-ios/ios
    

SwiftCompile normal arm64 /Users/runner/work/red-pen-ios/red-pen-ios/ios/RedPen/Persistence/Store.swift (in target 'RedPen' from project 'RedPen')
    cd /Users/runner/work/red-pen-ios/red-pen-ios/ios
    

SwiftCompile normal arm64 /Users/runner/work/red-pen-ios/red-pen-ios/ios/RedPen/Shared/StoreFiles.swift (in target 'RedPen' from project 'RedPen')
    cd /Users/runner/work/red-pen-ios/red-pen-ios/ios
    

SwiftCompile normal arm64 /Users/runner/work/red-pen-ios/red-pen-ios/ios/RedPen/Shared/Insight/StoreInsight.swift (in target 'RedPen' from project 'RedPen')
    cd /Users/runner/work/red-pen-ios/red-pen-ios/ios
    
/Users/runner/work/red-pen-ios/red-pen-ios/ios/RedPen/Shared/Insight/StoreInsight.swift:51:41: warning: main actor-isolated static property 'reasonWindowDays' can not be referenced from a nonisolated context; this is an error in the Swift 6 language mode
    func reasonShares(days: Int = Store.reasonWindowDays, now: Date = Date()) -> [ReasonShare] {
                                        ^
/Users/runner/work/red-pen-ios/red-pen-ios/ios/RedPen/Shared/Insight/StoreInsight.swift:34:16: note: static property declared here
    static let reasonWindowDays = 30
               ^
/Users/runner/work/red-pen-ios/red-pen-ios/ios/RedPen/Shared/Insight/StoreInsight.swift:69:61: warning: main actor-isolated static property 'reasonWindowDays' can not be referenced from a nonisolated context; this is an error in the Swift 6 language mode
    func picks(for reason: MistakeReason, days: Int = Store.reasonWindowDays,
                                                            ^
/Users/runner/work/red-pen-ios/red-pen-ios/ios/RedPen/Shared/Insight/StoreInsight.swift:34:16: note: static property declared here
    static let reasonWindowDays = 30
               ^

SwiftCompile normal arm64 /Users/runner/work/red-pen-ios/red-pen-ios/ios/RedPen/Persistence/StoreStudy.swift (in target 'RedPen' from project 'RedPen')
    cd /Users/runner/work/red-pen-ios/red-pen-ios/ios
    

SwiftCompile normal arm64 /Users/runner/work/red-pen-ios/red-pen-ios/ios/RedPen/Persistence/StoreSync.swift (in target 'RedPen' from project 'RedPen')
    cd /Users/runner/work/red-pen-ios/red-pen-ios/ios
    

SwiftCompile normal arm64 /Users/runner/work/red-pen-ios/red-pen-ios/ios/RedPen/Features/Library/StudyCategory.swift (in target 'RedPen' from project 'RedPen')
    cd /Users/runner/work/red-pen-ios/red-pen-ios/ios
    

SwiftCompile normal arm64 /Users/runner/work/red-pen-ios/red-pen-ios/ios/RedPen/Shared/Platform/StudyFocusFilter.swift (in target 'RedPen' from project 'RedPen')
    cd /Users/runner/work/red-pen-ios/red-pen-ios/ios
    

SwiftCompile normal arm64 /Users/runner/work/red-pen-ios/red-pen-ios/ios/RedPen/Features/Lens/StudyLensView.swift (in target 'RedPen' from project 'RedPen')
    cd /Users/runner/work/red-pen-ios/red-pen-ios/ios
    

SwiftCompile normal arm64 /Users/runner/work/red-pen-ios/red-pen-ios/ios/RedPen/Shared/StudyLog.swift (in target 'RedPen' from project 'RedPen')
    cd /Users/runner/work/red-pen-ios/red-pen-ios/ios
    

SwiftCompile normal arm64 /Users/runner/work/red-pen-ios/red-pen-ios/ios/RedPen/Features/Support/StudyReminderSettings.swift (in target 'RedPen' from project 'RedPen')
    cd /Users/runner/work/red-pen-ios/red-pen-ios/ios
    

SwiftCompile normal arm64 /Users/runner/work/red-pen-ios/red-pen-ios/ios/RedPen/Shared/Learn/StudyRhythm.swift (in target 'RedPen' from project 'RedPen')
    cd /Users/runner/work/red-pen-ios/red-pen-ios/ios
    

SwiftCompile normal arm64 /Users/runner/work/red-pen-ios/red-pen-ios/ios/RedPen/Shared/StudySession.swift (in target 'RedPen' from project 'RedPen')
    cd /Users/runner/work/red-pen-ios/red-pen-ios/ios
    

SwiftCompile normal arm64 /Users/runner/work/red-pen-ios/red-pen-ios/ios/RedPen/Models/StudySet.swift (in target 'RedPen' from project 'RedPen')
    cd /Users/runner/work/red-pen-ios/red-pen-ios/ios
    

SwiftCompile normal arm64 /Users/runner/work/red-pen-ios/red-pen-ios/ios/RedPen/Shared/StudyStreak.swift (in target 'RedPen' from project 'RedPen')
    cd /Users/runner/work/red-pen-ios/red-pen-ios/ios
    

SwiftCompile normal arm64 /Users/runner/work/red-pen-ios/red-pen-ios/ios/RedPen/Features/Onboarding/StudyTips.swift (in target 'RedPen' from project 'RedPen')
    cd /Users/runner/work/red-pen-ios/red-pen-ios/ios
    

SwiftCompile normal arm64 /Users/runner/work/red-pen-ios/red-pen-ios/ios/RedPen/Shared/SubscriptionStore.swift (in target 'RedPen' from project 'RedPen')
    cd /Users/runner/work/red-pen-ios/red-pen-ios/ios
    

SwiftCompile normal arm64 /Users/runner/work/red-pen-ios/red-pen-ios/ios/RedPen/Features/Support/SupportCenter.swift (in target 'RedPen' from project 'RedPen')
    cd /Users/runner/work/red-pen-ios/red-pen-ios/ios
    

SwiftCompile normal arm64 /Users/runner/work/red-pen-ios/red-pen-ios/ios/RedPen/Shared/SupportOutbox.swift (in target 'RedPen' from project 'RedPen')
    cd /Users/runner/work/red-pen-ios/red-pen-ios/ios
    

SwiftDriverJobDiscovery normal arm64 Compiling VoiceMarking.swift, VoiceParts.swift, VoiceSpeaker.swift, WardControls.swift, WardHome.swift, WardPalette.swift, WardPocket.swift, WardPocketScores.swift, WardPocketView.swift, WardRelief.swift, WardRoundAttributes.swift, WardRoundClock.swift, WardRoundOverlay.swift, WardRoundView.swift, WardStates.swift, WardSurfaces.swift, WardTokens.swift, WardVitals.swift, WardWords.swift, WarpEffect.swift, WordTiming.swift, Zip.swift, Zstd.swift, GeneratedAssetSymbols.swift (in target 'RedPen' from project 'RedPen')

SwiftCompile normal arm64 Compiling\ GraphDeath.swift,\ GraphDeathScene.swift,\ GraphFrameSync.swift,\ GraphFraming.swift,\ GraphHangReporter.swift,\ GraphLabelContrast.swift,\ GraphLegend.swift,\ GraphLens.swift,\ GraphLineStyle.swift,\ GraphLinkBridge.swift,\ GraphLinkCurve.swift,\ GraphLook.swift,\ GraphMapPanels.swift,\ GraphMotion.swift,\ GraphNeuronImpulses.swift,\ GraphNeuronLook.swift,\ GraphNeuronMembrane.swift,\ GraphNeuronShaders.swift,\ GraphNeuronStates.swift,\ GraphNeurons.swift,\ GraphNodeFactory.swift,\ GraphNodeShaders.swift,\ GraphNodeStyles.swift,\ GraphPerfAdapter.swift,\ GraphPerfCamera.swift /Users/runner/work/red-pen-ios/red-pen-ios/ios/RedPen/Features/Notes/GraphDeath.swift /Users/runner/work/red-pen-ios/red-pen-ios/ios/RedPen/Features/Notes/GraphDeathScene.swift /Users/runner/work/red-pen-ios/red-pen-ios/ios/RedPen/Features/Notes/GraphFrameSync.swift /Users/runner/work/red-pen-ios/red-pen-ios/ios/RedPen/Features/Notes/GraphFraming.swift /Users/runner/work/red-pen-ios/red-pen-ios/ios/RedPen/Features/Notes/GraphHangReporter.swift /Users/runner/work/red-pen-ios/red-pen-ios/ios/RedPen/Features/Notes/GraphLabelContrast.swift /Users/runner/work/red-pen-ios/red-pen-ios/ios/RedPen/Features/Notes/GraphLegend.swift /Users/runner/work/red-pen-ios/red-pen-ios/ios/RedPen/Features/Notes/GraphLens.swift /Users/runner/work/red-pen-ios/red-pen-ios/ios/RedPen/Features/Notes/GraphLineStyle.swift /Users/runner/work/red-pen-ios/red-pen-ios/ios/RedPen/Features/Notes/GraphLinkBridge.swift /Users/runner/work/red-pen-ios/red-pen-ios/ios/RedPen/Features/Notes/GraphLinkCurve.swift /Users/runner/work/red-pen-ios/red-pen-ios/ios/RedPen/Features/Notes/GraphLook.swift /Users/runner/work/red-pen-ios/red-pen-ios/ios/RedPen/Features/Notes/GraphMapPanels.swift /Users/runner/work/red-pen-ios/red-pen-ios/ios/RedPen/Features/Notes/GraphMotion.swift /Users/runner/work/red-pen-ios/red-pen-ios/ios/RedPen/Features/Notes/GraphNeuronImpulses.swift /Users/runner/work/red-pen-ios/red-pen-ios/ios/RedPen/Features/Notes/GraphNeuronLook.swift /Users/runner/work/red-pen-ios/red-pen-ios/ios/RedPen/Features/Notes/GraphNeuronMembrane.swift /Users/runner/work/red-pen-ios/red-pen-ios/ios/RedPen/Features/Notes/GraphNeuronShaders.swift /Users/runner/work/red-pen-ios/red-pen-ios/ios/RedPen/Features/Notes/GraphNeuronStates.swift /Users/runner/work/red-pen-ios/red-pen-ios/ios/RedPen/Features/Notes/GraphNeurons.swift /Users/runner/work/red-pen-ios/red-pen-ios/ios/RedPen/Features/Notes/GraphNodeFactory.swift /Users/runner/work/red-pen-ios/red-pen-ios/ios/RedPen/Features/Notes/GraphNodeShaders.swift /Users/runner/work/red-pen-ios/red-pen-ios/ios/RedPen/Features/Notes/GraphNodeStyles.swift /Users/runner/work/red-pen-ios/red-pen-ios/ios/RedPen/Features/Notes/GraphPerfAdapter.swift /Users/runner/work/red-pen-ios/red-pen-ios/ios/RedPen/Features/Notes/GraphPerfCamera.swift (in target 'RedPen' from project 'RedPen')
SwiftCompile normal arm64 /Users/runner/work/red-pen-ios/red-pen-ios/ios/RedPen/Features/Notes/GraphDeath.swift (in target 'RedPen' from project 'RedPen')
    cd /Users/runner/work/red-pen-ios/red-pen-ios/ios
    

SwiftCompile normal arm64 /Users/runner/work/red-pen-ios/red-pen-ios/ios/RedPen/Features/Notes/GraphDeathScene.swift (in target 'RedPen' from project 'RedPen')
    cd /Users/runner/work/red-pen-ios/red-pen-ios/ios
    
/Users/runner/work/red-pen-ios/red-pen-ios/ios/RedPen/Features/Notes/GraphDeathScene.swift:250:13: warning: capture of 'holder' with non-Sendable type 'SCNNode' in a '@Sendable' closure
            holder.simdScale = SIMD3<Float>(max(s.x * size, 0.0005), max(s.y * size, 0.0005), max(s.y * size, 0.0005))
            ^
/Applications/Xcode_26.6.app/Contents/Developer/Platforms/iPhoneSimulator.platform/Developer/SDKs/iPhoneSimulator26.5.sdk/System/Library/Frameworks/SceneKit.framework/Headers/SCNNode.h:66:12: note: class 'SCNNode' does not conform to the 'Sendable' protocol
@interface SCNNode : NSObject <NSCopying, NSSecureCoding, SCNAnimatable, SCNActionable, SCNBoundingVolume>
           ^
/Users/runner/work/red-pen-ios/red-pen-ios/ios/RedPen/Features/Notes/GraphDeathScene.swift:1:1: warning: add '@preconcurrency' to suppress 'Sendable'-related warnings from module 'SceneKit'
import SceneKit
^
@preconcurrency 
/Users/runner/work/red-pen-ios/red-pen-ios/ios/RedPen/Features/Notes/GraphDeathScene.swift:257:17: warning: capture of 'body' with non-Sendable type 'SCNNode' in a '@Sendable' closure
                body.simdOrientation = turn.inverse * simd_quatf(angle: Float(angle), axis: SIMD3<Float>(0, 1, 0))
                ^
/Applications/Xcode_26.6.app/Contents/Developer/Platforms/iPhoneSimulator.platform/Developer/SDKs/iPhoneSimulator26.5.sdk/System/Library/Frameworks/SceneKit.framework/Headers/SCNNode.h:66:12: note: class 'SCNNode' does not conform to the 'Sendable' protocol
@interface SCNNode : NSObject <NSCopying, NSSecureCoding, SCNAnimatable, SCNActionable, SCNBoundingVolume>
           ^

SwiftCompile normal arm64 /Users/runner/work/red-pen-ios/red-pen-ios/ios/RedPen/Features/Notes/GraphFrameSync.swift (in target 'RedPen' from project 'RedPen')
    cd /Users/runner/work/red-pen-ios/red-pen-ios/ios
    

SwiftCompile normal arm64 /Users/runner/work/red-pen-ios/red-pen-ios/ios/RedPen/Features/Notes/GraphFraming.swift (in target 'RedPen' from project 'RedPen')
    cd /Users/runner/work/red-pen-ios/red-pen-ios/ios
    

SwiftCompile normal arm64 /Users/runner/work/red-pen-ios/red-pen-ios/ios/RedPen/Features/Notes/GraphHangReporter.swift (in target 'RedPen' from project 'RedPen')
    cd /Users/runner/work/red-pen-ios/red-pen-ios/ios
    

SwiftCompile normal arm64 /Users/runner/work/red-pen-ios/red-pen-ios/ios/RedPen/Features/Notes/GraphLabelContrast.swift (in target 'RedPen' from project 'RedPen')
    cd /Users/runner/work/red-pen-ios/red-pen-ios/ios
    

SwiftCompile normal arm64 /Users/runner/work/red-pen-ios/red-pen-ios/ios/RedPen/Features/Notes/GraphLegend.swift (in target 'RedPen' from project 'RedPen')
    cd /Users/runner/work/red-pen-ios/red-pen-ios/ios
    

SwiftCompile normal arm64 /Users/runner/work/red-pen-ios/red-pen-ios/ios/RedPen/Features/Notes/GraphLens.swift (in target 'RedPen' from project 'RedPen')
    cd /Users/runner/work/red-pen-ios/red-pen-ios/ios
    

SwiftCompile normal arm64 /Users/runner/work/red-pen-ios/red-pen-ios/ios/RedPen/Features/Notes/GraphLineStyle.swift (in target 'RedPen' from project 'RedPen')
    cd /Users/runner/work/red-pen-ios/red-pen-ios/ios
    

SwiftCompile normal arm64 /Users/runner/work/red-pen-ios/red-pen-ios/ios/RedPen/Features/Notes/GraphLinkBridge.swift (in target 'RedPen' from project 'RedPen')
    cd /Users/runner/work/red-pen-ios/red-pen-ios/ios
    

SwiftCompile normal arm64 /Users/runner/work/red-pen-ios/red-pen-ios/ios/RedPen/Features/Notes/GraphLinkCurve.swift (in target 'RedPen' from project 'RedPen')
    cd /Users/runner/work/red-pen-ios/red-pen-ios/ios
    

SwiftCompile normal arm64 /Users/runner/work/red-pen-ios/red-pen-ios/ios/RedPen/Features/Notes/GraphLook.swift (in target 'RedPen' from project 'RedPen')
    cd /Users/runner/work/red-pen-ios/red-pen-ios/ios
    

SwiftCompile normal arm64 /Users/runner/work/red-pen-ios/red-pen-ios/ios/RedPen/Features/Notes/GraphMapPanels.swift (in target 'RedPen' from project 'RedPen')
    cd /Users/runner/work/red-pen-ios/red-pen-ios/ios
    

SwiftCompile normal arm64 /Users/runner/work/red-pen-ios/red-pen-ios/ios/RedPen/Features/Notes/GraphMotion.swift (in target 'RedPen' from project 'RedPen')
    cd /Users/runner/work/red-pen-ios/red-pen-ios/ios
    

SwiftCompile normal arm64 /Users/runner/work/red-pen-ios/red-pen-ios/ios/RedPen/Features/Notes/GraphNeuronImpulses.swift (in target 'RedPen' from project 'RedPen')
    cd /Users/runner/work/red-pen-ios/red-pen-ios/ios
    

SwiftCompile normal arm64 /Users/runner/work/red-pen-ios/red-pen-ios/ios/RedPen/Features/Notes/GraphNeuronLook.swift (in target 'RedPen' from project 'RedPen')
    cd /Users/runner/work/red-pen-ios/red-pen-ios/ios
    

SwiftCompile normal arm64 /Users/runner/work/red-pen-ios/red-pen-ios/ios/RedPen/Features/Notes/GraphNeuronMembrane.swift (in target 'RedPen' from project 'RedPen')
    cd /Users/runner/work/red-pen-ios/red-pen-ios/ios
    

SwiftCompile normal arm64 /Users/runner/work/red-pen-ios/red-pen-ios/ios/RedPen/Features/Notes/GraphNeuronShaders.swift (in target 'RedPen' from project 'RedPen')
    cd /Users/runner/work/red-pen-ios/red-pen-ios/ios
    

SwiftCompile normal arm64 /Users/runner/work/red-pen-ios/red-pen-ios/ios/RedPen/Features/Notes/GraphNeuronStates.swift (in target 'RedPen' from project 'RedPen')
    cd /Users/runner/work/red-pen-ios/red-pen-ios/ios
    

SwiftCompile normal arm64 /Users/runner/work/red-pen-ios/red-pen-ios/ios/RedPen/Features/Notes/GraphNeurons.swift (in target 'RedPen' from project 'RedPen')
    cd /Users/runner/work/red-pen-ios/red-pen-ios/ios
    

SwiftCompile normal arm64 /Users/runner/work/red-pen-ios/red-pen-ios/ios/RedPen/Features/Notes/GraphNodeFactory.swift (in target 'RedPen' from project 'RedPen')
    cd /Users/runner/work/red-pen-ios/red-pen-ios/ios
    

SwiftCompile normal arm64 /Users/runner/work/red-pen-ios/red-pen-ios/ios/RedPen/Features/Notes/GraphNodeShaders.swift (in target 'RedPen' from project 'RedPen')
    cd /Users/runner/work/red-pen-ios/red-pen-ios/ios
    

SwiftCompile normal arm64 /Users/runner/work/red-pen-ios/red-pen-ios/ios/RedPen/Features/Notes/GraphNodeStyles.swift (in target 'RedPen' from project 'RedPen')
    cd /Users/runner/work/red-pen-ios/red-pen-ios/ios
    

SwiftCompile normal arm64 /Users/runner/work/red-pen-ios/red-pen-ios/ios/RedPen/Features/Notes/GraphPerfAdapter.swift (in target 'RedPen' from project 'RedPen')
    cd /Users/runner/work/red-pen-ios/red-pen-ios/ios
    

SwiftCompile normal arm64 /Users/runner/work/red-pen-ios/red-pen-ios/ios/RedPen/Features/Notes/GraphPerfCamera.swift (in target 'RedPen' from project 'RedPen')
    cd /Users/runner/work/red-pen-ios/red-pen-ios/ios
    

SwiftDriverJobDiscovery normal arm64 Compiling NewSetDock.swift, NewSetView.swift, NoteEditorView.swift, NoteExamples.swift, NoteMarkdown.swift, NoteStore.swift, NotesShared.swift, NowPlaying.swift, OcclusionCoverEditor.swift, OcclusionExample.swift, OcclusionFilter.swift, OcclusionPhrases.swift, OfficeIngest.swift, OnDeviceLearning.swift, OptionOrder.swift, OsceChecklist.swift, OsceGenerateSection.swift, OsceGenerator.swift, OsceReviewView.swift, OsceStations.swift, OwnerClaim.swift, OwnerGate.swift, PDFExporter.swift, PDFOcclusion.swift, PatientChart.swift (in target 'RedPen' from project 'RedPen')

SwiftCompile normal arm64 Compiling\ ReasoningExamples.swift,\ ReasoningModels.swift,\ ReasoningStore.swift,\ ReasoningView.swift,\ ReasoningWriter.swift,\ RecallAttempts.swift,\ RecallExamples.swift,\ RecordingTermsView.swift,\ RecoveryFiles.swift,\ RedPenApp.swift,\ RedPenOCR.swift,\ RetentionForecast.swift,\ ReviewCardActions.swift,\ ReviewDueIntent.swift,\ ReviewOptions.swift,\ ReviewPlan.swift,\ ReviewPromptModifier.swift,\ ReviewSettingsSection.swift,\ ReviewStore.swift,\ RhythmReading.swift,\ RuleSheetView.swift,\ RuleWriter.swift,\ SampleLectures.swift,\ SaveToIdeas.swift /Users/runner/work/red-pen-ios/red-pen-ios/ios/RedPen/Shared/Reasoning/ReasoningExamples.swift /Users/runner/work/red-pen-ios/red-pen-ios/ios/RedPen/Shared/Reasoning/ReasoningModels.swift /Users/runner/work/red-pen-ios/red-pen-ios/ios/RedPen/Shared/Reasoning/ReasoningStore.swift /Users/runner/work/red-pen-ios/red-pen-ios/ios/RedPen/Features/Reasoning/ReasoningView.swift /Users/runner/work/red-pen-ios/red-pen-ios/ios/RedPen/Shared/Reasoning/ReasoningWriter.swift /Users/runner/work/red-pen-ios/red-pen-ios/ios/RedPen/Features/Recall/RecallAttempts.swift /Users/runner/work/red-pen-ios/red-pen-ios/ios/RedPen/Features/Recall/RecallExamples.swift /Users/runner/work/red-pen-ios/red-pen-ios/ios/RedPen/Features/Account/RecordingTermsView.swift /Users/runner/work/red-pen-ios/red-pen-ios/ios/RedPen/Shared/RecoveryFiles.swift /Users/runner/work/red-pen-ios/red-pen-ios/ios/RedPen/RedPenApp.swift /Users/runner/work/red-pen-ios/red-pen-ios/ios/RedPen/Shared/RedPenOCR.swift /Users/runner/work/red-pen-ios/red-pen-ios/ios/RedPen/Shared/Learn/RetentionForecast.swift /Users/runner/work/red-pen-ios/red-pen-ios/ios/RedPen/Features/Anki/ReviewCardActions.swift /Users/runner/work/red-pen-ios/red-pen-ios/ios/RedPen/Shared/Platform/ReviewDueIntent.swift /Users/runner/work/red-pen-ios/red-pen-ios/ios/RedPen/Shared/ReviewOptions.swift /Users/runner/work/red-pen-ios/red-pen-ios/ios/RedPen/Shared/ReviewPlan.swift /Users/runner/work/red-pen-ios/red-pen-ios/ios/RedPen/Features/Support/ReviewPromptModifier.swift /Users/runner/work/red-pen-ios/red-pen-ios/ios/RedPen/Features/Support/ReviewSettingsSection.swift /Users/runner/work/red-pen-ios/red-pen-ios/ios/RedPen/Persistence/ReviewStore.swift /Users/runner/work/red-pen-ios/red-pen-ios/ios/RedPen/Shared/Learn/RhythmReading.swift /Users/runner/work/red-pen-ios/red-pen-ios/ios/RedPen/Features/Insight/RuleSheetView.swift /Users/runner/work/red-pen-ios/red-pen-ios/ios/RedPen/Shared/Insight/RuleWriter.swift /Users/runner/work/red-pen-ios/red-pen-ios/ios/RedPen/Shared/SampleLectures.swift /Users/runner/work/red-pen-ios/red-pen-ios/ios/RedPen/Shared/Ideas/SaveToIdeas.swift (in target 'RedPen' from project 'RedPen')

SwiftCompile normal arm64 /Users/runner/work/red-pen-ios/red-pen-ios/ios/RedPen/Shared/Reasoning/ReasoningExamples.swift (in target 'RedPen' from project 'RedPen')
    cd /Users/runner/work/red-pen-ios/red-pen-ios/ios
    

SwiftCompile normal arm64 /Users/runner/work/red-pen-ios/red-pen-ios/ios/RedPen/Shared/Reasoning/ReasoningModels.swift (in target 'RedPen' from project 'RedPen')
    cd /Users/runner/work/red-pen-ios/red-pen-ios/ios
    

SwiftCompile normal arm64 /Users/runner/work/red-pen-ios/red-pen-ios/ios/RedPen/Shared/Reasoning/ReasoningStore.swift (in target 'RedPen' from project 'RedPen')
    cd /Users/runner/work/red-pen-ios/red-pen-ios/ios
    

SwiftCompile normal arm64 /Users/runner/work/red-pen-ios/red-pen-ios/ios/RedPen/Features/Reasoning/ReasoningView.swift (in target 'RedPen' from project 'RedPen')
    cd /Users/runner/work/red-pen-ios/red-pen-ios/ios
    

SwiftCompile normal arm64 /Users/runner/work/red-pen-ios/red-pen-ios/ios/RedPen/Shared/Reasoning/ReasoningWriter.swift (in target 'RedPen' from project 'RedPen')
    cd /Users/runner/work/red-pen-ios/red-pen-ios/ios
    

SwiftCompile normal arm64 /Users/runner/work/red-pen-ios/red-pen-ios/ios/RedPen/Features/Recall/RecallAttempts.swift (in target 'RedPen' from project 'RedPen')
    cd /Users/runner/work/red-pen-ios/red-pen-ios/ios
    

SwiftCompile normal arm64 /Users/runner/work/red-pen-ios/red-pen-ios/ios/RedPen/Features/Recall/RecallExamples.swift (in target 'RedPen' from project 'RedPen')
    cd /Users/runner/work/red-pen-ios/red-pen-ios/ios
    

SwiftCompile normal arm64 /Users/runner/work/red-pen-ios/red-pen-ios/ios/RedPen/Features/Account/RecordingTermsView.swift (in target 'RedPen' from project 'RedPen')
    cd /Users/runner/work/red-pen-ios/red-pen-ios/ios
    

SwiftCompile normal arm64 /Users/runner/work/red-pen-ios/red-pen-ios/ios/RedPen/Shared/RecoveryFiles.swift (in target 'RedPen' from project 'RedPen')
    cd /Users/runner/work/red-pen-ios/red-pen-ios/ios
    

SwiftCompile normal arm64 /Users/runner/work/red-pen-ios/red-pen-ios/ios/RedPen/RedPenApp.swift (in target 'RedPen' from project 'RedPen')
    cd /Users/runner/work/red-pen-ios/red-pen-ios/ios
    

SwiftCompile normal arm64 /Users/runner/work/red-pen-ios/red-pen-ios/ios/RedPen/Shared/RedPenOCR.swift (in target 'RedPen' from project 'RedPen')
    cd /Users/runner/work/red-pen-ios/red-pen-ios/ios
    

SwiftCompile normal arm64 /Users/runner/work/red-pen-ios/red-pen-ios/ios/RedPen/Shared/Learn/RetentionForecast.swift (in target 'RedPen' from project 'RedPen')
    cd /Users/runner/work/red-pen-ios/red-pen-ios/ios
    

SwiftCompile normal arm64 /Users/runner/work/red-pen-ios/red-pen-ios/ios/RedPen/Features/Anki/ReviewCardActions.swift (in target 'RedPen' from project 'RedPen')
    cd /Users/runner/work/red-pen-ios/red-pen-ios/ios
    

SwiftCompile normal arm64 /Users/runner/work/red-pen-ios/red-pen-ios/ios/RedPen/Shared/Platform/ReviewDueIntent.swift (in target 'RedPen' from project 'RedPen')
    cd /Users/runner/work/red-pen-ios/red-pen-ios/ios
    

SwiftCompile normal arm64 /Users/runner/work/red-pen-ios/red-pen-ios/ios/RedPen/Shared/ReviewOptions.swift (in target 'RedPen' from project 'RedPen')
    cd /Users/runner/work/red-pen-ios/red-pen-ios/ios
    

SwiftCompile normal arm64 /Users/runner/work/red-pen-ios/red-pen-ios/ios/RedPen/Shared/ReviewPlan.swift (in target 'RedPen' from project 'RedPen')
    cd /Users/runner/work/red-pen-ios/red-pen-ios/ios
    

SwiftCompile normal arm64 /Users/runner/work/red-pen-ios/red-pen-ios/ios/RedPen/Features/Support/ReviewPromptModifier.swift (in target 'RedPen' from project 'RedPen')
    cd /Users/runner/work/red-pen-ios/red-pen-ios/ios
    

SwiftCompile normal arm64 /Users/runner/work/red-pen-ios/red-pen-ios/ios/RedPen/Features/Support/ReviewSettingsSection.swift (in target 'RedPen' from project 'RedPen')
    cd /Users/runner/work/red-pen-ios/red-pen-ios/ios
    

SwiftCompile normal arm64 /Users/runner/work/red-pen-ios/red-pen-ios/ios/RedPen/Persistence/ReviewStore.swift (in target 'RedPen' from project 'RedPen')
    cd /Users/runner/work/red-pen-ios/red-pen-ios/ios
    

SwiftCompile normal arm64 /Users/runner/work/red-pen-ios/red-pen-ios/ios/RedPen/Shared/Learn/RhythmReading.swift (in target 'RedPen' from project 'RedPen')
    cd /Users/runner/work/red-pen-ios/red-pen-ios/ios
    

SwiftCompile normal arm64 /Users/runner/work/red-pen-ios/red-pen-ios/ios/RedPen/Features/Insight/RuleSheetView.swift (in target 'RedPen' from project 'RedPen')
    cd /Users/runner/work/red-pen-ios/red-pen-ios/ios
    

SwiftCompile normal arm64 /Users/runner/work/red-pen-ios/red-pen-ios/ios/RedPen/Shared/Insight/RuleWriter.swift (in target 'RedPen' from project 'RedPen')
    cd /Users/runner/work/red-pen-ios/red-pen-ios/ios
    

SwiftCompile normal arm64 /Users/runner/work/red-pen-ios/red-pen-ios/ios/RedPen/Shared/SampleLectures.swift (in target 'RedPen' from project 'RedPen')
    cd /Users/runner/work/red-pen-ios/red-pen-ios/ios
    

SwiftCompile normal arm64 /Users/runner/work/red-pen-ios/red-pen-ios/ios/RedPen/Shared/Ideas/SaveToIdeas.swift (in target 'RedPen' from project 'RedPen')
    cd /Users/runner/work/red-pen-ios/red-pen-ios/ios
    

SwiftDriverJobDiscovery normal arm64 Compiling GraphTouchModel.swift, GraphUniverse.swift, GraphUniverseScene.swift, GraphicsQuality.swift, GuessFirstView.swift, HeadTracker.swift, HelpContactSection.swift, Highlight.swift, HostedLLMClient.swift, HowToReachCard.swift, IconLayerSpec.swift, IconLayers.swift, IdeaBoardView.swift, IdeaEdges.swift, IdeaTools.swift, IdeasBottomBar.swift, IdeasView.swift, ImageSpoiler.swift, ImportPreviewSheet.swift, ImportRouter.swift, IncomingImport.swift, InsightExamples.swift, InsightModels.swift, InsightViews.swift, KeyboardShortcuts.swift (in target 'RedPen' from project 'RedPen')

SwiftCompile normal arm64 Compiling\ PaywallView.swift,\ PersonalBuild.swift,\ PhotoOcclusion.swift,\ PhotoOcclusionReader.swift,\ PhotonRing.swift,\ PictureCache.swift,\ PictureFromPhotoView.swift,\ PlainTextImport.swift,\ PlatformSettingsSection.swift,\ PopOut.swift,\ PopOutMotion.swift,\ PptxText.swift,\ Pretest.swift,\ PreviewAccount.swift,\ PreviewExtras.swift,\ PreviewLaunch.swift,\ PronunciationLibrary.swift,\ PronunciationStore.swift,\ Provenance.swift,\ QuestionDetector.swift,\ QuestionReportSheet.swift,\ QuizFromCards.swift,\ ReaderBar.swift,\ Readiness.swift /Users/runner/work/red-pen-ios/red-pen-ios/ios/RedPen/Features/Paywall/PaywallView.swift /Users/runner/work/red-pen-ios/red-pen-ios/ios/RedPen/Shared/PersonalBuild.swift /Users/runner/work/red-pen-ios/red-pen-ios/ios/RedPen/Shared/PhotoOcclusion.swift /Users/runner/work/red-pen-ios/red-pen-ios/ios/RedPen/Shared/PhotoOcclusionReader.swift /Users/runner/work/red-pen-ios/red-pen-ios/ios/RedPen/Shared/Space/PhotonRing.swift /Users/runner/work/red-pen-ios/red-pen-ios/ios/RedPen/Shared/PictureCache.swift /Users/runner/work/red-pen-ios/red-pen-ios/ios/RedPen/Features/Library/PictureFromPhotoView.swift /Users/runner/work/red-pen-ios/red-pen-ios/ios/RedPen/Shared/PlainTextImport.swift /Users/runner/work/red-pen-ios/red-pen-ios/ios/RedPen/Features/Support/PlatformSettingsSection.swift /Users/runner/work/red-pen-ios/red-pen-ios/ios/RedPen/Shared/PopOut.swift /Users/runner/work/red-pen-ios/red-pen-ios/ios/RedPen/Shared/PopOutMotion.swift /Users/runner/work/red-pen-ios/red-pen-ios/ios/RedPen/Shared/PptxText.swift /Users/runner/work/red-pen-ios/red-pen-ios/ios/RedPen/Shared/Learn/Pretest.swift /Users/runner/work/red-pen-ios/red-pen-ios/ios/RedPen/Shared/PreviewAccount.swift /Users/runner/work/red-pen-ios/red-pen-ios/ios/RedPen/Shared/PreviewExtras.swift /Users/runner/work/red-pen-ios/red-pen-ios/ios/RedPen/Shared/PreviewLaunch.swift /Users/runner/work/red-pen-ios/red-pen-ios/ios/RedPen/Shared/PronunciationLibrary.swift /Users/runner/work/red-pen-ios/red-pen-ios/ios/RedPen/Shared/PronunciationStore.swift /Users/runner/work/red-pen-ios/red-pen-ios/ios/RedPen/Shared/Provenance.swift /Users/runner/work/red-pen-ios/red-pen-ios/ios/RedPen/Shared/Lens/QuestionDetector.swift /Users/runner/work/red-pen-ios/red-pen-ios/ios/RedPen/Features/Support/QuestionReportSheet.swift /Users/runner/work/red-pen-ios/red-pen-ios/ios/RedPen/Shared/QuizFromCards.swift /Users/runner/work/red-pen-ios/red-pen-ios/ios/RedPen/Features/Sources/ReaderBar.swift /Users/runner/work/red-pen-ios/red-pen-ios/ios/RedPen/Shared/Insight/Readiness.swift (in target 'RedPen' from project 'RedPen')
SwiftCompile normal arm64 /Users/runner/work/red-pen-ios/red-pen-ios/ios/RedPen/Features/Paywall/PaywallView.swift (in target 'RedPen' from project 'RedPen')
    cd /Users/runner/work/red-pen-ios/red-pen-ios/ios
    

SwiftCompile normal arm64 /Users/runner/work/red-pen-ios/red-pen-ios/ios/RedPen/Shared/PersonalBuild.swift (in target 'RedPen' from project 'RedPen')
    cd /Users/runner/work/red-pen-ios/red-pen-ios/ios
    

SwiftCompile normal arm64 /Users/runner/work/red-pen-ios/red-pen-ios/ios/RedPen/Shared/PhotoOcclusion.swift (in target 'RedPen' from project 'RedPen')
    cd /Users/runner/work/red-pen-ios/red-pen-ios/ios
    

SwiftCompile normal arm64 /Users/runner/work/red-pen-ios/red-pen-ios/ios/RedPen/Shared/PhotoOcclusionReader.swift (in target 'RedPen' from project 'RedPen')
    cd /Users/runner/work/red-pen-ios/red-pen-ios/ios
    

SwiftCompile normal arm64 /Users/runner/work/red-pen-ios/red-pen-ios/ios/RedPen/Shared/Space/PhotonRing.swift (in target 'RedPen' from project 'RedPen')
    cd /Users/runner/work/red-pen-ios/red-pen-ios/ios
    

SwiftCompile normal arm64 /Users/runner/work/red-pen-ios/red-pen-ios/ios/RedPen/Shared/PictureCache.swift (in target 'RedPen' from project 'RedPen')
    cd /Users/runner/work/red-pen-ios/red-pen-ios/ios
    

SwiftCompile normal arm64 /Users/runner/work/red-pen-ios/red-pen-ios/ios/RedPen/Features/Library/PictureFromPhotoView.swift (in target 'RedPen' from project 'RedPen')
    cd /Users/runner/work/red-pen-ios/red-pen-ios/ios
    

SwiftCompile normal arm64 /Users/runner/work/red-pen-ios/red-pen-ios/ios/RedPen/Shared/PlainTextImport.swift (in target 'RedPen' from project 'RedPen')
    cd /Users/runner/work/red-pen-ios/red-pen-ios/ios
    

SwiftCompile normal arm64 /Users/runner/work/red-pen-ios/red-pen-ios/ios/RedPen/Features/Support/PlatformSettingsSection.swift (in target 'RedPen' from project 'RedPen')
    cd /Users/runner/work/red-pen-ios/red-pen-ios/ios
    

SwiftCompile normal arm64 /Users/runner/work/red-pen-ios/red-pen-ios/ios/RedPen/Shared/PopOut.swift (in target 'RedPen' from project 'RedPen')
    cd /Users/runner/work/red-pen-ios/red-pen-ios/ios
    

SwiftCompile normal arm64 /Users/runner/work/red-pen-ios/red-pen-ios/ios/RedPen/Shared/PopOutMotion.swift (in target 'RedPen' from project 'RedPen')
    cd /Users/runner/work/red-pen-ios/red-pen-ios/ios
    

SwiftCompile normal arm64 /Users/runner/work/red-pen-ios/red-pen-ios/ios/RedPen/Shared/PptxText.swift (in target 'RedPen' from project 'RedPen')
    cd /Users/runner/work/red-pen-ios/red-pen-ios/ios
    

SwiftCompile normal arm64 /Users/runner/work/red-pen-ios/red-pen-ios/ios/RedPen/Shared/Learn/Pretest.swift (in target 'RedPen' from project 'RedPen')
    cd /Users/runner/work/red-pen-ios/red-pen-ios/ios
    

SwiftCompile normal arm64 /Users/runner/work/red-pen-ios/red-pen-ios/ios/RedPen/Shared/PreviewAccount.swift (in target 'RedPen' from project 'RedPen')
    cd /Users/runner/work/red-pen-ios/red-pen-ios/ios
    

SwiftCompile normal arm64 /Users/runner/work/red-pen-ios/red-pen-ios/ios/RedPen/Shared/PreviewExtras.swift (in target 'RedPen' from project 'RedPen')
    cd /Users/runner/work/red-pen-ios/red-pen-ios/ios
    

SwiftCompile normal arm64 /Users/runner/work/red-pen-ios/red-pen-ios/ios/RedPen/Shared/PreviewLaunch.swift (in target 'RedPen' from project 'RedPen')
    cd /Users/runner/work/red-pen-ios/red-pen-ios/ios
    
/Users/runner/work/red-pen-ios/red-pen-ios/ios/RedPen/Shared/PreviewLaunch.swift:66:22: warning: 'interfaceOrientation' was deprecated in iOS 26.0: Use effectiveGeometry.interfaceOrientation instead.
            if scene.interfaceOrientation.isLandscape {
                     ^
/Users/runner/work/red-pen-ios/red-pen-ios/ios/RedPen/Shared/PreviewLaunch.swift:74:22: warning: 'interfaceOrientation' was deprecated in iOS 26.0: Use effectiveGeometry.interfaceOrientation instead.
            if scene.interfaceOrientation.isLandscape {
                     ^

SwiftCompile normal arm64 /Users/runner/work/red-pen-ios/red-pen-ios/ios/RedPen/Shared/PronunciationLibrary.swift (in target 'RedPen' from project 'RedPen')
    cd /Users/runner/work/red-pen-ios/red-pen-ios/ios
    

SwiftCompile normal arm64 /Users/runner/work/red-pen-ios/red-pen-ios/ios/RedPen/Shared/PronunciationStore.swift (in target 'RedPen' from project 'RedPen')
    cd /Users/runner/work/red-pen-ios/red-pen-ios/ios
    

SwiftCompile normal arm64 /Users/runner/work/red-pen-ios/red-pen-ios/ios/RedPen/Shared/Provenance.swift (in target 'RedPen' from project 'RedPen')
    cd /Users/runner/work/red-pen-ios/red-pen-ios/ios
    

SwiftCompile normal arm64 /Users/runner/work/red-pen-ios/red-pen-ios/ios/RedPen/Shared/Lens/QuestionDetector.swift (in target 'RedPen' from project 'RedPen')
    cd /Users/runner/work/red-pen-ios/red-pen-ios/ios
    

SwiftCompile normal arm64 /Users/runner/work/red-pen-ios/red-pen-ios/ios/RedPen/Features/Support/QuestionReportSheet.swift (in target 'RedPen' from project 'RedPen')
    cd /Users/runner/work/red-pen-ios/red-pen-ios/ios
    

SwiftCompile normal arm64 /Users/runner/work/red-pen-ios/red-pen-ios/ios/RedPen/Shared/QuizFromCards.swift (in target 'RedPen' from project 'RedPen')
    cd /Users/runner/work/red-pen-ios/red-pen-ios/ios
    

SwiftCompile normal arm64 /Users/runner/work/red-pen-ios/red-pen-ios/ios/RedPen/Features/Sources/ReaderBar.swift (in target 'RedPen' from project 'RedPen')
    cd /Users/runner/work/red-pen-ios/red-pen-ios/ios
    

SwiftCompile normal arm64 /Users/runner/work/red-pen-ios/red-pen-ios/ios/RedPen/Shared/Insight/Readiness.swift (in target 'RedPen' from project 'RedPen')
    cd /Users/runner/work/red-pen-ios/red-pen-ios/ios
    

SwiftDriverJobDiscovery normal arm64 Compiling SpokenAnswer.swift, SpokenStationSession.swift, SpokenStationView.swift, StarLayers.swift, StatsView.swift, StemKeyWords.swift, Store.swift, StoreFiles.swift, StoreInsight.swift, StoreStudy.swift, StoreSync.swift, StudyCategory.swift, StudyFocusFilter.swift, StudyLensView.swift, StudyLog.swift, StudyReminderSettings.swift, StudyRhythm.swift, StudySession.swift, StudySet.swift, StudyStreak.swift, StudyTips.swift, SubscriptionStore.swift, SupportCenter.swift, SupportOutbox.swift (in target 'RedPen' from project 'RedPen')

SwiftCompile normal arm64 Compiling\ CloudJobCollector.swift,\ CloudJobRules.swift,\ CloudJobs.swift,\ CloudTranscriber.swift,\ CloudTranscript.swift,\ CloudVoice.swift,\ CommuteModeView.swift,\ CommuteSession.swift,\ ContentCredits.swift,\ Corrections.swift,\ CountField.swift,\ CoverageChecker.swift,\ CoverageCloudCheck.swift,\ CoverageEngine.swift,\ CoverageExamples.swift,\ CoverageView.swift,\ CustomSession.swift,\ CustomSessionSheet.swift,\ DailyGoal.swift,\ DeckCard.swift,\ DeckExportIntents.swift,\ DeckPDF.swift,\ DeckPDFBlocks.swift,\ DeckPDFPages.swift,\ DeckPalette.swift /Users/runner/work/red-pen-ios/red-pen-ios/ios/RedPen/Shared/CloudJobCollector.swift /Users/runner/work/red-pen-ios/red-pen-ios/ios/RedPen/Shared/CloudJobRules.swift /Users/runner/work/red-pen-ios/red-pen-ios/ios/RedPen/Shared/LLM/CloudJobs.swift /Users/runner/work/red-pen-ios/red-pen-ios/ios/RedPen/Shared/CloudTranscriber.swift /Users/runner/work/red-pen-ios/red-pen-ios/ios/RedPen/Shared/CloudTranscript.swift /Users/runner/work/red-pen-ios/red-pen-ios/ios/RedPen/Shared/Voice/CloudVoice.swift /Users/runner/work/red-pen-ios/red-pen-ios/ios/RedPen/Features/Voice/CommuteModeView.swift /Users/runner/work/red-pen-ios/red-pen-ios/ios/RedPen/Features/Voice/CommuteSession.swift /Users/runner/work/red-pen-ios/red-pen-ios/ios/RedPen/Shared/ContentCredits.swift /Users/runner/work/red-pen-ios/red-pen-ios/ios/RedPen/Shared/Corrections.swift /Users/runner/work/red-pen-ios/red-pen-ios/ios/RedPen/Shared/CountField.swift /Users/runner/work/red-pen-ios/red-pen-ios/ios/RedPen/Features/Coverage/CoverageChecker.swift /Users/runner/work/red-pen-ios/red-pen-ios/ios/RedPen/Shared/Coverage/CoverageCloudCheck.swift /Users/runner/work/red-pen-ios/red-pen-ios/ios/RedPen/Shared/Coverage/CoverageEngine.swift /Users/runner/work/red-pen-ios/red-pen-ios/ios/RedPen/Shared/Coverage/CoverageExamples.swift /Users/runner/work/red-pen-ios/red-pen-ios/ios/RedPen/Features/Coverage/CoverageView.swift /Users/runner/work/red-pen-ios/red-pen-ios/ios/RedPen/Shared/CustomSession.swift /Users/runner/work/red-pen-ios/red-pen-ios/ios/RedPen/Features/Library/CustomSessionSheet.swift /Users/runner/work/red-pen-ios/red-pen-ios/ios/RedPen/Shared/DailyGoal.swift /Users/runner/work/red-pen-ios/red-pen-ios/ios/RedPen/Shared/DeckCard.swift /Users/runner/work/red-pen-ios/red-pen-ios/ios/RedPen/Features/Library/DeckExportIntents.swift /Users/runner/work/red-pen-ios/red-pen-ios/ios/RedPen/Shared/DeckPDF.swift /Users/runner/work/red-pen-ios/red-pen-ios/ios/RedPen/Shared/DeckPDFBlocks.swift /Users/runner/work/red-pen-ios/red-pen-ios/ios/RedPen/Shared/DeckPDFPages.swift /Users/runner/work/red-pen-ios/red-pen-ios/ios/RedPen/Shared/DeckPalette.swift (in target 'RedPen' from project 'RedPen')
SwiftCompile normal arm64 /Users/runner/work/red-pen-ios/red-pen-ios/ios/RedPen/Shared/CloudJobCollector.swift (in target 'RedPen' from project 'RedPen')
    cd /Users/runner/work/red-pen-ios/red-pen-ios/ios
    

SwiftCompile normal arm64 /Users/runner/work/red-pen-ios/red-pen-ios/ios/RedPen/Shared/CloudJobRules.swift (in target 'RedPen' from project 'RedPen')
    cd /Users/runner/work/red-pen-ios/red-pen-ios/ios
    

SwiftCompile normal arm64 /Users/runner/work/red-pen-ios/red-pen-ios/ios/RedPen/Shared/LLM/CloudJobs.swift (in target 'RedPen' from project 'RedPen')
    cd /Users/runner/work/red-pen-ios/red-pen-ios/ios
    

SwiftCompile normal arm64 /Users/runner/work/red-pen-ios/red-pen-ios/ios/RedPen/Shared/CloudTranscriber.swift (in target 'RedPen' from project 'RedPen')
    cd /Users/runner/work/red-pen-ios/red-pen-ios/ios
    

SwiftCompile normal arm64 /Users/runner/work/red-pen-ios/red-pen-ios/ios/RedPen/Shared/CloudTranscript.swift (in target 'RedPen' from project 'RedPen')
    cd /Users/runner/work/red-pen-ios/red-pen-ios/ios
    

SwiftCompile normal arm64 /Users/runner/work/red-pen-ios/red-pen-ios/ios/RedPen/Shared/Voice/CloudVoice.swift (in target 'RedPen' from project 'RedPen')
    cd /Users/runner/work/red-pen-ios/red-pen-ios/ios
    

SwiftCompile normal arm64 /Users/runner/work/red-pen-ios/red-pen-ios/ios/RedPen/Features/Voice/CommuteModeView.swift (in target 'RedPen' from project 'RedPen')
    cd /Users/runner/work/red-pen-ios/red-pen-ios/ios
    

SwiftCompile normal arm64 /Users/runner/work/red-pen-ios/red-pen-ios/ios/RedPen/Features/Voice/CommuteSession.swift (in target 'RedPen' from project 'RedPen')
    cd /Users/runner/work/red-pen-ios/red-pen-ios/ios
    

SwiftCompile normal arm64 /Users/runner/work/red-pen-ios/red-pen-ios/ios/RedPen/Shared/ContentCredits.swift (in target 'RedPen' from project 'RedPen')
    cd /Users/runner/work/red-pen-ios/red-pen-ios/ios
    

SwiftCompile normal arm64 /Users/runner/work/red-pen-ios/red-pen-ios/ios/RedPen/Shared/Corrections.swift (in target 'RedPen' from project 'RedPen')
    cd /Users/runner/work/red-pen-ios/red-pen-ios/ios
    

SwiftCompile normal arm64 /Users/runner/work/red-pen-ios/red-pen-ios/ios/RedPen/Shared/CountField.swift (in target 'RedPen' from project 'RedPen')
    cd /Users/runner/work/red-pen-ios/red-pen-ios/ios
    

SwiftCompile normal arm64 /Users/runner/work/red-pen-ios/red-pen-ios/ios/RedPen/Features/Coverage/CoverageChecker.swift (in target 'RedPen' from project 'RedPen')
    cd /Users/runner/work/red-pen-ios/red-pen-ios/ios
    

SwiftCompile normal arm64 /Users/runner/work/red-pen-ios/red-pen-ios/ios/RedPen/Shared/Coverage/CoverageCloudCheck.swift (in target 'RedPen' from project 'RedPen')
    cd /Users/runner/work/red-pen-ios/red-pen-ios/ios
    

SwiftCompile normal arm64 /Users/runner/work/red-pen-ios/red-pen-ios/ios/RedPen/Shared/Coverage/CoverageEngine.swift (in target 'RedPen' from project 'RedPen')
    cd /Users/runner/work/red-pen-ios/red-pen-ios/ios
    

SwiftCompile normal arm64 /Users/runner/work/red-pen-ios/red-pen-ios/ios/RedPen/Shared/Coverage/CoverageExamples.swift (in target 'RedPen' from project 'RedPen')
    cd /Users/runner/work/red-pen-ios/red-pen-ios/ios
    

SwiftCompile normal arm64 /Users/runner/work/red-pen-ios/red-pen-ios/ios/RedPen/Features/Coverage/CoverageView.swift (in target 'RedPen' from project 'RedPen')
    cd /Users/runner/work/red-pen-ios/red-pen-ios/ios
    

SwiftCompile normal arm64 /Users/runner/work/red-pen-ios/red-pen-ios/ios/RedPen/Shared/CustomSession.swift (in target 'RedPen' from project 'RedPen')
    cd /Users/runner/work/red-pen-ios/red-pen-ios/ios
    

SwiftCompile normal arm64 /Users/runner/work/red-pen-ios/red-pen-ios/ios/RedPen/Features/Library/CustomSessionSheet.swift (in target 'RedPen' from project 'RedPen')
    cd /Users/runner/work/red-pen-ios/red-pen-ios/ios
    

SwiftCompile normal arm64 /Users/runner/work/red-pen-ios/red-pen-ios/ios/RedPen/Shared/DailyGoal.swift (in target 'RedPen' from project 'RedPen')
    cd /Users/runner/work/red-pen-ios/red-pen-ios/ios
    

SwiftCompile normal arm64 /Users/runner/work/red-pen-ios/red-pen-ios/ios/RedPen/Shared/DeckCard.swift (in target 'RedPen' from project 'RedPen')
    cd /Users/runner/work/red-pen-ios/red-pen-ios/ios
    

SwiftCompile normal arm64 /Users/runner/work/red-pen-ios/red-pen-ios/ios/RedPen/Features/Library/DeckExportIntents.swift (in target 'RedPen' from project 'RedPen')
    cd /Users/runner/work/red-pen-ios/red-pen-ios/ios
    

SwiftCompile normal arm64 /Users/runner/work/red-pen-ios/red-pen-ios/ios/RedPen/Shared/DeckPDF.swift (in target 'RedPen' from project 'RedPen')
    cd /Users/runner/work/red-pen-ios/red-pen-ios/ios
    

SwiftCompile normal arm64 /Users/runner/work/red-pen-ios/red-pen-ios/ios/RedPen/Shared/DeckPDFBlocks.swift (in target 'RedPen' from project 'RedPen')
    cd /Users/runner/work/red-pen-ios/red-pen-ios/ios
    

SwiftCompile normal arm64 /Users/runner/work/red-pen-ios/red-pen-ios/ios/RedPen/Shared/DeckPDFPages.swift (in target 'RedPen' from project 'RedPen')
    cd /Users/runner/work/red-pen-ios/red-pen-ios/ios
    

SwiftCompile normal arm64 /Users/runner/work/red-pen-ios/red-pen-ios/ios/RedPen/Shared/DeckPalette.swift (in target 'RedPen' from project 'RedPen')
    cd /Users/runner/work/red-pen-ios/red-pen-ios/ios
    

SwiftDriverJobDiscovery normal arm64 Compiling ReasoningExamples.swift, ReasoningModels.swift, ReasoningStore.swift, ReasoningView.swift, ReasoningWriter.swift, RecallAttempts.swift, RecallExamples.swift, RecordingTermsView.swift, RecoveryFiles.swift, RedPenApp.swift, RedPenOCR.swift, RetentionForecast.swift, ReviewCardActions.swift, ReviewDueIntent.swift, ReviewOptions.swift, ReviewPlan.swift, ReviewPromptModifier.swift, ReviewSettingsSection.swift, ReviewStore.swift, RhythmReading.swift, RuleSheetView.swift, RuleWriter.swift, SampleLectures.swift, SaveToIdeas.swift (in target 'RedPen' from project 'RedPen')

SwiftCompile normal arm64 Compiling\ GraphPerfClusters.swift,\ GraphPerfForce.swift,\ GraphPerfGraph.swift,\ GraphPerfLOD.swift,\ GraphPerfLayout.swift,\ GraphPerfMapView.swift,\ GraphPerfPick.swift,\ GraphPerfRenderer.swift,\ GraphPerfScene.swift,\ GraphPerfShaders.swift,\ GraphPerfSynthetic.swift,\ GraphPerfTheme.swift,\ GraphPreview.swift,\ GraphProbeMemo.swift,\ GraphRibbons.swift,\ GraphShaderCatalog.swift,\ GraphShaderKit.swift,\ GraphShapeKey.swift,\ GraphSpaceOptics.swift,\ GraphSpaceShaders.swift,\ GraphStyleAnimator.swift,\ GraphSynapse.swift,\ GraphTheme.swift,\ GraphThemePlan.swift,\ GraphThemeScene.swift /Users/runner/work/red-pen-ios/red-pen-ios/ios/RedPen/Features/Notes/GraphPerfClusters.swift /Users/runner/work/red-pen-ios/red-pen-ios/ios/RedPen/Features/Notes/GraphPerfForce.swift /Users/runner/work/red-pen-ios/red-pen-ios/ios/RedPen/Features/Notes/GraphPerfGraph.swift /Users/runner/work/red-pen-ios/red-pen-ios/ios/RedPen/Features/Notes/GraphPerfLOD.swift /Users/runner/work/red-pen-ios/red-pen-ios/ios/RedPen/Features/Notes/GraphPerfLayout.swift /Users/runner/work/red-pen-ios/red-pen-ios/ios/RedPen/Features/Notes/GraphPerfMapView.swift /Users/runner/work/red-pen-ios/red-pen-ios/ios/RedPen/Features/Notes/GraphPerfPick.swift /Users/runner/work/red-pen-ios/red-pen-ios/ios/RedPen/Features/Notes/GraphPerfRenderer.swift /Users/runner/work/red-pen-ios/red-pen-ios/ios/RedPen/Features/Notes/GraphPerfScene.swift /Users/runner/work/red-pen-ios/red-pen-ios/ios/RedPen/Features/Notes/GraphPerfShaders.swift /Users/runner/work/red-pen-ios/red-pen-ios/ios/RedPen/Features/Notes/GraphPerfSynthetic.swift /Users/runner/work/red-pen-ios/red-pen-ios/ios/RedPen/Features/Notes/GraphPerfTheme.swift /Users/runner/work/red-pen-ios/red-pen-ios/ios/RedPen/Features/Notes/GraphPreview.swift /Users/runner/work/red-pen-ios/red-pen-ios/ios/RedPen/Features/Notes/GraphProbeMemo.swift /Users/runner/work/red-pen-ios/red-pen-ios/ios/RedPen/Features/Notes/GraphRibbons.swift /Users/runner/work/red-pen-ios/red-pen-ios/ios/RedPen/Features/Notes/GraphShaderCatalog.swift /Users/runner/work/red-pen-ios/red-pen-ios/ios/RedPen/Features/Notes/GraphShaderKit.swift /Users/runner/work/red-pen-ios/red-pen-ios/ios/RedPen/Features/Notes/GraphShapeKey.swift /Users/runner/work/red-pen-ios/red-pen-ios/ios/RedPen/Features/Notes/GraphSpaceOptics.swift /Users/runner/work/red-pen-ios/red-pen-ios/ios/RedPen/Features/Notes/GraphSpaceShaders.swift /Users/runner/work/red-pen-ios/red-pen-ios/ios/RedPen/Features/Notes/GraphStyleAnimator.swift /Users/runner/work/red-pen-ios/red-pen-ios/ios/RedPen/Features/Notes/GraphSynapse.swift /Users/runner/work/red-pen-ios/red-pen-ios/ios/RedPen/Features/Notes/GraphTheme.swift /Users/runner/work/red-pen-ios/red-pen-ios/ios/RedPen/Features/Notes/GraphThemePlan.swift /Users/runner/work/red-pen-ios/red-pen-ios/ios/RedPen/Features/Notes/GraphThemeScene.swift (in target 'RedPen' from project 'RedPen')
SwiftCompile normal arm64 /Users/runner/work/red-pen-ios/red-pen-ios/ios/RedPen/Features/Notes/GraphPerfClusters.swift (in target 'RedPen' from project 'RedPen')
    cd /Users/runner/work/red-pen-ios/red-pen-ios/ios
    

SwiftCompile normal arm64 /Users/runner/work/red-pen-ios/red-pen-ios/ios/RedPen/Features/Notes/GraphPerfForce.swift (in target 'RedPen' from project 'RedPen')
    cd /Users/runner/work/red-pen-ios/red-pen-ios/ios
    

SwiftCompile normal arm64 /Users/runner/work/red-pen-ios/red-pen-ios/ios/RedPen/Features/Notes/GraphPerfGraph.swift (in target 'RedPen' from project 'RedPen')
    cd /Users/runner/work/red-pen-ios/red-pen-ios/ios
    

SwiftCompile normal arm64 /Users/runner/work/red-pen-ios/red-pen-ios/ios/RedPen/Features/Notes/GraphPerfLOD.swift (in target 'RedPen' from project 'RedPen')
    cd /Users/runner/work/red-pen-ios/red-pen-ios/ios
    

SwiftCompile normal arm64 /Users/runner/work/red-pen-ios/red-pen-ios/ios/RedPen/Features/Notes/GraphPerfLayout.swift (in target 'RedPen' from project 'RedPen')
    cd /Users/runner/work/red-pen-ios/red-pen-ios/ios
    

SwiftCompile normal arm64 /Users/runner/work/red-pen-ios/red-pen-ios/ios/RedPen/Features/Notes/GraphPerfMapView.swift (in target 'RedPen' from project 'RedPen')
    cd /Users/runner/work/red-pen-ios/red-pen-ios/ios
    

SwiftCompile normal arm64 /Users/runner/work/red-pen-ios/red-pen-ios/ios/RedPen/Features/Notes/GraphPerfPick.swift (in target 'RedPen' from project 'RedPen')
    cd /Users/runner/work/red-pen-ios/red-pen-ios/ios
    

SwiftCompile normal arm64 /Users/runner/work/red-pen-ios/red-pen-ios/ios/RedPen/Features/Notes/GraphPerfRenderer.swift (in target 'RedPen' from project 'RedPen')
    cd /Users/runner/work/red-pen-ios/red-pen-ios/ios
    
/Users/runner/work/red-pen-ios/red-pen-ios/ios/RedPen/Features/Notes/GraphPerfRenderer.swift:26:13: warning: '@preconcurrency' on conformance to 'MTKViewDelegate' has no effect
final class GraphPerfRenderer: NSObject, @preconcurrency MTKViewDelegate {
            ^                            ~~~~~~~~~~~~~~~~
                                         

SwiftCompile normal arm64 /Users/runner/work/red-pen-ios/red-pen-ios/ios/RedPen/Features/Notes/GraphPerfScene.swift (in target 'RedPen' from project 'RedPen')
    cd /Users/runner/work/red-pen-ios/red-pen-ios/ios
    

SwiftCompile normal arm64 /Users/runner/work/red-pen-ios/red-pen-ios/ios/RedPen/Features/Notes/GraphPerfShaders.swift (in target 'RedPen' from project 'RedPen')
    cd /Users/runner/work/red-pen-ios/red-pen-ios/ios
    

SwiftCompile normal arm64 /Users/runner/work/red-pen-ios/red-pen-ios/ios/RedPen/Features/Notes/GraphPerfSynthetic.swift (in target 'RedPen' from project 'RedPen')
    cd /Users/runner/work/red-pen-ios/red-pen-ios/ios
    

SwiftCompile normal arm64 /Users/runner/work/red-pen-ios/red-pen-ios/ios/RedPen/Features/Notes/GraphPerfTheme.swift (in target 'RedPen' from project 'RedPen')
    cd /Users/runner/work/red-pen-ios/red-pen-ios/ios
    

SwiftCompile normal arm64 /Users/runner/work/red-pen-ios/red-pen-ios/ios/RedPen/Features/Notes/GraphPreview.swift (in target 'RedPen' from project 'RedPen')
    cd /Users/runner/work/red-pen-ios/red-pen-ios/ios
    

SwiftCompile normal arm64 /Users/runner/work/red-pen-ios/red-pen-ios/ios/RedPen/Features/Notes/GraphProbeMemo.swift (in target 'RedPen' from project 'RedPen')
    cd /Users/runner/work/red-pen-ios/red-pen-ios/ios
    

SwiftCompile normal arm64 /Users/runner/work/red-pen-ios/red-pen-ios/ios/RedPen/Features/Notes/GraphRibbons.swift (in target 'RedPen' from project 'RedPen')
    cd /Users/runner/work/red-pen-ios/red-pen-ios/ios
    

SwiftCompile normal arm64 /Users/runner/work/red-pen-ios/red-pen-ios/ios/RedPen/Features/Notes/GraphShaderCatalog.swift (in target 'RedPen' from project 'RedPen')
    cd /Users/runner/work/red-pen-ios/red-pen-ios/ios
    

SwiftCompile normal arm64 /Users/runner/work/red-pen-ios/red-pen-ios/ios/RedPen/Features/Notes/GraphShaderKit.swift (in target 'RedPen' from project 'RedPen')
    cd /Users/runner/work/red-pen-ios/red-pen-ios/ios
    

SwiftCompile normal arm64 /Users/runner/work/red-pen-ios/red-pen-ios/ios/RedPen/Features/Notes/GraphShapeKey.swift (in target 'RedPen' from project 'RedPen')
    cd /Users/runner/work/red-pen-ios/red-pen-ios/ios
    

SwiftCompile normal arm64 /Users/runner/work/red-pen-ios/red-pen-ios/ios/RedPen/Features/Notes/GraphSpaceOptics.swift (in target 'RedPen' from project 'RedPen')
    cd /Users/runner/work/red-pen-ios/red-pen-ios/ios
    

SwiftCompile normal arm64 /Users/runner/work/red-pen-ios/red-pen-ios/ios/RedPen/Features/Notes/GraphSpaceShaders.swift (in target 'RedPen' from project 'RedPen')
    cd /Users/runner/work/red-pen-ios/red-pen-ios/ios
    

SwiftCompile normal arm64 /Users/runner/work/red-pen-ios/red-pen-ios/ios/RedPen/Features/Notes/GraphStyleAnimator.swift (in target 'RedPen' from project 'RedPen')
    cd /Users/runner/work/red-pen-ios/red-pen-ios/ios
    

SwiftCompile normal arm64 /Users/runner/work/red-pen-ios/red-pen-ios/ios/RedPen/Features/Notes/GraphSynapse.swift (in target 'RedPen' from project 'RedPen')
    cd /Users/runner/work/red-pen-ios/red-pen-ios/ios
    

SwiftCompile normal arm64 /Users/runner/work/red-pen-ios/red-pen-ios/ios/RedPen/Features/Notes/GraphTheme.swift (in target 'RedPen' from project 'RedPen')
    cd /Users/runner/work/red-pen-ios/red-pen-ios/ios
    

SwiftCompile normal arm64 /Users/runner/work/red-pen-ios/red-pen-ios/ios/RedPen/Features/Notes/GraphThemePlan.swift (in target 'RedPen' from project 'RedPen')
    cd /Users/runner/work/red-pen-ios/red-pen-ios/ios
    

SwiftCompile normal arm64 /Users/runner/work/red-pen-ios/red-pen-ios/ios/RedPen/Features/Notes/GraphThemeScene.swift (in target 'RedPen' from project 'RedPen')
    cd /Users/runner/work/red-pen-ios/red-pen-ios/ios
    

SwiftDriverJobDiscovery normal arm64 Compiling GraphDeath.swift, GraphDeathScene.swift, GraphFrameSync.swift, GraphFraming.swift, GraphHangReporter.swift, GraphLabelContrast.swift, GraphLegend.swift, GraphLens.swift, GraphLineStyle.swift, GraphLinkBridge.swift, GraphLinkCurve.swift, GraphLook.swift, GraphMapPanels.swift, GraphMotion.swift, GraphNeuronImpulses.swift, GraphNeuronLook.swift, GraphNeuronMembrane.swift, GraphNeuronShaders.swift, GraphNeuronStates.swift, GraphNeurons.swift, GraphNodeFactory.swift, GraphNodeShaders.swift, GraphNodeStyles.swift, GraphPerfAdapter.swift, GraphPerfCamera.swift (in target 'RedPen' from project 'RedPen')

SwiftCompile normal arm64 Compiling\ ExamTools.swift,\ ExamTrack.swift,\ ExamWeekPlanner.swift,\ ExamplesHubView.swift,\ ExplainBackView.swift,\ Explanation.swift,\ FSRS.swift,\ FigureFinder.swift,\ FigureGrid.swift,\ FileReads.swift,\ FirstRunRules.swift,\ FirstRunView.swift,\ FixWordSheet.swift,\ FloatingAction.swift,\ FloatingSwitcher.swift,\ ForceLayout3D.swift,\ GemmaDownload.swift,\ GemmaGenerate.swift,\ GemmaModel.swift,\ GenerationCenter.swift,\ GenerationRules.swift,\ GlanceDigest.swift,\ GlancePublisher.swift,\ Graph3DView.swift,\ GraphAnatomy.swift /Users/runner/work/red-pen-ios/red-pen-ios/ios/RedPen/Shared/Exam/ExamTools.swift /Users/runner/work/red-pen-ios/red-pen-ios/ios/RedPen/Shared/ExamTrack.swift /Users/runner/work/red-pen-ios/red-pen-ios/ios/RedPen/Shared/Learn/ExamWeekPlanner.swift /Users/runner/work/red-pen-ios/red-pen-ios/ios/RedPen/Features/Examples/ExamplesHubView.swift /Users/runner/work/red-pen-ios/red-pen-ios/ios/RedPen/Features/Voice/ExplainBackView.swift /Users/runner/work/red-pen-ios/red-pen-ios/ios/RedPen/Shared/Explanation.swift /Users/runner/work/red-pen-ios/red-pen-ios/ios/RedPen/Shared/FSRS.swift /Users/runner/work/red-pen-ios/red-pen-ios/ios/RedPen/Shared/FigureFinder.swift /Users/runner/work/red-pen-ios/red-pen-ios/ios/RedPen/Shared/FigureGrid.swift /Users/runner/work/red-pen-ios/red-pen-ios/ios/RedPen/Features/Library/FileReads.swift /Users/runner/work/red-pen-ios/red-pen-ios/ios/RedPen/Shared/FirstRunRules.swift /Users/runner/work/red-pen-ios/red-pen-ios/ios/RedPen/Features/Onboarding/FirstRunView.swift /Users/runner/work/red-pen-ios/red-pen-ios/ios/RedPen/Features/Narrate/FixWordSheet.swift /Users/runner/work/red-pen-ios/red-pen-ios/ios/RedPen/Shared/FloatingAction.swift /Users/runner/work/red-pen-ios/red-pen-ios/ios/RedPen/Shared/FloatingSwitcher.swift /Users/runner/work/red-pen-ios/red-pen-ios/ios/RedPen/Features/Notes/ForceLayout3D.swift /Users/runner/work/red-pen-ios/red-pen-ios/ios/RedPen/Shared/GemmaDownload.swift /Users/runner/work/red-pen-ios/red-pen-ios/ios/RedPen/Shared/GemmaGenerate.swift /Users/runner/work/red-pen-ios/red-pen-ios/ios/RedPen/Shared/GemmaModel.swift /Users/runner/work/red-pen-ios/red-pen-ios/ios/RedPen/Shared/GenerationCenter.swift /Users/runner/work/red-pen-ios/red-pen-ios/ios/RedPen/Shared/GenerationRules.swift /Users/runner/work/red-pen-ios/red-pen-ios/ios/RedPen/Shared/Platform/GlanceDigest.swift /Users/runner/work/red-pen-ios/red-pen-ios/ios/RedPen/Shared/Platform/GlancePublisher.swift /Users/runner/work/red-pen-ios/red-pen-ios/ios/RedPen/Features/Notes/Graph3DView.swift /Users/runner/work/red-pen-ios/red-pen-ios/ios/RedPen/Features/Notes/GraphAnatomy.swift (in target 'RedPen' from project 'RedPen')

SwiftCompile normal arm64 /Users/runner/work/red-pen-ios/red-pen-ios/ios/RedPen/Shared/Exam/ExamTools.swift (in target 'RedPen' from project 'RedPen')
    cd /Users/runner/work/red-pen-ios/red-pen-ios/ios
    

SwiftCompile normal arm64 /Users/runner/work/red-pen-ios/red-pen-ios/ios/RedPen/Shared/ExamTrack.swift (in target 'RedPen' from project 'RedPen')
    cd /Users/runner/work/red-pen-ios/red-pen-ios/ios
    

SwiftCompile normal arm64 /Users/runner/work/red-pen-ios/red-pen-ios/ios/RedPen/Shared/Learn/ExamWeekPlanner.swift (in target 'RedPen' from project 'RedPen')
    cd /Users/runner/work/red-pen-ios/red-pen-ios/ios
    

SwiftCompile normal arm64 /Users/runner/work/red-pen-ios/red-pen-ios/ios/RedPen/Features/Examples/ExamplesHubView.swift (in target 'RedPen' from project 'RedPen')
    cd /Users/runner/work/red-pen-ios/red-pen-ios/ios
    

SwiftCompile normal arm64 /Users/runner/work/red-pen-ios/red-pen-ios/ios/RedPen/Features/Voice/ExplainBackView.swift (in target 'RedPen' from project 'RedPen')
    cd /Users/runner/work/red-pen-ios/red-pen-ios/ios
    

SwiftCompile normal arm64 /Users/runner/work/red-pen-ios/red-pen-ios/ios/RedPen/Shared/Explanation.swift (in target 'RedPen' from project 'RedPen')
    cd /Users/runner/work/red-pen-ios/red-pen-ios/ios
    

SwiftCompile normal arm64 /Users/runner/work/red-pen-ios/red-pen-ios/ios/RedPen/Shared/FSRS.swift (in target 'RedPen' from project 'RedPen')
    cd /Users/runner/work/red-pen-ios/red-pen-ios/ios
    

SwiftCompile normal arm64 /Users/runner/work/red-pen-ios/red-pen-ios/ios/RedPen/Shared/FigureFinder.swift (in target 'RedPen' from project 'RedPen')
    cd /Users/runner/work/red-pen-ios/red-pen-ios/ios
    

SwiftCompile normal arm64 /Users/runner/work/red-pen-ios/red-pen-ios/ios/RedPen/Shared/FigureGrid.swift (in target 'RedPen' from project 'RedPen')
    cd /Users/runner/work/red-pen-ios/red-pen-ios/ios
    

SwiftCompile normal arm64 /Users/runner/work/red-pen-ios/red-pen-ios/ios/RedPen/Features/Library/FileReads.swift (in target 'RedPen' from project 'RedPen')
    cd /Users/runner/work/red-pen-ios/red-pen-ios/ios
    

SwiftCompile normal arm64 /Users/runner/work/red-pen-ios/red-pen-ios/ios/RedPen/Shared/FirstRunRules.swift (in target 'RedPen' from project 'RedPen')
    cd /Users/runner/work/red-pen-ios/red-pen-ios/ios
    

SwiftCompile normal arm64 /Users/runner/work/red-pen-ios/red-pen-ios/ios/RedPen/Features/Onboarding/FirstRunView.swift (in target 'RedPen' from project 'RedPen')
    cd /Users/runner/work/red-pen-ios/red-pen-ios/ios
    

SwiftCompile normal arm64 /Users/runner/work/red-pen-ios/red-pen-ios/ios/RedPen/Features/Narrate/FixWordSheet.swift (in target 'RedPen' from project 'RedPen')
    cd /Users/runner/work/red-pen-ios/red-pen-ios/ios
    

SwiftCompile normal arm64 /Users/runner/work/red-pen-ios/red-pen-ios/ios/RedPen/Shared/FloatingAction.swift (in target 'RedPen' from project 'RedPen')
    cd /Users/runner/work/red-pen-ios/red-pen-ios/ios
    

SwiftCompile normal arm64 /Users/runner/work/red-pen-ios/red-pen-ios/ios/RedPen/Shared/FloatingSwitcher.swift (in target 'RedPen' from project 'RedPen')
    cd /Users/runner/work/red-pen-ios/red-pen-ios/ios
    

SwiftCompile normal arm64 /Users/runner/work/red-pen-ios/red-pen-ios/ios/RedPen/Features/Notes/ForceLayout3D.swift (in target 'RedPen' from project 'RedPen')
    cd /Users/runner/work/red-pen-ios/red-pen-ios/ios
    

SwiftCompile normal arm64 /Users/runner/work/red-pen-ios/red-pen-ios/ios/RedPen/Shared/GemmaDownload.swift (in target 'RedPen' from project 'RedPen')
    cd /Users/runner/work/red-pen-ios/red-pen-ios/ios
    

SwiftCompile normal arm64 /Users/runner/work/red-pen-ios/red-pen-ios/ios/RedPen/Shared/GemmaGenerate.swift (in target 'RedPen' from project 'RedPen')
    cd /Users/runner/work/red-pen-ios/red-pen-ios/ios
    
/Users/runner/work/red-pen-ios/red-pen-ios/ios/RedPen/Shared/GemmaGenerate.swift:79:44: warning: no 'async' operations occur within 'await' expression
                for try await chunk in try await llm.textStream(from: input) {
                                           ^
/Users/runner/work/red-pen-ios/red-pen-ios/ios/RedPen/Shared/GemmaGenerate.swift:114:36: warning: no 'async' operations occur within 'await' expression
        for try await chunk in try await llm.textStream(from: input) {
                                   ^

SwiftCompile normal arm64 /Users/runner/work/red-pen-ios/red-pen-ios/ios/RedPen/Shared/GemmaModel.swift (in target 'RedPen' from project 'RedPen')
    cd /Users/runner/work/red-pen-ios/red-pen-ios/ios
    
/Users/runner/work/red-pen-ios/red-pen-ios/ios/RedPen/Shared/GemmaModel.swift:76:22: warning: left side of nil coalescing operator '??' has non-optional type 'Int64', so the right side is never used
        return (size ?? 0) > Int64(Double(approxSize) * 0.9)
                ~~~~~^~~~
                    

SwiftCompile normal arm64 /Users/runner/work/red-pen-ios/red-pen-ios/ios/RedPen/Shared/GenerationCenter.swift (in target 'RedPen' from project 'RedPen')
    cd /Users/runner/work/red-pen-ios/red-pen-ios/ios
    

SwiftCompile normal arm64 /Users/runner/work/red-pen-ios/red-pen-ios/ios/RedPen/Shared/GenerationRules.swift (in target 'RedPen' from project 'RedPen')
    cd /Users/runner/work/red-pen-ios/red-pen-ios/ios
    

SwiftCompile normal arm64 /Users/runner/work/red-pen-ios/red-pen-ios/ios/RedPen/Shared/Platform/GlanceDigest.swift (in target 'RedPen' from project 'RedPen')
    cd /Users/runner/work/red-pen-ios/red-pen-ios/ios
    

SwiftCompile normal arm64 /Users/runner/work/red-pen-ios/red-pen-ios/ios/RedPen/Shared/Platform/GlancePublisher.swift (in target 'RedPen' from project 'RedPen')
    cd /Users/runner/work/red-pen-ios/red-pen-ios/ios
    

SwiftCompile normal arm64 /Users/runner/work/red-pen-ios/red-pen-ios/ios/RedPen/Features/Notes/Graph3DView.swift (in target 'RedPen' from project 'RedPen')
    cd /Users/runner/work/red-pen-ios/red-pen-ios/ios
    

SwiftCompile normal arm64 /Users/runner/work/red-pen-ios/red-pen-ios/ios/RedPen/Features/Notes/GraphAnatomy.swift (in target 'RedPen' from project 'RedPen')
    cd /Users/runner/work/red-pen-ios/red-pen-ios/ios
    

SwiftDriverJobDiscovery normal arm64 Compiling PaywallView.swift, PersonalBuild.swift, PhotoOcclusion.swift, PhotoOcclusionReader.swift, PhotonRing.swift, PictureCache.swift, PictureFromPhotoView.swift, PlainTextImport.swift, PlatformSettingsSection.swift, PopOut.swift, PopOutMotion.swift, PptxText.swift, Pretest.swift, PreviewAccount.swift, PreviewExtras.swift, PreviewLaunch.swift, PronunciationLibrary.swift, PronunciationStore.swift, Provenance.swift, QuestionDetector.swift, QuestionReportSheet.swift, QuizFromCards.swift, ReaderBar.swift, Readiness.swift (in target 'RedPen' from project 'RedPen')

SwiftCompile normal arm64 Compiling\ LibraryBackup.swift,\ LibraryBackupRunner.swift,\ LibraryCategory.swift,\ LibraryChrome.swift,\ LibraryDataSettingsSection.swift,\ LibraryFile.swift,\ LibraryImport.swift,\ LibraryPictures.swift,\ LibraryRows.swift,\ LibrarySavedIdeas.swift,\ LibrarySearch.swift,\ LibrarySearchModel.swift,\ LibrarySearchResults.swift,\ LibrarySheets.swift,\ LibraryView.swift,\ LinkDeviceView.swift,\ LiquidGlass.swift,\ LocalLLMService.swift,\ MCQCoverage.swift,\ MCQEdit.swift,\ MCQExamTools.swift,\ MCQGenerateForm.swift,\ MCQGenerator.swift,\ MCQPrompt.swift,\ MCQQuestion.swift /Users/runner/work/red-pen-ios/red-pen-ios/ios/RedPen/Shared/LibraryBackup.swift /Users/runner/work/red-pen-ios/red-pen-ios/ios/RedPen/Shared/LibraryBackupRunner.swift /Users/runner/work/red-pen-ios/red-pen-ios/ios/RedPen/Features/Library/LibraryCategory.swift /Users/runner/work/red-pen-ios/red-pen-ios/ios/RedPen/Features/Library/LibraryChrome.swift /Users/runner/work/red-pen-ios/red-pen-ios/ios/RedPen/Features/Support/LibraryDataSettingsSection.swift /Users/runner/work/red-pen-ios/red-pen-ios/ios/RedPen/Shared/LibraryFile.swift /Users/runner/work/red-pen-ios/red-pen-ios/ios/RedPen/Features/Library/LibraryImport.swift /Users/runner/work/red-pen-ios/red-pen-ios/ios/RedPen/Shared/LibraryPictures.swift /Users/runner/work/red-pen-ios/red-pen-ios/ios/RedPen/Features/Library/LibraryRows.swift /Users/runner/work/red-pen-ios/red-pen-ios/ios/RedPen/Features/Library/LibrarySavedIdeas.swift /Users/runner/work/red-pen-ios/red-pen-ios/ios/RedPen/Shared/LibrarySearch.swift /Users/runner/work/red-pen-ios/red-pen-ios/ios/RedPen/Features/Library/LibrarySearchModel.swift /Users/runner/work/red-pen-ios/red-pen-ios/ios/RedPen/Features/Library/LibrarySearchResults.swift /Users/runner/work/red-pen-ios/red-pen-ios/ios/RedPen/Features/Library/LibrarySheets.swift /Users/runner/work/red-pen-ios/red-pen-ios/ios/RedPen/Features/Library/LibraryView.swift /Users/runner/work/red-pen-ios/red-pen-ios/ios/RedPen/Features/Auth/LinkDeviceView.swift /Users/runner/work/red-pen-ios/red-pen-ios/ios/RedPen/Shared/LiquidGlass.swift /Users/runner/work/red-pen-ios/red-pen-ios/ios/RedPen/Shared/LLM/LocalLLMService.swift /Users/runner/work/red-pen-ios/red-pen-ios/ios/RedPen/Shared/MCQCoverage.swift /Users/runner/work/red-pen-ios/red-pen-ios/ios/RedPen/Shared/MCQEdit.swift /Users/runner/work/red-pen-ios/red-pen-ios/ios/RedPen/Features/MCQ/MCQExamTools.swift /Users/runner/work/red-pen-ios/red-pen-ios/ios/RedPen/Features/Library/MCQGenerateForm.swift /Users/runner/work/red-pen-ios/red-pen-ios/ios/RedPen/Shared/MCQGenerator.swift /Users/runner/work/red-pen-ios/red-pen-ios/ios/RedPen/Shared/MCQPrompt.swift /Users/runner/work/red-pen-ios/red-pen-ios/ios/RedPen/Models/MCQQuestion.swift (in target 'RedPen' from project 'RedPen')
SwiftCompile normal arm64 /Users/runner/work/red-pen-ios/red-pen-ios/ios/RedPen/Shared/LibraryBackup.swift (in target 'RedPen' from project 'RedPen')
    cd /Users/runner/work/red-pen-ios/red-pen-ios/ios
    

SwiftCompile normal arm64 /Users/runner/work/red-pen-ios/red-pen-ios/ios/RedPen/Shared/LibraryBackupRunner.swift (in target 'RedPen' from project 'RedPen')
    cd /Users/runner/work/red-pen-ios/red-pen-ios/ios
    

SwiftCompile normal arm64 /Users/runner/work/red-pen-ios/red-pen-ios/ios/RedPen/Features/Library/LibraryCategory.swift (in target 'RedPen' from project 'RedPen')
    cd /Users/runner/work/red-pen-ios/red-pen-ios/ios
    

SwiftCompile normal arm64 /Users/runner/work/red-pen-ios/red-pen-ios/ios/RedPen/Features/Library/LibraryChrome.swift (in target 'RedPen' from project 'RedPen')
    cd /Users/runner/work/red-pen-ios/red-pen-ios/ios
    

SwiftCompile normal arm64 /Users/runner/work/red-pen-ios/red-pen-ios/ios/RedPen/Features/Support/LibraryDataSettingsSection.swift (in target 'RedPen' from project 'RedPen')
    cd /Users/runner/work/red-pen-ios/red-pen-ios/ios
    

SwiftCompile normal arm64 /Users/runner/work/red-pen-ios/red-pen-ios/ios/RedPen/Shared/LibraryFile.swift (in target 'RedPen' from project 'RedPen')
    cd /Users/runner/work/red-pen-ios/red-pen-ios/ios
    

SwiftCompile normal arm64 /Users/runner/work/red-pen-ios/red-pen-ios/ios/RedPen/Features/Library/LibraryImport.swift (in target 'RedPen' from project 'RedPen')
    cd /Users/runner/work/red-pen-ios/red-pen-ios/ios
    

SwiftCompile normal arm64 /Users/runner/work/red-pen-ios/red-pen-ios/ios/RedPen/Shared/LibraryPictures.swift (in target 'RedPen' from project 'RedPen')
    cd /Users/runner/work/red-pen-ios/red-pen-ios/ios
    

SwiftCompile normal arm64 /Users/runner/work/red-pen-ios/red-pen-ios/ios/RedPen/Features/Library/LibraryRows.swift (in target 'RedPen' from project 'RedPen')
    cd /Users/runner/work/red-pen-ios/red-pen-ios/ios
    

SwiftCompile normal arm64 /Users/runner/work/red-pen-ios/red-pen-ios/ios/RedPen/Features/Library/LibrarySavedIdeas.swift (in target 'RedPen' from project 'RedPen')
    cd /Users/runner/work/red-pen-ios/red-pen-ios/ios
    

SwiftCompile normal arm64 /Users/runner/work/red-pen-ios/red-pen-ios/ios/RedPen/Shared/LibrarySearch.swift (in target 'RedPen' from project 'RedPen')
    cd /Users/runner/work/red-pen-ios/red-pen-ios/ios
    

SwiftCompile normal arm64 /Users/runner/work/red-pen-ios/red-pen-ios/ios/RedPen/Features/Library/LibrarySearchModel.swift (in target 'RedPen' from project 'RedPen')
    cd /Users/runner/work/red-pen-ios/red-pen-ios/ios
    

SwiftCompile normal arm64 /Users/runner/work/red-pen-ios/red-pen-ios/ios/RedPen/Features/Library/LibrarySearchResults.swift (in target 'RedPen' from project 'RedPen')
    cd /Users/runner/work/red-pen-ios/red-pen-ios/ios
    

SwiftCompile normal arm64 /Users/runner/work/red-pen-ios/red-pen-ios/ios/RedPen/Features/Library/LibrarySheets.swift (in target 'RedPen' from project 'RedPen')
    cd /Users/runner/work/red-pen-ios/red-pen-ios/ios
    

SwiftCompile normal arm64 /Users/runner/work/red-pen-ios/red-pen-ios/ios/RedPen/Features/Library/LibraryView.swift (in target 'RedPen' from project 'RedPen')
    cd /Users/runner/work/red-pen-ios/red-pen-ios/ios
    

SwiftCompile normal arm64 /Users/runner/work/red-pen-ios/red-pen-ios/ios/RedPen/Features/Auth/LinkDeviceView.swift (in target 'RedPen' from project 'RedPen')
    cd /Users/runner/work/red-pen-ios/red-pen-ios/ios
    

SwiftCompile normal arm64 /Users/runner/work/red-pen-ios/red-pen-ios/ios/RedPen/Shared/LiquidGlass.swift (in target 'RedPen' from project 'RedPen')
    cd /Users/runner/work/red-pen-ios/red-pen-ios/ios
    

SwiftCompile normal arm64 /Users/runner/work/red-pen-ios/red-pen-ios/ios/RedPen/Shared/LLM/LocalLLMService.swift (in target 'RedPen' from project 'RedPen')
    cd /Users/runner/work/red-pen-ios/red-pen-ios/ios
    
/Users/runner/work/red-pen-ios/red-pen-ios/ios/RedPen/Shared/LLM/LocalLLMService.swift:317:36: warning: no 'async' operations occur within 'await' expression
        for try await chunk in try await client.textStream(from: input) {
                                   ^

SwiftCompile normal arm64 /Users/runner/work/red-pen-ios/red-pen-ios/ios/RedPen/Shared/MCQCoverage.swift (in target 'RedPen' from project 'RedPen')
    cd /Users/runner/work/red-pen-ios/red-pen-ios/ios
    

SwiftCompile normal arm64 /Users/runner/work/red-pen-ios/red-pen-ios/ios/RedPen/Shared/MCQEdit.swift (in target 'RedPen' from project 'RedPen')
    cd /Users/runner/work/red-pen-ios/red-pen-ios/ios
    

SwiftCompile normal arm64 /Users/runner/work/red-pen-ios/red-pen-ios/ios/RedPen/Features/MCQ/MCQExamTools.swift (in target 'RedPen' from project 'RedPen')
    cd /Users/runner/work/red-pen-ios/red-pen-ios/ios
    

SwiftCompile normal arm64 /Users/runner/work/red-pen-ios/red-pen-ios/ios/RedPen/Features/Library/MCQGenerateForm.swift (in target 'RedPen' from project 'RedPen')
    cd /Users/runner/work/red-pen-ios/red-pen-ios/ios
    

SwiftCompile normal arm64 /Users/runner/work/red-pen-ios/red-pen-ios/ios/RedPen/Shared/MCQGenerator.swift (in target 'RedPen' from project 'RedPen')
    cd /Users/runner/work/red-pen-ios/red-pen-ios/ios
    

SwiftCompile normal arm64 /Users/runner/work/red-pen-ios/red-pen-ios/ios/RedPen/Shared/MCQPrompt.swift (in target 'RedPen' from project 'RedPen')
    cd /Users/runner/work/red-pen-ios/red-pen-ios/ios
    

SwiftCompile normal arm64 /Users/runner/work/red-pen-ios/red-pen-ios/ios/RedPen/Models/MCQQuestion.swift (in target 'RedPen' from project 'RedPen')
    cd /Users/runner/work/red-pen-ios/red-pen-ios/ios
    

SwiftDriverJobDiscovery normal arm64 Compiling CloudJobCollector.swift, CloudJobRules.swift, CloudJobs.swift, CloudTranscriber.swift, CloudTranscript.swift, CloudVoice.swift, CommuteModeView.swift, CommuteSession.swift, ContentCredits.swift, Corrections.swift, CountField.swift, CoverageChecker.swift, CoverageCloudCheck.swift, CoverageEngine.swift, CoverageExamples.swift, CoverageView.swift, CustomSession.swift, CustomSessionSheet.swift, DailyGoal.swift, DeckCard.swift, DeckExportIntents.swift, DeckPDF.swift, DeckPDFBlocks.swift, DeckPDFPages.swift, DeckPalette.swift (in target 'RedPen' from project 'RedPen')

SwiftDriver\ Compilation LocalLLMClientLlama normal arm64 com.apple.xcode.tools.swift.compiler (in target 'LocalLLMClientLlama' from project 'LocalLLMClient')
    cd /Users/runner/work/red-pen-ios/red-pen-ios/ios/RedPen.xcodeproj
    builtin-Swift-Compilation -- /Applications/Xcode_26.6.app/Contents/Developer/Toolchains/XcodeDefault.xctoolchain/usr/bin/swiftc -module-name LocalLLMClientLlama -Onone @/Users/runner/work/red-pen-ios/red-pen-ios/ios/build/Build/Intermediates.noindex/LocalLLMClient.build/Debug-iphonesimulator/LocalLLMClientLlama.build/Objects-normal/arm64/LocalLLMClientLlama.SwiftFileList -DSWIFT_PACKAGE -DDEBUG -DSWIFT_MODULE_RESOURCE_BUNDLE_AVAILABLE -DXcode -cxx-interoperability-mode\=default -Xcc -std\=c++17 -plugin-path /Applications/Xcode_26.6.app/Contents/Developer/Toolchains/XcodeDefault.xctoolchain/usr/lib/swift/host/plugins/testing -enable-experimental-feature DebugDescriptionMacro -sdk /Applications/Xcode_26.6.app/Contents/Developer/Platforms/iPhoneSimulator.platform/Developer/SDKs/iPhoneSimulator26.5.sdk -target arm64-apple-ios17.0-simulator -g -module-cache-path /Users/runner/work/red-pen-ios/red-pen-ios/ios/build/ModuleCache.noindex -Xfrontend -serialize-debugging-options -enable-testing -suppress-warnings -index-store-path /Users/runner/work/red-pen-ios/red-pen-ios/ios/build/Index.noindex/DataStore -Xcc -D_LIBCPP_HARDENING_MODE\=_LIBCPP_HARDENING_MODE_DEBUG -swift-version 6 -I /Users/runner/work/red-pen-ios/red-pen-ios/ios/build/Build/Products/Debug-iphonesimulator -Isystem /Applications/Xcode_26.6.app/Contents/Developer/Platforms/iPhoneSimulator.platform/Developer/usr/lib -F /Users/runner/work/red-pen-ios/red-pen-ios/ios/build/Build/Products/Debug-iphonesimulator/PackageFrameworks -F /Users/runner/work/red-pen-ios/red-pen-ios/ios/build/Build/Products/Debug-iphonesimulator/PackageFrameworks -F /Users/runner/work/red-pen-ios/red-pen-ios/ios/build/Build/Products/Debug-iphonesimulator/PackageFrameworks -F /Users/runner/work/red-pen-ios/red-pen-ios/ios/build/Build/Products/Debug-iphonesimulator/PackageFrameworks -F /Users/runner/work/red-pen-ios/red-pen-ios/ios/build/Build/Products/Debug-iphonesimulator/PackageFrameworks -F /Users/runner/work/red-pen-ios/red-pen-ios/ios/build/Build/Products/Debug-iphonesimulator/PackageFrameworks -F /Users/runner/work/red-pen-ios/red-pen-ios/ios/build/Build/Products/Debug-iphonesimulator -F /Applications/Xcode_26.6.app/Contents/Developer/Platforms/iPhoneSimulator.platform/Developer/Library/Frameworks -F /Applications/Xcode_26.6.app/Contents/Developer/Platforms/iPhoneSimulator.platform/Developer/SDKs/iPhoneSimulator26.5.sdk/Developer/Library/Frameworks -c -j3 -enable-batch-mode -incremental -Xcc -ivfsstatcache -Xcc /Users/runner/work/red-pen-ios/red-pen-ios/ios/build/SDKStatCaches.noindex/iphonesimulator26.5-23F81a-688ef53f1462e2c8f657fdc38a81448ff45c64a1807a658693f2a61704f17a36.sdkstatcache -output-file-map /Users/runner/work/red-pen-ios/red-pen-ios/ios/build/Build/Intermediates.noindex/LocalLLMClient.build/Debug-iphonesimulator/LocalLLMClientLlama.build/Objects-normal/arm64/LocalLLMClientLlama-OutputFileMap.json -use-frontend-parseable-output -save-temps -no-color-diagnostics -serialize-diagnostics -emit-dependencies -emit-module -emit-module-path /Users/runner/work/red-pen-ios/red-pen-ios/ios/build/Build/Intermediates.noindex/LocalLLMClient.build/Debug-iphonesimulator/LocalLLMClientLlama.build/Objects-normal/arm64/LocalLLMClientLlama.swiftmodule -validate-clang-modules-once -clang-build-session-file /Users/runner/work/red-pen-ios/red-pen-ios/ios/build/ModuleCache.noindex/Session.modulevalidation -package-name localllmclient -Xcc -I/Users/runner/work/red-pen-ios/red-pen-ios/ios/build/Build/Intermediates.noindex/LocalLLMClient.build/Debug-iphonesimulator/LocalLLMClientLlama.build/swift-overrides.hmap -emit-const-values -Xfrontend -const-gather-protocols-file -Xfrontend /Users/runner/work/red-pen-ios/red-pen-ios/ios/build/Build/Intermediates.noindex/LocalLLMClient.build/Debug-iphonesimulator/LocalLLMClientLlama.build/Objects-normal/arm64/LocalLLMClientLlama_const_extract_protocols.json -Xcc -I/Users/runner/work/red-pen-ios/red-pen-ios/ios/build/SourcePackages/checkouts/LocalLLMClient/Sources/LocalLLMClientLlamaC/include -Xcc -I/Users/runner/work/red-pen-ios/red-pen-ios/ios/build/Build/Products/Debug-iphonesimulator/include -Xcc -I/Users/runner/work/red-pen-ios/red-pen-ios/ios/build/Build/Intermediates.noindex/LocalLLMClient.build/Debug-iphonesimulator/LocalLLMClientLlama.build/DerivedSources-normal/arm64 -Xcc -I/Users/runner/work/red-pen-ios/red-pen-ios/ios/build/Build/Intermediates.noindex/LocalLLMClient.build/Debug-iphonesimulator/LocalLLMClientLlama.build/DerivedSources/arm64 -Xcc -I/Users/runner/work/red-pen-ios/red-pen-ios/ios/build/Build/Intermediates.noindex/LocalLLMClient.build/Debug-iphonesimulator/LocalLLMClientLlama.build/DerivedSources -Xcc -DSWIFT_PACKAGE -Xcc -DDEBUG\=1 -emit-objc-header -emit-objc-header-path /Users/runner/work/red-pen-ios/red-pen-ios/ios/build/Build/Intermediates.noindex/LocalLLMClient.build/Debug-iphonesimulator/LocalLLMClientLlama.build/Objects-normal/arm64/LocalLLMClientLlama-Swift.h -working-directory /Users/runner/work/red-pen-ios/red-pen-ios/ios/RedPen.xcodeproj -experimental-emit-module-separately -disable-cmo

SwiftDriverJobDiscovery normal arm64 Compiling ExamTools.swift, ExamTrack.swift, ExamWeekPlanner.swift, ExamplesHubView.swift, ExplainBackView.swift, Explanation.swift, FSRS.swift, FigureFinder.swift, FigureGrid.swift, FileReads.swift, FirstRunRules.swift, FirstRunView.swift, FixWordSheet.swift, FloatingAction.swift, FloatingSwitcher.swift, ForceLayout3D.swift, GemmaDownload.swift, GemmaGenerate.swift, GemmaModel.swift, GenerationCenter.swift, GenerationRules.swift, GlanceDigest.swift, GlancePublisher.swift, Graph3DView.swift, GraphAnatomy.swift (in target 'RedPen' from project 'RedPen')

Ld /Users/runner/work/red-pen-ios/red-pen-ios/ios/build/Build/Products/Debug-iphonesimulator/LocalLLMClientCore.o normal (in target 'LocalLLMClientCore' from project 'LocalLLMClient')
    cd /Users/runner/work/red-pen-ios/red-pen-ios/ios/build/SourcePackages/checkouts/LocalLLMClient
    /Applications/Xcode_26.6.app/Contents/Developer/Toolchains/XcodeDefault.xctoolchain/usr/bin/clang -Xlinker -reproducible -target arm64-apple-ios17.0-simulator -r -isysroot /Applications/Xcode_26.6.app/Contents/Developer/Platforms/iPhoneSimulator.platform/Developer/SDKs/iPhoneSimulator26.5.sdk -O0 -w -F/Users/runner/work/red-pen-ios/red-pen-ios/ios/build/Build/Intermediates.noindex/EagerLinkingTBDs/Debug-iphonesimulator -F/Users/runner/work/red-pen-ios/red-pen-ios/ios/build/Build/Products/Debug-iphonesimulator/PackageFrameworks -F/Users/runner/work/red-pen-ios/red-pen-ios/ios/build/Build/Products/Debug-iphonesimulator/PackageFrameworks -F/Users/runner/work/red-pen-ios/red-pen-ios/ios/build/Build/Products/Debug-iphonesimulator/PackageFrameworks -F/Users/runner/work/red-pen-ios/red-pen-ios/ios/build/Build/Products/Debug-iphonesimulator/PackageFrameworks -F/Users/runner/work/red-pen-ios/red-pen-ios/ios/build/Build/Products/Debug-iphonesimulator -iframework /Applications/Xcode_26.6.app/Contents/Developer/Platforms/iPhoneSimulator.platform/Developer/Library/Frameworks -iframework /Applications/Xcode_26.6.app/Contents/Developer/Platforms/iPhoneSimulator.platform/Developer/SDKs/iPhoneSimulator26.5.sdk/Developer/Library/Frameworks -filelist /Users/runner/work/red-pen-ios/red-pen-ios/ios/build/Build/Intermediates.noindex/LocalLLMClient.build/Debug-iphonesimulator/LocalLLMClientCore.build/Objects-normal/arm64/LocalLLMClientCore.LinkFileList -nostdlib -Xlinker -object_path_lto -Xlinker /Users/runner/work/red-pen-ios/red-pen-ios/ios/build/Build/Intermediates.noindex/LocalLLMClient.build/Debug-iphonesimulator/LocalLLMClientCore.build/Objects-normal/arm64/LocalLLMClientCore_lto.o -Xlinker -no_deduplicate -Xlinker -objc_abi_version -Xlinker 2 -Xlinker -dependency_info -Xlinker /Users/runner/work/red-pen-ios/red-pen-ios/ios/build/Build/Intermediates.noindex/LocalLLMClient.build/Debug-iphonesimulator/LocalLLMClientCore.build/Objects-normal/arm64/LocalLLMClientCore_dependency_info.dat -fobjc-link-runtime -L/Applications/Xcode_26.6.app/Contents/Developer/Toolchains/XcodeDefault.xctoolchain/usr/lib/swift/iphonesimulator -L/usr/lib/swift -Xlinker -add_ast_path -Xlinker /Users/runner/work/red-pen-ios/red-pen-ios/ios/build/Build/Intermediates.noindex/LocalLLMClient.build/Debug-iphonesimulator/LocalLLMClientCore.build/Objects-normal/arm64/LocalLLMClientCore.swiftmodule -o /Users/runner/work/red-pen-ios/red-pen-ios/ios/build/Build/Products/Debug-iphonesimulator/LocalLLMClientCore.o

ExtractAppIntentsMetadata (in target 'LocalLLMClientCore' from project 'LocalLLMClient')
    cd /Users/runner/work/red-pen-ios/red-pen-ios/ios/build/SourcePackages/checkouts/LocalLLMClient
    /Applications/Xcode_26.6.app/Contents/Developer/Toolchains/XcodeDefault.xctoolchain/usr/bin/appintentsmetadataprocessor --toolchain-dir /var/run/com.apple.security.cryptexd/mnt/com.apple.MobileAsset.MetalToolchain-v17.6.109.0.iHKZXc/Metal.xctoolchain --module-name LocalLLMClientCore --sdk-root /Applications/Xcode_26.6.app/Contents/Developer/Platforms/iPhoneSimulator.platform/Developer/SDKs/iPhoneSimulator26.5.sdk --xcode-version 17F113 --platform-family iOS --deployment-target 17.0 --bundle-identifier localllmclient.LocalLLMClientCore --output /Users/runner/work/red-pen-ios/red-pen-ios/ios/build/Build/Products/Debug-iphonesimulator/LocalLLMClientCore.appintents --target-triple arm64-apple-ios17.0-simulator --binary-file /Users/runner/work/red-pen-ios/red-pen-ios/ios/build/Build/Products/Debug-iphonesimulator/LocalLLMClientCore.o --dependency-file /Users/runner/work/red-pen-ios/red-pen-ios/ios/build/Build/Intermediates.noindex/LocalLLMClient.build/Debug-iphonesimulator/LocalLLMClientCore.build/Objects-normal/arm64/LocalLLMClientCore_dependency_info.dat --stringsdata-file /Users/runner/work/red-pen-ios/red-pen-ios/ios/build/Build/Intermediates.noindex/LocalLLMClient.build/Debug-iphonesimulator/LocalLLMClientCore.build/Objects-normal/arm64/ExtractedAppShortcutsMetadata.stringsdata --source-file-list /Users/runner/work/red-pen-ios/red-pen-ios/ios/build/Build/Intermediates.noindex/LocalLLMClient.build/Debug-iphonesimulator/LocalLLMClientCore.build/Objects-normal/arm64/LocalLLMClientCore.SwiftFileList --metadata-file-list /Users/runner/work/red-pen-ios/red-pen-ios/ios/build/Build/Intermediates.noindex/LocalLLMClient.build/Debug-iphonesimulator/LocalLLMClientCore.build/LocalLLMClientCore.DependencyMetadataFileList --static-metadata-file-list /Users/runner/work/red-pen-ios/red-pen-ios/ios/build/Build/Intermediates.noindex/LocalLLMClient.build/Debug-iphonesimulator/LocalLLMClientCore.build/LocalLLMClientCore.DependencyStaticMetadataFileList --swift-const-vals-list /Users/runner/work/red-pen-ios/red-pen-ios/ios/build/Build/Intermediates.noindex/LocalLLMClient.build/Debug-iphonesimulator/LocalLLMClientCore.build/Objects-normal/arm64/LocalLLMClientCore.SwiftConstValuesFileList --force --compile-time-extraction --deployment-aware-processing --validate-assistant-intents --no-app-shortcuts-localization
2026-10-09 14:40:41.012 appintentsmetadataprocessor[13374:39457] Starting appintentsmetadataprocessor export
2026-10-09 14:40:41.054 appintentsmetadataprocessor[13374:39457] Extracted no relevant App Intents symbols, skipping writing output

RegisterExecutionPolicyException /Users/runner/work/red-pen-ios/red-pen-ios/ios/build/Build/Products/Debug-iphonesimulator/LocalLLMClientCore.o (in target 'LocalLLMClientCore' from project 'LocalLLMClient')
    cd /Users/runner/work/red-pen-ios/red-pen-ios/ios/build/SourcePackages/checkouts/LocalLLMClient
    builtin-RegisterExecutionPolicyException /Users/runner/work/red-pen-ios/red-pen-ios/ios/build/Build/Products/Debug-iphonesimulator/LocalLLMClientCore.o

Ld /Users/runner/work/red-pen-ios/red-pen-ios/ios/build/Build/Products/Debug-iphonesimulator/LocalLLMClientMacros.o normal (in target 'LocalLLMClientMacros' from project 'LocalLLMClient')
    cd /Users/runner/work/red-pen-ios/red-pen-ios/ios/build/SourcePackages/checkouts/LocalLLMClient
    /Applications/Xcode_26.6.app/Contents/Developer/Toolchains/XcodeDefault.xctoolchain/usr/bin/clang -Xlinker -reproducible -target arm64-apple-ios17.0-simulator -r -isysroot /Applications/Xcode_26.6.app/Contents/Developer/Platforms/iPhoneSimulator.platform/Developer/SDKs/iPhoneSimulator26.5.sdk -O0 -w -F/Users/runner/work/red-pen-ios/red-pen-ios/ios/build/Build/Intermediates.noindex/EagerLinkingTBDs/Debug-iphonesimulator -F/Users/runner/work/red-pen-ios/red-pen-ios/ios/build/Build/Products/Debug-iphonesimulator/PackageFrameworks -F/Users/runner/work/red-pen-ios/red-pen-ios/ios/build/Build/Products/Debug-iphonesimulator/PackageFrameworks -F/Users/runner/work/red-pen-ios/red-pen-ios/ios/build/Build/Products/Debug-iphonesimulator/PackageFrameworks -F/Users/runner/work/red-pen-ios/red-pen-ios/ios/build/Build/Products/Debug-iphonesimulator/PackageFrameworks -F/Users/runner/work/red-pen-ios/red-pen-ios/ios/build/Build/Products/Debug-iphonesimulator/PackageFrameworks -F/Users/runner/work/red-pen-ios/red-pen-ios/ios/build/Build/Products/Debug-iphonesimulator -iframework /Applications/Xcode_26.6.app/Contents/Developer/Platforms/iPhoneSimulator.platform/Developer/Library/Frameworks -iframework /Applications/Xcode_26.6.app/Contents/Developer/Platforms/iPhoneSimulator.platform/Developer/SDKs/iPhoneSimulator26.5.sdk/Developer/Library/Frameworks -filelist /Users/runner/work/red-pen-ios/red-pen-ios/ios/build/Build/Intermediates.noindex/LocalLLMClient.build/Debug-iphonesimulator/LocalLLMClientMacros.build/Objects-normal/arm64/LocalLLMClientMacros.LinkFileList -nostdlib -Xlinker -object_path_lto -Xlinker /Users/runner/work/red-pen-ios/red-pen-ios/ios/build/Build/Intermediates.noindex/LocalLLMClient.build/Debug-iphonesimulator/LocalLLMClientMacros.build/Objects-normal/arm64/LocalLLMClientMacros_lto.o -Xlinker -no_deduplicate -Xlinker -objc_abi_version -Xlinker 2 -Xlinker -dependency_info -Xlinker /Users/runner/work/red-pen-ios/red-pen-ios/ios/build/Build/Intermediates.noindex/LocalLLMClient.build/Debug-iphonesimulator/LocalLLMClientMacros.build/Objects-normal/arm64/LocalLLMClientMacros_dependency_info.dat -fobjc-link-runtime -L/Applications/Xcode_26.6.app/Contents/Developer/Toolchains/XcodeDefault.xctoolchain/usr/lib/swift/iphonesimulator -L/usr/lib/swift -Xlinker -add_ast_path -Xlinker /Users/runner/work/red-pen-ios/red-pen-ios/ios/build/Build/Intermediates.noindex/LocalLLMClient.build/Debug-iphonesimulator/LocalLLMClientMacros.build/Objects-normal/arm64/LocalLLMClientMacros.swiftmodule -o /Users/runner/work/red-pen-ios/red-pen-ios/ios/build/Build/Products/Debug-iphonesimulator/LocalLLMClientMacros.o

Ld /Users/runner/work/red-pen-ios/red-pen-ios/ios/build/Build/Products/Debug-iphonesimulator/LocalLLMClientLlama.o normal (in target 'LocalLLMClientLlama' from project 'LocalLLMClient')
    cd /Users/runner/work/red-pen-ios/red-pen-ios/ios/build/SourcePackages/checkouts/LocalLLMClient
    /Applications/Xcode_26.6.app/Contents/Developer/Toolchains/XcodeDefault.xctoolchain/usr/bin/clang -Xlinker -reproducible -target arm64-apple-ios17.0-simulator -r -isysroot /Applications/Xcode_26.6.app/Contents/Developer/Platforms/iPhoneSimulator.platform/Developer/SDKs/iPhoneSimulator26.5.sdk -O0 -w -F/Users/runner/work/red-pen-ios/red-pen-ios/ios/build/Build/Intermediates.noindex/EagerLinkingTBDs/Debug-iphonesimulator -F/Users/runner/work/red-pen-ios/red-pen-ios/ios/build/Build/Products/Debug-iphonesimulator/PackageFrameworks -F/Users/runner/work/red-pen-ios/red-pen-ios/ios/build/Build/Products/Debug-iphonesimulator/PackageFrameworks -F/Users/runner/work/red-pen-ios/red-pen-ios/ios/build/Build/Products/Debug-iphonesimulator/PackageFrameworks -F/Users/runner/work/red-pen-ios/red-pen-ios/ios/build/Build/Products/Debug-iphonesimulator/PackageFrameworks -F/Users/runner/work/red-pen-ios/red-pen-ios/ios/build/Build/Products/Debug-iphonesimulator/PackageFrameworks -F/Users/runner/work/red-pen-ios/red-pen-ios/ios/build/Build/Products/Debug-iphonesimulator/PackageFrameworks -F/Users/runner/work/red-pen-ios/red-pen-ios/ios/build/Build/Products/Debug-iphonesimulator -iframework /Applications/Xcode_26.6.app/Contents/Developer/Platforms/iPhoneSimulator.platform/Developer/Library/Frameworks -iframework /Applications/Xcode_26.6.app/Contents/Developer/Platforms/iPhoneSimulator.platform/Developer/SDKs/iPhoneSimulator26.5.sdk/Developer/Library/Frameworks -filelist /Users/runner/work/red-pen-ios/red-pen-ios/ios/build/Build/Intermediates.noindex/LocalLLMClient.build/Debug-iphonesimulator/LocalLLMClientLlama.build/Objects-normal/arm64/LocalLLMClientLlama.LinkFileList -nostdlib -Xlinker -object_path_lto -Xlinker /Users/runner/work/red-pen-ios/red-pen-ios/ios/build/Build/Intermediates.noindex/LocalLLMClient.build/Debug-iphonesimulator/LocalLLMClientLlama.build/Objects-normal/arm64/LocalLLMClientLlama_lto.o -Xlinker -no_deduplicate -Xlinker -objc_abi_version -Xlinker 2 -Xlinker -dependency_info -Xlinker /Users/runner/work/red-pen-ios/red-pen-ios/ios/build/Build/Intermediates.noindex/LocalLLMClient.build/Debug-iphonesimulator/LocalLLMClientLlama.build/Objects-normal/arm64/LocalLLMClientLlama_dependency_info.dat -fobjc-link-runtime -L/Applications/Xcode_26.6.app/Contents/Developer/Toolchains/XcodeDefault.xctoolchain/usr/lib/swift/iphonesimulator -L/usr/lib/swift -Xlinker -add_ast_path -Xlinker /Users/runner/work/red-pen-ios/red-pen-ios/ios/build/Build/Intermediates.noindex/LocalLLMClient.build/Debug-iphonesimulator/LocalLLMClientLlama.build/Objects-normal/arm64/LocalLLMClientLlama.swiftmodule -o /Users/runner/work/red-pen-ios/red-pen-ios/ios/build/Build/Products/Debug-iphonesimulator/LocalLLMClientLlama.o

ExtractAppIntentsMetadata (in target 'LocalLLMClientMacros' from project 'LocalLLMClient')
    cd /Users/runner/work/red-pen-ios/red-pen-ios/ios/build/SourcePackages/checkouts/LocalLLMClient
    /Applications/Xcode_26.6.app/Contents/Developer/Toolchains/XcodeDefault.xctoolchain/usr/bin/appintentsmetadataprocessor --toolchain-dir /var/run/com.apple.security.cryptexd/mnt/com.apple.MobileAsset.MetalToolchain-v17.6.109.0.iHKZXc/Metal.xctoolchain --module-name LocalLLMClientMacros --sdk-root /Applications/Xcode_26.6.app/Contents/Developer/Platforms/iPhoneSimulator.platform/Developer/SDKs/iPhoneSimulator26.5.sdk --xcode-version 17F113 --platform-family iOS --deployment-target 17.0 --bundle-identifier localllmclient.LocalLLMClientMacros --output /Users/runner/work/red-pen-ios/red-pen-ios/ios/build/Build/Products/Debug-iphonesimulator/LocalLLMClientMacros.appintents --target-triple arm64-apple-ios17.0-simulator --binary-file /Users/runner/work/red-pen-ios/red-pen-ios/ios/build/Build/Products/Debug-iphonesimulator/LocalLLMClientMacros.o --dependency-file /Users/runner/work/red-pen-ios/red-pen-ios/ios/build/Build/Intermediates.noindex/LocalLLMClient.build/Debug-iphonesimulator/LocalLLMClientMacros.build/Objects-normal/arm64/LocalLLMClientMacros_dependency_info.dat --stringsdata-file /Users/runner/work/red-pen-ios/red-pen-ios/ios/build/Build/Intermediates.noindex/LocalLLMClient.build/Debug-iphonesimulator/LocalLLMClientMacros.build/Objects-normal/arm64/ExtractedAppShortcutsMetadata.stringsdata --source-file-list /Users/runner/work/red-pen-ios/red-pen-ios/ios/build/Build/Intermediates.noindex/LocalLLMClient.build/Debug-iphonesimulator/LocalLLMClientMacros.build/Objects-normal/arm64/LocalLLMClientMacros.SwiftFileList --metadata-file-list /Users/runner/work/red-pen-ios/red-pen-ios/ios/build/Build/Intermediates.noindex/LocalLLMClient.build/Debug-iphonesimulator/LocalLLMClientMacros.build/LocalLLMClientMacros.DependencyMetadataFileList --static-metadata-file-list /Users/runner/work/red-pen-ios/red-pen-ios/ios/build/Build/Intermediates.noindex/LocalLLMClient.build/Debug-iphonesimulator/LocalLLMClientMacros.build/LocalLLMClientMacros.DependencyStaticMetadataFileList --swift-const-vals-list /Users/runner/work/red-pen-ios/red-pen-ios/ios/build/Build/Intermediates.noindex/LocalLLMClient.build/Debug-iphonesimulator/LocalLLMClientMacros.build/Objects-normal/arm64/LocalLLMClientMacros.SwiftConstValuesFileList --force --compile-time-extraction --deployment-aware-processing --validate-assistant-intents --no-app-shortcuts-localization
2026-10-09 14:40:41.279 appintentsmetadataprocessor[13403:39539] Starting appintentsmetadataprocessor export
2026-10-09 14:40:41.294 appintentsmetadataprocessor[13403:39539] Extracted no relevant App Intents symbols, skipping writing output

ExtractAppIntentsMetadata (in target 'LocalLLMClientLlama' from project 'LocalLLMClient')
    cd /Users/runner/work/red-pen-ios/red-pen-ios/ios/build/SourcePackages/checkouts/LocalLLMClient
    /Applications/Xcode_26.6.app/Contents/Developer/Toolchains/XcodeDefault.xctoolchain/usr/bin/appintentsmetadataprocessor --toolchain-dir /var/run/com.apple.security.cryptexd/mnt/com.apple.MobileAsset.MetalToolchain-v17.6.109.0.iHKZXc/Metal.xctoolchain --module-name LocalLLMClientLlama --sdk-root /Applications/Xcode_26.6.app/Contents/Developer/Platforms/iPhoneSimulator.platform/Developer/SDKs/iPhoneSimulator26.5.sdk --xcode-version 17F113 --platform-family iOS --deployment-target 17.0 --bundle-identifier localllmclient.LocalLLMClientLlama --output /Users/runner/work/red-pen-ios/red-pen-ios/ios/build/Build/Products/Debug-iphonesimulator/LocalLLMClientLlama.appintents --target-triple arm64-apple-ios17.0-simulator --binary-file /Users/runner/work/red-pen-ios/red-pen-ios/ios/build/Build/Products/Debug-iphonesimulator/LocalLLMClientLlama.o --dependency-file /Users/runner/work/red-pen-ios/red-pen-ios/ios/build/Build/Intermediates.noindex/LocalLLMClient.build/Debug-iphonesimulator/LocalLLMClientLlama.build/Objects-normal/arm64/LocalLLMClientLlama_dependency_info.dat --stringsdata-file /Users/runner/work/red-pen-ios/red-pen-ios/ios/build/Build/Intermediates.noindex/LocalLLMClient.build/Debug-iphonesimulator/LocalLLMClientLlama.build/Objects-normal/arm64/ExtractedAppShortcutsMetadata.stringsdata --source-file-list /Users/runner/work/red-pen-ios/red-pen-ios/ios/build/Build/Intermediates.noindex/LocalLLMClient.build/Debug-iphonesimulator/LocalLLMClientLlama.build/Objects-normal/arm64/LocalLLMClientLlama.SwiftFileList --metadata-file-list /Users/runner/work/red-pen-ios/red-pen-ios/ios/build/Build/Intermediates.noindex/LocalLLMClient.build/Debug-iphonesimulator/LocalLLMClientLlama.build/LocalLLMClientLlama.DependencyMetadataFileList --static-metadata-file-list /Users/runner/work/red-pen-ios/red-pen-ios/ios/build/Build/Intermediates.noindex/LocalLLMClient.build/Debug-iphonesimulator/LocalLLMClientLlama.build/LocalLLMClientLlama.DependencyStaticMetadataFileList --swift-const-vals-list /Users/runner/work/red-pen-ios/red-pen-ios/ios/build/Build/Intermediates.noindex/LocalLLMClient.build/Debug-iphonesimulator/LocalLLMClientLlama.build/Objects-normal/arm64/LocalLLMClientLlama.SwiftConstValuesFileList --force --compile-time-extraction --deployment-aware-processing --validate-assistant-intents --no-app-shortcuts-localization
2026-10-09 14:40:41.333 appintentsmetadataprocessor[13408:39549] Starting appintentsmetadataprocessor export
2026-10-09 14:40:41.362 appintentsmetadataprocessor[13408:39549] Extracted no relevant App Intents symbols, skipping writing output

RegisterExecutionPolicyException /Users/runner/work/red-pen-ios/red-pen-ios/ios/build/Build/Products/Debug-iphonesimulator/LocalLLMClientMacros.o (in target 'LocalLLMClientMacros' from project 'LocalLLMClient')
    cd /Users/runner/work/red-pen-ios/red-pen-ios/ios/build/SourcePackages/checkouts/LocalLLMClient
    builtin-RegisterExecutionPolicyException /Users/runner/work/red-pen-ios/red-pen-ios/ios/build/Build/Products/Debug-iphonesimulator/LocalLLMClientMacros.o

RegisterExecutionPolicyException /Users/runner/work/red-pen-ios/red-pen-ios/ios/build/Build/Products/Debug-iphonesimulator/LocalLLMClientLlama.o (in target 'LocalLLMClientLlama' from project 'LocalLLMClient')
    cd /Users/runner/work/red-pen-ios/red-pen-ios/ios/build/SourcePackages/checkouts/LocalLLMClient
    builtin-RegisterExecutionPolicyException /Users/runner/work/red-pen-ios/red-pen-ios/ios/build/Build/Products/Debug-iphonesimulator/LocalLLMClientLlama.o

Ld /Users/runner/work/red-pen-ios/red-pen-ios/ios/build/Build/Products/Debug-iphonesimulator/LocalLLMClient.o normal (in target 'LocalLLMClient' from project 'LocalLLMClient')
    cd /Users/runner/work/red-pen-ios/red-pen-ios/ios/build/SourcePackages/checkouts/LocalLLMClient
    /Applications/Xcode_26.6.app/Contents/Developer/Toolchains/XcodeDefault.xctoolchain/usr/bin/clang -Xlinker -reproducible -target arm64-apple-ios17.0-simulator -r -isysroot /Applications/Xcode_26.6.app/Contents/Developer/Platforms/iPhoneSimulator.platform/Developer/SDKs/iPhoneSimulator26.5.sdk -O0 -w -F/Users/runner/work/red-pen-ios/red-pen-ios/ios/build/Build/Intermediates.noindex/EagerLinkingTBDs/Debug-iphonesimulator -F/Users/runner/work/red-pen-ios/red-pen-ios/ios/build/Build/Products/Debug-iphonesimulator/PackageFrameworks -F/Users/runner/work/red-pen-ios/red-pen-ios/ios/build/Build/Products/Debug-iphonesimulator/PackageFrameworks -F/Users/runner/work/red-pen-ios/red-pen-ios/ios/build/Build/Products/Debug-iphonesimulator/PackageFrameworks -F/Users/runner/work/red-pen-ios/red-pen-ios/ios/build/Build/Products/Debug-iphonesimulator/PackageFrameworks -F/Users/runner/work/red-pen-ios/red-pen-ios/ios/build/Build/Products/Debug-iphonesimulator/PackageFrameworks -F/Users/runner/work/red-pen-ios/red-pen-ios/ios/build/Build/Products/Debug-iphonesimulator/PackageFrameworks -F/Users/runner/work/red-pen-ios/red-pen-ios/ios/build/Build/Products/Debug-iphonesimulator -iframework /Applications/Xcode_26.6.app/Contents/Developer/Platforms/iPhoneSimulator.platform/Developer/Library/Frameworks -iframework /Applications/Xcode_26.6.app/Contents/Developer/Platforms/iPhoneSimulator.platform/Developer/SDKs/iPhoneSimulator26.5.sdk/Developer/Library/Frameworks -filelist /Users/runner/work/red-pen-ios/red-pen-ios/ios/build/Build/Intermediates.noindex/LocalLLMClient.build/Debug-iphonesimulator/LocalLLMClient.build/Objects-normal/arm64/LocalLLMClient.LinkFileList -nostdlib -Xlinker -object_path_lto -Xlinker /Users/runner/work/red-pen-ios/red-pen-ios/ios/build/Build/Intermediates.noindex/LocalLLMClient.build/Debug-iphonesimulator/LocalLLMClient.build/Objects-normal/arm64/LocalLLMClient_lto.o -Xlinker -no_deduplicate -Xlinker -objc_abi_version -Xlinker 2 -Xlinker -dependency_info -Xlinker /Users/runner/work/red-pen-ios/red-pen-ios/ios/build/Build/Intermediates.noindex/LocalLLMClient.build/Debug-iphonesimulator/LocalLLMClient.build/Objects-normal/arm64/LocalLLMClient_dependency_info.dat -fobjc-link-runtime -L/Applications/Xcode_26.6.app/Contents/Developer/Toolchains/XcodeDefault.xctoolchain/usr/lib/swift/iphonesimulator -L/usr/lib/swift -Xlinker -add_ast_path -Xlinker /Users/runner/work/red-pen-ios/red-pen-ios/ios/build/Build/Intermediates.noindex/LocalLLMClient.build/Debug-iphonesimulator/LocalLLMClient.build/Objects-normal/arm64/LocalLLMClient.swiftmodule -o /Users/runner/work/red-pen-ios/red-pen-ios/ios/build/Build/Products/Debug-iphonesimulator/LocalLLMClient.o

ExtractAppIntentsMetadata (in target 'LocalLLMClient' from project 'LocalLLMClient')
    cd /Users/runner/work/red-pen-ios/red-pen-ios/ios/build/SourcePackages/checkouts/LocalLLMClient
    /Applications/Xcode_26.6.app/Contents/Developer/Toolchains/XcodeDefault.xctoolchain/usr/bin/appintentsmetadataprocessor --toolchain-dir /var/run/com.apple.security.cryptexd/mnt/com.apple.MobileAsset.MetalToolchain-v17.6.109.0.iHKZXc/Metal.xctoolchain --module-name LocalLLMClient --sdk-root /Applications/Xcode_26.6.app/Contents/Developer/Platforms/iPhoneSimulator.platform/Developer/SDKs/iPhoneSimulator26.5.sdk --xcode-version 17F113 --platform-family iOS --deployment-target 17.0 --bundle-identifier localllmclient.LocalLLMClient --output /Users/runner/work/red-pen-ios/red-pen-ios/ios/build/Build/Products/Debug-iphonesimulator/LocalLLMClient.appintents --target-triple arm64-apple-ios17.0-simulator --binary-file /Users/runner/work/red-pen-ios/red-pen-ios/ios/build/Build/Products/Debug-iphonesimulator/LocalLLMClient.o --dependency-file /Users/runner/work/red-pen-ios/red-pen-ios/ios/build/Build/Intermediates.noindex/LocalLLMClient.build/Debug-iphonesimulator/LocalLLMClient.build/Objects-normal/arm64/LocalLLMClient_dependency_info.dat --stringsdata-file /Users/runner/work/red-pen-ios/red-pen-ios/ios/build/Build/Intermediates.noindex/LocalLLMClient.build/Debug-iphonesimulator/LocalLLMClient.build/Objects-normal/arm64/ExtractedAppShortcutsMetadata.stringsdata --source-file-list /Users/runner/work/red-pen-ios/red-pen-ios/ios/build/Build/Intermediates.noindex/LocalLLMClient.build/Debug-iphonesimulator/LocalLLMClient.build/Objects-normal/arm64/LocalLLMClient.SwiftFileList --metadata-file-list /Users/runner/work/red-pen-ios/red-pen-ios/ios/build/Build/Intermediates.noindex/LocalLLMClient.build/Debug-iphonesimulator/LocalLLMClient.build/LocalLLMClient.DependencyMetadataFileList --static-metadata-file-list /Users/runner/work/red-pen-ios/red-pen-ios/ios/build/Build/Intermediates.noindex/LocalLLMClient.build/Debug-iphonesimulator/LocalLLMClient.build/LocalLLMClient.DependencyStaticMetadataFileList --swift-const-vals-list /Users/runner/work/red-pen-ios/red-pen-ios/ios/build/Build/Intermediates.noindex/LocalLLMClient.build/Debug-iphonesimulator/LocalLLMClient.build/Objects-normal/arm64/LocalLLMClient.SwiftConstValuesFileList --force --compile-time-extraction --deployment-aware-processing --validate-assistant-intents --no-app-shortcuts-localization
2026-10-09 14:40:41.486 appintentsmetadataprocessor[13417:39574] Starting appintentsmetadataprocessor export
2026-10-09 14:40:41.560 appintentsmetadataprocessor[13417:39574] Extracted no relevant App Intents symbols, skipping writing output

RegisterExecutionPolicyException /Users/runner/work/red-pen-ios/red-pen-ios/ios/build/Build/Products/Debug-iphonesimulator/LocalLLMClient.o (in target 'LocalLLMClient' from project 'LocalLLMClient')
    cd /Users/runner/work/red-pen-ios/red-pen-ios/ios/build/SourcePackages/checkouts/LocalLLMClient
    builtin-RegisterExecutionPolicyException /Users/runner/work/red-pen-ios/red-pen-ios/ios/build/Build/Products/Debug-iphonesimulator/LocalLLMClient.o

CpResource /Users/runner/work/red-pen-ios/red-pen-ios/ios/build/Build/Products/Debug-iphonesimulator/RedPen.app/layers /Users/runner/work/red-pen-ios/red-pen-ios/design/icon/layers (in target 'RedPen' from project 'RedPen')
    cd /Users/runner/work/red-pen-ios/red-pen-ios/ios
    builtin-copy -exclude .DS_Store -exclude CVS -exclude .svn -exclude .git -exclude .hg -resolve-src-symlinks /Users/runner/work/red-pen-ios/red-pen-ios/design/icon/layers /Users/runner/work/red-pen-ios/red-pen-ios/ios/build/Build/Products/Debug-iphonesimulator/RedPen.app

Ld /Users/runner/work/red-pen-ios/red-pen-ios/ios/build/Build/Products/Debug-iphonesimulator/RedPen.app/__preview.dylib normal (in target 'RedPen' from project 'RedPen')
    cd /Users/runner/work/red-pen-ios/red-pen-ios/ios
    /Applications/Xcode_26.6.app/Contents/Developer/Toolchains/XcodeDefault.xctoolchain/usr/bin/clang -Xlinker -reproducible -target arm64-apple-ios26.0-simulator -dynamiclib -isysroot /Applications/Xcode_26.6.app/Contents/Developer/Platforms/iPhoneSimulator.platform/Developer/SDKs/iPhoneSimulator26.5.sdk -O0 -L/Users/runner/work/red-pen-ios/red-pen-ios/ios/build/Build/Products/Debug-iphonesimulator -F/Users/runner/work/red-pen-ios/red-pen-ios/ios/build/Build/Products/Debug-iphonesimulator/PackageFrameworks -F/Users/runner/work/red-pen-ios/red-pen-ios/ios/build/Build/Products/Debug-iphonesimulator/PackageFrameworks -F/Users/runner/work/red-pen-ios/red-pen-ios/ios/build/Build/Products/Debug-iphonesimulator/PackageFrameworks -F/Users/runner/work/red-pen-ios/red-pen-ios/ios/build/Build/Products/Debug-iphonesimulator/PackageFrameworks -F/Users/runner/work/red-pen-ios/red-pen-ios/ios/build/Build/Products/Debug-iphonesimulator/PackageFrameworks -F/Users/runner/work/red-pen-ios/red-pen-ios/ios/build/Build/Products/Debug-iphonesimulator/PackageFrameworks -F/Users/runner/work/red-pen-ios/red-pen-ios/ios/build/Build/Products/Debug-iphonesimulator/PackageFrameworks -F/Users/runner/work/red-pen-ios/red-pen-ios/ios/build/Build/Products/Debug-iphonesimulator/PackageFrameworks -F/Users/runner/work/red-pen-ios/red-pen-ios/ios/build/Build/Products/Debug-iphonesimulator/PackageFrameworks -F/Users/runner/work/red-pen-ios/red-pen-ios/ios/build/Build/Products/Debug-iphonesimulator -install_name @rpath/RedPen.debug.dylib -Xlinker -dead_strip -rdynamic -Xlinker -no_deduplicate -Xlinker -objc_abi_version -Xlinker 2 -Xlinker -dependency_info -Xlinker /Users/runner/work/red-pen-ios/red-pen-ios/ios/build/Build/Intermediates.noindex/RedPen.build/Debug-iphonesimulator/RedPen.build/Objects-normal/arm64/RedPen_dependency_info.dat -o /Users/runner/work/red-pen-ios/red-pen-ios/ios/build/Build/Products/Debug-iphonesimulator/RedPen.app/__preview.dylib

CpResource /Users/runner/work/red-pen-ios/red-pen-ios/ios/build/Build/Products/Debug-iphonesimulator/RedPen.app/RedPen.storekit /Users/runner/work/red-pen-ios/red-pen-ios/ios/RedPen/RedPen.storekit (in target 'RedPen' from project 'RedPen')
    cd /Users/runner/work/red-pen-ios/red-pen-ios/ios
    builtin-copy -exclude .DS_Store -exclude CVS -exclude .svn -exclude .git -exclude .hg -resolve-src-symlinks /Users/runner/work/red-pen-ios/red-pen-ios/ios/RedPen/RedPen.storekit /Users/runner/work/red-pen-ios/red-pen-ios/ios/build/Build/Products/Debug-iphonesimulator/RedPen.app

CpResource /Users/runner/work/red-pen-ios/red-pen-ios/ios/build/Build/Products/Debug-iphonesimulator/RedPen.app/PrivacyInfo.xcprivacy /Users/runner/work/red-pen-ios/red-pen-ios/ios/AppResources/PrivacyInfo.xcprivacy (in target 'RedPen' from project 'RedPen')
    cd /Users/runner/work/red-pen-ios/red-pen-ios/ios
    builtin-copy -exclude .DS_Store -exclude CVS -exclude .svn -exclude .git -exclude .hg -resolve-src-symlinks /Users/runner/work/red-pen-ios/red-pen-ios/ios/AppResources/PrivacyInfo.xcprivacy /Users/runner/work/red-pen-ios/red-pen-ios/ios/build/Build/Products/Debug-iphonesimulator/RedPen.app

CopyStringsFile /Users/runner/work/red-pen-ios/red-pen-ios/ios/build/Build/Products/Debug-iphonesimulator/RedPen.app/ar.lproj/InfoPlist.strings /Users/runner/work/red-pen-ios/red-pen-ios/ios/AppResources/Localized/ar.lproj/InfoPlist.strings (in target 'RedPen' from project 'RedPen')
    cd /Users/runner/work/red-pen-ios/red-pen-ios/ios
    builtin-copyStrings --validate --outputencoding binary --outfilename InfoPlist.strings --outdir /Users/runner/work/red-pen-ios/red-pen-ios/ios/build/Build/Products/Debug-iphonesimulator/RedPen.app/ar.lproj -- /Users/runner/work/red-pen-ios/red-pen-ios/ios/AppResources/Localized/ar.lproj/InfoPlist.strings
/Users/runner/work/red-pen-ios/red-pen-ios/ios/AppResources/Localized/ar.lproj/InfoPlist.strings:1:1: note: detected encoding of input file as Unicode (UTF-8) (in target 'RedPen' from project 'RedPen')

Copy /Users/runner/work/red-pen-ios/red-pen-ios/ios/build/Build/Products/Debug-iphonesimulator/RedPen.app/LocalLLMClient_LocalLLMClientLlama.bundle /Users/runner/work/red-pen-ios/red-pen-ios/ios/build/Build/Products/Debug-iphonesimulator/LocalLLMClient_LocalLLMClientLlama.bundle (in target 'RedPen' from project 'RedPen')
    cd /Users/runner/work/red-pen-ios/red-pen-ios/ios
    builtin-copy -exclude .DS_Store -exclude CVS -exclude .svn -exclude .git -exclude .hg -resolve-src-symlinks /Users/runner/work/red-pen-ios/red-pen-ios/ios/build/Build/Products/Debug-iphonesimulator/LocalLLMClient_LocalLLMClientLlama.bundle /Users/runner/work/red-pen-ios/red-pen-ios/ios/build/Build/Products/Debug-iphonesimulator/RedPen.app

Copy /Users/runner/work/red-pen-ios/red-pen-ios/ios/build/Build/Products/Debug-iphonesimulator/RedPen.app/Frameworks/llama.framework /Users/runner/work/red-pen-ios/red-pen-ios/ios/build/SourcePackages/artifacts/localllmclient/LocalLLMClientLlamaFramework/llama.xcframework/ios-arm64_x86_64-simulator/llama.framework (in target 'RedPen' from project 'RedPen')
    cd /Users/runner/work/red-pen-ios/red-pen-ios/ios
    builtin-copy -exclude .DS_Store -exclude CVS -exclude .svn -exclude .git -exclude .hg -exclude Headers -exclude PrivateHeaders -exclude Modules -exclude \*.tbd -resolve-src-symlinks -remove-static-executable /Users/runner/work/red-pen-ios/red-pen-ios/ios/build/SourcePackages/artifacts/localllmclient/LocalLLMClientLlamaFramework/llama.xcframework/ios-arm64_x86_64-simulator/llama.framework /Users/runner/work/red-pen-ios/red-pen-ios/ios/build/Build/Products/Debug-iphonesimulator/RedPen.app/Frameworks

CompileXCStrings /Users/runner/work/red-pen-ios/red-pen-ios/ios/build/Build/Intermediates.noindex/RedPen.build/Debug-iphonesimulator/RedPen.build/ /Users/runner/work/red-pen-ios/red-pen-ios/ios/RedPen/Resources/Localizable.xcstrings (in target 'RedPen' from project 'RedPen')
    cd /Users/runner/work/red-pen-ios/red-pen-ios/ios
    /Applications/Xcode_26.6.app/Contents/Developer/usr/bin/xcstringstool compile --output-directory /Users/runner/work/red-pen-ios/red-pen-ios/ios/build/Build/Intermediates.noindex/RedPen.build/Debug-iphonesimulator/RedPen.build /Users/runner/work/red-pen-ios/red-pen-ios/ios/RedPen/Resources/Localizable.xcstrings

CopyStringsFile /Users/runner/work/red-pen-ios/red-pen-ios/ios/build/Build/Products/Debug-iphonesimulator/RedPen.app/en.lproj/Localizable.stringsdict /Users/runner/work/red-pen-ios/red-pen-ios/ios/build/Build/Intermediates.noindex/RedPen.build/Debug-iphonesimulator/RedPen.build/en.lproj/Localizable.stringsdict (in target 'RedPen' from project 'RedPen')
    cd /Users/runner/work/red-pen-ios/red-pen-ios/ios
    builtin-copyStrings --validate --outputencoding binary --outfilename Localizable.stringsdict --outdir /Users/runner/work/red-pen-ios/red-pen-ios/ios/build/Build/Products/Debug-iphonesimulator/RedPen.app/en.lproj -- /Users/runner/work/red-pen-ios/red-pen-ios/ios/build/Build/Intermediates.noindex/RedPen.build/Debug-iphonesimulator/RedPen.build/en.lproj/Localizable.stringsdict
/Users/runner/work/red-pen-ios/red-pen-ios/ios/build/Build/Intermediates.noindex/RedPen.build/Debug-iphonesimulator/RedPen.build/en.lproj/Localizable.stringsdict:1:1: note: detected encoding of input file as Unicode (UTF-8) (in target 'RedPen' from project 'RedPen')

CopyStringsFile /Users/runner/work/red-pen-ios/red-pen-ios/ios/build/Build/Products/Debug-iphonesimulator/RedPen.app/en.lproj/Localizable.strings /Users/runner/work/red-pen-ios/red-pen-ios/ios/build/Build/Intermediates.noindex/RedPen.build/Debug-iphonesimulator/RedPen.build/en.lproj/Localizable.strings (in target 'RedPen' from project 'RedPen')
    cd /Users/runner/work/red-pen-ios/red-pen-ios/ios
    builtin-copyStrings --validate --outputencoding binary --outfilename Localizable.strings --outdir /Users/runner/work/red-pen-ios/red-pen-ios/ios/build/Build/Products/Debug-iphonesimulator/RedPen.app/en.lproj -- /Users/runner/work/red-pen-ios/red-pen-ios/ios/build/Build/Intermediates.noindex/RedPen.build/Debug-iphonesimulator/RedPen.build/en.lproj/Localizable.strings
/Users/runner/work/red-pen-ios/red-pen-ios/ios/build/Build/Intermediates.noindex/RedPen.build/Debug-iphonesimulator/RedPen.build/en.lproj/Localizable.strings:1:1: note: detected encoding of input file as Unicode (UTF-8) (in target 'RedPen' from project 'RedPen')

CopyStringsFile /Users/runner/work/red-pen-ios/red-pen-ios/ios/build/Build/Products/Debug-iphonesimulator/RedPen.app/ar.lproj/Localizable.stringsdict /Users/runner/work/red-pen-ios/red-pen-ios/ios/build/Build/Intermediates.noindex/RedPen.build/Debug-iphonesimulator/RedPen.build/ar.lproj/Localizable.stringsdict (in target 'RedPen' from project 'RedPen')
    cd /Users/runner/work/red-pen-ios/red-pen-ios/ios
    builtin-copyStrings --validate --outputencoding binary --outfilename Localizable.stringsdict --outdir /Users/runner/work/red-pen-ios/red-pen-ios/ios/build/Build/Products/Debug-iphonesimulator/RedPen.app/ar.lproj -- /Users/runner/work/red-pen-ios/red-pen-ios/ios/build/Build/Intermediates.noindex/RedPen.build/Debug-iphonesimulator/RedPen.build/ar.lproj/Localizable.stringsdict
/Users/runner/work/red-pen-ios/red-pen-ios/ios/build/Build/Intermediates.noindex/RedPen.build/Debug-iphonesimulator/RedPen.build/ar.lproj/Localizable.stringsdict:1:1: note: detected encoding of input file as Unicode (UTF-8) (in target 'RedPen' from project 'RedPen')

CopyStringsFile /Users/runner/work/red-pen-ios/red-pen-ios/ios/build/Build/Products/Debug-iphonesimulator/RedPen.app/ar.lproj/Localizable.strings /Users/runner/work/red-pen-ios/red-pen-ios/ios/build/Build/Intermediates.noindex/RedPen.build/Debug-iphonesimulator/RedPen.build/ar.lproj/Localizable.strings (in target 'RedPen' from project 'RedPen')
    cd /Users/runner/work/red-pen-ios/red-pen-ios/ios
    builtin-copyStrings --validate --outputencoding binary --outfilename Localizable.strings --outdir /Users/runner/work/red-pen-ios/red-pen-ios/ios/build/Build/Products/Debug-iphonesimulator/RedPen.app/ar.lproj -- /Users/runner/work/red-pen-ios/red-pen-ios/ios/build/Build/Intermediates.noindex/RedPen.build/Debug-iphonesimulator/RedPen.build/ar.lproj/Localizable.strings
/Users/runner/work/red-pen-ios/red-pen-ios/ios/build/Build/Intermediates.noindex/RedPen.build/Debug-iphonesimulator/RedPen.build/ar.lproj/Localizable.strings:1:1: note: detected encoding of input file as Unicode (UTF-8) (in target 'RedPen' from project 'RedPen')

SwiftDriverJobDiscovery normal arm64 Compiling GraphPerfClusters.swift, GraphPerfForce.swift, GraphPerfGraph.swift, GraphPerfLOD.swift, GraphPerfLayout.swift, GraphPerfMapView.swift, GraphPerfPick.swift, GraphPerfRenderer.swift, GraphPerfScene.swift, GraphPerfShaders.swift, GraphPerfSynthetic.swift, GraphPerfTheme.swift, GraphPreview.swift, GraphProbeMemo.swift, GraphRibbons.swift, GraphShaderCatalog.swift, GraphShaderKit.swift, GraphShapeKey.swift, GraphSpaceOptics.swift, GraphSpaceShaders.swift, GraphStyleAnimator.swift, GraphSynapse.swift, GraphTheme.swift, GraphThemePlan.swift, GraphThemeScene.swift (in target 'RedPen' from project 'RedPen')

SwiftDriverJobDiscovery normal arm64 Compiling LibraryBackup.swift, LibraryBackupRunner.swift, LibraryCategory.swift, LibraryChrome.swift, LibraryDataSettingsSection.swift, LibraryFile.swift, LibraryImport.swift, LibraryPictures.swift, LibraryRows.swift, LibrarySavedIdeas.swift, LibrarySearch.swift, LibrarySearchModel.swift, LibrarySearchResults.swift, LibrarySheets.swift, LibraryView.swift, LinkDeviceView.swift, LiquidGlass.swift, LocalLLMService.swift, MCQCoverage.swift, MCQEdit.swift, MCQExamTools.swift, MCQGenerateForm.swift, MCQGenerator.swift, MCQPrompt.swift, MCQQuestion.swift (in target 'RedPen' from project 'RedPen')

SwiftDriver\ Compilation RedPen normal arm64 com.apple.xcode.tools.swift.compiler (in target 'RedPen' from project 'RedPen')
    cd /Users/runner/work/red-pen-ios/red-pen-ios/ios
    builtin-Swift-Compilation -- /Applications/Xcode_26.6.app/Contents/Developer/Toolchains/XcodeDefault.xctoolchain/usr/bin/swiftc -module-name RedPen -Onone @/Users/runner/work/red-pen-ios/red-pen-ios/ios/build/Build/Intermediates.noindex/RedPen.build/Debug-iphonesimulator/RedPen.build/Objects-normal/arm64/RedPen.SwiftFileList -DDEBUG -cxx-interoperability-mode\=default -enable-bare-slash-regex -enable-experimental-feature DebugDescriptionMacro -sdk /Applications/Xcode_26.6.app/Contents/Developer/Platforms/iPhoneSimulator.platform/Developer/SDKs/iPhoneSimulator26.5.sdk -target arm64-apple-ios26.0-simulator -g -module-cache-path /Users/runner/work/red-pen-ios/red-pen-ios/ios/build/ModuleCache.noindex -Xfrontend -serialize-debugging-options -enable-testing -index-store-path /Users/runner/work/red-pen-ios/red-pen-ios/ios/build/Index.noindex/DataStore -Xcc -D_LIBCPP_HARDENING_MODE\=_LIBCPP_HARDENING_MODE_DEBUG -swift-version 5 -I /Users/runner/work/red-pen-ios/red-pen-ios/ios/build/Build/Products/Debug-iphonesimulator -F /Users/runner/work/red-pen-ios/red-pen-ios/ios/build/Build/Products/Debug-iphonesimulator/PackageFrameworks -F /Users/runner/work/red-pen-ios/red-pen-ios/ios/build/Build/Products/Debug-iphonesimulator/PackageFrameworks -F /Users/runner/work/red-pen-ios/red-pen-ios/ios/build/Build/Products/Debug-iphonesimulator/PackageFrameworks -F /Users/runner/work/red-pen-ios/red-pen-ios/ios/build/Build/Products/Debug-iphonesimulator/PackageFrameworks -F /Users/runner/work/red-pen-ios/red-pen-ios/ios/build/Build/Products/Debug-iphonesimulator/PackageFrameworks -F /Users/runner/work/red-pen-ios/red-pen-ios/ios/build/Build/Products/Debug-iphonesimulator/PackageFrameworks -F /Users/runner/work/red-pen-ios/red-pen-ios/ios/build/Build/Products/Debug-iphonesimulator/PackageFrameworks -F /Users/runner/work/red-pen-ios/red-pen-ios/ios/build/Build/Products/Debug-iphonesimulator/PackageFrameworks -F /Users/runner/work/red-pen-ios/red-pen-ios/ios/build/Build/Products/Debug-iphonesimulator/PackageFrameworks -F /Users/runner/work/red-pen-ios/red-pen-ios/ios/build/Build/Products/Debug-iphonesimulator -Xfrontend -load-plugin-executable -Xfrontend /Users/runner/work/red-pen-ios/red-pen-ios/ios/build/Build/Products/Debug/LocalLLMClientMacrosPlugin\#LocalLLMClientMacrosPlugin -c -j3 -enable-batch-mode -incremental -Xcc -ivfsstatcache -Xcc /Users/runner/work/red-pen-ios/red-pen-ios/ios/build/SDKStatCaches.noindex/iphonesimulator26.5-23F81a-688ef53f1462e2c8f657fdc38a81448ff45c64a1807a658693f2a61704f17a36.sdkstatcache -output-file-map /Users/runner/work/red-pen-ios/red-pen-ios/ios/build/Build/Intermediates.noindex/RedPen.build/Debug-iphonesimulator/RedPen.build/Objects-normal/arm64/RedPen-OutputFileMap.json -use-frontend-parseable-output -save-temps -no-color-diagnostics -serialize-diagnostics -emit-dependencies -emit-module -emit-module-path /Users/runner/work/red-pen-ios/red-pen-ios/ios/build/Build/Intermediates.noindex/RedPen.build/Debug-iphonesimulator/RedPen.build/Objects-normal/arm64/RedPen.swiftmodule -validate-clang-modules-once -clang-build-session-file /Users/runner/work/red-pen-ios/red-pen-ios/ios/build/ModuleCache.noindex/Session.modulevalidation -Xcc -I/Users/runner/work/red-pen-ios/red-pen-ios/ios/build/Build/Intermediates.noindex/RedPen.build/Debug-iphonesimulator/RedPen.build/swift-overrides.hmap -emit-const-values -Xfrontend -const-gather-protocols-file -Xfrontend /Users/runner/work/red-pen-ios/red-pen-ios/ios/build/Build/Intermediates.noindex/RedPen.build/Debug-iphonesimulator/RedPen.build/Objects-normal/arm64/RedPen_const_extract_protocols.json -Xcc -iquote -Xcc /Users/runner/work/red-pen-ios/red-pen-ios/ios/build/Build/Intermediates.noindex/RedPen.build/Debug-iphonesimulator/RedPen.build/RedPen-generated-files.hmap -Xcc -I/Users/runner/work/red-pen-ios/red-pen-ios/ios/build/Build/Intermediates.noindex/RedPen.build/Debug-iphonesimulator/RedPen.build/RedPen-own-target-headers.hmap -Xcc -I/Users/runner/work/red-pen-ios/red-pen-ios/ios/build/Build/Intermediates.noindex/RedPen.build/Debug-iphonesimulator/RedPen.build/RedPen-all-non-framework-target-headers.hmap -Xcc -ivfsoverlay -Xcc /Users/runner/work/red-pen-ios/red-pen-ios/ios/build/Build/Intermediates.noindex/RedPen.build/Debug-iphonesimulator/RedPen-599707e14dd5256a6604c828c0c573bf-VFS-iphonesimulator/all-product-headers.yaml -Xcc -iquote -Xcc /Users/runner/work/red-pen-ios/red-pen-ios/ios/build/Build/Intermediates.noindex/RedPen.build/Debug-iphonesimulator/RedPen.build/RedPen-project-headers.hmap -Xcc -I/Users/runner/work/red-pen-ios/red-pen-ios/ios/build/SourcePackages/checkouts/LocalLLMClient/Sources/LocalLLMClientLlamaC/include -Xcc -I/Users/runner/work/red-pen-ios/red-pen-ios/ios/build/Build/Products/Debug-iphonesimulator/include -Xcc -I/Users/runner/work/red-pen-ios/red-pen-ios/ios/build/Build/Intermediates.noindex/RedPen.build/Debug-iphonesimulator/RedPen.build/DerivedSources-normal/arm64 -Xcc -I/Users/runner/work/red-pen-ios/red-pen-ios/ios/build/Build/Intermediates.noindex/RedPen.build/Debug-iphonesimulator/RedPen.build/DerivedSources/arm64 -Xcc -I/Users/runner/work/red-pen-ios/red-pen-ios/ios/build/Build/Intermediates.noindex/RedPen.build/Debug-iphonesimulator/RedPen.build/DerivedSources -Xcc -DDEBUG\=1 -emit-objc-header -emit-objc-header-path /Users/runner/work/red-pen-ios/red-pen-ios/ios/build/Build/Intermediates.noindex/RedPen.build/Debug-iphonesimulator/RedPen.build/Objects-normal/arm64/RedPen-Swift.h -working-directory /Users/runner/work/red-pen-ios/red-pen-ios/ios -experimental-emit-module-separately -disable-cmo

Ld /Users/runner/work/red-pen-ios/red-pen-ios/ios/build/Build/Products/Debug-iphonesimulator/RedPen.app/RedPen.debug.dylib normal (in target 'RedPen' from project 'RedPen')
    cd /Users/runner/work/red-pen-ios/red-pen-ios/ios
    /Applications/Xcode_26.6.app/Contents/Developer/Toolchains/XcodeDefault.xctoolchain/usr/bin/clang -Xlinker -reproducible -target arm64-apple-ios26.0-simulator -dynamiclib -isysroot /Applications/Xcode_26.6.app/Contents/Developer/Platforms/iPhoneSimulator.platform/Developer/SDKs/iPhoneSimulator26.5.sdk -O0 -L/Users/runner/work/red-pen-ios/red-pen-ios/ios/build/Build/Intermediates.noindex/EagerLinkingTBDs/Debug-iphonesimulator -L/Users/runner/work/red-pen-ios/red-pen-ios/ios/build/Build/Products/Debug-iphonesimulator -F/Users/runner/work/red-pen-ios/red-pen-ios/ios/build/Build/Intermediates.noindex/EagerLinkingTBDs/Debug-iphonesimulator -F/Users/runner/work/red-pen-ios/red-pen-ios/ios/build/Build/Products/Debug-iphonesimulator/PackageFrameworks -F/Users/runner/work/red-pen-ios/red-pen-ios/ios/build/Build/Products/Debug-iphonesimulator/PackageFrameworks -F/Users/runner/work/red-pen-ios/red-pen-ios/ios/build/Build/Products/Debug-iphonesimulator/PackageFrameworks -F/Users/runner/work/red-pen-ios/red-pen-ios/ios/build/Build/Products/Debug-iphonesimulator/PackageFrameworks -F/Users/runner/work/red-pen-ios/red-pen-ios/ios/build/Build/Products/Debug-iphonesimulator/PackageFrameworks -F/Users/runner/work/red-pen-ios/red-pen-ios/ios/build/Build/Products/Debug-iphonesimulator/PackageFrameworks -F/Users/runner/work/red-pen-ios/red-pen-ios/ios/build/Build/Products/Debug-iphonesimulator/PackageFrameworks -F/Users/runner/work/red-pen-ios/red-pen-ios/ios/build/Build/Products/Debug-iphonesimulator/PackageFrameworks -F/Users/runner/work/red-pen-ios/red-pen-ios/ios/build/Build/Products/Debug-iphonesimulator/PackageFrameworks -F/Users/runner/work/red-pen-ios/red-pen-ios/ios/build/Build/Products/Debug-iphonesimulator -filelist /Users/runner/work/red-pen-ios/red-pen-ios/ios/build/Build/Intermediates.noindex/RedPen.build/Debug-iphonesimulator/RedPen.build/Objects-normal/arm64/RedPen.LinkFileList -install_name @rpath/RedPen.debug.dylib -Xlinker -rpath -Xlinker /Users/runner/work/red-pen-ios/red-pen-ios/ios/build/Build/Products/Debug-iphonesimulator/PackageFrameworks -Xlinker -rpath -Xlinker @executable_path/Frameworks -Xlinker -dead_strip -Xlinker -object_path_lto -Xlinker /Users/runner/work/red-pen-ios/red-pen-ios/ios/build/Build/Intermediates.noindex/RedPen.build/Debug-iphonesimulator/RedPen.build/Objects-normal/arm64/RedPen_lto.o -rdynamic -Xlinker -no_deduplicate -Xlinker -objc_abi_version -Xlinker 2 -Xlinker -dependency_info -Xlinker /Users/runner/work/red-pen-ios/red-pen-ios/ios/build/Build/Intermediates.noindex/RedPen.build/Debug-iphonesimulator/RedPen.build/Objects-normal/arm64/RedPen_dependency_info.dat -fobjc-link-runtime -L/Applications/Xcode_26.6.app/Contents/Developer/Toolchains/XcodeDefault.xctoolchain/usr/lib/swift/iphonesimulator -L/usr/lib/swift -Xlinker -add_ast_path -Xlinker /Users/runner/work/red-pen-ios/red-pen-ios/ios/build/Build/Intermediates.noindex/RedPen.build/Debug-iphonesimulator/RedPen.build/Objects-normal/arm64/RedPen.swiftmodule -Wl,-no_warn_duplicate_libraries -Wl,-no_warn_duplicate_libraries -Wl,-no_warn_duplicate_libraries -Wl,-no_warn_duplicate_libraries -Wl,-no_warn_duplicate_libraries -lc++ -Wl,-no_warn_duplicate_libraries -Wl,-no_warn_duplicate_libraries -Wl,-no_warn_duplicate_libraries -Wl,-no_warn_duplicate_libraries -Xlinker -alias -Xlinker _main -Xlinker ___debug_main_executable_dylib_entry_point -framework llama -o /Users/runner/work/red-pen-ios/red-pen-ios/ios/build/Build/Products/Debug-iphonesimulator/RedPen.app/RedPen.debug.dylib -Xlinker -add_ast_path -Xlinker /Users/runner/work/red-pen-ios/red-pen-ios/ios/build/Build/Intermediates.noindex/LocalLLMClient.build/Debug-iphonesimulator/LocalLLMClient.build/Objects-normal/arm64/LocalLLMClient.swiftmodule -Xlinker -add_ast_path -Xlinker /Users/runner/work/red-pen-ios/red-pen-ios/ios/build/Build/Intermediates.noindex/LocalLLMClient.build/Debug-iphonesimulator/LocalLLMClientUtility.build/Objects-normal/arm64/LocalLLMClientUtility.swiftmodule -Xlinker -add_ast_path -Xlinker /Users/runner/work/red-pen-ios/red-pen-ios/ios/build/Build/Intermediates.noindex/Jinja.build/Debug-iphonesimulator/Jinja.build/Objects-normal/arm64/Jinja.swiftmodule -Xlinker -add_ast_path -Xlinker /Users/runner/work/red-pen-ios/red-pen-ios/ios/build/Build/Intermediates.noindex/swift-collections.build/Debug-iphonesimulator/OrderedCollections.build/Objects-normal/arm64/OrderedCollections.swiftmodule -Xlinker -add_ast_path -Xlinker /Users/runner/work/red-pen-ios/red-pen-ios/ios/build/Build/Intermediates.noindex/swift-collections.build/Debug-iphonesimulator/InternalCollectionsUtilities.build/Objects-normal/arm64/InternalCollectionsUtilities.swiftmodule -Xlinker -add_ast_path -Xlinker /Users/runner/work/red-pen-ios/red-pen-ios/ios/build/Build/Intermediates.noindex/LocalLLMClient.build/Debug-iphonesimulator/LocalLLMClientCore.build/Objects-normal/arm64/LocalLLMClientCore.swiftmodule -Xlinker -add_ast_path -Xlinker /Users/runner/work/red-pen-ios/red-pen-ios/ios/build/Build/Intermediates.noindex/LocalLLMClient.build/Debug-iphonesimulator/LocalLLMClientMacros.build/Objects-normal/arm64/LocalLLMClientMacros.swiftmodule -Xlinker -add_ast_path -Xlinker /Users/runner/work/red-pen-ios/red-pen-ios/ios/build/Build/Intermediates.noindex/LocalLLMClient.build/Debug-iphonesimulator/LocalLLMClientLlama.build/Objects-normal/arm64/LocalLLMClientLlama.swiftmodule

ConstructStubExecutorLinkFileList /Users/runner/work/red-pen-ios/red-pen-ios/ios/build/Build/Intermediates.noindex/RedPen.build/Debug-iphonesimulator/RedPen.build/RedPen-ExecutorLinkFileList-normal-arm64.txt (in target 'RedPen' from project 'RedPen')
    cd /Users/runner/work/red-pen-ios/red-pen-ios/ios
    construct-stub-executor-link-file-list /Users/runner/work/red-pen-ios/red-pen-ios/ios/build/Build/Products/Debug-iphonesimulator/RedPen.app/RedPen.debug.dylib /Applications/Xcode_26.6.app/Contents/Developer/Platforms/iPhoneSimulator.platform/Developer/usr/lib/libPreviewsJITStubExecutor_no_swift_entry_point.a /Applications/Xcode_26.6.app/Contents/Developer/Platforms/iPhoneSimulator.platform/Developer/usr/lib/libPreviewsJITStubExecutor.a --output /Users/runner/work/red-pen-ios/red-pen-ios/ios/build/Build/Intermediates.noindex/RedPen.build/Debug-iphonesimulator/RedPen.build/RedPen-ExecutorLinkFileList-normal-arm64.txt
note: Using stub executor library with Swift entry point. (in target 'RedPen' from project 'RedPen')

Ld /Users/runner/work/red-pen-ios/red-pen-ios/ios/build/Build/Products/Debug-iphonesimulator/RedPen.app/RedPen normal (in target 'RedPen' from project 'RedPen')
    cd /Users/runner/work/red-pen-ios/red-pen-ios/ios
    /Applications/Xcode_26.6.app/Contents/Developer/Toolchains/XcodeDefault.xctoolchain/usr/bin/clang -Xlinker -reproducible -target arm64-apple-ios26.0-simulator -isysroot /Applications/Xcode_26.6.app/Contents/Developer/Platforms/iPhoneSimulator.platform/Developer/SDKs/iPhoneSimulator26.5.sdk -O0 -L/Users/runner/work/red-pen-ios/red-pen-ios/ios/build/Build/Products/Debug-iphonesimulator -F/Users/runner/work/red-pen-ios/red-pen-ios/ios/build/Build/Products/Debug-iphonesimulator/PackageFrameworks -F/Users/runner/work/red-pen-ios/red-pen-ios/ios/build/Build/Products/Debug-iphonesimulator/PackageFrameworks -F/Users/runner/work/red-pen-ios/red-pen-ios/ios/build/Build/Products/Debug-iphonesimulator/PackageFrameworks -F/Users/runner/work/red-pen-ios/red-pen-ios/ios/build/Build/Products/Debug-iphonesimulator/PackageFrameworks -F/Users/runner/work/red-pen-ios/red-pen-ios/ios/build/Build/Products/Debug-iphonesimulator/PackageFrameworks -F/Users/runner/work/red-pen-ios/red-pen-ios/ios/build/Build/Products/Debug-iphonesimulator/PackageFrameworks -F/Users/runner/work/red-pen-ios/red-pen-ios/ios/build/Build/Products/Debug-iphonesimulator/PackageFrameworks -F/Users/runner/work/red-pen-ios/red-pen-ios/ios/build/Build/Products/Debug-iphonesimulator/PackageFrameworks -F/Users/runner/work/red-pen-ios/red-pen-ios/ios/build/Build/Products/Debug-iphonesimulator/PackageFrameworks -F/Users/runner/work/red-pen-ios/red-pen-ios/ios/build/Build/Products/Debug-iphonesimulator -Xlinker -rpath -Xlinker @executable_path -Xlinker -rpath -Xlinker /Users/runner/work/red-pen-ios/red-pen-ios/ios/build/Build/Products/Debug-iphonesimulator/PackageFrameworks -Xlinker -rpath -Xlinker @executable_path/Frameworks -rdynamic -Xlinker -no_deduplicate -Xlinker -objc_abi_version -Xlinker 2 -e ___debug_blank_executor_main -Xlinker -sectcreate -Xlinker __TEXT -Xlinker __debug_dylib -Xlinker /Users/runner/work/red-pen-ios/red-pen-ios/ios/build/Build/Intermediates.noindex/RedPen.build/Debug-iphonesimulator/RedPen.build/RedPen-DebugDylibPath-normal-arm64.txt -Xlinker -sectcreate -Xlinker __TEXT -Xlinker __debug_instlnm -Xlinker /Users/runner/work/red-pen-ios/red-pen-ios/ios/build/Build/Intermediates.noindex/RedPen.build/Debug-iphonesimulator/RedPen.build/RedPen-DebugDylibInstallName-normal-arm64.txt -Xlinker -filelist -Xlinker /Users/runner/work/red-pen-ios/red-pen-ios/ios/build/Build/Intermediates.noindex/RedPen.build/Debug-iphonesimulator/RedPen.build/RedPen-ExecutorLinkFileList-normal-arm64.txt /Users/runner/work/red-pen-ios/red-pen-ios/ios/build/Build/Products/Debug-iphonesimulator/RedPen.app/RedPen.debug.dylib -o /Users/runner/work/red-pen-ios/red-pen-ios/ios/build/Build/Products/Debug-iphonesimulator/RedPen.app/RedPen

Copy /Users/runner/work/red-pen-ios/red-pen-ios/ios/build/Build/Products/Debug-iphonesimulator/RedPen.app/PlugIns/StethoscoreWidgets.appex /Users/runner/work/red-pen-ios/red-pen-ios/ios/build/Build/Products/Debug-iphonesimulator/StethoscoreWidgets.appex (in target 'RedPen' from project 'RedPen')
    cd /Users/runner/work/red-pen-ios/red-pen-ios/ios
    builtin-copy -exclude .DS_Store -exclude CVS -exclude .svn -exclude .git -exclude .hg -exclude Headers -exclude PrivateHeaders -exclude Modules -exclude \*.tbd -resolve-src-symlinks -remove-static-executable /Users/runner/work/red-pen-ios/red-pen-ios/ios/build/Build/Products/Debug-iphonesimulator/StethoscoreWidgets.appex /Users/runner/work/red-pen-ios/red-pen-ios/ios/build/Build/Products/Debug-iphonesimulator/RedPen.app/PlugIns

ProcessInfoPlistFile /Users/runner/work/red-pen-ios/red-pen-ios/ios/build/Build/Products/Debug-iphonesimulator/RedPen.app/Info.plist /Users/runner/work/red-pen-ios/red-pen-ios/ios/RedPen/Info.plist (in target 'RedPen' from project 'RedPen')
    cd /Users/runner/work/red-pen-ios/red-pen-ios/ios
    builtin-infoPlistUtility /Users/runner/work/red-pen-ios/red-pen-ios/ios/RedPen/Info.plist -producttype com.apple.product-type.application -genpkginfo /Users/runner/work/red-pen-ios/red-pen-ios/ios/build/Build/Products/Debug-iphonesimulator/RedPen.app/PkgInfo -expandbuildsettings -format binary -platform iphonesimulator -additionalcontentfile /Users/runner/work/red-pen-ios/red-pen-ios/ios/build/Build/Intermediates.noindex/RedPen.build/Debug-iphonesimulator/RedPen.build/assetcatalog_generated_info.plist -scanforprivacyfile /Users/runner/work/red-pen-ios/red-pen-ios/ios/build/Build/Products/Debug-iphonesimulator/RedPen.app/Frameworks/llama.framework -scanforprivacyfile /Users/runner/work/red-pen-ios/red-pen-ios/ios/build/Build/Products/Debug-iphonesimulator/RedPen.app/LocalLLMClient_LocalLLMClientLlama.bundle -scanforprivacyfile /Users/runner/work/red-pen-ios/red-pen-ios/ios/build/Build/Products/Debug-iphonesimulator/RedPen.app/PlugIns/StethoscoreWidgets.appex -o /Users/runner/work/red-pen-ios/red-pen-ios/ios/build/Build/Products/Debug-iphonesimulator/RedPen.app/Info.plist

CopySwiftLibs /Users/runner/work/red-pen-ios/red-pen-ios/ios/build/Build/Products/Debug-iphonesimulator/RedPen.app (in target 'RedPen' from project 'RedPen')
    cd /Users/runner/work/red-pen-ios/red-pen-ios/ios
    builtin-swiftStdLibTool --copy --verbose --scan-executable /Users/runner/work/red-pen-ios/red-pen-ios/ios/build/Build/Products/Debug-iphonesimulator/RedPen.app/RedPen.debug.dylib --scan-folder /Users/runner/work/red-pen-ios/red-pen-ios/ios/build/Build/Products/Debug-iphonesimulator/RedPen.app/Frameworks --scan-folder /Users/runner/work/red-pen-ios/red-pen-ios/ios/build/Build/Products/Debug-iphonesimulator/RedPen.app/PlugIns --scan-folder /Users/runner/work/red-pen-ios/red-pen-ios/ios/build/Build/Products/Debug-iphonesimulator/RedPen.app/SystemExtensions --scan-folder /Users/runner/work/red-pen-ios/red-pen-ios/ios/build/Build/Products/Debug-iphonesimulator/RedPen.app/Extensions --platform iphonesimulator --toolchain /var/run/com.apple.security.cryptexd/mnt/com.apple.MobileAsset.MetalToolchain-v17.6.109.0.iHKZXc/Metal.xctoolchain --toolchain /Applications/Xcode_26.6.app/Contents/Developer/Toolchains/XcodeDefault.xctoolchain --destination /Users/runner/work/red-pen-ios/red-pen-ios/ios/build/Build/Products/Debug-iphonesimulator/RedPen.app/Frameworks --strip-bitcode --strip-bitcode-tool /Applications/Xcode_26.6.app/Contents/Developer/Toolchains/XcodeDefault.xctoolchain/usr/bin/bitcode_strip --emit-dependency-info /Users/runner/work/red-pen-ios/red-pen-ios/ios/build/Build/Intermediates.noindex/RedPen.build/Debug-iphonesimulator/RedPen.build/SwiftStdLibToolInputDependencies.dep --filter-for-swift-os
Ignoring --strip-bitcode because --sign was not passed

ExtractAppIntentsMetadata (in target 'RedPen' from project 'RedPen')
    cd /Users/runner/work/red-pen-ios/red-pen-ios/ios
    /Applications/Xcode_26.6.app/Contents/Developer/Toolchains/XcodeDefault.xctoolchain/usr/bin/appintentsmetadataprocessor --toolchain-dir /var/run/com.apple.security.cryptexd/mnt/com.apple.MobileAsset.MetalToolchain-v17.6.109.0.iHKZXc/Metal.xctoolchain --module-name RedPen --sdk-root /Applications/Xcode_26.6.app/Contents/Developer/Platforms/iPhoneSimulator.platform/Developer/SDKs/iPhoneSimulator26.5.sdk --xcode-version 17F113 --platform-family iOS --deployment-target 26.0 --bundle-identifier com.cramdown.app --output /Users/runner/work/red-pen-ios/red-pen-ios/ios/build/Build/Products/Debug-iphonesimulator/RedPen.app --target-triple arm64-apple-ios26.0-simulator --binary-file /Users/runner/work/red-pen-ios/red-pen-ios/ios/build/Build/Products/Debug-iphonesimulator/RedPen.app/RedPen --dependency-file /Users/runner/work/red-pen-ios/red-pen-ios/ios/build/Build/Intermediates.noindex/RedPen.build/Debug-iphonesimulator/RedPen.build/Objects-normal/arm64/RedPen_dependency_info.dat --stringsdata-file /Users/runner/work/red-pen-ios/red-pen-ios/ios/build/Build/Intermediates.noindex/RedPen.build/Debug-iphonesimulator/RedPen.build/Objects-normal/arm64/ExtractedAppShortcutsMetadata.stringsdata --source-file-list /Users/runner/work/red-pen-ios/red-pen-ios/ios/build/Build/Intermediates.noindex/RedPen.build/Debug-iphonesimulator/RedPen.build/Objects-normal/arm64/RedPen.SwiftFileList --metadata-file-list /Users/runner/work/red-pen-ios/red-pen-ios/ios/build/Build/Intermediates.noindex/RedPen.build/Debug-iphonesimulator/RedPen.build/RedPen.DependencyMetadataFileList --static-metadata-file-list /Users/runner/work/red-pen-ios/red-pen-ios/ios/build/Build/Intermediates.noindex/RedPen.build/Debug-iphonesimulator/RedPen.build/RedPen.DependencyStaticMetadataFileList --swift-const-vals-list /Users/runner/work/red-pen-ios/red-pen-ios/ios/build/Build/Intermediates.noindex/RedPen.build/Debug-iphonesimulator/RedPen.build/Objects-normal/arm64/RedPen.SwiftConstValuesFileList --compile-time-extraction --deployment-aware-processing --validate-assistant-intents --no-app-shortcuts-localization
2026-10-09 14:40:54.436 appintentsmetadataprocessor[13998:41185] Starting appintentsmetadataprocessor export
2026-10-09 14:40:54.637 appintentsmetadataprocessor[13998:41185] Writing Metadata.appintents
2026-10-09 14:40:54.637 appintentsmetadataprocessor[13998:41185] Metadata root: /Users/runner/work/red-pen-ios/red-pen-ios/ios/build/Build/Products/Debug-iphonesimulator/RedPen.app/Metadata.appintents

ValidateEmbeddedBinary /Users/runner/work/red-pen-ios/red-pen-ios/ios/build/Build/Products/Debug-iphonesimulator/RedPen.app/PlugIns/StethoscoreWidgets.appex (in target 'RedPen' from project 'RedPen')
    cd /Users/runner/work/red-pen-ios/red-pen-ios/ios
    /Applications/Xcode_26.6.app/Contents/Developer/usr/bin/embeddedBinaryValidationUtility /Users/runner/work/red-pen-ios/red-pen-ios/ios/build/Build/Products/Debug-iphonesimulator/RedPen.app/PlugIns/StethoscoreWidgets.appex -info-plist-path /Users/runner/work/red-pen-ios/red-pen-ios/ios/build/Build/Products/Debug-iphonesimulator/RedPen.app/Info.plist

AppIntentsSSUTraining (in target 'RedPen' from project 'RedPen')
    cd /Users/runner/work/red-pen-ios/red-pen-ios/ios
    /Applications/Xcode_26.6.app/Contents/Developer/Toolchains/XcodeDefault.xctoolchain/usr/bin/appintentsnltrainingprocessor --infoplist-path /Users/runner/work/red-pen-ios/red-pen-ios/ios/build/Build/Products/Debug-iphonesimulator/RedPen.app/Info.plist --temp-dir-path /Users/runner/work/red-pen-ios/red-pen-ios/ios/build/Build/Intermediates.noindex/RedPen.build/Debug-iphonesimulator/RedPen.build/ssu --bundle-id com.cramdown.app --product-path /Users/runner/work/red-pen-ios/red-pen-ios/ios/build/Build/Products/Debug-iphonesimulator/RedPen.app --extracted-metadata-path /Users/runner/work/red-pen-ios/red-pen-ios/ios/build/Build/Products/Debug-iphonesimulator/RedPen.app/Metadata.appintents --metadata-file-list /Users/runner/work/red-pen-ios/red-pen-ios/ios/build/Build/Intermediates.noindex/RedPen.build/Debug-iphonesimulator/RedPen.build/RedPen.DependencyMetadataFileList --source-file /Users/runner/work/red-pen-ios/red-pen-ios/ios/build/Build/Products/Debug-iphonesimulator/RedPen.app/Info.plist --archive-ssu-assets
2026-10-09 14:40:54.680 appintentsnltrainingprocessor[14000:41190] Parsing options for appintentsnltrainingprocessor
2026-10-09 14:40:54.680 appintentsnltrainingprocessor[14000:41190] Starting AppIntents SSU YAML Generation
2026-10-09 14:40:54.702 appintentsnltrainingprocessor[14000:41190] Training 'Export a deck from ${+applicationName}|Make a ${+applicationName} deck' for ar
2026-10-09 14:40:54.703 appintentsnltrainingprocessor[14000:41190] Training 'Export a deck from ${+applicationName}|Make a ${+applicationName} deck' for en
2026-10-09 14:40:54.703 appintentsnltrainingprocessor[14000:41190] Training 'Export every ${+applicationName} deck' for ar
2026-10-09 14:40:54.703 appintentsnltrainingprocessor[14000:41190] Training 'Export every ${+applicationName} deck' for en
2026-10-09 14:40:54.703 appintentsnltrainingprocessor[14000:41190] Training 'Review my due cards in ${+applicationName}|Review due cards in ${+applicationName}|What's due in ${+applicationName}' for ar
2026-10-09 14:40:54.703 appintentsnltrainingprocessor[14000:41190] Training 'Review my due cards in ${+applicationName}|Review due cards in ${+applicationName}|What's due in ${+applicationName}' for en
2026-10-09 14:40:54.703 appintentsnltrainingprocessor[14000:41190] Training 'Quiz me on ${SubjectEntity} in ${+applicationName}|${+applicationName} quiz on ${SubjectEntity}|Quiz me in ${+applicationName}' for ar
2026-10-09 14:40:54.703 appintentsnltrainingprocessor[14000:41190] Training 'Quiz me on ${SubjectEntity} in ${+applicationName}|${+applicationName} quiz on ${SubjectEntity}|Quiz me in ${+applicationName}' for en
2026-10-09 14:40:54.704 appintentsnltrainingprocessor[14000:41190] Training 'Open ${StudySetEntity} in ${+applicationName}|Open a set in ${+applicationName}' for ar
2026-10-09 14:40:54.704 appintentsnltrainingprocessor[14000:41190] Training 'Open ${StudySetEntity} in ${+applicationName}|Open a set in ${+applicationName}' for en
2026-10-09 14:40:54.704 appintentsnltrainingprocessor[14000:41190] Training Negative Phrases '' for ar
2026-10-09 14:40:54.704 appintentsnltrainingprocessor[14000:41190] Training Negative Phrases '' for en
2026-10-09 14:40:54.706 appintentsnltrainingprocessor[14000:41190] Application name 'Stethoscore' for ar
2026-10-09 14:40:54.706 appintentsnltrainingprocessor[14000:41190] Application name 'Stethoscore' for en
2026-10-09 14:40:54.740 appintentsnltrainingprocessor[14000:41190] Generated AppIntents SSU YAML files in file:///Users/runner/work/red-pen-ios/red-pen-ios/ios/build/Build/Intermediates.noindex/RedPen.build/Debug-iphonesimulator/RedPen.build/ssu/
2026-10-09 14:40:54.741 appintentsnltrainingprocessor[14000:41190] Copied AppIntents SSU YAML files to file:///Users/runner/work/red-pen-ios/red-pen-ios/ios/build/Build/Products/Debug-iphonesimulator/RedPen.app/Metadata.appintents/
Archiving all locales.
[------------------------------------------------------------] 0% archiving en[🁢🁢🁢🁢🁢🁢🁢🁢🁢🁢🁢🁢🁢🁢🁢🁢🁢🁢🁢🁢🁢🁢🁢🁢🁢🁢🁢🁢🁢🁢------------------------------] 50% archived en[🁢🁢🁢🁢🁢🁢🁢🁢🁢🁢🁢🁢🁢🁢🁢🁢🁢🁢🁢🁢🁢🁢🁢🁢🁢🁢🁢🁢🁢🁢------------------------------] 50% archiving ar[🁢🁢🁢🁢🁢🁢🁢🁢🁢🁢🁢🁢🁢🁢🁢🁢🁢🁢🁢🁢🁢🁢🁢🁢🁢🁢🁢🁢🁢🁢🁢🁢🁢🁢🁢🁢🁢🁢🁢🁢🁢🁢🁢🁢🁢🁢🁢🁢🁢🁢🁢🁢🁢🁢🁢🁢🁢🁢🁢🁢] 100% archived ar[🁢🁢🁢🁢🁢🁢🁢🁢🁢🁢🁢🁢🁢🁢🁢🁢🁢🁢🁢🁢🁢🁢🁢🁢🁢🁢🁢🁢🁢🁢🁢🁢🁢🁢🁢🁢🁢🁢🁢🁢🁢🁢🁢🁢🁢🁢🁢🁢🁢🁢🁢🁢🁢🁢🁢🁢🁢🁢🁢🁢] 100% archived 2 locales/Users/runner/work/red-pen-ios/red-pen-ios/ios/build/Build/Products/Debug-iphonesimulator/RedPen.app/en.lproj/nlu.appintents
/Users/runner/work/red-pen-ios/red-pen-ios/ios/build/Build/Products/Debug-iphonesimulator/RedPen.app/en.lproj/nlu.appintents/2ba3237dbee16c11251fcd18dfcdb99a.version
/Users/runner/work/red-pen-ios/red-pen-ios/ios/build/Build/Products/Debug-iphonesimulator/RedPen.app/ar.lproj/nlu.appintents
/Users/runner/work/red-pen-ios/red-pen-ios/ios/build/Build/Products/Debug-iphonesimulator/RedPen.app/ar.lproj/nlu.appintents/5b135e47ec5024833d47eff1a20cbd26.version


RegisterExecutionPolicyException /Users/runner/work/red-pen-ios/red-pen-ios/ios/build/Build/Products/Debug-iphonesimulator/RedPen.app (in target 'RedPen' from project 'RedPen')
    cd /Users/runner/work/red-pen-ios/red-pen-ios/ios
    builtin-RegisterExecutionPolicyException /Users/runner/work/red-pen-ios/red-pen-ios/ios/build/Build/Products/Debug-iphonesimulator/RedPen.app

Validate /Users/runner/work/red-pen-ios/red-pen-ios/ios/build/Build/Products/Debug-iphonesimulator/RedPen.app (in target 'RedPen' from project 'RedPen')
    cd /Users/runner/work/red-pen-ios/red-pen-ios/ios
    builtin-validationUtility /Users/runner/work/red-pen-ios/red-pen-ios/ios/build/Build/Products/Debug-iphonesimulator/RedPen.app -shallow-bundle -infoplist-subpath Info.plist

Touch /Users/runner/work/red-pen-ios/red-pen-ios/ios/build/Build/Products/Debug-iphonesimulator/RedPen.app (in target 'RedPen' from project 'RedPen')
    cd /Users/runner/work/red-pen-ios/red-pen-ios/ios
    /usr/bin/touch -c /Users/runner/work/red-pen-ios/red-pen-ios/ios/build/Build/Products/Debug-iphonesimulator/RedPen.app

** BUILD SUCCEEDED **

