Command line invocation:
    /Applications/Xcode_26.6.app/Contents/Developer/usr/bin/xcodebuild -project RedPen.xcodeproj -scheme RedPen -configuration Release -destination generic/platform=iOS -derivedDataPath build -skipMacroValidation -skipPackagePluginValidation SWIFT_ENABLE_EXPLICIT_MODULES=NO CLANG_ENABLE_EXPLICIT_MODULES=NO CODE_SIGNING_ALLOWED=NO CODE_SIGNING_REQUIRED=NO CODE_SIGN_IDENTITY= build

Build settings from command line:
    CLANG_ENABLE_EXPLICIT_MODULES = NO
    CODE_SIGN_IDENTITY = 
    CODE_SIGNING_ALLOWED = NO
    CODE_SIGNING_REQUIRED = NO
    SWIFT_ENABLE_EXPLICIT_MODULES = NO

Resolve Package Graph

Fetching from https://github.com/tattn/LocalLLMClient.git

Fetching from https://github.com/ml-explore/mlx-swift-lm

Fetching from https://github.com/huggingface/swift-transformers

Fetching from https://github.com/swiftlang/swift-syntax

Fetching from https://github.com/huggingface/swift-jinja

Fetching from https://github.com/ml-explore/mlx-swift

Fetching from https://github.com/apple/swift-numerics

Fetching from https://github.com/apple/swift-argument-parser

Fetching from https://github.com/apple/swift-collections.git

Fetching from https://github.com/ibireme/yyjson.git

Fetching from https://github.com/apple/swift-crypto.git

Fetching from https://github.com/huggingface/swift-huggingface.git

Fetching from https://github.com/mattt/EventSource.git

Fetching from https://github.com/apple/swift-asn1.git

Creating working copy of package ‘swift-collections’

Checking out 1.7.0 of package ‘swift-collections’

Creating working copy of package ‘swift-numerics’

Checking out 1.1.1 of package ‘swift-numerics’

Creating working copy of package ‘mlx-swift’

Checking out 0.31.6 of package ‘mlx-swift’

Creating working copy of package ‘swift-transformers’

Checking out 1.3.4 of package ‘swift-transformers’

Creating working copy of package ‘swift-huggingface’

Checking out 0.11.0 of package ‘swift-huggingface’

Creating working copy of package ‘swift-jinja’

Checking out 2.5.1 of package ‘swift-jinja’

Creating working copy of package ‘EventSource’

Checking out 1.5.1 of package ‘EventSource’

Creating working copy of package ‘yyjson’

Checking out 0.12.0 of package ‘yyjson’

Creating working copy of package ‘LocalLLMClient’

Checking out main (b68f712) of package ‘LocalLLMClient’

Creating working copy of package ‘swift-syntax’

Checking out 603.0.2 of package ‘swift-syntax’

Creating working copy of package ‘swift-argument-parser’

Checking out 1.8.2 of package ‘swift-argument-parser’

Creating working copy of package ‘mlx-swift-lm’

Checking out 3.31.4 of package ‘mlx-swift-lm’

Creating working copy of package ‘swift-crypto’

Checking out 4.5.2 of package ‘swift-crypto’

Creating working copy of package ‘swift-asn1’

Checking out 1.7.3 of package ‘swift-asn1’

Downloading package prebuilt https://download.swift.org/prebuilts/swift-syntax/603.0.2/swiftlang-6.3.3.1.3-macosx26.5-MacroSupport.zip


Resolved source packages:
  yyjson: https://github.com/ibireme/yyjson.git @ 0.12.0
  Jinja: https://github.com/huggingface/swift-jinja @ 2.5.1
  swift-argument-parser: https://github.com/apple/swift-argument-parser @ 1.8.2
  swift-asn1: https://github.com/apple/swift-asn1.git @ 1.7.3
  swift-huggingface: https://github.com/huggingface/swift-huggingface.git @ 0.11.0
  mlx-swift-lm: https://github.com/ml-explore/mlx-swift-lm @ 3.31.4
  swift-syntax: https://github.com/swiftlang/swift-syntax @ 603.0.2
  mlx-swift: https://github.com/ml-explore/mlx-swift @ 0.31.6
  EventSource: https://github.com/mattt/EventSource.git @ 1.5.1
  swift-numerics: https://github.com/apple/swift-numerics @ 1.1.1
  LocalLLMClient: https://github.com/tattn/LocalLLMClient.git @ main (b68f712)
  swift-transformers: https://github.com/huggingface/swift-transformers @ 1.3.4
  swift-collections: https://github.com/apple/swift-collections.git @ 1.7.0
  swift-crypto: https://github.com/apple/swift-crypto.git @ 4.5.2

note: Using codesigning identity override: 
ComputePackagePrebuildTargetDependencyGraph

Prepare packages

CreateBuildRequest

SendProjectDescription

CreateBuildOperation

ComputeTargetDependencyGraph
note: Building targets in dependency order
note: Target dependency graph (16 targets)
    Target 'RedPen' in project 'RedPen'
        ➜ Explicit dependency on target 'LocalLLMClient' in project 'LocalLLMClient'
        ➜ Explicit dependency on target 'LocalLLMClientLlama' in project 'LocalLLMClient'
    Target 'LocalLLMClientLlama' in project 'LocalLLMClient'
        ➜ Explicit dependency on target 'LocalLLMClientLlama' in project 'LocalLLMClient'
        ➜ Explicit dependency on target 'LocalLLMClient_LocalLLMClientLlama' in project 'LocalLLMClient'
        ➜ Explicit dependency on target 'LocalLLMClientUtility' in project 'LocalLLMClient'
        ➜ Explicit dependency on target 'LocalLLMClientCore' in project 'LocalLLMClient'
        ➜ Explicit dependency on target 'LocalLLMClientLlamaC' in project 'LocalLLMClient'
        ➜ Explicit dependency on target 'Jinja' in project 'Jinja'
    Target 'LocalLLMClientLlama' in project 'LocalLLMClient'
        ➜ Explicit dependency on target 'LocalLLMClient_LocalLLMClientLlama' in project 'LocalLLMClient'
        ➜ Explicit dependency on target 'LocalLLMClientUtility' in project 'LocalLLMClient'
        ➜ Explicit dependency on target 'LocalLLMClientCore' in project 'LocalLLMClient'
        ➜ Explicit dependency on target 'LocalLLMClientLlamaC' in project 'LocalLLMClient'
        ➜ Explicit dependency on target 'Jinja' in project 'Jinja'
    Target 'LocalLLMClientLlamaC' in project 'LocalLLMClient' (no dependencies)
    Target 'LocalLLMClient_LocalLLMClientLlama' in project 'LocalLLMClient' (no dependencies)
    Target 'LocalLLMClient' in project 'LocalLLMClient'
        ➜ Explicit dependency on target 'LocalLLMClient' in project 'LocalLLMClient'
        ➜ Explicit dependency on target 'LocalLLMClientUtility' in project 'LocalLLMClient'
        ➜ Explicit dependency on target 'LocalLLMClientCore' in project 'LocalLLMClient'
        ➜ Explicit dependency on target 'LocalLLMClientMacrosPlugin' in project 'LocalLLMClient'
        ➜ Explicit dependency on target 'LocalLLMClientMacros' in project 'LocalLLMClient'
        ➜ Explicit dependency on target 'Jinja' in project 'Jinja'
    Target 'LocalLLMClient' in project 'LocalLLMClient'
        ➜ Explicit dependency on target 'LocalLLMClientUtility' in project 'LocalLLMClient'
        ➜ Explicit dependency on target 'LocalLLMClientCore' in project 'LocalLLMClient'
        ➜ Explicit dependency on target 'LocalLLMClientMacrosPlugin' in project 'LocalLLMClient'
        ➜ Explicit dependency on target 'LocalLLMClientMacros' in project 'LocalLLMClient'
        ➜ Explicit dependency on target 'Jinja' in project 'Jinja'
    Target 'LocalLLMClientMacros' in project 'LocalLLMClient'
        ➜ Explicit dependency on target 'LocalLLMClientMacrosPlugin' in project 'LocalLLMClient'
        ➜ Explicit dependency on target 'LocalLLMClientUtility' in project 'LocalLLMClient'
        ➜ Explicit dependency on target 'LocalLLMClientCore' in project 'LocalLLMClient'
        ➜ Explicit dependency on target 'Jinja' in project 'Jinja'
    Target 'LocalLLMClientMacrosPlugin' in project 'LocalLLMClient' (no dependencies)
    Target 'LocalLLMClientCore' in project 'LocalLLMClient'
        ➜ Explicit dependency on target 'LocalLLMClientUtility' in project 'LocalLLMClient'
        ➜ Explicit dependency on target 'Jinja' in project 'Jinja'
    Target 'Jinja' in project 'Jinja'
        ➜ Explicit dependency on target 'Jinja' in project 'Jinja'
        ➜ Explicit dependency on target 'OrderedCollections' in project 'swift-collections'
    Target 'Jinja' in project 'Jinja'
        ➜ Explicit dependency on target 'OrderedCollections' in project 'swift-collections'
    Target 'OrderedCollections' in project 'swift-collections'
        ➜ Explicit dependency on target 'OrderedCollections' in project 'swift-collections'
        ➜ Explicit dependency on target 'InternalCollectionsUtilities' in project 'swift-collections'
    Target 'OrderedCollections' in project 'swift-collections'
        ➜ Explicit dependency on target 'InternalCollectionsUtilities' in project 'swift-collections'
    Target 'InternalCollectionsUtilities' in project 'swift-collections' (no dependencies)
    Target 'LocalLLMClientUtility' in project 'LocalLLMClient' (no dependencies)

GatherProvisioningInputs

CreateBuildDescription

ExecuteExternalTool /Applications/Xcode_26.6.app/Contents/Developer/Toolchains/XcodeDefault.xctoolchain/usr/bin/swiftc --version

ExecuteExternalTool /Applications/Xcode_26.6.app/Contents/Developer/Toolchains/XcodeDefault.xctoolchain/usr/bin/clang -v -E -dM -arch arm64 -isysroot /Applications/Xcode_26.6.app/Contents/Developer/Platforms/iPhoneOS.platform/Developer/SDKs/iPhoneOS26.5.sdk -x c++ -c /dev/null

ExecuteExternalTool /Applications/Xcode_26.6.app/Contents/Developer/Toolchains/XcodeDefault.xctoolchain/usr/bin/clang -v -E -dM -isysroot /Applications/Xcode_26.6.app/Contents/Developer/Platforms/iPhoneOS.platform/Developer/SDKs/iPhoneOS26.5.sdk -x c -c /dev/null

ExecuteExternalTool /Applications/Xcode_26.6.app/Contents/Developer/usr/bin/actool --print-asset-tag-combinations --output-format xml1 /Users/runner/work/red-pen-ios/red-pen-ios/ios/RedPen/Assets.xcassets

ExecuteExternalTool /Applications/Xcode_26.6.app/Contents/Developer/Toolchains/XcodeDefault.xctoolchain/usr/bin/clang -v -E -dM -isysroot /Applications/Xcode_26.6.app/Contents/Developer/Platforms/MacOSX.platform/Developer/SDKs/MacOSX26.5.sdk -x c -c /dev/null

ExecuteExternalTool /Applications/Xcode_26.6.app/Contents/Developer/Toolchains/XcodeDefault.xctoolchain/usr/bin/clang -v -E -dM -arch arm64 -isysroot /Applications/Xcode_26.6.app/Contents/Developer/Platforms/iPhoneOS.platform/Developer/SDKs/iPhoneOS26.5.sdk -x c -c /dev/null

ExecuteExternalTool /Applications/Xcode_26.6.app/Contents/Developer/Toolchains/XcodeDefault.xctoolchain/usr/bin/ld -version_details

ReadFileContents /Applications/Xcode_26.6.app/Contents/Developer/Toolchains/XcodeDefault.xctoolchain/usr/share/docc/features.json

ExecuteExternalTool /Applications/Xcode_26.6.app/Contents/Developer/usr/bin/actool --version --output-format xml1

Build description signature: 8e76011c095b0f3471a4697bc34dc05b
Build description path: /Users/runner/work/red-pen-ios/red-pen-ios/ios/build/Build/Intermediates.noindex/XCBuildData/8e76011c095b0f3471a4697bc34dc05b.xcbuilddata
ClangStatCache /Applications/Xcode_26.6.app/Contents/Developer/Toolchains/XcodeDefault.xctoolchain/usr/bin/clang-stat-cache /Applications/Xcode_26.6.app/Contents/Developer/Platforms/MacOSX.platform/Developer/SDKs/MacOSX26.5.sdk /Users/runner/work/red-pen-ios/red-pen-ios/ios/build/SDKStatCaches.noindex/macosx26.5-25F70-688ef53f1462e2c8f657fdc38a81448fee0e6409aa6676c5e6c013d148225433.sdkstatcache
    cd /Users/runner/work/red-pen-ios/red-pen-ios/ios/RedPen.xcodeproj
    /Applications/Xcode_26.6.app/Contents/Developer/Toolchains/XcodeDefault.xctoolchain/usr/bin/clang-stat-cache /Applications/Xcode_26.6.app/Contents/Developer/Platforms/MacOSX.platform/Developer/SDKs/MacOSX26.5.sdk -o /Users/runner/work/red-pen-ios/red-pen-ios/ios/build/SDKStatCaches.noindex/macosx26.5-25F70-688ef53f1462e2c8f657fdc38a81448fee0e6409aa6676c5e6c013d148225433.sdkstatcache

ClangStatCache /Applications/Xcode_26.6.app/Contents/Developer/Toolchains/XcodeDefault.xctoolchain/usr/bin/clang-stat-cache /Applications/Xcode_26.6.app/Contents/Developer/Platforms/iPhoneOS.platform/Developer/SDKs/iPhoneOS26.5.sdk /Users/runner/work/red-pen-ios/red-pen-ios/ios/build/SDKStatCaches.noindex/iphoneos26.5-23F81a-688ef53f1462e2c8f657fdc38a81448fee66e23052a0157c865c76b268046726.sdkstatcache
    cd /Users/runner/work/red-pen-ios/red-pen-ios/ios/RedPen.xcodeproj
    /Applications/Xcode_26.6.app/Contents/Developer/Toolchains/XcodeDefault.xctoolchain/usr/bin/clang-stat-cache /Applications/Xcode_26.6.app/Contents/Developer/Platforms/iPhoneOS.platform/Developer/SDKs/iPhoneOS26.5.sdk -o /Users/runner/work/red-pen-ios/red-pen-ios/ios/build/SDKStatCaches.noindex/iphoneos26.5-23F81a-688ef53f1462e2c8f657fdc38a81448fee66e23052a0157c865c76b268046726.sdkstatcache

CreateBuildDirectory /Users/runner/work/red-pen-ios/red-pen-ios/ios/build/Build/Products
    cd /Users/runner/work/red-pen-ios/red-pen-ios/ios/RedPen.xcodeproj
    builtin-create-build-directory /Users/runner/work/red-pen-ios/red-pen-ios/ios/build/Build/Products

CreateBuildDirectory /Users/runner/work/red-pen-ios/red-pen-ios/ios/build/Build/Intermediates.noindex
    cd /Users/runner/work/red-pen-ios/red-pen-ios/ios/RedPen.xcodeproj
    builtin-create-build-directory /Users/runner/work/red-pen-ios/red-pen-ios/ios/build/Build/Intermediates.noindex

WriteAuxiliaryFile /Users/runner/work/red-pen-ios/red-pen-ios/ios/build/Build/Intermediates.noindex/RedPen.build/Release-iphoneos/RedPen-599707e14dd5256a6604c828c0c573bf-VFS-iphoneos/all-product-headers.yaml
    cd /Users/runner/work/red-pen-ios/red-pen-ios/ios/RedPen.xcodeproj
    write-file /Users/runner/work/red-pen-ios/red-pen-ios/ios/build/Build/Intermediates.noindex/RedPen.build/Release-iphoneos/RedPen-599707e14dd5256a6604c828c0c573bf-VFS-iphoneos/all-product-headers.yaml

CreateBuildDirectory /Users/runner/work/red-pen-ios/red-pen-ios/ios/build/Build/Products/Release-iphoneos
    cd /Users/runner/work/red-pen-ios/red-pen-ios/ios/RedPen.xcodeproj
    builtin-create-build-directory /Users/runner/work/red-pen-ios/red-pen-ios/ios/build/Build/Products/Release-iphoneos

CreateBuildDirectory /Users/runner/work/red-pen-ios/red-pen-ios/ios/build/Build/Products/Release
    cd /Users/runner/work/red-pen-ios/red-pen-ios/ios/RedPen.xcodeproj
    builtin-create-build-directory /Users/runner/work/red-pen-ios/red-pen-ios/ios/build/Build/Products/Release

CreateBuildDirectory /Users/runner/work/red-pen-ios/red-pen-ios/ios/build/Build/Products/Release-iphoneos/PackageFrameworks
    cd /Users/runner/work/red-pen-ios/red-pen-ios/ios/RedPen.xcodeproj
    builtin-create-build-directory /Users/runner/work/red-pen-ios/red-pen-ios/ios/build/Build/Products/Release-iphoneos/PackageFrameworks

ProcessXCFramework /Users/runner/work/red-pen-ios/red-pen-ios/ios/build/SourcePackages/artifacts/localllmclient/LocalLLMClientLlamaFramework/llama.xcframework /Users/runner/work/red-pen-ios/red-pen-ios/ios/build/Build/Products/Release-iphoneos/llama.framework ios
    cd /Users/runner/work/red-pen-ios/red-pen-ios/ios/RedPen.xcodeproj
    builtin-process-xcframework --xcframework /Users/runner/work/red-pen-ios/red-pen-ios/ios/build/SourcePackages/artifacts/localllmclient/LocalLLMClientLlamaFramework/llama.xcframework --platform ios --target-path /Users/runner/work/red-pen-ios/red-pen-ios/ios/build/Build/Products/Release-iphoneos

CreateBuildDirectory /Users/runner/work/red-pen-ios/red-pen-ios/ios/build/Build/Products/Release/PackageFrameworks
    cd /Users/runner/work/red-pen-ios/red-pen-ios/ios/RedPen.xcodeproj
    builtin-create-build-directory /Users/runner/work/red-pen-ios/red-pen-ios/ios/build/Build/Products/Release/PackageFrameworks

CreateBuildDirectory /Users/runner/work/red-pen-ios/red-pen-ios/ios/build/Build/Intermediates.noindex/SwiftExplicitPrecompiledModules
    cd /Users/runner/work/red-pen-ios/red-pen-ios/ios/RedPen.xcodeproj
    builtin-create-build-directory /Users/runner/work/red-pen-ios/red-pen-ios/ios/build/Build/Intermediates.noindex/SwiftExplicitPrecompiledModules

CreateBuildDirectory /Users/runner/work/red-pen-ios/red-pen-ios/ios/build/Build/Intermediates.noindex/ExplicitPrecompiledModules
    cd /Users/runner/work/red-pen-ios/red-pen-ios/ios/RedPen.xcodeproj
    builtin-create-build-directory /Users/runner/work/red-pen-ios/red-pen-ios/ios/build/Build/Intermediates.noindex/ExplicitPrecompiledModules

CreateBuildDirectory /Users/runner/work/red-pen-ios/red-pen-ios/ios/build/Build/Intermediates.noindex/EagerLinkingTBDs/Release-iphoneos
    cd /Users/runner/work/red-pen-ios/red-pen-ios/ios/RedPen.xcodeproj
    builtin-create-build-directory /Users/runner/work/red-pen-ios/red-pen-ios/ios/build/Build/Intermediates.noindex/EagerLinkingTBDs/Release-iphoneos

CreateBuildDirectory /Users/runner/work/red-pen-ios/red-pen-ios/ios/build/Build/Intermediates.noindex/EagerLinkingTBDs/Release
    cd /Users/runner/work/red-pen-ios/red-pen-ios/ios/RedPen.xcodeproj
    builtin-create-build-directory /Users/runner/work/red-pen-ios/red-pen-ios/ios/build/Build/Intermediates.noindex/EagerLinkingTBDs/Release

WriteAuxiliaryFile /Users/runner/work/red-pen-ios/red-pen-ios/ios/build/Build/Intermediates.noindex/RedPen.build/Release-iphoneos/RedPen.build/RedPen.hmap (in target 'RedPen' from project 'RedPen')
    cd /Users/runner/work/red-pen-ios/red-pen-ios/ios
    write-file /Users/runner/work/red-pen-ios/red-pen-ios/ios/build/Build/Intermediates.noindex/RedPen.build/Release-iphoneos/RedPen.build/RedPen.hmap

WriteAuxiliaryFile /Users/runner/work/red-pen-ios/red-pen-ios/ios/build/Build/Intermediates.noindex/RedPen.build/Release-iphoneos/RedPen.build/RedPen.DependencyStaticMetadataFileList (in target 'RedPen' from project 'RedPen')
    cd /Users/runner/work/red-pen-ios/red-pen-ios/ios
    write-file /Users/runner/work/red-pen-ios/red-pen-ios/ios/build/Build/Intermediates.noindex/RedPen.build/Release-iphoneos/RedPen.build/RedPen.DependencyStaticMetadataFileList

WriteAuxiliaryFile /Users/runner/work/red-pen-ios/red-pen-ios/ios/build/Build/Intermediates.noindex/RedPen.build/Release-iphoneos/RedPen.build/RedPen.DependencyMetadataFileList (in target 'RedPen' from project 'RedPen')
    cd /Users/runner/work/red-pen-ios/red-pen-ios/ios
    write-file /Users/runner/work/red-pen-ios/red-pen-ios/ios/build/Build/Intermediates.noindex/RedPen.build/Release-iphoneos/RedPen.build/RedPen.DependencyMetadataFileList

WriteAuxiliaryFile /Users/runner/work/red-pen-ios/red-pen-ios/ios/build/Build/Intermediates.noindex/RedPen.build/Release-iphoneos/RedPen.build/RedPen-project-headers.hmap (in target 'RedPen' from project 'RedPen')
    cd /Users/runner/work/red-pen-ios/red-pen-ios/ios
    write-file /Users/runner/work/red-pen-ios/red-pen-ios/ios/build/Build/Intermediates.noindex/RedPen.build/Release-iphoneos/RedPen.build/RedPen-project-headers.hmap

WriteAuxiliaryFile /Users/runner/work/red-pen-ios/red-pen-ios/ios/build/Build/Intermediates.noindex/RedPen.build/Release-iphoneos/RedPen.build/RedPen-own-target-headers.hmap (in target 'RedPen' from project 'RedPen')
    cd /Users/runner/work/red-pen-ios/red-pen-ios/ios
    write-file /Users/runner/work/red-pen-ios/red-pen-ios/ios/build/Build/Intermediates.noindex/RedPen.build/Release-iphoneos/RedPen.build/RedPen-own-target-headers.hmap

WriteAuxiliaryFile /Users/runner/work/red-pen-ios/red-pen-ios/ios/build/Build/Intermediates.noindex/RedPen.build/Release-iphoneos/RedPen.build/RedPen-generated-files.hmap (in target 'RedPen' from project 'RedPen')
    cd /Users/runner/work/red-pen-ios/red-pen-ios/ios
    write-file /Users/runner/work/red-pen-ios/red-pen-ios/ios/build/Build/Intermediates.noindex/RedPen.build/Release-iphoneos/RedPen.build/RedPen-generated-files.hmap

WriteAuxiliaryFile /Users/runner/work/red-pen-ios/red-pen-ios/ios/build/Build/Intermediates.noindex/RedPen.build/Release-iphoneos/RedPen.build/RedPen-all-target-headers.hmap (in target 'RedPen' from project 'RedPen')
    cd /Users/runner/work/red-pen-ios/red-pen-ios/ios
    write-file /Users/runner/work/red-pen-ios/red-pen-ios/ios/build/Build/Intermediates.noindex/RedPen.build/Release-iphoneos/RedPen.build/RedPen-all-target-headers.hmap

WriteAuxiliaryFile /Users/runner/work/red-pen-ios/red-pen-ios/ios/build/Build/Intermediates.noindex/RedPen.build/Release-iphoneos/RedPen.build/RedPen-all-non-framework-target-headers.hmap (in target 'RedPen' from project 'RedPen')
    cd /Users/runner/work/red-pen-ios/red-pen-ios/ios
    write-file /Users/runner/work/red-pen-ios/red-pen-ios/ios/build/Build/Intermediates.noindex/RedPen.build/Release-iphoneos/RedPen.build/RedPen-all-non-framework-target-headers.hmap

WriteAuxiliaryFile /Users/runner/work/red-pen-ios/red-pen-ios/ios/build/Build/Intermediates.noindex/RedPen.build/Release-iphoneos/RedPen.build/Objects-normal/arm64/RedPen_const_extract_protocols.json (in target 'RedPen' from project 'RedPen')
    cd /Users/runner/work/red-pen-ios/red-pen-ios/ios
    write-file /Users/runner/work/red-pen-ios/red-pen-ios/ios/build/Build/Intermediates.noindex/RedPen.build/Release-iphoneos/RedPen.build/Objects-normal/arm64/RedPen_const_extract_protocols.json

WriteAuxiliaryFile /Users/runner/work/red-pen-ios/red-pen-ios/ios/build/Build/Intermediates.noindex/RedPen.build/Release-iphoneos/RedPen.build/Objects-normal/arm64/RedPen.SwiftFileList (in target 'RedPen' from project 'RedPen')
    cd /Users/runner/work/red-pen-ios/red-pen-ios/ios
    write-file /Users/runner/work/red-pen-ios/red-pen-ios/ios/build/Build/Intermediates.noindex/RedPen.build/Release-iphoneos/RedPen.build/Objects-normal/arm64/RedPen.SwiftFileList

WriteAuxiliaryFile /Users/runner/work/red-pen-ios/red-pen-ios/ios/build/Build/Intermediates.noindex/RedPen.build/Release-iphoneos/RedPen.build/Objects-normal/arm64/RedPen.SwiftConstValuesFileList (in target 'RedPen' from project 'RedPen')
    cd /Users/runner/work/red-pen-ios/red-pen-ios/ios
    write-file /Users/runner/work/red-pen-ios/red-pen-ios/ios/build/Build/Intermediates.noindex/RedPen.build/Release-iphoneos/RedPen.build/Objects-normal/arm64/RedPen.SwiftConstValuesFileList

WriteAuxiliaryFile /Users/runner/work/red-pen-ios/red-pen-ios/ios/build/Build/Intermediates.noindex/RedPen.build/Release-iphoneos/RedPen.build/Objects-normal/arm64/RedPen.LinkFileList (in target 'RedPen' from project 'RedPen')
    cd /Users/runner/work/red-pen-ios/red-pen-ios/ios
    write-file /Users/runner/work/red-pen-ios/red-pen-ios/ios/build/Build/Intermediates.noindex/RedPen.build/Release-iphoneos/RedPen.build/Objects-normal/arm64/RedPen.LinkFileList

WriteAuxiliaryFile /Users/runner/work/red-pen-ios/red-pen-ios/ios/build/Build/Intermediates.noindex/RedPen.build/Release-iphoneos/RedPen.build/Objects-normal/arm64/RedPen-OutputFileMap.json (in target 'RedPen' from project 'RedPen')
    cd /Users/runner/work/red-pen-ios/red-pen-ios/ios
    write-file /Users/runner/work/red-pen-ios/red-pen-ios/ios/build/Build/Intermediates.noindex/RedPen.build/Release-iphoneos/RedPen.build/Objects-normal/arm64/RedPen-OutputFileMap.json

WriteAuxiliaryFile /Users/runner/work/red-pen-ios/red-pen-ios/ios/build/Build/Intermediates.noindex/swift-collections.build/Release-iphoneos/OrderedCollections.build/OrderedCollections.modulemap (in target 'OrderedCollections' from project 'swift-collections')
    cd /Users/runner/work/red-pen-ios/red-pen-ios/ios/build/SourcePackages/checkouts/swift-collections
    write-file /Users/runner/work/red-pen-ios/red-pen-ios/ios/build/Build/Intermediates.noindex/swift-collections.build/Release-iphoneos/OrderedCollections.build/OrderedCollections.modulemap

WriteAuxiliaryFile /Users/runner/work/red-pen-ios/red-pen-ios/ios/build/Build/Intermediates.noindex/swift-collections.build/Release-iphoneos/OrderedCollections.build/OrderedCollections.DependencyStaticMetadataFileList (in target 'OrderedCollections' from project 'swift-collections')
    cd /Users/runner/work/red-pen-ios/red-pen-ios/ios/build/SourcePackages/checkouts/swift-collections
    write-file /Users/runner/work/red-pen-ios/red-pen-ios/ios/build/Build/Intermediates.noindex/swift-collections.build/Release-iphoneos/OrderedCollections.build/OrderedCollections.DependencyStaticMetadataFileList

WriteAuxiliaryFile /Users/runner/work/red-pen-ios/red-pen-ios/ios/build/Build/Intermediates.noindex/swift-collections.build/Release-iphoneos/OrderedCollections.build/OrderedCollections.DependencyMetadataFileList (in target 'OrderedCollections' from project 'swift-collections')
    cd /Users/runner/work/red-pen-ios/red-pen-ios/ios/build/SourcePackages/checkouts/swift-collections
    write-file /Users/runner/work/red-pen-ios/red-pen-ios/ios/build/Build/Intermediates.noindex/swift-collections.build/Release-iphoneos/OrderedCollections.build/OrderedCollections.DependencyMetadataFileList

WriteAuxiliaryFile /Users/runner/work/red-pen-ios/red-pen-ios/ios/build/Build/Intermediates.noindex/swift-collections.build/Release-iphoneos/OrderedCollections.build/Objects-normal/arm64/OrderedCollections_const_extract_protocols.json (in target 'OrderedCollections' from project 'swift-collections')
    cd /Users/runner/work/red-pen-ios/red-pen-ios/ios/build/SourcePackages/checkouts/swift-collections
    write-file /Users/runner/work/red-pen-ios/red-pen-ios/ios/build/Build/Intermediates.noindex/swift-collections.build/Release-iphoneos/OrderedCollections.build/Objects-normal/arm64/OrderedCollections_const_extract_protocols.json

WriteAuxiliaryFile /Users/runner/work/red-pen-ios/red-pen-ios/ios/build/Build/Intermediates.noindex/swift-collections.build/Release-iphoneos/OrderedCollections.build/Objects-normal/arm64/OrderedCollections.SwiftFileList (in target 'OrderedCollections' from project 'swift-collections')
    cd /Users/runner/work/red-pen-ios/red-pen-ios/ios/build/SourcePackages/checkouts/swift-collections
    write-file /Users/runner/work/red-pen-ios/red-pen-ios/ios/build/Build/Intermediates.noindex/swift-collections.build/Release-iphoneos/OrderedCollections.build/Objects-normal/arm64/OrderedCollections.SwiftFileList

WriteAuxiliaryFile /Users/runner/work/red-pen-ios/red-pen-ios/ios/build/Build/Intermediates.noindex/swift-collections.build/Release-iphoneos/OrderedCollections.build/Objects-normal/arm64/OrderedCollections.SwiftConstValuesFileList (in target 'OrderedCollections' from project 'swift-collections')
    cd /Users/runner/work/red-pen-ios/red-pen-ios/ios/build/SourcePackages/checkouts/swift-collections
    write-file /Users/runner/work/red-pen-ios/red-pen-ios/ios/build/Build/Intermediates.noindex/swift-collections.build/Release-iphoneos/OrderedCollections.build/Objects-normal/arm64/OrderedCollections.SwiftConstValuesFileList

WriteAuxiliaryFile /Users/runner/work/red-pen-ios/red-pen-ios/ios/build/Build/Intermediates.noindex/swift-collections.build/Release-iphoneos/OrderedCollections.build/Objects-normal/arm64/OrderedCollections.LinkFileList (in target 'OrderedCollections' from project 'swift-collections')
    cd /Users/runner/work/red-pen-ios/red-pen-ios/ios/build/SourcePackages/checkouts/swift-collections
    write-file /Users/runner/work/red-pen-ios/red-pen-ios/ios/build/Build/Intermediates.noindex/swift-collections.build/Release-iphoneos/OrderedCollections.build/Objects-normal/arm64/OrderedCollections.LinkFileList

WriteAuxiliaryFile /Users/runner/work/red-pen-ios/red-pen-ios/ios/build/Build/Intermediates.noindex/swift-collections.build/Release-iphoneos/OrderedCollections.build/Objects-normal/arm64/OrderedCollections-OutputFileMap.json (in target 'OrderedCollections' from project 'swift-collections')
    cd /Users/runner/work/red-pen-ios/red-pen-ios/ios/build/SourcePackages/checkouts/swift-collections
    write-file /Users/runner/work/red-pen-ios/red-pen-ios/ios/build/Build/Intermediates.noindex/swift-collections.build/Release-iphoneos/OrderedCollections.build/Objects-normal/arm64/OrderedCollections-OutputFileMap.json

Copy /Users/runner/work/red-pen-ios/red-pen-ios/ios/build/Build/Intermediates.noindex/GeneratedModuleMaps-iphoneos/OrderedCollections.modulemap /Users/runner/work/red-pen-ios/red-pen-ios/ios/build/Build/Intermediates.noindex/swift-collections.build/Release-iphoneos/OrderedCollections.build/OrderedCollections.modulemap (in target 'OrderedCollections' from project 'swift-collections')
    cd /Users/runner/work/red-pen-ios/red-pen-ios/ios/build/SourcePackages/checkouts/swift-collections
    builtin-copy -exclude .DS_Store -exclude CVS -exclude .svn -exclude .git -exclude .hg -strip-unsigned-binaries -strip-deterministic -strip-tool /Applications/Xcode_26.6.app/Contents/Developer/Toolchains/XcodeDefault.xctoolchain/usr/bin/strip -resolve-src-symlinks /Users/runner/work/red-pen-ios/red-pen-ios/ios/build/Build/Intermediates.noindex/swift-collections.build/Release-iphoneos/OrderedCollections.build/OrderedCollections.modulemap /Users/runner/work/red-pen-ios/red-pen-ios/ios/build/Build/Intermediates.noindex/GeneratedModuleMaps-iphoneos

MkDir /Users/runner/work/red-pen-ios/red-pen-ios/ios/build/Build/Products/Release-iphoneos/RedPen.app/Frameworks (in target 'RedPen' from project 'RedPen')
    cd /Users/runner/work/red-pen-ios/red-pen-ios/ios
    /bin/mkdir -p /Users/runner/work/red-pen-ios/red-pen-ios/ios/build/Build/Products/Release-iphoneos/RedPen.app/Frameworks

MkDir /Users/runner/work/red-pen-ios/red-pen-ios/ios/build/Build/Products/Release-iphoneos/RedPen.app (in target 'RedPen' from project 'RedPen')
    cd /Users/runner/work/red-pen-ios/red-pen-ios/ios
    /bin/mkdir -p /Users/runner/work/red-pen-ios/red-pen-ios/ios/build/Build/Products/Release-iphoneos/RedPen.app

WriteAuxiliaryFile /Users/runner/work/red-pen-ios/red-pen-ios/ios/build/Build/Intermediates.noindex/LocalLLMClient.build/Release-iphoneos/LocalLLMClient_LocalLLMClientLlama.build/empty-LocalLLMClient_LocalLLMClientLlama.plist (in target 'LocalLLMClient_LocalLLMClientLlama' from project 'LocalLLMClient')
    cd /Users/runner/work/red-pen-ios/red-pen-ios/ios/build/SourcePackages/checkouts/LocalLLMClient
    write-file /Users/runner/work/red-pen-ios/red-pen-ios/ios/build/Build/Intermediates.noindex/LocalLLMClient.build/Release-iphoneos/LocalLLMClient_LocalLLMClientLlama.build/empty-LocalLLMClient_LocalLLMClientLlama.plist

WriteAuxiliaryFile /Users/runner/work/red-pen-ios/red-pen-ios/ios/build/Build/Intermediates.noindex/LocalLLMClient.build/Release-iphoneos/LocalLLMClient_LocalLLMClientLlama.build/LocalLLMClient_LocalLLMClientLlama.DependencyStaticMetadataFileList (in target 'LocalLLMClient_LocalLLMClientLlama' from project 'LocalLLMClient')
    cd /Users/runner/work/red-pen-ios/red-pen-ios/ios/build/SourcePackages/checkouts/LocalLLMClient
    write-file /Users/runner/work/red-pen-ios/red-pen-ios/ios/build/Build/Intermediates.noindex/LocalLLMClient.build/Release-iphoneos/LocalLLMClient_LocalLLMClientLlama.build/LocalLLMClient_LocalLLMClientLlama.DependencyStaticMetadataFileList

WriteAuxiliaryFile /Users/runner/work/red-pen-ios/red-pen-ios/ios/build/Build/Intermediates.noindex/LocalLLMClient.build/Release-iphoneos/LocalLLMClient_LocalLLMClientLlama.build/LocalLLMClient_LocalLLMClientLlama.DependencyMetadataFileList (in target 'LocalLLMClient_LocalLLMClientLlama' from project 'LocalLLMClient')
    cd /Users/runner/work/red-pen-ios/red-pen-ios/ios/build/SourcePackages/checkouts/LocalLLMClient
    write-file /Users/runner/work/red-pen-ios/red-pen-ios/ios/build/Build/Intermediates.noindex/LocalLLMClient.build/Release-iphoneos/LocalLLMClient_LocalLLMClientLlama.build/LocalLLMClient_LocalLLMClientLlama.DependencyMetadataFileList

MkDir /Users/runner/work/red-pen-ios/red-pen-ios/ios/build/Build/Products/Release-iphoneos/LocalLLMClient_LocalLLMClientLlama.bundle (in target 'LocalLLMClient_LocalLLMClientLlama' from project 'LocalLLMClient')
    cd /Users/runner/work/red-pen-ios/red-pen-ios/ios/build/SourcePackages/checkouts/LocalLLMClient
    /bin/mkdir -p /Users/runner/work/red-pen-ios/red-pen-ios/ios/build/Build/Products/Release-iphoneos/LocalLLMClient_LocalLLMClientLlama.bundle

WriteAuxiliaryFile /Users/runner/work/red-pen-ios/red-pen-ios/ios/build/Build/Intermediates.noindex/LocalLLMClient.build/Release-iphoneos/LocalLLMClientUtility.build/Objects-normal/arm64/LocalLLMClientUtility_const_extract_protocols.json (in target 'LocalLLMClientUtility' from project 'LocalLLMClient')
    cd /Users/runner/work/red-pen-ios/red-pen-ios/ios/build/SourcePackages/checkouts/LocalLLMClient
    write-file /Users/runner/work/red-pen-ios/red-pen-ios/ios/build/Build/Intermediates.noindex/LocalLLMClient.build/Release-iphoneos/LocalLLMClientUtility.build/Objects-normal/arm64/LocalLLMClientUtility_const_extract_protocols.json

WriteAuxiliaryFile /Users/runner/work/red-pen-ios/red-pen-ios/ios/build/Build/Intermediates.noindex/LocalLLMClient.build/Release-iphoneos/LocalLLMClientUtility.build/Objects-normal/arm64/LocalLLMClientUtility.SwiftFileList (in target 'LocalLLMClientUtility' from project 'LocalLLMClient')
    cd /Users/runner/work/red-pen-ios/red-pen-ios/ios/build/SourcePackages/checkouts/LocalLLMClient
    write-file /Users/runner/work/red-pen-ios/red-pen-ios/ios/build/Build/Intermediates.noindex/LocalLLMClient.build/Release-iphoneos/LocalLLMClientUtility.build/Objects-normal/arm64/LocalLLMClientUtility.SwiftFileList

WriteAuxiliaryFile /Users/runner/work/red-pen-ios/red-pen-ios/ios/build/Build/Intermediates.noindex/LocalLLMClient.build/Release-iphoneos/LocalLLMClientUtility.build/Objects-normal/arm64/LocalLLMClientUtility.SwiftConstValuesFileList (in target 'LocalLLMClientUtility' from project 'LocalLLMClient')
    cd /Users/runner/work/red-pen-ios/red-pen-ios/ios/build/SourcePackages/checkouts/LocalLLMClient
    write-file /Users/runner/work/red-pen-ios/red-pen-ios/ios/build/Build/Intermediates.noindex/LocalLLMClient.build/Release-iphoneos/LocalLLMClientUtility.build/Objects-normal/arm64/LocalLLMClientUtility.SwiftConstValuesFileList

WriteAuxiliaryFile /Users/runner/work/red-pen-ios/red-pen-ios/ios/build/Build/Intermediates.noindex/LocalLLMClient.build/Release-iphoneos/LocalLLMClientUtility.build/Objects-normal/arm64/LocalLLMClientUtility.LinkFileList (in target 'LocalLLMClientUtility' from project 'LocalLLMClient')
    cd /Users/runner/work/red-pen-ios/red-pen-ios/ios/build/SourcePackages/checkouts/LocalLLMClient
    write-file /Users/runner/work/red-pen-ios/red-pen-ios/ios/build/Build/Intermediates.noindex/LocalLLMClient.build/Release-iphoneos/LocalLLMClientUtility.build/Objects-normal/arm64/LocalLLMClientUtility.LinkFileList

WriteAuxiliaryFile /Users/runner/work/red-pen-ios/red-pen-ios/ios/build/Build/Intermediates.noindex/LocalLLMClient.build/Release-iphoneos/LocalLLMClientUtility.build/Objects-normal/arm64/LocalLLMClientUtility-OutputFileMap.json (in target 'LocalLLMClientUtility' from project 'LocalLLMClient')
    cd /Users/runner/work/red-pen-ios/red-pen-ios/ios/build/SourcePackages/checkouts/LocalLLMClient
    write-file /Users/runner/work/red-pen-ios/red-pen-ios/ios/build/Build/Intermediates.noindex/LocalLLMClient.build/Release-iphoneos/LocalLLMClientUtility.build/Objects-normal/arm64/LocalLLMClientUtility-OutputFileMap.json

WriteAuxiliaryFile /Users/runner/work/red-pen-ios/red-pen-ios/ios/build/Build/Intermediates.noindex/LocalLLMClient.build/Release-iphoneos/LocalLLMClientUtility.build/LocalLLMClientUtility.modulemap (in target 'LocalLLMClientUtility' from project 'LocalLLMClient')
    cd /Users/runner/work/red-pen-ios/red-pen-ios/ios/build/SourcePackages/checkouts/LocalLLMClient
    write-file /Users/runner/work/red-pen-ios/red-pen-ios/ios/build/Build/Intermediates.noindex/LocalLLMClient.build/Release-iphoneos/LocalLLMClientUtility.build/LocalLLMClientUtility.modulemap

WriteAuxiliaryFile /Users/runner/work/red-pen-ios/red-pen-ios/ios/build/Build/Intermediates.noindex/LocalLLMClient.build/Release-iphoneos/LocalLLMClientUtility.build/LocalLLMClientUtility.DependencyStaticMetadataFileList (in target 'LocalLLMClientUtility' from project 'LocalLLMClient')
    cd /Users/runner/work/red-pen-ios/red-pen-ios/ios/build/SourcePackages/checkouts/LocalLLMClient
    write-file /Users/runner/work/red-pen-ios/red-pen-ios/ios/build/Build/Intermediates.noindex/LocalLLMClient.build/Release-iphoneos/LocalLLMClientUtility.build/LocalLLMClientUtility.DependencyStaticMetadataFileList

WriteAuxiliaryFile /Users/runner/work/red-pen-ios/red-pen-ios/ios/build/Build/Intermediates.noindex/LocalLLMClient.build/Release-iphoneos/LocalLLMClientUtility.build/LocalLLMClientUtility.DependencyMetadataFileList (in target 'LocalLLMClientUtility' from project 'LocalLLMClient')
    cd /Users/runner/work/red-pen-ios/red-pen-ios/ios/build/SourcePackages/checkouts/LocalLLMClient
    write-file /Users/runner/work/red-pen-ios/red-pen-ios/ios/build/Build/Intermediates.noindex/LocalLLMClient.build/Release-iphoneos/LocalLLMClientUtility.build/LocalLLMClientUtility.DependencyMetadataFileList

Copy /Users/runner/work/red-pen-ios/red-pen-ios/ios/build/Build/Intermediates.noindex/GeneratedModuleMaps-iphoneos/LocalLLMClientUtility.modulemap /Users/runner/work/red-pen-ios/red-pen-ios/ios/build/Build/Intermediates.noindex/LocalLLMClient.build/Release-iphoneos/LocalLLMClientUtility.build/LocalLLMClientUtility.modulemap (in target 'LocalLLMClientUtility' from project 'LocalLLMClient')
    cd /Users/runner/work/red-pen-ios/red-pen-ios/ios/build/SourcePackages/checkouts/LocalLLMClient
    builtin-copy -exclude .DS_Store -exclude CVS -exclude .svn -exclude .git -exclude .hg -strip-unsigned-binaries -strip-deterministic -strip-tool /Applications/Xcode_26.6.app/Contents/Developer/Toolchains/XcodeDefault.xctoolchain/usr/bin/strip -resolve-src-symlinks /Users/runner/work/red-pen-ios/red-pen-ios/ios/build/Build/Intermediates.noindex/LocalLLMClient.build/Release-iphoneos/LocalLLMClientUtility.build/LocalLLMClientUtility.modulemap /Users/runner/work/red-pen-ios/red-pen-ios/ios/build/Build/Intermediates.noindex/GeneratedModuleMaps-iphoneos

WriteAuxiliaryFile /Users/runner/work/red-pen-ios/red-pen-ios/ios/build/Build/Intermediates.noindex/LocalLLMClient.build/Release/LocalLLMClientMacrosPlugin.build/Objects-normal/arm64/LocalLLMClientMacrosPlugin_const_extract_protocols.json (in target 'LocalLLMClientMacrosPlugin' from project 'LocalLLMClient')
    cd /Users/runner/work/red-pen-ios/red-pen-ios/ios/build/SourcePackages/checkouts/LocalLLMClient
    write-file /Users/runner/work/red-pen-ios/red-pen-ios/ios/build/Build/Intermediates.noindex/LocalLLMClient.build/Release/LocalLLMClientMacrosPlugin.build/Objects-normal/arm64/LocalLLMClientMacrosPlugin_const_extract_protocols.json

WriteAuxiliaryFile /Users/runner/work/red-pen-ios/red-pen-ios/ios/build/Build/Intermediates.noindex/LocalLLMClient.build/Release/LocalLLMClientMacrosPlugin.build/Objects-normal/arm64/LocalLLMClientMacrosPlugin.SwiftFileList (in target 'LocalLLMClientMacrosPlugin' from project 'LocalLLMClient')
    cd /Users/runner/work/red-pen-ios/red-pen-ios/ios/build/SourcePackages/checkouts/LocalLLMClient
    write-file /Users/runner/work/red-pen-ios/red-pen-ios/ios/build/Build/Intermediates.noindex/LocalLLMClient.build/Release/LocalLLMClientMacrosPlugin.build/Objects-normal/arm64/LocalLLMClientMacrosPlugin.SwiftFileList

WriteAuxiliaryFile /Users/runner/work/red-pen-ios/red-pen-ios/ios/build/Build/Intermediates.noindex/LocalLLMClient.build/Release/LocalLLMClientMacrosPlugin.build/Objects-normal/arm64/LocalLLMClientMacrosPlugin.LinkFileList (in target 'LocalLLMClientMacrosPlugin' from project 'LocalLLMClient')
    cd /Users/runner/work/red-pen-ios/red-pen-ios/ios/build/SourcePackages/checkouts/LocalLLMClient
    write-file /Users/runner/work/red-pen-ios/red-pen-ios/ios/build/Build/Intermediates.noindex/LocalLLMClient.build/Release/LocalLLMClientMacrosPlugin.build/Objects-normal/arm64/LocalLLMClientMacrosPlugin.LinkFileList

WriteAuxiliaryFile /Users/runner/work/red-pen-ios/red-pen-ios/ios/build/Build/Intermediates.noindex/LocalLLMClient.build/Release/LocalLLMClientMacrosPlugin.build/Objects-normal/arm64/LocalLLMClientMacrosPlugin-OutputFileMap.json (in target 'LocalLLMClientMacrosPlugin' from project 'LocalLLMClient')
    cd /Users/runner/work/red-pen-ios/red-pen-ios/ios/build/SourcePackages/checkouts/LocalLLMClient
    write-file /Users/runner/work/red-pen-ios/red-pen-ios/ios/build/Build/Intermediates.noindex/LocalLLMClient.build/Release/LocalLLMClientMacrosPlugin.build/Objects-normal/arm64/LocalLLMClientMacrosPlugin-OutputFileMap.json

WriteAuxiliaryFile /Users/runner/work/red-pen-ios/red-pen-ios/ios/build/Build/Intermediates.noindex/LocalLLMClient.build/Release/LocalLLMClientMacrosPlugin.build/LocalLLMClientMacrosPlugin.DependencyStaticMetadataFileList (in target 'LocalLLMClientMacrosPlugin' from project 'LocalLLMClient')
    cd /Users/runner/work/red-pen-ios/red-pen-ios/ios/build/SourcePackages/checkouts/LocalLLMClient
    write-file /Users/runner/work/red-pen-ios/red-pen-ios/ios/build/Build/Intermediates.noindex/LocalLLMClient.build/Release/LocalLLMClientMacrosPlugin.build/LocalLLMClientMacrosPlugin.DependencyStaticMetadataFileList

WriteAuxiliaryFile /Users/runner/work/red-pen-ios/red-pen-ios/ios/build/Build/Intermediates.noindex/LocalLLMClient.build/Release/LocalLLMClientMacrosPlugin.build/LocalLLMClientMacrosPlugin.DependencyMetadataFileList (in target 'LocalLLMClientMacrosPlugin' from project 'LocalLLMClient')
    cd /Users/runner/work/red-pen-ios/red-pen-ios/ios/build/SourcePackages/checkouts/LocalLLMClient
    write-file /Users/runner/work/red-pen-ios/red-pen-ios/ios/build/Build/Intermediates.noindex/LocalLLMClient.build/Release/LocalLLMClientMacrosPlugin.build/LocalLLMClientMacrosPlugin.DependencyMetadataFileList

WriteAuxiliaryFile /Users/runner/work/red-pen-ios/red-pen-ios/ios/build/Build/Intermediates.noindex/LocalLLMClient.build/Release-iphoneos/LocalLLMClientMacros.build/Objects-normal/arm64/LocalLLMClientMacros_const_extract_protocols.json (in target 'LocalLLMClientMacros' from project 'LocalLLMClient')
    cd /Users/runner/work/red-pen-ios/red-pen-ios/ios/build/SourcePackages/checkouts/LocalLLMClient
    write-file /Users/runner/work/red-pen-ios/red-pen-ios/ios/build/Build/Intermediates.noindex/LocalLLMClient.build/Release-iphoneos/LocalLLMClientMacros.build/Objects-normal/arm64/LocalLLMClientMacros_const_extract_protocols.json

WriteAuxiliaryFile /Users/runner/work/red-pen-ios/red-pen-ios/ios/build/Build/Intermediates.noindex/LocalLLMClient.build/Release-iphoneos/LocalLLMClientMacros.build/Objects-normal/arm64/LocalLLMClientMacros.SwiftFileList (in target 'LocalLLMClientMacros' from project 'LocalLLMClient')
    cd /Users/runner/work/red-pen-ios/red-pen-ios/ios/build/SourcePackages/checkouts/LocalLLMClient
    write-file /Users/runner/work/red-pen-ios/red-pen-ios/ios/build/Build/Intermediates.noindex/LocalLLMClient.build/Release-iphoneos/LocalLLMClientMacros.build/Objects-normal/arm64/LocalLLMClientMacros.SwiftFileList

WriteAuxiliaryFile /Users/runner/work/red-pen-ios/red-pen-ios/ios/build/Build/Intermediates.noindex/LocalLLMClient.build/Release-iphoneos/LocalLLMClientMacros.build/Objects-normal/arm64/LocalLLMClientMacros.SwiftConstValuesFileList (in target 'LocalLLMClientMacros' from project 'LocalLLMClient')
    cd /Users/runner/work/red-pen-ios/red-pen-ios/ios/build/SourcePackages/checkouts/LocalLLMClient
    write-file /Users/runner/work/red-pen-ios/red-pen-ios/ios/build/Build/Intermediates.noindex/LocalLLMClient.build/Release-iphoneos/LocalLLMClientMacros.build/Objects-normal/arm64/LocalLLMClientMacros.SwiftConstValuesFileList

WriteAuxiliaryFile /Users/runner/work/red-pen-ios/red-pen-ios/ios/build/Build/Intermediates.noindex/LocalLLMClient.build/Release-iphoneos/LocalLLMClientMacros.build/Objects-normal/arm64/LocalLLMClientMacros.LinkFileList (in target 'LocalLLMClientMacros' from project 'LocalLLMClient')
    cd /Users/runner/work/red-pen-ios/red-pen-ios/ios/build/SourcePackages/checkouts/LocalLLMClient
    write-file /Users/runner/work/red-pen-ios/red-pen-ios/ios/build/Build/Intermediates.noindex/LocalLLMClient.build/Release-iphoneos/LocalLLMClientMacros.build/Objects-normal/arm64/LocalLLMClientMacros.LinkFileList

WriteAuxiliaryFile /Users/runner/work/red-pen-ios/red-pen-ios/ios/build/Build/Intermediates.noindex/LocalLLMClient.build/Release-iphoneos/LocalLLMClientMacros.build/Objects-normal/arm64/LocalLLMClientMacros-OutputFileMap.json (in target 'LocalLLMClientMacros' from project 'LocalLLMClient')
    cd /Users/runner/work/red-pen-ios/red-pen-ios/ios/build/SourcePackages/checkouts/LocalLLMClient
    write-file /Users/runner/work/red-pen-ios/red-pen-ios/ios/build/Build/Intermediates.noindex/LocalLLMClient.build/Release-iphoneos/LocalLLMClientMacros.build/Objects-normal/arm64/LocalLLMClientMacros-OutputFileMap.json

WriteAuxiliaryFile /Users/runner/work/red-pen-ios/red-pen-ios/ios/build/Build/Intermediates.noindex/LocalLLMClient.build/Release-iphoneos/LocalLLMClientMacros.build/LocalLLMClientMacros.modulemap (in target 'LocalLLMClientMacros' from project 'LocalLLMClient')
    cd /Users/runner/work/red-pen-ios/red-pen-ios/ios/build/SourcePackages/checkouts/LocalLLMClient
    write-file /Users/runner/work/red-pen-ios/red-pen-ios/ios/build/Build/Intermediates.noindex/LocalLLMClient.build/Release-iphoneos/LocalLLMClientMacros.build/LocalLLMClientMacros.modulemap

WriteAuxiliaryFile /Users/runner/work/red-pen-ios/red-pen-ios/ios/build/Build/Intermediates.noindex/LocalLLMClient.build/Release-iphoneos/LocalLLMClientMacros.build/LocalLLMClientMacros.DependencyStaticMetadataFileList (in target 'LocalLLMClientMacros' from project 'LocalLLMClient')
    cd /Users/runner/work/red-pen-ios/red-pen-ios/ios/build/SourcePackages/checkouts/LocalLLMClient
    write-file /Users/runner/work/red-pen-ios/red-pen-ios/ios/build/Build/Intermediates.noindex/LocalLLMClient.build/Release-iphoneos/LocalLLMClientMacros.build/LocalLLMClientMacros.DependencyStaticMetadataFileList

WriteAuxiliaryFile /Users/runner/work/red-pen-ios/red-pen-ios/ios/build/Build/Intermediates.noindex/LocalLLMClient.build/Release-iphoneos/LocalLLMClientMacros.build/LocalLLMClientMacros.DependencyMetadataFileList (in target 'LocalLLMClientMacros' from project 'LocalLLMClient')
    cd /Users/runner/work/red-pen-ios/red-pen-ios/ios/build/SourcePackages/checkouts/LocalLLMClient
    write-file /Users/runner/work/red-pen-ios/red-pen-ios/ios/build/Build/Intermediates.noindex/LocalLLMClient.build/Release-iphoneos/LocalLLMClientMacros.build/LocalLLMClientMacros.DependencyMetadataFileList

Copy /Users/runner/work/red-pen-ios/red-pen-ios/ios/build/Build/Intermediates.noindex/GeneratedModuleMaps-iphoneos/LocalLLMClientMacros.modulemap /Users/runner/work/red-pen-ios/red-pen-ios/ios/build/Build/Intermediates.noindex/LocalLLMClient.build/Release-iphoneos/LocalLLMClientMacros.build/LocalLLMClientMacros.modulemap (in target 'LocalLLMClientMacros' from project 'LocalLLMClient')
    cd /Users/runner/work/red-pen-ios/red-pen-ios/ios/build/SourcePackages/checkouts/LocalLLMClient
    builtin-copy -exclude .DS_Store -exclude CVS -exclude .svn -exclude .git -exclude .hg -strip-unsigned-binaries -strip-deterministic -strip-tool /Applications/Xcode_26.6.app/Contents/Developer/Toolchains/XcodeDefault.xctoolchain/usr/bin/strip -resolve-src-symlinks /Users/runner/work/red-pen-ios/red-pen-ios/ios/build/Build/Intermediates.noindex/LocalLLMClient.build/Release-iphoneos/LocalLLMClientMacros.build/LocalLLMClientMacros.modulemap /Users/runner/work/red-pen-ios/red-pen-ios/ios/build/Build/Intermediates.noindex/GeneratedModuleMaps-iphoneos

WriteAuxiliaryFile /Users/runner/work/red-pen-ios/red-pen-ios/ios/build/Build/Intermediates.noindex/LocalLLMClient.build/Release-iphoneos/LocalLLMClientLlamaC.build/Objects-normal/arm64/LocalLLMClientLlamaC.LinkFileList (in target 'LocalLLMClientLlamaC' from project 'LocalLLMClient')
    cd /Users/runner/work/red-pen-ios/red-pen-ios/ios/build/SourcePackages/checkouts/LocalLLMClient
    write-file /Users/runner/work/red-pen-ios/red-pen-ios/ios/build/Build/Intermediates.noindex/LocalLLMClient.build/Release-iphoneos/LocalLLMClientLlamaC.build/Objects-normal/arm64/LocalLLMClientLlamaC.LinkFileList

WriteAuxiliaryFile /Users/runner/work/red-pen-ios/red-pen-ios/ios/build/Build/Intermediates.noindex/LocalLLMClient.build/Release-iphoneos/LocalLLMClientLlamaC.build/Objects-normal/arm64/82b82416624d2658e5098eb0a28c15c5-common-args.resp (in target 'LocalLLMClientLlamaC' from project 'LocalLLMClient')
    cd /Users/runner/work/red-pen-ios/red-pen-ios/ios/build/SourcePackages/checkouts/LocalLLMClient
    write-file /Users/runner/work/red-pen-ios/red-pen-ios/ios/build/Build/Intermediates.noindex/LocalLLMClient.build/Release-iphoneos/LocalLLMClientLlamaC.build/Objects-normal/arm64/82b82416624d2658e5098eb0a28c15c5-common-args.resp
'-std=c++17' -fmodules -fno-cxx-modules -gmodules '-fmodules-cache-path=/Users/runner/work/red-pen-ios/red-pen-ios/ios/build/ModuleCache.noindex' '-fmodule-name=LocalLLMClientLlamaC' -fpascal-strings -Os -DSWIFT_PACKAGE '-DLLAMA_BUILD_NUMBER=8851' '-DLLAMA_BUILD_NUMBER=8851' -g -fvisibility-inlines-hidden -I/Users/runner/work/red-pen-ios/red-pen-ios/ios/build/Build/Products/Release-iphoneos/include -I/Users/runner/work/red-pen-ios/red-pen-ios/ios/build/SourcePackages/checkouts/LocalLLMClient/Sources/LocalLLMClientLlamaC/include -I/Users/runner/work/red-pen-ios/red-pen-ios/ios/build/SourcePackages/checkouts/LocalLLMClient/Sources/LocalLLMClientLlamaC -I/Users/runner/work/red-pen-ios/red-pen-ios/ios/build/SourcePackages/checkouts/LocalLLMClient/Sources/LocalLLMClientLlamaC/common -I/Users/runner/work/red-pen-ios/red-pen-ios/ios/build/SourcePackages/checkouts/LocalLLMClient/Sources/LocalLLMClientLlamaC -I/Users/runner/work/red-pen-ios/red-pen-ios/ios/build/SourcePackages/checkouts/LocalLLMClient/Sources/LocalLLMClientLlamaC/common -I/Users/runner/work/red-pen-ios/red-pen-ios/ios/build/Build/Intermediates.noindex/LocalLLMClient.build/Release-iphoneos/LocalLLMClientLlamaC.build/DerivedSources-normal/arm64 -I/Users/runner/work/red-pen-ios/red-pen-ios/ios/build/Build/Intermediates.noindex/LocalLLMClient.build/Release-iphoneos/LocalLLMClientLlamaC.build/DerivedSources/arm64 -I/Users/runner/work/red-pen-ios/red-pen-ios/ios/build/Build/Intermediates.noindex/LocalLLMClient.build/Release-iphoneos/LocalLLMClientLlamaC.build/DerivedSources -F/Users/runner/work/red-pen-ios/red-pen-ios/ios/build/Build/Products/Release-iphoneos -iframework /Applications/Xcode_26.6.app/Contents/Developer/Platforms/iPhoneOS.platform/Developer/Library/Frameworks -iframework /Applications/Xcode_26.6.app/Contents/Developer/Platforms/iPhoneOS.platform/Developer/SDKs/iPhoneOS26.5.sdk/Developer/Library/Frameworks -DXcode -UDEBUG

WriteAuxiliaryFile /Users/runner/work/red-pen-ios/red-pen-ios/ios/build/Build/Intermediates.noindex/LocalLLMClient.build/Release-iphoneos/LocalLLMClientLlamaC.build/LocalLLMClientLlamaC.DependencyStaticMetadataFileList (in target 'LocalLLMClientLlamaC' from project 'LocalLLMClient')
    cd /Users/runner/work/red-pen-ios/red-pen-ios/ios/build/SourcePackages/checkouts/LocalLLMClient
    write-file /Users/runner/work/red-pen-ios/red-pen-ios/ios/build/Build/Intermediates.noindex/LocalLLMClient.build/Release-iphoneos/LocalLLMClientLlamaC.build/LocalLLMClientLlamaC.DependencyStaticMetadataFileList

WriteAuxiliaryFile /Users/runner/work/red-pen-ios/red-pen-ios/ios/build/Build/Intermediates.noindex/LocalLLMClient.build/Release-iphoneos/LocalLLMClientLlamaC.build/LocalLLMClientLlamaC.DependencyMetadataFileList (in target 'LocalLLMClientLlamaC' from project 'LocalLLMClient')
    cd /Users/runner/work/red-pen-ios/red-pen-ios/ios/build/SourcePackages/checkouts/LocalLLMClient
    write-file /Users/runner/work/red-pen-ios/red-pen-ios/ios/build/Build/Intermediates.noindex/LocalLLMClient.build/Release-iphoneos/LocalLLMClientLlamaC.build/LocalLLMClientLlamaC.DependencyMetadataFileList

WriteAuxiliaryFile /Users/runner/work/red-pen-ios/red-pen-ios/ios/build/Build/Intermediates.noindex/LocalLLMClient.build/Release-iphoneos/LocalLLMClientLlama.build/Objects-normal/arm64/LocalLLMClientLlama_const_extract_protocols.json (in target 'LocalLLMClientLlama' from project 'LocalLLMClient')
    cd /Users/runner/work/red-pen-ios/red-pen-ios/ios/build/SourcePackages/checkouts/LocalLLMClient
    write-file /Users/runner/work/red-pen-ios/red-pen-ios/ios/build/Build/Intermediates.noindex/LocalLLMClient.build/Release-iphoneos/LocalLLMClientLlama.build/Objects-normal/arm64/LocalLLMClientLlama_const_extract_protocols.json

WriteAuxiliaryFile /Users/runner/work/red-pen-ios/red-pen-ios/ios/build/Build/Intermediates.noindex/LocalLLMClient.build/Release-iphoneos/LocalLLMClientLlama.build/Objects-normal/arm64/LocalLLMClientLlama.SwiftFileList (in target 'LocalLLMClientLlama' from project 'LocalLLMClient')
    cd /Users/runner/work/red-pen-ios/red-pen-ios/ios/build/SourcePackages/checkouts/LocalLLMClient
    write-file /Users/runner/work/red-pen-ios/red-pen-ios/ios/build/Build/Intermediates.noindex/LocalLLMClient.build/Release-iphoneos/LocalLLMClientLlama.build/Objects-normal/arm64/LocalLLMClientLlama.SwiftFileList

WriteAuxiliaryFile /Users/runner/work/red-pen-ios/red-pen-ios/ios/build/Build/Intermediates.noindex/LocalLLMClient.build/Release-iphoneos/LocalLLMClientLlama.build/Objects-normal/arm64/LocalLLMClientLlama.SwiftConstValuesFileList (in target 'LocalLLMClientLlama' from project 'LocalLLMClient')
    cd /Users/runner/work/red-pen-ios/red-pen-ios/ios/build/SourcePackages/checkouts/LocalLLMClient
    write-file /Users/runner/work/red-pen-ios/red-pen-ios/ios/build/Build/Intermediates.noindex/LocalLLMClient.build/Release-iphoneos/LocalLLMClientLlama.build/Objects-normal/arm64/LocalLLMClientLlama.SwiftConstValuesFileList

WriteAuxiliaryFile /Users/runner/work/red-pen-ios/red-pen-ios/ios/build/Build/Intermediates.noindex/LocalLLMClient.build/Release-iphoneos/LocalLLMClientLlama.build/Objects-normal/arm64/LocalLLMClientLlama.LinkFileList (in target 'LocalLLMClientLlama' from project 'LocalLLMClient')
    cd /Users/runner/work/red-pen-ios/red-pen-ios/ios/build/SourcePackages/checkouts/LocalLLMClient
    write-file /Users/runner/work/red-pen-ios/red-pen-ios/ios/build/Build/Intermediates.noindex/LocalLLMClient.build/Release-iphoneos/LocalLLMClientLlama.build/Objects-normal/arm64/LocalLLMClientLlama.LinkFileList

WriteAuxiliaryFile /Users/runner/work/red-pen-ios/red-pen-ios/ios/build/Build/Intermediates.noindex/LocalLLMClient.build/Release-iphoneos/LocalLLMClientLlama.build/Objects-normal/arm64/LocalLLMClientLlama-OutputFileMap.json (in target 'LocalLLMClientLlama' from project 'LocalLLMClient')
    cd /Users/runner/work/red-pen-ios/red-pen-ios/ios/build/SourcePackages/checkouts/LocalLLMClient
    write-file /Users/runner/work/red-pen-ios/red-pen-ios/ios/build/Build/Intermediates.noindex/LocalLLMClient.build/Release-iphoneos/LocalLLMClientLlama.build/Objects-normal/arm64/LocalLLMClientLlama-OutputFileMap.json

WriteAuxiliaryFile /Users/runner/work/red-pen-ios/red-pen-ios/ios/build/Build/Intermediates.noindex/LocalLLMClient.build/Release-iphoneos/LocalLLMClientLlama.build/LocalLLMClientLlama.modulemap (in target 'LocalLLMClientLlama' from project 'LocalLLMClient')
    cd /Users/runner/work/red-pen-ios/red-pen-ios/ios/build/SourcePackages/checkouts/LocalLLMClient
    write-file /Users/runner/work/red-pen-ios/red-pen-ios/ios/build/Build/Intermediates.noindex/LocalLLMClient.build/Release-iphoneos/LocalLLMClientLlama.build/LocalLLMClientLlama.modulemap

WriteAuxiliaryFile /Users/runner/work/red-pen-ios/red-pen-ios/ios/build/Build/Intermediates.noindex/LocalLLMClient.build/Release-iphoneos/LocalLLMClientLlama.build/LocalLLMClientLlama.DependencyStaticMetadataFileList (in target 'LocalLLMClientLlama' from project 'LocalLLMClient')
    cd /Users/runner/work/red-pen-ios/red-pen-ios/ios/build/SourcePackages/checkouts/LocalLLMClient
    write-file /Users/runner/work/red-pen-ios/red-pen-ios/ios/build/Build/Intermediates.noindex/LocalLLMClient.build/Release-iphoneos/LocalLLMClientLlama.build/LocalLLMClientLlama.DependencyStaticMetadataFileList

WriteAuxiliaryFile /Users/runner/work/red-pen-ios/red-pen-ios/ios/build/Build/Intermediates.noindex/LocalLLMClient.build/Release-iphoneos/LocalLLMClientLlama.build/LocalLLMClientLlama.DependencyMetadataFileList (in target 'LocalLLMClientLlama' from project 'LocalLLMClient')
    cd /Users/runner/work/red-pen-ios/red-pen-ios/ios/build/SourcePackages/checkouts/LocalLLMClient
    write-file /Users/runner/work/red-pen-ios/red-pen-ios/ios/build/Build/Intermediates.noindex/LocalLLMClient.build/Release-iphoneos/LocalLLMClientLlama.build/LocalLLMClientLlama.DependencyMetadataFileList

WriteAuxiliaryFile /Users/runner/work/red-pen-ios/red-pen-ios/ios/build/Build/Intermediates.noindex/LocalLLMClient.build/Release-iphoneos/LocalLLMClientLlama.build/DerivedSources/resource_bundle_accessor.swift (in target 'LocalLLMClientLlama' from project 'LocalLLMClient')
    cd /Users/runner/work/red-pen-ios/red-pen-ios/ios/build/SourcePackages/checkouts/LocalLLMClient
    write-file /Users/runner/work/red-pen-ios/red-pen-ios/ios/build/Build/Intermediates.noindex/LocalLLMClient.build/Release-iphoneos/LocalLLMClientLlama.build/DerivedSources/resource_bundle_accessor.swift

Copy /Users/runner/work/red-pen-ios/red-pen-ios/ios/build/Build/Intermediates.noindex/GeneratedModuleMaps-iphoneos/LocalLLMClientLlama.modulemap /Users/runner/work/red-pen-ios/red-pen-ios/ios/build/Build/Intermediates.noindex/LocalLLMClient.build/Release-iphoneos/LocalLLMClientLlama.build/LocalLLMClientLlama.modulemap (in target 'LocalLLMClientLlama' from project 'LocalLLMClient')
    cd /Users/runner/work/red-pen-ios/red-pen-ios/ios/build/SourcePackages/checkouts/LocalLLMClient
    builtin-copy -exclude .DS_Store -exclude CVS -exclude .svn -exclude .git -exclude .hg -strip-unsigned-binaries -strip-deterministic -strip-tool /Applications/Xcode_26.6.app/Contents/Developer/Toolchains/XcodeDefault.xctoolchain/usr/bin/strip -resolve-src-symlinks /Users/runner/work/red-pen-ios/red-pen-ios/ios/build/Build/Intermediates.noindex/LocalLLMClient.build/Release-iphoneos/LocalLLMClientLlama.build/LocalLLMClientLlama.modulemap /Users/runner/work/red-pen-ios/red-pen-ios/ios/build/Build/Intermediates.noindex/GeneratedModuleMaps-iphoneos

WriteAuxiliaryFile /Users/runner/work/red-pen-ios/red-pen-ios/ios/build/Build/Intermediates.noindex/LocalLLMClient.build/Release-iphoneos/LocalLLMClientCore.build/Objects-normal/arm64/LocalLLMClientCore_const_extract_protocols.json (in target 'LocalLLMClientCore' from project 'LocalLLMClient')
    cd /Users/runner/work/red-pen-ios/red-pen-ios/ios/build/SourcePackages/checkouts/LocalLLMClient
    write-file /Users/runner/work/red-pen-ios/red-pen-ios/ios/build/Build/Intermediates.noindex/LocalLLMClient.build/Release-iphoneos/LocalLLMClientCore.build/Objects-normal/arm64/LocalLLMClientCore_const_extract_protocols.json

WriteAuxiliaryFile /Users/runner/work/red-pen-ios/red-pen-ios/ios/build/Build/Intermediates.noindex/LocalLLMClient.build/Release-iphoneos/LocalLLMClientCore.build/Objects-normal/arm64/LocalLLMClientCore.SwiftFileList (in target 'LocalLLMClientCore' from project 'LocalLLMClient')
    cd /Users/runner/work/red-pen-ios/red-pen-ios/ios/build/SourcePackages/checkouts/LocalLLMClient
    write-file /Users/runner/work/red-pen-ios/red-pen-ios/ios/build/Build/Intermediates.noindex/LocalLLMClient.build/Release-iphoneos/LocalLLMClientCore.build/Objects-normal/arm64/LocalLLMClientCore.SwiftFileList

WriteAuxiliaryFile /Users/runner/work/red-pen-ios/red-pen-ios/ios/build/Build/Intermediates.noindex/LocalLLMClient.build/Release-iphoneos/LocalLLMClientCore.build/Objects-normal/arm64/LocalLLMClientCore.SwiftConstValuesFileList (in target 'LocalLLMClientCore' from project 'LocalLLMClient')
    cd /Users/runner/work/red-pen-ios/red-pen-ios/ios/build/SourcePackages/checkouts/LocalLLMClient
    write-file /Users/runner/work/red-pen-ios/red-pen-ios/ios/build/Build/Intermediates.noindex/LocalLLMClient.build/Release-iphoneos/LocalLLMClientCore.build/Objects-normal/arm64/LocalLLMClientCore.SwiftConstValuesFileList

WriteAuxiliaryFile /Users/runner/work/red-pen-ios/red-pen-ios/ios/build/Build/Intermediates.noindex/LocalLLMClient.build/Release-iphoneos/LocalLLMClientCore.build/Objects-normal/arm64/LocalLLMClientCore.LinkFileList (in target 'LocalLLMClientCore' from project 'LocalLLMClient')
    cd /Users/runner/work/red-pen-ios/red-pen-ios/ios/build/SourcePackages/checkouts/LocalLLMClient
    write-file /Users/runner/work/red-pen-ios/red-pen-ios/ios/build/Build/Intermediates.noindex/LocalLLMClient.build/Release-iphoneos/LocalLLMClientCore.build/Objects-normal/arm64/LocalLLMClientCore.LinkFileList

WriteAuxiliaryFile /Users/runner/work/red-pen-ios/red-pen-ios/ios/build/Build/Intermediates.noindex/LocalLLMClient.build/Release-iphoneos/LocalLLMClientCore.build/Objects-normal/arm64/LocalLLMClientCore-OutputFileMap.json (in target 'LocalLLMClientCore' from project 'LocalLLMClient')
    cd /Users/runner/work/red-pen-ios/red-pen-ios/ios/build/SourcePackages/checkouts/LocalLLMClient
    write-file /Users/runner/work/red-pen-ios/red-pen-ios/ios/build/Build/Intermediates.noindex/LocalLLMClient.build/Release-iphoneos/LocalLLMClientCore.build/Objects-normal/arm64/LocalLLMClientCore-OutputFileMap.json

WriteAuxiliaryFile /Users/runner/work/red-pen-ios/red-pen-ios/ios/build/Build/Intermediates.noindex/LocalLLMClient.build/Release-iphoneos/LocalLLMClientCore.build/LocalLLMClientCore.modulemap (in target 'LocalLLMClientCore' from project 'LocalLLMClient')
    cd /Users/runner/work/red-pen-ios/red-pen-ios/ios/build/SourcePackages/checkouts/LocalLLMClient
    write-file /Users/runner/work/red-pen-ios/red-pen-ios/ios/build/Build/Intermediates.noindex/LocalLLMClient.build/Release-iphoneos/LocalLLMClientCore.build/LocalLLMClientCore.modulemap

WriteAuxiliaryFile /Users/runner/work/red-pen-ios/red-pen-ios/ios/build/Build/Intermediates.noindex/LocalLLMClient.build/Release-iphoneos/LocalLLMClientCore.build/LocalLLMClientCore.DependencyStaticMetadataFileList (in target 'LocalLLMClientCore' from project 'LocalLLMClient')
    cd /Users/runner/work/red-pen-ios/red-pen-ios/ios/build/SourcePackages/checkouts/LocalLLMClient
    write-file /Users/runner/work/red-pen-ios/red-pen-ios/ios/build/Build/Intermediates.noindex/LocalLLMClient.build/Release-iphoneos/LocalLLMClientCore.build/LocalLLMClientCore.DependencyStaticMetadataFileList

WriteAuxiliaryFile /Users/runner/work/red-pen-ios/red-pen-ios/ios/build/Build/Intermediates.noindex/LocalLLMClient.build/Release-iphoneos/LocalLLMClientCore.build/LocalLLMClientCore.DependencyMetadataFileList (in target 'LocalLLMClientCore' from project 'LocalLLMClient')
    cd /Users/runner/work/red-pen-ios/red-pen-ios/ios/build/SourcePackages/checkouts/LocalLLMClient
    write-file /Users/runner/work/red-pen-ios/red-pen-ios/ios/build/Build/Intermediates.noindex/LocalLLMClient.build/Release-iphoneos/LocalLLMClientCore.build/LocalLLMClientCore.DependencyMetadataFileList

Copy /Users/runner/work/red-pen-ios/red-pen-ios/ios/build/Build/Intermediates.noindex/GeneratedModuleMaps-iphoneos/LocalLLMClientCore.modulemap /Users/runner/work/red-pen-ios/red-pen-ios/ios/build/Build/Intermediates.noindex/LocalLLMClient.build/Release-iphoneos/LocalLLMClientCore.build/LocalLLMClientCore.modulemap (in target 'LocalLLMClientCore' from project 'LocalLLMClient')
    cd /Users/runner/work/red-pen-ios/red-pen-ios/ios/build/SourcePackages/checkouts/LocalLLMClient
    builtin-copy -exclude .DS_Store -exclude CVS -exclude .svn -exclude .git -exclude .hg -strip-unsigned-binaries -strip-deterministic -strip-tool /Applications/Xcode_26.6.app/Contents/Developer/Toolchains/XcodeDefault.xctoolchain/usr/bin/strip -resolve-src-symlinks /Users/runner/work/red-pen-ios/red-pen-ios/ios/build/Build/Intermediates.noindex/LocalLLMClient.build/Release-iphoneos/LocalLLMClientCore.build/LocalLLMClientCore.modulemap /Users/runner/work/red-pen-ios/red-pen-ios/ios/build/Build/Intermediates.noindex/GeneratedModuleMaps-iphoneos

WriteAuxiliaryFile /Users/runner/work/red-pen-ios/red-pen-ios/ios/build/Build/Intermediates.noindex/LocalLLMClient.build/Release-iphoneos/LocalLLMClient.build/Objects-normal/arm64/LocalLLMClient_const_extract_protocols.json (in target 'LocalLLMClient' from project 'LocalLLMClient')
    cd /Users/runner/work/red-pen-ios/red-pen-ios/ios/build/SourcePackages/checkouts/LocalLLMClient
    write-file /Users/runner/work/red-pen-ios/red-pen-ios/ios/build/Build/Intermediates.noindex/LocalLLMClient.build/Release-iphoneos/LocalLLMClient.build/Objects-normal/arm64/LocalLLMClient_const_extract_protocols.json

WriteAuxiliaryFile /Users/runner/work/red-pen-ios/red-pen-ios/ios/build/Build/Intermediates.noindex/LocalLLMClient.build/Release-iphoneos/LocalLLMClient.build/Objects-normal/arm64/LocalLLMClient.SwiftFileList (in target 'LocalLLMClient' from project 'LocalLLMClient')
    cd /Users/runner/work/red-pen-ios/red-pen-ios/ios/build/SourcePackages/checkouts/LocalLLMClient
    write-file /Users/runner/work/red-pen-ios/red-pen-ios/ios/build/Build/Intermediates.noindex/LocalLLMClient.build/Release-iphoneos/LocalLLMClient.build/Objects-normal/arm64/LocalLLMClient.SwiftFileList

WriteAuxiliaryFile /Users/runner/work/red-pen-ios/red-pen-ios/ios/build/Build/Intermediates.noindex/LocalLLMClient.build/Release-iphoneos/LocalLLMClient.build/Objects-normal/arm64/LocalLLMClient.SwiftConstValuesFileList (in target 'LocalLLMClient' from project 'LocalLLMClient')
    cd /Users/runner/work/red-pen-ios/red-pen-ios/ios/build/SourcePackages/checkouts/LocalLLMClient
    write-file /Users/runner/work/red-pen-ios/red-pen-ios/ios/build/Build/Intermediates.noindex/LocalLLMClient.build/Release-iphoneos/LocalLLMClient.build/Objects-normal/arm64/LocalLLMClient.SwiftConstValuesFileList

WriteAuxiliaryFile /Users/runner/work/red-pen-ios/red-pen-ios/ios/build/Build/Intermediates.noindex/LocalLLMClient.build/Release-iphoneos/LocalLLMClient.build/Objects-normal/arm64/LocalLLMClient.LinkFileList (in target 'LocalLLMClient' from project 'LocalLLMClient')
    cd /Users/runner/work/red-pen-ios/red-pen-ios/ios/build/SourcePackages/checkouts/LocalLLMClient
    write-file /Users/runner/work/red-pen-ios/red-pen-ios/ios/build/Build/Intermediates.noindex/LocalLLMClient.build/Release-iphoneos/LocalLLMClient.build/Objects-normal/arm64/LocalLLMClient.LinkFileList

WriteAuxiliaryFile /Users/runner/work/red-pen-ios/red-pen-ios/ios/build/Build/Intermediates.noindex/LocalLLMClient.build/Release-iphoneos/LocalLLMClient.build/Objects-normal/arm64/LocalLLMClient-OutputFileMap.json (in target 'LocalLLMClient' from project 'LocalLLMClient')
    cd /Users/runner/work/red-pen-ios/red-pen-ios/ios/build/SourcePackages/checkouts/LocalLLMClient
    write-file /Users/runner/work/red-pen-ios/red-pen-ios/ios/build/Build/Intermediates.noindex/LocalLLMClient.build/Release-iphoneos/LocalLLMClient.build/Objects-normal/arm64/LocalLLMClient-OutputFileMap.json

WriteAuxiliaryFile /Users/runner/work/red-pen-ios/red-pen-ios/ios/build/Build/Intermediates.noindex/LocalLLMClient.build/Release-iphoneos/LocalLLMClient.build/LocalLLMClient.modulemap (in target 'LocalLLMClient' from project 'LocalLLMClient')
    cd /Users/runner/work/red-pen-ios/red-pen-ios/ios/build/SourcePackages/checkouts/LocalLLMClient
    write-file /Users/runner/work/red-pen-ios/red-pen-ios/ios/build/Build/Intermediates.noindex/LocalLLMClient.build/Release-iphoneos/LocalLLMClient.build/LocalLLMClient.modulemap

WriteAuxiliaryFile /Users/runner/work/red-pen-ios/red-pen-ios/ios/build/Build/Intermediates.noindex/LocalLLMClient.build/Release-iphoneos/LocalLLMClient.build/LocalLLMClient.DependencyStaticMetadataFileList (in target 'LocalLLMClient' from project 'LocalLLMClient')
    cd /Users/runner/work/red-pen-ios/red-pen-ios/ios/build/SourcePackages/checkouts/LocalLLMClient
    write-file /Users/runner/work/red-pen-ios/red-pen-ios/ios/build/Build/Intermediates.noindex/LocalLLMClient.build/Release-iphoneos/LocalLLMClient.build/LocalLLMClient.DependencyStaticMetadataFileList

WriteAuxiliaryFile /Users/runner/work/red-pen-ios/red-pen-ios/ios/build/Build/Intermediates.noindex/LocalLLMClient.build/Release-iphoneos/LocalLLMClient.build/LocalLLMClient.DependencyMetadataFileList (in target 'LocalLLMClient' from project 'LocalLLMClient')
    cd /Users/runner/work/red-pen-ios/red-pen-ios/ios/build/SourcePackages/checkouts/LocalLLMClient
    write-file /Users/runner/work/red-pen-ios/red-pen-ios/ios/build/Build/Intermediates.noindex/LocalLLMClient.build/Release-iphoneos/LocalLLMClient.build/LocalLLMClient.DependencyMetadataFileList

Copy /Users/runner/work/red-pen-ios/red-pen-ios/ios/build/Build/Intermediates.noindex/GeneratedModuleMaps-iphoneos/LocalLLMClient.modulemap /Users/runner/work/red-pen-ios/red-pen-ios/ios/build/Build/Intermediates.noindex/LocalLLMClient.build/Release-iphoneos/LocalLLMClient.build/LocalLLMClient.modulemap (in target 'LocalLLMClient' from project 'LocalLLMClient')
    cd /Users/runner/work/red-pen-ios/red-pen-ios/ios/build/SourcePackages/checkouts/LocalLLMClient
    builtin-copy -exclude .DS_Store -exclude CVS -exclude .svn -exclude .git -exclude .hg -strip-unsigned-binaries -strip-deterministic -strip-tool /Applications/Xcode_26.6.app/Contents/Developer/Toolchains/XcodeDefault.xctoolchain/usr/bin/strip -resolve-src-symlinks /Users/runner/work/red-pen-ios/red-pen-ios/ios/build/Build/Intermediates.noindex/LocalLLMClient.build/Release-iphoneos/LocalLLMClient.build/LocalLLMClient.modulemap /Users/runner/work/red-pen-ios/red-pen-ios/ios/build/Build/Intermediates.noindex/GeneratedModuleMaps-iphoneos

WriteAuxiliaryFile /Users/runner/work/red-pen-ios/red-pen-ios/ios/build/Build/Intermediates.noindex/Jinja.build/Release-iphoneos/Jinja.build/Objects-normal/arm64/Jinja_const_extract_protocols.json (in target 'Jinja' from project 'Jinja')
    cd /Users/runner/work/red-pen-ios/red-pen-ios/ios/build/SourcePackages/checkouts/swift-jinja
    write-file /Users/runner/work/red-pen-ios/red-pen-ios/ios/build/Build/Intermediates.noindex/Jinja.build/Release-iphoneos/Jinja.build/Objects-normal/arm64/Jinja_const_extract_protocols.json

WriteAuxiliaryFile /Users/runner/work/red-pen-ios/red-pen-ios/ios/build/Build/Intermediates.noindex/Jinja.build/Release-iphoneos/Jinja.build/Objects-normal/arm64/Jinja.SwiftFileList (in target 'Jinja' from project 'Jinja')
    cd /Users/runner/work/red-pen-ios/red-pen-ios/ios/build/SourcePackages/checkouts/swift-jinja
    write-file /Users/runner/work/red-pen-ios/red-pen-ios/ios/build/Build/Intermediates.noindex/Jinja.build/Release-iphoneos/Jinja.build/Objects-normal/arm64/Jinja.SwiftFileList

WriteAuxiliaryFile /Users/runner/work/red-pen-ios/red-pen-ios/ios/build/Build/Intermediates.noindex/Jinja.build/Release-iphoneos/Jinja.build/Objects-normal/arm64/Jinja.SwiftConstValuesFileList (in target 'Jinja' from project 'Jinja')
    cd /Users/runner/work/red-pen-ios/red-pen-ios/ios/build/SourcePackages/checkouts/swift-jinja
    write-file /Users/runner/work/red-pen-ios/red-pen-ios/ios/build/Build/Intermediates.noindex/Jinja.build/Release-iphoneos/Jinja.build/Objects-normal/arm64/Jinja.SwiftConstValuesFileList

WriteAuxiliaryFile /Users/runner/work/red-pen-ios/red-pen-ios/ios/build/Build/Intermediates.noindex/Jinja.build/Release-iphoneos/Jinja.build/Objects-normal/arm64/Jinja.LinkFileList (in target 'Jinja' from project 'Jinja')
    cd /Users/runner/work/red-pen-ios/red-pen-ios/ios/build/SourcePackages/checkouts/swift-jinja
    write-file /Users/runner/work/red-pen-ios/red-pen-ios/ios/build/Build/Intermediates.noindex/Jinja.build/Release-iphoneos/Jinja.build/Objects-normal/arm64/Jinja.LinkFileList

WriteAuxiliaryFile /Users/runner/work/red-pen-ios/red-pen-ios/ios/build/Build/Intermediates.noindex/Jinja.build/Release-iphoneos/Jinja.build/Objects-normal/arm64/Jinja-OutputFileMap.json (in target 'Jinja' from project 'Jinja')
    cd /Users/runner/work/red-pen-ios/red-pen-ios/ios/build/SourcePackages/checkouts/swift-jinja
    write-file /Users/runner/work/red-pen-ios/red-pen-ios/ios/build/Build/Intermediates.noindex/Jinja.build/Release-iphoneos/Jinja.build/Objects-normal/arm64/Jinja-OutputFileMap.json

WriteAuxiliaryFile /Users/runner/work/red-pen-ios/red-pen-ios/ios/build/Build/Intermediates.noindex/Jinja.build/Release-iphoneos/Jinja.build/Jinja.modulemap (in target 'Jinja' from project 'Jinja')
    cd /Users/runner/work/red-pen-ios/red-pen-ios/ios/build/SourcePackages/checkouts/swift-jinja
    write-file /Users/runner/work/red-pen-ios/red-pen-ios/ios/build/Build/Intermediates.noindex/Jinja.build/Release-iphoneos/Jinja.build/Jinja.modulemap

WriteAuxiliaryFile /Users/runner/work/red-pen-ios/red-pen-ios/ios/build/Build/Intermediates.noindex/Jinja.build/Release-iphoneos/Jinja.build/Jinja.DependencyStaticMetadataFileList (in target 'Jinja' from project 'Jinja')
    cd /Users/runner/work/red-pen-ios/red-pen-ios/ios/build/SourcePackages/checkouts/swift-jinja
    write-file /Users/runner/work/red-pen-ios/red-pen-ios/ios/build/Build/Intermediates.noindex/Jinja.build/Release-iphoneos/Jinja.build/Jinja.DependencyStaticMetadataFileList

WriteAuxiliaryFile /Users/runner/work/red-pen-ios/red-pen-ios/ios/build/Build/Intermediates.noindex/Jinja.build/Release-iphoneos/Jinja.build/Jinja.DependencyMetadataFileList (in target 'Jinja' from project 'Jinja')
    cd /Users/runner/work/red-pen-ios/red-pen-ios/ios/build/SourcePackages/checkouts/swift-jinja
    write-file /Users/runner/work/red-pen-ios/red-pen-ios/ios/build/Build/Intermediates.noindex/Jinja.build/Release-iphoneos/Jinja.build/Jinja.DependencyMetadataFileList

Copy /Users/runner/work/red-pen-ios/red-pen-ios/ios/build/Build/Intermediates.noindex/GeneratedModuleMaps-iphoneos/Jinja.modulemap /Users/runner/work/red-pen-ios/red-pen-ios/ios/build/Build/Intermediates.noindex/Jinja.build/Release-iphoneos/Jinja.build/Jinja.modulemap (in target 'Jinja' from project 'Jinja')
    cd /Users/runner/work/red-pen-ios/red-pen-ios/ios/build/SourcePackages/checkouts/swift-jinja
    builtin-copy -exclude .DS_Store -exclude CVS -exclude .svn -exclude .git -exclude .hg -strip-unsigned-binaries -strip-deterministic -strip-tool /Applications/Xcode_26.6.app/Contents/Developer/Toolchains/XcodeDefault.xctoolchain/usr/bin/strip -resolve-src-symlinks /Users/runner/work/red-pen-ios/red-pen-ios/ios/build/Build/Intermediates.noindex/Jinja.build/Release-iphoneos/Jinja.build/Jinja.modulemap /Users/runner/work/red-pen-ios/red-pen-ios/ios/build/Build/Intermediates.noindex/GeneratedModuleMaps-iphoneos

WriteAuxiliaryFile /Users/runner/work/red-pen-ios/red-pen-ios/ios/build/Build/Intermediates.noindex/swift-collections.build/Release-iphoneos/InternalCollectionsUtilities.build/Objects-normal/arm64/InternalCollectionsUtilities_const_extract_protocols.json (in target 'InternalCollectionsUtilities' from project 'swift-collections')
    cd /Users/runner/work/red-pen-ios/red-pen-ios/ios/build/SourcePackages/checkouts/swift-collections
    write-file /Users/runner/work/red-pen-ios/red-pen-ios/ios/build/Build/Intermediates.noindex/swift-collections.build/Release-iphoneos/InternalCollectionsUtilities.build/Objects-normal/arm64/InternalCollectionsUtilities_const_extract_protocols.json

WriteAuxiliaryFile /Users/runner/work/red-pen-ios/red-pen-ios/ios/build/Build/Intermediates.noindex/swift-collections.build/Release-iphoneos/InternalCollectionsUtilities.build/Objects-normal/arm64/InternalCollectionsUtilities.SwiftFileList (in target 'InternalCollectionsUtilities' from project 'swift-collections')
    cd /Users/runner/work/red-pen-ios/red-pen-ios/ios/build/SourcePackages/checkouts/swift-collections
    write-file /Users/runner/work/red-pen-ios/red-pen-ios/ios/build/Build/Intermediates.noindex/swift-collections.build/Release-iphoneos/InternalCollectionsUtilities.build/Objects-normal/arm64/InternalCollectionsUtilities.SwiftFileList

WriteAuxiliaryFile /Users/runner/work/red-pen-ios/red-pen-ios/ios/build/Build/Intermediates.noindex/swift-collections.build/Release-iphoneos/InternalCollectionsUtilities.build/Objects-normal/arm64/InternalCollectionsUtilities.SwiftConstValuesFileList (in target 'InternalCollectionsUtilities' from project 'swift-collections')
    cd /Users/runner/work/red-pen-ios/red-pen-ios/ios/build/SourcePackages/checkouts/swift-collections
    write-file /Users/runner/work/red-pen-ios/red-pen-ios/ios/build/Build/Intermediates.noindex/swift-collections.build/Release-iphoneos/InternalCollectionsUtilities.build/Objects-normal/arm64/InternalCollectionsUtilities.SwiftConstValuesFileList

WriteAuxiliaryFile /Users/runner/work/red-pen-ios/red-pen-ios/ios/build/Build/Intermediates.noindex/swift-collections.build/Release-iphoneos/InternalCollectionsUtilities.build/Objects-normal/arm64/InternalCollectionsUtilities.LinkFileList (in target 'InternalCollectionsUtilities' from project 'swift-collections')
    cd /Users/runner/work/red-pen-ios/red-pen-ios/ios/build/SourcePackages/checkouts/swift-collections
    write-file /Users/runner/work/red-pen-ios/red-pen-ios/ios/build/Build/Intermediates.noindex/swift-collections.build/Release-iphoneos/InternalCollectionsUtilities.build/Objects-normal/arm64/InternalCollectionsUtilities.LinkFileList

WriteAuxiliaryFile /Users/runner/work/red-pen-ios/red-pen-ios/ios/build/Build/Intermediates.noindex/swift-collections.build/Release-iphoneos/InternalCollectionsUtilities.build/Objects-normal/arm64/InternalCollectionsUtilities-OutputFileMap.json (in target 'InternalCollectionsUtilities' from project 'swift-collections')
    cd /Users/runner/work/red-pen-ios/red-pen-ios/ios/build/SourcePackages/checkouts/swift-collections
    write-file /Users/runner/work/red-pen-ios/red-pen-ios/ios/build/Build/Intermediates.noindex/swift-collections.build/Release-iphoneos/InternalCollectionsUtilities.build/Objects-normal/arm64/InternalCollectionsUtilities-OutputFileMap.json

WriteAuxiliaryFile /Users/runner/work/red-pen-ios/red-pen-ios/ios/build/Build/Intermediates.noindex/swift-collections.build/Release-iphoneos/InternalCollectionsUtilities.build/InternalCollectionsUtilities.modulemap (in target 'InternalCollectionsUtilities' from project 'swift-collections')
    cd /Users/runner/work/red-pen-ios/red-pen-ios/ios/build/SourcePackages/checkouts/swift-collections
    write-file /Users/runner/work/red-pen-ios/red-pen-ios/ios/build/Build/Intermediates.noindex/swift-collections.build/Release-iphoneos/InternalCollectionsUtilities.build/InternalCollectionsUtilities.modulemap

WriteAuxiliaryFile /Users/runner/work/red-pen-ios/red-pen-ios/ios/build/Build/Intermediates.noindex/swift-collections.build/Release-iphoneos/InternalCollectionsUtilities.build/InternalCollectionsUtilities.DependencyStaticMetadataFileList (in target 'InternalCollectionsUtilities' from project 'swift-collections')
    cd /Users/runner/work/red-pen-ios/red-pen-ios/ios/build/SourcePackages/checkouts/swift-collections
    write-file /Users/runner/work/red-pen-ios/red-pen-ios/ios/build/Build/Intermediates.noindex/swift-collections.build/Release-iphoneos/InternalCollectionsUtilities.build/InternalCollectionsUtilities.DependencyStaticMetadataFileList

WriteAuxiliaryFile /Users/runner/work/red-pen-ios/red-pen-ios/ios/build/Build/Intermediates.noindex/swift-collections.build/Release-iphoneos/InternalCollectionsUtilities.build/InternalCollectionsUtilities.DependencyMetadataFileList (in target 'InternalCollectionsUtilities' from project 'swift-collections')
    cd /Users/runner/work/red-pen-ios/red-pen-ios/ios/build/SourcePackages/checkouts/swift-collections
    write-file /Users/runner/work/red-pen-ios/red-pen-ios/ios/build/Build/Intermediates.noindex/swift-collections.build/Release-iphoneos/InternalCollectionsUtilities.build/InternalCollectionsUtilities.DependencyMetadataFileList

Copy /Users/runner/work/red-pen-ios/red-pen-ios/ios/build/Build/Intermediates.noindex/GeneratedModuleMaps-iphoneos/InternalCollectionsUtilities.modulemap /Users/runner/work/red-pen-ios/red-pen-ios/ios/build/Build/Intermediates.noindex/swift-collections.build/Release-iphoneos/InternalCollectionsUtilities.build/InternalCollectionsUtilities.modulemap (in target 'InternalCollectionsUtilities' from project 'swift-collections')
    cd /Users/runner/work/red-pen-ios/red-pen-ios/ios/build/SourcePackages/checkouts/swift-collections
    builtin-copy -exclude .DS_Store -exclude CVS -exclude .svn -exclude .git -exclude .hg -strip-unsigned-binaries -strip-deterministic -strip-tool /Applications/Xcode_26.6.app/Contents/Developer/Toolchains/XcodeDefault.xctoolchain/usr/bin/strip -resolve-src-symlinks /Users/runner/work/red-pen-ios/red-pen-ios/ios/build/Build/Intermediates.noindex/swift-collections.build/Release-iphoneos/InternalCollectionsUtilities.build/InternalCollectionsUtilities.modulemap /Users/runner/work/red-pen-ios/red-pen-ios/ios/build/Build/Intermediates.noindex/GeneratedModuleMaps-iphoneos

ProcessInfoPlistFile /Users/runner/work/red-pen-ios/red-pen-ios/ios/build/Build/Products/Release-iphoneos/LocalLLMClient_LocalLLMClientLlama.bundle/Info.plist /Users/runner/work/red-pen-ios/red-pen-ios/ios/build/Build/Intermediates.noindex/LocalLLMClient.build/Release-iphoneos/LocalLLMClient_LocalLLMClientLlama.build/empty-LocalLLMClient_LocalLLMClientLlama.plist (in target 'LocalLLMClient_LocalLLMClientLlama' from project 'LocalLLMClient')
    cd /Users/runner/work/red-pen-ios/red-pen-ios/ios/build/SourcePackages/checkouts/LocalLLMClient
    builtin-infoPlistUtility /Users/runner/work/red-pen-ios/red-pen-ios/ios/build/Build/Intermediates.noindex/LocalLLMClient.build/Release-iphoneos/LocalLLMClient_LocalLLMClientLlama.build/empty-LocalLLMClient_LocalLLMClientLlama.plist -producttype com.apple.product-type.bundle -expandbuildsettings -format binary -platform iphoneos -requiredArchitecture arm64 -o /Users/runner/work/red-pen-ios/red-pen-ios/ios/build/Build/Products/Release-iphoneos/LocalLLMClient_LocalLLMClientLlama.bundle/Info.plist

CpResource /Users/runner/work/red-pen-ios/red-pen-ios/ios/build/Build/Products/Release-iphoneos/LocalLLMClient_LocalLLMClientLlama.bundle/json.gbnf /Users/runner/work/red-pen-ios/red-pen-ios/ios/build/SourcePackages/checkouts/LocalLLMClient/Sources/LocalLLMClientLlama/Resources/Grammars/json.gbnf (in target 'LocalLLMClient_LocalLLMClientLlama' from project 'LocalLLMClient')
    cd /Users/runner/work/red-pen-ios/red-pen-ios/ios/build/SourcePackages/checkouts/LocalLLMClient
    builtin-copy -exclude .DS_Store -exclude CVS -exclude .svn -exclude .git -exclude .hg -strip-unsigned-binaries -strip-deterministic -strip-tool /Applications/Xcode_26.6.app/Contents/Developer/Toolchains/XcodeDefault.xctoolchain/usr/bin/strip -resolve-src-symlinks /Users/runner/work/red-pen-ios/red-pen-ios/ios/build/SourcePackages/checkouts/LocalLLMClient/Sources/LocalLLMClientLlama/Resources/Grammars/json.gbnf /Users/runner/work/red-pen-ios/red-pen-ios/ios/build/Build/Products/Release-iphoneos/LocalLLMClient_LocalLLMClientLlama.bundle

RegisterExecutionPolicyException /Users/runner/work/red-pen-ios/red-pen-ios/ios/build/Build/Products/Release-iphoneos/LocalLLMClient_LocalLLMClientLlama.bundle (in target 'LocalLLMClient_LocalLLMClientLlama' from project 'LocalLLMClient')
    cd /Users/runner/work/red-pen-ios/red-pen-ios/ios/build/SourcePackages/checkouts/LocalLLMClient
    builtin-RegisterExecutionPolicyException /Users/runner/work/red-pen-ios/red-pen-ios/ios/build/Build/Products/Release-iphoneos/LocalLLMClient_LocalLLMClientLlama.bundle

Touch /Users/runner/work/red-pen-ios/red-pen-ios/ios/build/Build/Products/Release-iphoneos/LocalLLMClient_LocalLLMClientLlama.bundle (in target 'LocalLLMClient_LocalLLMClientLlama' from project 'LocalLLMClient')
    cd /Users/runner/work/red-pen-ios/red-pen-ios/ios/build/SourcePackages/checkouts/LocalLLMClient
    /usr/bin/touch -c /Users/runner/work/red-pen-ios/red-pen-ios/ios/build/Build/Products/Release-iphoneos/LocalLLMClient_LocalLLMClientLlama.bundle

SwiftDriver LocalLLMClientUtility normal arm64 com.apple.xcode.tools.swift.compiler (in target 'LocalLLMClientUtility' from project 'LocalLLMClient')
    cd /Users/runner/work/red-pen-ios/red-pen-ios/ios/RedPen.xcodeproj
    builtin-SwiftDriver -- /Applications/Xcode_26.6.app/Contents/Developer/Toolchains/XcodeDefault.xctoolchain/usr/bin/swiftc -module-name LocalLLMClientUtility -O -whole-module-optimization @/Users/runner/work/red-pen-ios/red-pen-ios/ios/build/Build/Intermediates.noindex/LocalLLMClient.build/Release-iphoneos/LocalLLMClientUtility.build/Objects-normal/arm64/LocalLLMClientUtility.SwiftFileList -DSWIFT_PACKAGE -DSWIFT_MODULE_RESOURCE_BUNDLE_UNAVAILABLE -DXcode -plugin-path /Applications/Xcode_26.6.app/Contents/Developer/Toolchains/XcodeDefault.xctoolchain/usr/lib/swift/host/plugins/testing -enable-experimental-feature DebugDescriptionMacro -sdk /Applications/Xcode_26.6.app/Contents/Developer/Platforms/iPhoneOS.platform/Developer/SDKs/iPhoneOS26.5.sdk -target arm64-apple-ios17.0 -g -module-cache-path /Users/runner/work/red-pen-ios/red-pen-ios/ios/build/ModuleCache.noindex -Xfrontend -serialize-debugging-options -suppress-warnings -swift-version 6 -I /Users/runner/work/red-pen-ios/red-pen-ios/ios/build/Build/Products/Release-iphoneos -Isystem /Applications/Xcode_26.6.app/Contents/Developer/Platforms/iPhoneOS.platform/Developer/usr/lib -F /Users/runner/work/red-pen-ios/red-pen-ios/ios/build/Build/Products/Release-iphoneos -F /Applications/Xcode_26.6.app/Contents/Developer/Platforms/iPhoneOS.platform/Developer/Library/Frameworks -F /Applications/Xcode_26.6.app/Contents/Developer/Platforms/iPhoneOS.platform/Developer/SDKs/iPhoneOS26.5.sdk/Developer/Library/Frameworks -c -num-threads 3 -Xcc -ivfsstatcache -Xcc /Users/runner/work/red-pen-ios/red-pen-ios/ios/build/SDKStatCaches.noindex/iphoneos26.5-23F81a-688ef53f1462e2c8f657fdc38a81448fee66e23052a0157c865c76b268046726.sdkstatcache -output-file-map /Users/runner/work/red-pen-ios/red-pen-ios/ios/build/Build/Intermediates.noindex/LocalLLMClient.build/Release-iphoneos/LocalLLMClientUtility.build/Objects-normal/arm64/LocalLLMClientUtility-OutputFileMap.json -use-frontend-parseable-output -save-temps -no-color-diagnostics -serialize-diagnostics -emit-dependencies -emit-module -emit-module-path /Users/runner/work/red-pen-ios/red-pen-ios/ios/build/Build/Intermediates.noindex/LocalLLMClient.build/Release-iphoneos/LocalLLMClientUtility.build/Objects-normal/arm64/LocalLLMClientUtility.swiftmodule -validate-clang-modules-once -clang-build-session-file /Users/runner/work/red-pen-ios/red-pen-ios/ios/build/ModuleCache.noindex/Session.modulevalidation -package-name localllmclient -Xcc -I/Users/runner/work/red-pen-ios/red-pen-ios/ios/build/Build/Intermediates.noindex/LocalLLMClient.build/Release-iphoneos/LocalLLMClientUtility.build/swift-overrides.hmap -emit-const-values -Xfrontend -const-gather-protocols-file -Xfrontend /Users/runner/work/red-pen-ios/red-pen-ios/ios/build/Build/Intermediates.noindex/LocalLLMClient.build/Release-iphoneos/LocalLLMClientUtility.build/Objects-normal/arm64/LocalLLMClientUtility_const_extract_protocols.json -Xcc -I/Users/runner/work/red-pen-ios/red-pen-ios/ios/build/Build/Products/Release-iphoneos/include -Xcc -I/Users/runner/work/red-pen-ios/red-pen-ios/ios/build/Build/Intermediates.noindex/LocalLLMClient.build/Release-iphoneos/LocalLLMClientUtility.build/DerivedSources-normal/arm64 -Xcc -I/Users/runner/work/red-pen-ios/red-pen-ios/ios/build/Build/Intermediates.noindex/LocalLLMClient.build/Release-iphoneos/LocalLLMClientUtility.build/DerivedSources/arm64 -Xcc -I/Users/runner/work/red-pen-ios/red-pen-ios/ios/build/Build/Intermediates.noindex/LocalLLMClient.build/Release-iphoneos/LocalLLMClientUtility.build/DerivedSources -Xcc -DSWIFT_PACKAGE -emit-objc-header -emit-objc-header-path /Users/runner/work/red-pen-ios/red-pen-ios/ios/build/Build/Intermediates.noindex/LocalLLMClient.build/Release-iphoneos/LocalLLMClientUtility.build/Objects-normal/arm64/LocalLLMClientUtility-Swift.h -working-directory /Users/runner/work/red-pen-ios/red-pen-ios/ios/RedPen.xcodeproj -no-emit-module-separately-wmo

SwiftDriver InternalCollectionsUtilities normal arm64 com.apple.xcode.tools.swift.compiler (in target 'InternalCollectionsUtilities' from project 'swift-collections')
    cd /Users/runner/work/red-pen-ios/red-pen-ios/ios/RedPen.xcodeproj
    builtin-SwiftDriver -- /Applications/Xcode_26.6.app/Contents/Developer/Toolchains/XcodeDefault.xctoolchain/usr/bin/swiftc -module-name InternalCollectionsUtilities -O -whole-module-optimization @/Users/runner/work/red-pen-ios/red-pen-ios/ios/build/Build/Intermediates.noindex/swift-collections.build/Release-iphoneos/InternalCollectionsUtilities.build/Objects-normal/arm64/InternalCollectionsUtilities.SwiftFileList -DSWIFT_PACKAGE -DSWIFT_MODULE_RESOURCE_BUNDLE_UNAVAILABLE -DCOLLECTIONS_RANDOMIZED_TESTING -DXcode -enable-experimental-feature AvailabilityMacro\=SwiftStdlib\ 5.0:\ macOS\ 10.14.4,\ iOS\ 12.2,\ watchOS\ 5.2,\ tvOS\ 12.2 -enable-experimental-feature AvailabilityMacro\=SwiftStdlib\ 5.1:\ macOS\ 10.15,\ iOS\ 13.0,\ watchOS\ 6.0,\ tvOS\ 13.0 -enable-experimental-feature AvailabilityMacro\=SwiftStdlib\ 5.6:\ macOS\ 12.3,\ iOS\ 15.4,\ watchOS\ 8.5,\ tvOS\ 15.4 -enable-experimental-feature AvailabilityMacro\=SwiftStdlib\ 5.7:\ macOS\ 13.0,\ iOS\ 16.0,\ watchOS\ 9.0,\ tvOS\ 16.0 -enable-experimental-feature AvailabilityMacro\=SwiftStdlib\ 5.8:\ macOS\ 13.3,\ iOS\ 16.4,\ watchOS\ 9.4,\ tvOS\ 16.4 -enable-experimental-feature AvailabilityMacro\=SwiftStdlib\ 5.9:\ macOS\ 14.0,\ iOS\ 17.0,\ watchOS\ 10.0,\ tvOS\ 17.0 -enable-experimental-feature AvailabilityMacro\=SwiftStdlib\ 5.10:\ macOS\ 14.4,\ iOS\ 17.4,\ watchOS\ 10.4,\ tvOS\ 17.4,\ visionOS\ 1.1 -enable-experimental-feature AvailabilityMacro\=SwiftStdlib\ 6.0:\ macOS\ 15.0,\ iOS\ 18.0,\ watchOS\ 11.0,\ tvOS\ 18.0,\ visionOS\ 2.0 -enable-experimental-feature AvailabilityMacro\=SwiftStdlib\ 6.1:\ macOS\ 15.4,\ iOS\ 18.4,\ watchOS\ 11.4,\ tvOS\ 18.4,\ visionOS\ 2.4 -enable-experimental-feature AvailabilityMacro\=SwiftStdlib\ 6.2:\ macOS\ 26.0,\ iOS\ 26.0,\ watchOS\ 26.0,\ tvOS\ 26.0,\ visionOS\ 26.0 -enable-experimental-feature AvailabilityMacro\=SwiftStdlib\ 6.3:\ macOS\ 26.4,\ iOS\ 26.4,\ watchOS\ 26.4,\ tvOS\ 26.4,\ visionOS\ 26.4 -enable-experimental-feature AvailabilityMacro\=SwiftStdlib\ 6.4:\ macOS\ 27.0,\ iOS\ 27.0,\ watchOS\ 27.0,\ tvOS\ 27.0,\ visionOS\ 27.0 -enable-experimental-feature AvailabilityMacro\=SwiftStdlib\ 6.5:\ macOS\ 9999,\ iOS\ 9999,\ watchOS\ 9999,\ tvOS\ 9999,\ visionOS\ 9999 -enable-upcoming-feature MemberImportVisibility -enable-experimental-feature BuiltinModule -enable-experimental-feature Lifetimes -enable-experimental-feature InoutLifetimeDependence -enable-experimental-feature AddressableParameters -enable-experimental-feature AddressableTypes -enable-experimental-feature SuppressedAssociatedTypesWithDefaults -enable-experimental-feature BorrowingSequence -plugin-path /Applications/Xcode_26.6.app/Contents/Developer/Toolchains/XcodeDefault.xctoolchain/usr/lib/swift/host/plugins/testing -enable-experimental-feature DebugDescriptionMacro -sdk /Applications/Xcode_26.6.app/Contents/Developer/Platforms/iPhoneOS.platform/Developer/SDKs/iPhoneOS26.5.sdk -target arm64-apple-ios12.0 -g -module-cache-path /Users/runner/work/red-pen-ios/red-pen-ios/ios/build/ModuleCache.noindex -Xfrontend -serialize-debugging-options -suppress-warnings -swift-version 6 -I /Users/runner/work/red-pen-ios/red-pen-ios/ios/build/Build/Products/Release-iphoneos -Isystem /Applications/Xcode_26.6.app/Contents/Developer/Platforms/iPhoneOS.platform/Developer/usr/lib -F /Users/runner/work/red-pen-ios/red-pen-ios/ios/build/Build/Products/Release-iphoneos -F /Applications/Xcode_26.6.app/Contents/Developer/Platforms/iPhoneOS.platform/Developer/Library/Frameworks -F /Applications/Xcode_26.6.app/Contents/Developer/Platforms/iPhoneOS.platform/Developer/SDKs/iPhoneOS26.5.sdk/Developer/Library/Frameworks -c -num-threads 3 -Xcc -ivfsstatcache -Xcc /Users/runner/work/red-pen-ios/red-pen-ios/ios/build/SDKStatCaches.noindex/iphoneos26.5-23F81a-688ef53f1462e2c8f657fdc38a81448fee66e23052a0157c865c76b268046726.sdkstatcache -output-file-map /Users/runner/work/red-pen-ios/red-pen-ios/ios/build/Build/Intermediates.noindex/swift-collections.build/Release-iphoneos/InternalCollectionsUtilities.build/Objects-normal/arm64/InternalCollectionsUtilities-OutputFileMap.json -use-frontend-parseable-output -save-temps -no-color-diagnostics -serialize-diagnostics -emit-dependencies -emit-module -emit-module-path /Users/runner/work/red-pen-ios/red-pen-ios/ios/build/Build/Intermediates.noindex/swift-collections.build/Release-iphoneos/InternalCollectionsUtilities.build/Objects-normal/arm64/InternalCollectionsUtilities.swiftmodule -user-module-version 1.7.0 -validate-clang-modules-once -clang-build-session-file /Users/runner/work/red-pen-ios/red-pen-ios/ios/build/ModuleCache.noindex/Session.modulevalidation -package-name swift_collections -Xcc -I/Users/runner/work/red-pen-ios/red-pen-ios/ios/build/Build/Intermediates.noindex/swift-collections.build/Release-iphoneos/InternalCollectionsUtilities.build/swift-overrides.hmap -emit-const-values -Xfrontend -const-gather-protocols-file -Xfrontend /Users/runner/work/red-pen-ios/red-pen-ios/ios/build/Build/Intermediates.noindex/swift-collections.build/Release-iphoneos/InternalCollectionsUtilities.build/Objects-normal/arm64/InternalCollectionsUtilities_const_extract_protocols.json -Xcc -I/Users/runner/work/red-pen-ios/red-pen-ios/ios/build/Build/Products/Release-iphoneos/include -Xcc -I/Users/runner/work/red-pen-ios/red-pen-ios/ios/build/Build/Intermediates.noindex/swift-collections.build/Release-iphoneos/InternalCollectionsUtilities.build/DerivedSources-normal/arm64 -Xcc -I/Users/runner/work/red-pen-ios/red-pen-ios/ios/build/Build/Intermediates.noindex/swift-collections.build/Release-iphoneos/InternalCollectionsUtilities.build/DerivedSources/arm64 -Xcc -I/Users/runner/work/red-pen-ios/red-pen-ios/ios/build/Build/Intermediates.noindex/swift-collections.build/Release-iphoneos/InternalCollectionsUtilities.build/DerivedSources -Xcc -DSWIFT_PACKAGE -emit-objc-header -emit-objc-header-path /Users/runner/work/red-pen-ios/red-pen-ios/ios/build/Build/Intermediates.noindex/swift-collections.build/Release-iphoneos/InternalCollectionsUtilities.build/Objects-normal/arm64/InternalCollectionsUtilities-Swift.h -working-directory /Users/runner/work/red-pen-ios/red-pen-ios/ios/RedPen.xcodeproj -no-emit-module-separately-wmo

CompileC /Users/runner/work/red-pen-ios/red-pen-ios/ios/build/Build/Intermediates.noindex/LocalLLMClient.build/Release-iphoneos/LocalLLMClientLlamaC.build/Objects-normal/arm64/youtuvl.o /Users/runner/work/red-pen-ios/red-pen-ios/ios/build/SourcePackages/checkouts/LocalLLMClient/Sources/LocalLLMClientLlamaC/models/youtuvl.cpp normal arm64 c++ com.apple.compilers.llvm.clang.1_0.compiler (in target 'LocalLLMClientLlamaC' from project 'LocalLLMClient')
    cd /Users/runner/work/red-pen-ios/red-pen-ios/ios/RedPen.xcodeproj
    
    Using response file: /Users/runner/work/red-pen-ios/red-pen-ios/ios/build/Build/Intermediates.noindex/LocalLLMClient.build/Release-iphoneos/LocalLLMClientLlamaC.build/Objects-normal/arm64/82b82416624d2658e5098eb0a28c15c5-common-args.resp
    
    /Applications/Xcode_26.6.app/Contents/Developer/Toolchains/XcodeDefault.xctoolchain/usr/bin/clang -x c++ -ivfsstatcache /Users/runner/work/red-pen-ios/red-pen-ios/ios/build/SDKStatCaches.noindex/iphoneos26.5-23F81a-688ef53f1462e2c8f657fdc38a81448fee66e23052a0157c865c76b268046726.sdkstatcache -target arm64-apple-ios17.0 -fmessage-length\=0 -fdiagnostics-show-note-include-stack -fmacro-backtrace-limit\=0 -fno-color-diagnostics -fmodules-prune-interval\=86400 -fmodules-prune-after\=345600 -fbuild-session-file\=/Users/runner/work/red-pen-ios/red-pen-ios/ios/build/ModuleCache.noindex/Session.modulevalidation -fmodules-validate-once-per-build-session -Wnon-modular-include-in-framework-module -Werror\=non-modular-include-in-framework-module -Wno-trigraphs -Wno-missing-field-initializers -Wno-missing-prototypes -Wno-return-type -Wno-non-virtual-dtor -Wno-overloaded-virtual -Wno-exit-time-destructors -Wno-missing-braces -Wparentheses -Wswitch -Wno-unused-function -Wno-unused-label -Wno-unused-parameter -Wno-unused-variable -Wunused-value -Wno-empty-body -Wno-uninitialized -Wno-unknown-pragmas -w -Wno-shadow -Wno-four-char-constants -Wno-conversion -Wno-constant-conversion -Wno-int-conversion -Wno-bool-conversion -Wno-enum-conversion -Wno-float-conversion -Wno-non-literal-null-conversion -Wno-objc-literal-conversion -Wshorten-64-to-32 -Wno-newline-eof -Wno-c++11-extensions -Wno-implicit-fallthrough -isysroot /Applications/Xcode_26.6.app/Contents/Developer/Platforms/iPhoneOS.platform/Developer/SDKs/iPhoneOS26.5.sdk -fstrict-aliasing -Wdeprecated-declarations -Winvalid-offsetof -Wno-sign-conversion -Wno-infinite-recursion -Wno-move -Wno-comma -Wno-block-capture-autoreleasing -Wno-strict-prototypes -Wno-range-loop-analysis -Wno-semicolon-before-method-body -w @/Users/runner/work/red-pen-ios/red-pen-ios/ios/build/Build/Intermediates.noindex/LocalLLMClient.build/Release-iphoneos/LocalLLMClientLlamaC.build/Objects-normal/arm64/82b82416624d2658e5098eb0a28c15c5-common-args.resp -MMD -MT dependencies -MF /Users/runner/work/red-pen-ios/red-pen-ios/ios/build/Build/Intermediates.noindex/LocalLLMClient.build/Release-iphoneos/LocalLLMClientLlamaC.build/Objects-normal/arm64/youtuvl.d --serialize-diagnostics /Users/runner/work/red-pen-ios/red-pen-ios/ios/build/Build/Intermediates.noindex/LocalLLMClient.build/Release-iphoneos/LocalLLMClientLlamaC.build/Objects-normal/arm64/youtuvl.dia -c /Users/runner/work/red-pen-ios/red-pen-ios/ios/build/SourcePackages/checkouts/LocalLLMClient/Sources/LocalLLMClientLlamaC/models/youtuvl.cpp -o /Users/runner/work/red-pen-ios/red-pen-ios/ios/build/Build/Intermediates.noindex/LocalLLMClient.build/Release-iphoneos/LocalLLMClientLlamaC.build/Objects-normal/arm64/youtuvl.o

SwiftCompile normal arm64 Compiling\ BorrowingIteratorProtocol+Equality.swift,\ BorrowingIteratorProtocol+Extras.swift,\ Debugging.swift,\ Descriptions.swift,\ FixedWidthInteger+roundUpToPowerOfTwo.swift,\ Integer\ rank.swift,\ UInt+first\ and\ last\ set\ bit.swift,\ UInt+reversed.swift,\ Iterable+CopyContents.swift,\ Iterable+Equality.swift,\ LifetimeOverride.swift,\ MutableRef.swift,\ MutableSpan+Extras.swift,\ Optional+Extras.swift,\ OutputSpan+Extras.swift,\ RandomAccessCollection+Offsets.swift,\ Span+Extras.swift,\ Strideable+LimitHelpers.swift,\ String+Padding.swift,\ TemporaryAllocation.swift,\ _UnsafeBitSet+Index.swift,\ _UnsafeBitSet+_Word.swift,\ _UnsafeBitSet.swift,\ UnsafeBufferPointer+Extras.swift,\ UnsafeMutableBufferPointer+Extras.swift,\ UnsafeMutablePointer+Extras.swift,\ UnsafeMutableRawBufferPointer+Extras.swift,\ UnsafePointer+Extras.swift,\ UnsafeRawBufferPointer+Extras.swift,\ _SortedCollection.swift,\ _UniqueCollection.swift /Users/runner/work/red-pen-ios/red-pen-ios/ios/build/SourcePackages/checkouts/swift-collections/Sources/InternalCollectionsUtilities/BorrowingIteratorProtocol+Equality.swift /Users/runner/work/red-pen-ios/red-pen-ios/ios/build/SourcePackages/checkouts/swift-collections/Sources/InternalCollectionsUtilities/BorrowingIteratorProtocol+Extras.swift /Users/runner/work/red-pen-ios/red-pen-ios/ios/build/SourcePackages/checkouts/swift-collections/Sources/InternalCollectionsUtilities/Debugging.swift /Users/runner/work/red-pen-ios/red-pen-ios/ios/build/SourcePackages/checkouts/swift-collections/Sources/InternalCollectionsUtilities/Descriptions.swift /Users/runner/work/red-pen-ios/red-pen-ios/ios/build/SourcePackages/checkouts/swift-collections/Sources/InternalCollectionsUtilities/IntegerTricks/FixedWidthInteger+roundUpToPowerOfTwo.swift /Users/runner/work/red-pen-ios/red-pen-ios/ios/build/SourcePackages/checkouts/swift-collections/Sources/InternalCollectionsUtilities/IntegerTricks/Integer\ rank.swift /Users/runner/work/red-pen-ios/red-pen-ios/ios/build/SourcePackages/checkouts/swift-collections/Sources/InternalCollectionsUtilities/IntegerTricks/UInt+first\ and\ last\ set\ bit.swift /Users/runner/work/red-pen-ios/red-pen-ios/ios/build/SourcePackages/checkouts/swift-collections/Sources/InternalCollectionsUtilities/IntegerTricks/UInt+reversed.swift /Users/runner/work/red-pen-ios/red-pen-ios/ios/build/SourcePackages/checkouts/swift-collections/Sources/InternalCollectionsUtilities/Iterable+CopyContents.swift /Users/runner/work/red-pen-ios/red-pen-ios/ios/build/SourcePackages/checkouts/swift-collections/Sources/InternalCollectionsUtilities/Iterable+Equality.swift /Users/runner/work/red-pen-ios/red-pen-ios/ios/build/SourcePackages/checkouts/swift-collections/Sources/InternalCollectionsUtilities/LifetimeOverride.swift /Users/runner/work/red-pen-ios/red-pen-ios/ios/build/SourcePackages/checkouts/swift-collections/Sources/InternalCollectionsUtilities/MutableRef.swift /Users/runner/work/red-pen-ios/red-pen-ios/ios/build/SourcePackages/checkouts/swift-collections/Sources/InternalCollectionsUtilities/MutableSpan+Extras.swift /Users/runner/work/red-pen-ios/red-pen-ios/ios/build/SourcePackages/checkouts/swift-collections/Sources/InternalCollectionsUtilities/Optional+Extras.swift /Users/runner/work/red-pen-ios/red-pen-ios/ios/build/SourcePackages/checkouts/swift-collections/Sources/InternalCollectionsUtilities/OutputSpan+Extras.swift /Users/runner/work/red-pen-ios/red-pen-ios/ios/build/SourcePackages/checkouts/swift-collections/Sources/InternalCollectionsUtilities/RandomAccessCollection+Offsets.swift /Users/runner/work/red-pen-ios/red-pen-ios/ios/build/SourcePackages/checkouts/swift-collections/Sources/InternalCollectionsUtilities/Span+Extras.swift /Users/runner/work/red-pen-ios/red-pen-ios/ios/build/SourcePackages/checkouts/swift-collections/Sources/InternalCollectionsUtilities/Strideable+LimitHelpers.swift /Users/runner/work/red-pen-ios/red-pen-ios/ios/build/SourcePackages/checkouts/swift-collections/Sources/InternalCollectionsUtilities/String+Padding.swift /Users/runner/work/red-pen-ios/red-pen-ios/ios/build/SourcePackages/checkouts/swift-collections/Sources/InternalCollectionsUtilities/TemporaryAllocation.swift /Users/runner/work/red-pen-ios/red-pen-ios/ios/build/SourcePackages/checkouts/swift-collections/Sources/InternalCollectionsUtilities/UnsafeBitSet/_UnsafeBitSet+Index.swift /Users/runner/work/red-pen-ios/red-pen-ios/ios/build/SourcePackages/checkouts/swift-collections/Sources/InternalCollectionsUtilities/UnsafeBitSet/_UnsafeBitSet+_Word.swift /Users/runner/work/red-pen-ios/red-pen-ios/ios/build/SourcePackages/checkouts/swift-collections/Sources/InternalCollectionsUtilities/UnsafeBitSet/_UnsafeBitSet.swift /Users/runner/work/red-pen-ios/red-pen-ios/ios/build/SourcePackages/checkouts/swift-collections/Sources/InternalCollectionsUtilities/UnsafeBufferPointer+Extras.swift /Users/runner/work/red-pen-ios/red-pen-ios/ios/build/SourcePackages/checkouts/swift-collections/Sources/InternalCollectionsUtilities/UnsafeMutableBufferPointer+Extras.swift /Users/runner/work/red-pen-ios/red-pen-ios/ios/build/SourcePackages/checkouts/swift-collections/Sources/InternalCollectionsUtilities/UnsafeMutablePointer+Extras.swift /Users/runner/work/red-pen-ios/red-pen-ios/ios/build/SourcePackages/checkouts/swift-collections/Sources/InternalCollectionsUtilities/UnsafeMutableRawBufferPointer+Extras.swift /Users/runner/work/red-pen-ios/red-pen-ios/ios/build/SourcePackages/checkouts/swift-collections/Sources/InternalCollectionsUtilities/UnsafePointer+Extras.swift /Users/runner/work/red-pen-ios/red-pen-ios/ios/build/SourcePackages/checkouts/swift-collections/Sources/InternalCollectionsUtilities/UnsafeRawBufferPointer+Extras.swift /Users/runner/work/red-pen-ios/red-pen-ios/ios/build/SourcePackages/checkouts/swift-collections/Sources/InternalCollectionsUtilities/_SortedCollection.swift /Users/runner/work/red-pen-ios/red-pen-ios/ios/build/SourcePackages/checkouts/swift-collections/Sources/InternalCollectionsUtilities/_UniqueCollection.swift (in target 'InternalCollectionsUtilities' from project 'swift-collections')

CompileSwift normal arm64 (in target 'InternalCollectionsUtilities' from project 'swift-collections')
    cd /Users/runner/work/red-pen-ios/red-pen-ios/ios/RedPen.xcodeproj
    

SwiftCompile normal arm64 Compiling\ Downloader.swift,\ FileDownloader.swift,\ Globs.swift,\ HuggingFaceAPI.swift,\ Lock.swift,\ URL+.swift /Users/runner/work/red-pen-ios/red-pen-ios/ios/build/SourcePackages/checkouts/LocalLLMClient/Sources/LocalLLMClientUtility/Downloader.swift /Users/runner/work/red-pen-ios/red-pen-ios/ios/build/SourcePackages/checkouts/LocalLLMClient/Sources/LocalLLMClientUtility/FileDownloader.swift /Users/runner/work/red-pen-ios/red-pen-ios/ios/build/SourcePackages/checkouts/LocalLLMClient/Sources/LocalLLMClientUtility/Globs.swift /Users/runner/work/red-pen-ios/red-pen-ios/ios/build/SourcePackages/checkouts/LocalLLMClient/Sources/LocalLLMClientUtility/HuggingFaceAPI.swift /Users/runner/work/red-pen-ios/red-pen-ios/ios/build/SourcePackages/checkouts/LocalLLMClient/Sources/LocalLLMClientUtility/Lock.swift /Users/runner/work/red-pen-ios/red-pen-ios/ios/build/SourcePackages/checkouts/LocalLLMClient/Sources/LocalLLMClientUtility/URL+.swift (in target 'LocalLLMClientUtility' from project 'LocalLLMClient')
CompileSwift normal arm64 (in target 'LocalLLMClientUtility' from project 'LocalLLMClient')
    cd /Users/runner/work/red-pen-ios/red-pen-ios/ios/RedPen.xcodeproj
    

SwiftDriverJobDiscovery normal arm64 Compiling BorrowingIteratorProtocol+Equality.swift, BorrowingIteratorProtocol+Extras.swift, Debugging.swift, Descriptions.swift, FixedWidthInteger+roundUpToPowerOfTwo.swift, Integer rank.swift, UInt+first and last set bit.swift, UInt+reversed.swift, Iterable+CopyContents.swift, Iterable+Equality.swift, LifetimeOverride.swift, MutableRef.swift, MutableSpan+Extras.swift, Optional+Extras.swift, OutputSpan+Extras.swift, RandomAccessCollection+Offsets.swift, Span+Extras.swift, Strideable+LimitHelpers.swift, String+Padding.swift, TemporaryAllocation.swift, _UnsafeBitSet+Index.swift, _UnsafeBitSet+_Word.swift, _UnsafeBitSet.swift, UnsafeBufferPointer+Extras.swift, UnsafeMutableBufferPointer+Extras.swift, UnsafeMutablePointer+Extras.swift, UnsafeMutableRawBufferPointer+Extras.swift, UnsafePointer+Extras.swift, UnsafeRawBufferPointer+Extras.swift, _SortedCollection.swift, _UniqueCollection.swift (in target 'InternalCollectionsUtilities' from project 'swift-collections')

SwiftDriver\ Compilation\ Requirements InternalCollectionsUtilities normal arm64 com.apple.xcode.tools.swift.compiler (in target 'InternalCollectionsUtilities' from project 'swift-collections')
    cd /Users/runner/work/red-pen-ios/red-pen-ios/ios/RedPen.xcodeproj
    builtin-Swift-Compilation-Requirements -- /Applications/Xcode_26.6.app/Contents/Developer/Toolchains/XcodeDefault.xctoolchain/usr/bin/swiftc -module-name InternalCollectionsUtilities -O -whole-module-optimization @/Users/runner/work/red-pen-ios/red-pen-ios/ios/build/Build/Intermediates.noindex/swift-collections.build/Release-iphoneos/InternalCollectionsUtilities.build/Objects-normal/arm64/InternalCollectionsUtilities.SwiftFileList -DSWIFT_PACKAGE -DSWIFT_MODULE_RESOURCE_BUNDLE_UNAVAILABLE -DCOLLECTIONS_RANDOMIZED_TESTING -DXcode -enable-experimental-feature AvailabilityMacro\=SwiftStdlib\ 5.0:\ macOS\ 10.14.4,\ iOS\ 12.2,\ watchOS\ 5.2,\ tvOS\ 12.2 -enable-experimental-feature AvailabilityMacro\=SwiftStdlib\ 5.1:\ macOS\ 10.15,\ iOS\ 13.0,\ watchOS\ 6.0,\ tvOS\ 13.0 -enable-experimental-feature AvailabilityMacro\=SwiftStdlib\ 5.6:\ macOS\ 12.3,\ iOS\ 15.4,\ watchOS\ 8.5,\ tvOS\ 15.4 -enable-experimental-feature AvailabilityMacro\=SwiftStdlib\ 5.7:\ macOS\ 13.0,\ iOS\ 16.0,\ watchOS\ 9.0,\ tvOS\ 16.0 -enable-experimental-feature AvailabilityMacro\=SwiftStdlib\ 5.8:\ macOS\ 13.3,\ iOS\ 16.4,\ watchOS\ 9.4,\ tvOS\ 16.4 -enable-experimental-feature AvailabilityMacro\=SwiftStdlib\ 5.9:\ macOS\ 14.0,\ iOS\ 17.0,\ watchOS\ 10.0,\ tvOS\ 17.0 -enable-experimental-feature AvailabilityMacro\=SwiftStdlib\ 5.10:\ macOS\ 14.4,\ iOS\ 17.4,\ watchOS\ 10.4,\ tvOS\ 17.4,\ visionOS\ 1.1 -enable-experimental-feature AvailabilityMacro\=SwiftStdlib\ 6.0:\ macOS\ 15.0,\ iOS\ 18.0,\ watchOS\ 11.0,\ tvOS\ 18.0,\ visionOS\ 2.0 -enable-experimental-feature AvailabilityMacro\=SwiftStdlib\ 6.1:\ macOS\ 15.4,\ iOS\ 18.4,\ watchOS\ 11.4,\ tvOS\ 18.4,\ visionOS\ 2.4 -enable-experimental-feature AvailabilityMacro\=SwiftStdlib\ 6.2:\ macOS\ 26.0,\ iOS\ 26.0,\ watchOS\ 26.0,\ tvOS\ 26.0,\ visionOS\ 26.0 -enable-experimental-feature AvailabilityMacro\=SwiftStdlib\ 6.3:\ macOS\ 26.4,\ iOS\ 26.4,\ watchOS\ 26.4,\ tvOS\ 26.4,\ visionOS\ 26.4 -enable-experimental-feature AvailabilityMacro\=SwiftStdlib\ 6.4:\ macOS\ 27.0,\ iOS\ 27.0,\ watchOS\ 27.0,\ tvOS\ 27.0,\ visionOS\ 27.0 -enable-experimental-feature AvailabilityMacro\=SwiftStdlib\ 6.5:\ macOS\ 9999,\ iOS\ 9999,\ watchOS\ 9999,\ tvOS\ 9999,\ visionOS\ 9999 -enable-upcoming-feature MemberImportVisibility -enable-experimental-feature BuiltinModule -enable-experimental-feature Lifetimes -enable-experimental-feature InoutLifetimeDependence -enable-experimental-feature AddressableParameters -enable-experimental-feature AddressableTypes -enable-experimental-feature SuppressedAssociatedTypesWithDefaults -enable-experimental-feature BorrowingSequence -plugin-path /Applications/Xcode_26.6.app/Contents/Developer/Toolchains/XcodeDefault.xctoolchain/usr/lib/swift/host/plugins/testing -enable-experimental-feature DebugDescriptionMacro -sdk /Applications/Xcode_26.6.app/Contents/Developer/Platforms/iPhoneOS.platform/Developer/SDKs/iPhoneOS26.5.sdk -target arm64-apple-ios12.0 -g -module-cache-path /Users/runner/work/red-pen-ios/red-pen-ios/ios/build/ModuleCache.noindex -Xfrontend -serialize-debugging-options -suppress-warnings -swift-version 6 -I /Users/runner/work/red-pen-ios/red-pen-ios/ios/build/Build/Products/Release-iphoneos -Isystem /Applications/Xcode_26.6.app/Contents/Developer/Platforms/iPhoneOS.platform/Developer/usr/lib -F /Users/runner/work/red-pen-ios/red-pen-ios/ios/build/Build/Products/Release-iphoneos -F /Applications/Xcode_26.6.app/Contents/Developer/Platforms/iPhoneOS.platform/Developer/Library/Frameworks -F /Applications/Xcode_26.6.app/Contents/Developer/Platforms/iPhoneOS.platform/Developer/SDKs/iPhoneOS26.5.sdk/Developer/Library/Frameworks -c -num-threads 3 -Xcc -ivfsstatcache -Xcc /Users/runner/work/red-pen-ios/red-pen-ios/ios/build/SDKStatCaches.noindex/iphoneos26.5-23F81a-688ef53f1462e2c8f657fdc38a81448fee66e23052a0157c865c76b268046726.sdkstatcache -output-file-map /Users/runner/work/red-pen-ios/red-pen-ios/ios/build/Build/Intermediates.noindex/swift-collections.build/Release-iphoneos/InternalCollectionsUtilities.build/Objects-normal/arm64/InternalCollectionsUtilities-OutputFileMap.json -use-frontend-parseable-output -save-temps -no-color-diagnostics -serialize-diagnostics -emit-dependencies -emit-module -emit-module-path /Users/runner/work/red-pen-ios/red-pen-ios/ios/build/Build/Intermediates.noindex/swift-collections.build/Release-iphoneos/InternalCollectionsUtilities.build/Objects-normal/arm64/InternalCollectionsUtilities.swiftmodule -user-module-version 1.7.0 -validate-clang-modules-once -clang-build-session-file /Users/runner/work/red-pen-ios/red-pen-ios/ios/build/ModuleCache.noindex/Session.modulevalidation -package-name swift_collections -Xcc -I/Users/runner/work/red-pen-ios/red-pen-ios/ios/build/Build/Intermediates.noindex/swift-collections.build/Release-iphoneos/InternalCollectionsUtilities.build/swift-overrides.hmap -emit-const-values -Xfrontend -const-gather-protocols-file -Xfrontend /Users/runner/work/red-pen-ios/red-pen-ios/ios/build/Build/Intermediates.noindex/swift-collections.build/Release-iphoneos/InternalCollectionsUtilities.build/Objects-normal/arm64/InternalCollectionsUtilities_const_extract_protocols.json -Xcc -I/Users/runner/work/red-pen-ios/red-pen-ios/ios/build/Build/Products/Release-iphoneos/include -Xcc -I/Users/runner/work/red-pen-ios/red-pen-ios/ios/build/Build/Intermediates.noindex/swift-collections.build/Release-iphoneos/InternalCollectionsUtilities.build/DerivedSources-normal/arm64 -Xcc -I/Users/runner/work/red-pen-ios/red-pen-ios/ios/build/Build/Intermediates.noindex/swift-collections.build/Release-iphoneos/InternalCollectionsUtilities.build/DerivedSources/arm64 -Xcc -I/Users/runner/work/red-pen-ios/red-pen-ios/ios/build/Build/Intermediates.noindex/swift-collections.build/Release-iphoneos/InternalCollectionsUtilities.build/DerivedSources -Xcc -DSWIFT_PACKAGE -emit-objc-header -emit-objc-header-path /Users/runner/work/red-pen-ios/red-pen-ios/ios/build/Build/Intermediates.noindex/swift-collections.build/Release-iphoneos/InternalCollectionsUtilities.build/Objects-normal/arm64/InternalCollectionsUtilities-Swift.h -working-directory /Users/runner/work/red-pen-ios/red-pen-ios/ios/RedPen.xcodeproj -no-emit-module-separately-wmo

CompileC /Users/runner/work/red-pen-ios/red-pen-ios/ios/build/Build/Intermediates.noindex/LocalLLMClient.build/Release-iphoneos/LocalLLMClientLlamaC.build/Objects-normal/arm64/whisper-enc.o /Users/runner/work/red-pen-ios/red-pen-ios/ios/build/SourcePackages/checkouts/LocalLLMClient/Sources/LocalLLMClientLlamaC/models/whisper-enc.cpp normal arm64 c++ com.apple.compilers.llvm.clang.1_0.compiler (in target 'LocalLLMClientLlamaC' from project 'LocalLLMClient')
    cd /Users/runner/work/red-pen-ios/red-pen-ios/ios/RedPen.xcodeproj
    
    Using response file: /Users/runner/work/red-pen-ios/red-pen-ios/ios/build/Build/Intermediates.noindex/LocalLLMClient.build/Release-iphoneos/LocalLLMClientLlamaC.build/Objects-normal/arm64/82b82416624d2658e5098eb0a28c15c5-common-args.resp
    
    /Applications/Xcode_26.6.app/Contents/Developer/Toolchains/XcodeDefault.xctoolchain/usr/bin/clang -x c++ -ivfsstatcache /Users/runner/work/red-pen-ios/red-pen-ios/ios/build/SDKStatCaches.noindex/iphoneos26.5-23F81a-688ef53f1462e2c8f657fdc38a81448fee66e23052a0157c865c76b268046726.sdkstatcache -target arm64-apple-ios17.0 -fmessage-length\=0 -fdiagnostics-show-note-include-stack -fmacro-backtrace-limit\=0 -fno-color-diagnostics -fmodules-prune-interval\=86400 -fmodules-prune-after\=345600 -fbuild-session-file\=/Users/runner/work/red-pen-ios/red-pen-ios/ios/build/ModuleCache.noindex/Session.modulevalidation -fmodules-validate-once-per-build-session -Wnon-modular-include-in-framework-module -Werror\=non-modular-include-in-framework-module -Wno-trigraphs -Wno-missing-field-initializers -Wno-missing-prototypes -Wno-return-type -Wno-non-virtual-dtor -Wno-overloaded-virtual -Wno-exit-time-destructors -Wno-missing-braces -Wparentheses -Wswitch -Wno-unused-function -Wno-unused-label -Wno-unused-parameter -Wno-unused-variable -Wunused-value -Wno-empty-body -Wno-uninitialized -Wno-unknown-pragmas -w -Wno-shadow -Wno-four-char-constants -Wno-conversion -Wno-constant-conversion -Wno-int-conversion -Wno-bool-conversion -Wno-enum-conversion -Wno-float-conversion -Wno-non-literal-null-conversion -Wno-objc-literal-conversion -Wshorten-64-to-32 -Wno-newline-eof -Wno-c++11-extensions -Wno-implicit-fallthrough -isysroot /Applications/Xcode_26.6.app/Contents/Developer/Platforms/iPhoneOS.platform/Developer/SDKs/iPhoneOS26.5.sdk -fstrict-aliasing -Wdeprecated-declarations -Winvalid-offsetof -Wno-sign-conversion -Wno-infinite-recursion -Wno-move -Wno-comma -Wno-block-capture-autoreleasing -Wno-strict-prototypes -Wno-range-loop-analysis -Wno-semicolon-before-method-body -w @/Users/runner/work/red-pen-ios/red-pen-ios/ios/build/Build/Intermediates.noindex/LocalLLMClient.build/Release-iphoneos/LocalLLMClientLlamaC.build/Objects-normal/arm64/82b82416624d2658e5098eb0a28c15c5-common-args.resp -MMD -MT dependencies -MF /Users/runner/work/red-pen-ios/red-pen-ios/ios/build/Build/Intermediates.noindex/LocalLLMClient.build/Release-iphoneos/LocalLLMClientLlamaC.build/Objects-normal/arm64/whisper-enc.d --serialize-diagnostics /Users/runner/work/red-pen-ios/red-pen-ios/ios/build/Build/Intermediates.noindex/LocalLLMClient.build/Release-iphoneos/LocalLLMClientLlamaC.build/Objects-normal/arm64/whisper-enc.dia -c /Users/runner/work/red-pen-ios/red-pen-ios/ios/build/SourcePackages/checkouts/LocalLLMClient/Sources/LocalLLMClientLlamaC/models/whisper-enc.cpp -o /Users/runner/work/red-pen-ios/red-pen-ios/ios/build/Build/Intermediates.noindex/LocalLLMClient.build/Release-iphoneos/LocalLLMClientLlamaC.build/Objects-normal/arm64/whisper-enc.o

SwiftMergeGeneratedHeaders /Users/runner/work/red-pen-ios/red-pen-ios/ios/build/Build/Intermediates.noindex/GeneratedModuleMaps-iphoneos/InternalCollectionsUtilities-Swift.h /Users/runner/work/red-pen-ios/red-pen-ios/ios/build/Build/Intermediates.noindex/swift-collections.build/Release-iphoneos/InternalCollectionsUtilities.build/Objects-normal/arm64/InternalCollectionsUtilities-Swift.h (in target 'InternalCollectionsUtilities' from project 'swift-collections')
    cd /Users/runner/work/red-pen-ios/red-pen-ios/ios/build/SourcePackages/checkouts/swift-collections
    builtin-swiftHeaderTool -arch arm64 /Users/runner/work/red-pen-ios/red-pen-ios/ios/build/Build/Intermediates.noindex/swift-collections.build/Release-iphoneos/InternalCollectionsUtilities.build/Objects-normal/arm64/InternalCollectionsUtilities-Swift.h -o /Users/runner/work/red-pen-ios/red-pen-ios/ios/build/Build/Intermediates.noindex/GeneratedModuleMaps-iphoneos/InternalCollectionsUtilities-Swift.h

Copy /Users/runner/work/red-pen-ios/red-pen-ios/ios/build/Build/Products/Release-iphoneos/InternalCollectionsUtilities.swiftmodule/arm64-apple-ios.swiftmodule /Users/runner/work/red-pen-ios/red-pen-ios/ios/build/Build/Intermediates.noindex/swift-collections.build/Release-iphoneos/InternalCollectionsUtilities.build/Objects-normal/arm64/InternalCollectionsUtilities.swiftmodule (in target 'InternalCollectionsUtilities' from project 'swift-collections')
    cd /Users/runner/work/red-pen-ios/red-pen-ios/ios/build/SourcePackages/checkouts/swift-collections
    builtin-copy -exclude .DS_Store -exclude CVS -exclude .svn -exclude .git -exclude .hg -strip-unsigned-binaries -strip-deterministic -strip-tool /Applications/Xcode_26.6.app/Contents/Developer/Toolchains/XcodeDefault.xctoolchain/usr/bin/strip -resolve-src-symlinks -rename /Users/runner/work/red-pen-ios/red-pen-ios/ios/build/Build/Intermediates.noindex/swift-collections.build/Release-iphoneos/InternalCollectionsUtilities.build/Objects-normal/arm64/InternalCollectionsUtilities.swiftmodule /Users/runner/work/red-pen-ios/red-pen-ios/ios/build/Build/Products/Release-iphoneos/InternalCollectionsUtilities.swiftmodule/arm64-apple-ios.swiftmodule

Copy /Users/runner/work/red-pen-ios/red-pen-ios/ios/build/Build/Products/Release-iphoneos/InternalCollectionsUtilities.swiftmodule/arm64-apple-ios.swiftdoc /Users/runner/work/red-pen-ios/red-pen-ios/ios/build/Build/Intermediates.noindex/swift-collections.build/Release-iphoneos/InternalCollectionsUtilities.build/Objects-normal/arm64/InternalCollectionsUtilities.swiftdoc (in target 'InternalCollectionsUtilities' from project 'swift-collections')
    cd /Users/runner/work/red-pen-ios/red-pen-ios/ios/build/SourcePackages/checkouts/swift-collections
    builtin-copy -exclude .DS_Store -exclude CVS -exclude .svn -exclude .git -exclude .hg -strip-unsigned-binaries -strip-deterministic -strip-tool /Applications/Xcode_26.6.app/Contents/Developer/Toolchains/XcodeDefault.xctoolchain/usr/bin/strip -resolve-src-symlinks -rename /Users/runner/work/red-pen-ios/red-pen-ios/ios/build/Build/Intermediates.noindex/swift-collections.build/Release-iphoneos/InternalCollectionsUtilities.build/Objects-normal/arm64/InternalCollectionsUtilities.swiftdoc /Users/runner/work/red-pen-ios/red-pen-ios/ios/build/Build/Products/Release-iphoneos/InternalCollectionsUtilities.swiftmodule/arm64-apple-ios.swiftdoc

Copy /Users/runner/work/red-pen-ios/red-pen-ios/ios/build/Build/Products/Release-iphoneos/InternalCollectionsUtilities.swiftmodule/arm64-apple-ios.abi.json /Users/runner/work/red-pen-ios/red-pen-ios/ios/build/Build/Intermediates.noindex/swift-collections.build/Release-iphoneos/InternalCollectionsUtilities.build/Objects-normal/arm64/InternalCollectionsUtilities.abi.json (in target 'InternalCollectionsUtilities' from project 'swift-collections')
    cd /Users/runner/work/red-pen-ios/red-pen-ios/ios/build/SourcePackages/checkouts/swift-collections
    builtin-copy -exclude .DS_Store -exclude CVS -exclude .svn -exclude .git -exclude .hg -strip-unsigned-binaries -strip-deterministic -strip-tool /Applications/Xcode_26.6.app/Contents/Developer/Toolchains/XcodeDefault.xctoolchain/usr/bin/strip -resolve-src-symlinks -rename /Users/runner/work/red-pen-ios/red-pen-ios/ios/build/Build/Intermediates.noindex/swift-collections.build/Release-iphoneos/InternalCollectionsUtilities.build/Objects-normal/arm64/InternalCollectionsUtilities.abi.json /Users/runner/work/red-pen-ios/red-pen-ios/ios/build/Build/Products/Release-iphoneos/InternalCollectionsUtilities.swiftmodule/arm64-apple-ios.abi.json

Copy /Users/runner/work/red-pen-ios/red-pen-ios/ios/build/Build/Products/Release-iphoneos/InternalCollectionsUtilities.swiftmodule/Project/arm64-apple-ios.swiftsourceinfo /Users/runner/work/red-pen-ios/red-pen-ios/ios/build/Build/Intermediates.noindex/swift-collections.build/Release-iphoneos/InternalCollectionsUtilities.build/Objects-normal/arm64/InternalCollectionsUtilities.swiftsourceinfo (in target 'InternalCollectionsUtilities' from project 'swift-collections')
    cd /Users/runner/work/red-pen-ios/red-pen-ios/ios/build/SourcePackages/checkouts/swift-collections
    builtin-copy -exclude .DS_Store -exclude CVS -exclude .svn -exclude .git -exclude .hg -strip-unsigned-binaries -strip-deterministic -strip-tool /Applications/Xcode_26.6.app/Contents/Developer/Toolchains/XcodeDefault.xctoolchain/usr/bin/strip -resolve-src-symlinks -rename /Users/runner/work/red-pen-ios/red-pen-ios/ios/build/Build/Intermediates.noindex/swift-collections.build/Release-iphoneos/InternalCollectionsUtilities.build/Objects-normal/arm64/InternalCollectionsUtilities.swiftsourceinfo /Users/runner/work/red-pen-ios/red-pen-ios/ios/build/Build/Products/Release-iphoneos/InternalCollectionsUtilities.swiftmodule/Project/arm64-apple-ios.swiftsourceinfo

CompileC /Users/runner/work/red-pen-ios/red-pen-ios/ios/build/Build/Intermediates.noindex/LocalLLMClient.build/Release-iphoneos/LocalLLMClientLlamaC.build/Objects-normal/arm64/value.o /Users/runner/work/red-pen-ios/red-pen-ios/ios/build/SourcePackages/checkouts/LocalLLMClient/Sources/LocalLLMClientLlamaC/include/jinja/value.cpp normal arm64 c++ com.apple.compilers.llvm.clang.1_0.compiler (in target 'LocalLLMClientLlamaC' from project 'LocalLLMClient')
    cd /Users/runner/work/red-pen-ios/red-pen-ios/ios/RedPen.xcodeproj
    
    Using response file: /Users/runner/work/red-pen-ios/red-pen-ios/ios/build/Build/Intermediates.noindex/LocalLLMClient.build/Release-iphoneos/LocalLLMClientLlamaC.build/Objects-normal/arm64/82b82416624d2658e5098eb0a28c15c5-common-args.resp
    
    /Applications/Xcode_26.6.app/Contents/Developer/Toolchains/XcodeDefault.xctoolchain/usr/bin/clang -x c++ -ivfsstatcache /Users/runner/work/red-pen-ios/red-pen-ios/ios/build/SDKStatCaches.noindex/iphoneos26.5-23F81a-688ef53f1462e2c8f657fdc38a81448fee66e23052a0157c865c76b268046726.sdkstatcache -target arm64-apple-ios17.0 -fmessage-length\=0 -fdiagnostics-show-note-include-stack -fmacro-backtrace-limit\=0 -fno-color-diagnostics -fmodules-prune-interval\=86400 -fmodules-prune-after\=345600 -fbuild-session-file\=/Users/runner/work/red-pen-ios/red-pen-ios/ios/build/ModuleCache.noindex/Session.modulevalidation -fmodules-validate-once-per-build-session -Wnon-modular-include-in-framework-module -Werror\=non-modular-include-in-framework-module -Wno-trigraphs -Wno-missing-field-initializers -Wno-missing-prototypes -Wno-return-type -Wno-non-virtual-dtor -Wno-overloaded-virtual -Wno-exit-time-destructors -Wno-missing-braces -Wparentheses -Wswitch -Wno-unused-function -Wno-unused-label -Wno-unused-parameter -Wno-unused-variable -Wunused-value -Wno-empty-body -Wno-uninitialized -Wno-unknown-pragmas -w -Wno-shadow -Wno-four-char-constants -Wno-conversion -Wno-constant-conversion -Wno-int-conversion -Wno-bool-conversion -Wno-enum-conversion -Wno-float-conversion -Wno-non-literal-null-conversion -Wno-objc-literal-conversion -Wshorten-64-to-32 -Wno-newline-eof -Wno-c++11-extensions -Wno-implicit-fallthrough -isysroot /Applications/Xcode_26.6.app/Contents/Developer/Platforms/iPhoneOS.platform/Developer/SDKs/iPhoneOS26.5.sdk -fstrict-aliasing -Wdeprecated-declarations -Winvalid-offsetof -Wno-sign-conversion -Wno-infinite-recursion -Wno-move -Wno-comma -Wno-block-capture-autoreleasing -Wno-strict-prototypes -Wno-range-loop-analysis -Wno-semicolon-before-method-body -w @/Users/runner/work/red-pen-ios/red-pen-ios/ios/build/Build/Intermediates.noindex/LocalLLMClient.build/Release-iphoneos/LocalLLMClientLlamaC.build/Objects-normal/arm64/82b82416624d2658e5098eb0a28c15c5-common-args.resp -MMD -MT dependencies -MF /Users/runner/work/red-pen-ios/red-pen-ios/ios/build/Build/Intermediates.noindex/LocalLLMClient.build/Release-iphoneos/LocalLLMClientLlamaC.build/Objects-normal/arm64/value.d --serialize-diagnostics /Users/runner/work/red-pen-ios/red-pen-ios/ios/build/Build/Intermediates.noindex/LocalLLMClient.build/Release-iphoneos/LocalLLMClientLlamaC.build/Objects-normal/arm64/value.dia -c /Users/runner/work/red-pen-ios/red-pen-ios/ios/build/SourcePackages/checkouts/LocalLLMClient/Sources/LocalLLMClientLlamaC/include/jinja/value.cpp -o /Users/runner/work/red-pen-ios/red-pen-ios/ios/build/Build/Intermediates.noindex/LocalLLMClient.build/Release-iphoneos/LocalLLMClientLlamaC.build/Objects-normal/arm64/value.o

CompileC /Users/runner/work/red-pen-ios/red-pen-ios/ios/build/Build/Intermediates.noindex/LocalLLMClient.build/Release-iphoneos/LocalLLMClientLlamaC.build/Objects-normal/arm64/utils.o /Users/runner/work/red-pen-ios/red-pen-ios/ios/build/SourcePackages/checkouts/LocalLLMClient/Sources/LocalLLMClientLlamaC/utils.cpp normal arm64 c++ com.apple.compilers.llvm.clang.1_0.compiler (in target 'LocalLLMClientLlamaC' from project 'LocalLLMClient')
    cd /Users/runner/work/red-pen-ios/red-pen-ios/ios/RedPen.xcodeproj
    
    Using response file: /Users/runner/work/red-pen-ios/red-pen-ios/ios/build/Build/Intermediates.noindex/LocalLLMClient.build/Release-iphoneos/LocalLLMClientLlamaC.build/Objects-normal/arm64/82b82416624d2658e5098eb0a28c15c5-common-args.resp
    
    /Applications/Xcode_26.6.app/Contents/Developer/Toolchains/XcodeDefault.xctoolchain/usr/bin/clang -x c++ -ivfsstatcache /Users/runner/work/red-pen-ios/red-pen-ios/ios/build/SDKStatCaches.noindex/iphoneos26.5-23F81a-688ef53f1462e2c8f657fdc38a81448fee66e23052a0157c865c76b268046726.sdkstatcache -target arm64-apple-ios17.0 -fmessage-length\=0 -fdiagnostics-show-note-include-stack -fmacro-backtrace-limit\=0 -fno-color-diagnostics -fmodules-prune-interval\=86400 -fmodules-prune-after\=345600 -fbuild-session-file\=/Users/runner/work/red-pen-ios/red-pen-ios/ios/build/ModuleCache.noindex/Session.modulevalidation -fmodules-validate-once-per-build-session -Wnon-modular-include-in-framework-module -Werror\=non-modular-include-in-framework-module -Wno-trigraphs -Wno-missing-field-initializers -Wno-missing-prototypes -Wno-return-type -Wno-non-virtual-dtor -Wno-overloaded-virtual -Wno-exit-time-destructors -Wno-missing-braces -Wparentheses -Wswitch -Wno-unused-function -Wno-unused-label -Wno-unused-parameter -Wno-unused-variable -Wunused-value -Wno-empty-body -Wno-uninitialized -Wno-unknown-pragmas -w -Wno-shadow -Wno-four-char-constants -Wno-conversion -Wno-constant-conversion -Wno-int-conversion -Wno-bool-conversion -Wno-enum-conversion -Wno-float-conversion -Wno-non-literal-null-conversion -Wno-objc-literal-conversion -Wshorten-64-to-32 -Wno-newline-eof -Wno-c++11-extensions -Wno-implicit-fallthrough -isysroot /Applications/Xcode_26.6.app/Contents/Developer/Platforms/iPhoneOS.platform/Developer/SDKs/iPhoneOS26.5.sdk -fstrict-aliasing -Wdeprecated-declarations -Winvalid-offsetof -Wno-sign-conversion -Wno-infinite-recursion -Wno-move -Wno-comma -Wno-block-capture-autoreleasing -Wno-strict-prototypes -Wno-range-loop-analysis -Wno-semicolon-before-method-body -w @/Users/runner/work/red-pen-ios/red-pen-ios/ios/build/Build/Intermediates.noindex/LocalLLMClient.build/Release-iphoneos/LocalLLMClientLlamaC.build/Objects-normal/arm64/82b82416624d2658e5098eb0a28c15c5-common-args.resp -MMD -MT dependencies -MF /Users/runner/work/red-pen-ios/red-pen-ios/ios/build/Build/Intermediates.noindex/LocalLLMClient.build/Release-iphoneos/LocalLLMClientLlamaC.build/Objects-normal/arm64/utils.d --serialize-diagnostics /Users/runner/work/red-pen-ios/red-pen-ios/ios/build/Build/Intermediates.noindex/LocalLLMClient.build/Release-iphoneos/LocalLLMClientLlamaC.build/Objects-normal/arm64/utils.dia -c /Users/runner/work/red-pen-ios/red-pen-ios/ios/build/SourcePackages/checkouts/LocalLLMClient/Sources/LocalLLMClientLlamaC/utils.cpp -o /Users/runner/work/red-pen-ios/red-pen-ios/ios/build/Build/Intermediates.noindex/LocalLLMClient.build/Release-iphoneos/LocalLLMClientLlamaC.build/Objects-normal/arm64/utils.o

SwiftDriver LocalLLMClientMacrosPlugin normal arm64 com.apple.xcode.tools.swift.compiler (in target 'LocalLLMClientMacrosPlugin' from project 'LocalLLMClient')
    cd /Users/runner/work/red-pen-ios/red-pen-ios/ios/RedPen.xcodeproj
    builtin-SwiftDriver -- /Applications/Xcode_26.6.app/Contents/Developer/Toolchains/XcodeDefault.xctoolchain/usr/bin/swiftc -module-name LocalLLMClientMacrosPlugin -O -whole-module-optimization @/Users/runner/work/red-pen-ios/red-pen-ios/ios/build/Build/Intermediates.noindex/LocalLLMClient.build/Release/LocalLLMClientMacrosPlugin.build/Objects-normal/arm64/LocalLLMClientMacrosPlugin.SwiftFileList -DSWIFT_PACKAGE -DXcode -I /Users/runner/work/red-pen-ios/red-pen-ios/ios/build/SourcePackages/prebuilts/swift-syntax/603.0.2/swiftlang-6.3.3.1.3-macosx26.5-MacroSupport/Modules -I /Users/runner/work/red-pen-ios/red-pen-ios/ios/build/SourcePackages/checkouts/swift-syntax/Sources/_SwiftLibraryPluginProviderCShims/include -I /Users/runner/work/red-pen-ios/red-pen-ios/ios/build/SourcePackages/checkouts/swift-syntax/Sources/_SwiftSyntaxCShims/include -plugin-path /Applications/Xcode_26.6.app/Contents/Developer/Toolchains/XcodeDefault.xctoolchain/usr/lib/swift/host/plugins/testing -enable-experimental-feature DebugDescriptionMacro -sdk /Applications/Xcode_26.6.app/Contents/Developer/Platforms/MacOSX.platform/Developer/SDKs/MacOSX26.5.sdk -target arm64-apple-macos14.0 -g -module-cache-path /Users/runner/work/red-pen-ios/red-pen-ios/ios/build/ModuleCache.noindex -Xfrontend -serialize-debugging-options -suppress-warnings -swift-version 6 -I /Users/runner/work/red-pen-ios/red-pen-ios/ios/build/Build/Products/Release -Isystem /Applications/Xcode_26.6.app/Contents/Developer/Platforms/MacOSX.platform/Developer/usr/lib -F /Users/runner/work/red-pen-ios/red-pen-ios/ios/build/Build/Products/Release -F /Applications/Xcode_26.6.app/Contents/Developer/Platforms/MacOSX.platform/Developer/Library/Frameworks -c -num-threads 3 -Xcc -ivfsstatcache -Xcc /Users/runner/work/red-pen-ios/red-pen-ios/ios/build/SDKStatCaches.noindex/macosx26.5-25F70-688ef53f1462e2c8f657fdc38a81448fee0e6409aa6676c5e6c013d148225433.sdkstatcache -output-file-map /Users/runner/work/red-pen-ios/red-pen-ios/ios/build/Build/Intermediates.noindex/LocalLLMClient.build/Release/LocalLLMClientMacrosPlugin.build/Objects-normal/arm64/LocalLLMClientMacrosPlugin-OutputFileMap.json -use-frontend-parseable-output -save-temps -no-color-diagnostics -serialize-diagnostics -emit-dependencies -emit-module -emit-module-path /Users/runner/work/red-pen-ios/red-pen-ios/ios/build/Build/Intermediates.noindex/LocalLLMClient.build/Release/LocalLLMClientMacrosPlugin.build/Objects-normal/arm64/LocalLLMClientMacrosPlugin.swiftmodule -validate-clang-modules-once -clang-build-session-file /Users/runner/work/red-pen-ios/red-pen-ios/ios/build/ModuleCache.noindex/Session.modulevalidation -package-name localllmclient -emit-const-values -Xfrontend -const-gather-protocols-file -Xfrontend /Users/runner/work/red-pen-ios/red-pen-ios/ios/build/Build/Intermediates.noindex/LocalLLMClient.build/Release/LocalLLMClientMacrosPlugin.build/Objects-normal/arm64/LocalLLMClientMacrosPlugin_const_extract_protocols.json -Xcc -I/Users/runner/work/red-pen-ios/red-pen-ios/ios/build/Build/Products/Release/include -Xcc -I/Users/runner/work/red-pen-ios/red-pen-ios/ios/build/Build/Intermediates.noindex/LocalLLMClient.build/Release/LocalLLMClientMacrosPlugin.build/DerivedSources-normal/arm64 -Xcc -I/Users/runner/work/red-pen-ios/red-pen-ios/ios/build/Build/Intermediates.noindex/LocalLLMClient.build/Release/LocalLLMClientMacrosPlugin.build/DerivedSources/arm64 -Xcc -I/Users/runner/work/red-pen-ios/red-pen-ios/ios/build/Build/Intermediates.noindex/LocalLLMClient.build/Release/LocalLLMClientMacrosPlugin.build/DerivedSources -Xcc -DSWIFT_PACKAGE -working-directory /Users/runner/work/red-pen-ios/red-pen-ios/ios/RedPen.xcodeproj -no-emit-module-separately-wmo

SwiftDriverJobDiscovery normal arm64 Compiling Downloader.swift, FileDownloader.swift, Globs.swift, HuggingFaceAPI.swift, Lock.swift, URL+.swift (in target 'LocalLLMClientUtility' from project 'LocalLLMClient')

SwiftDriver\ Compilation\ Requirements LocalLLMClientUtility normal arm64 com.apple.xcode.tools.swift.compiler (in target 'LocalLLMClientUtility' from project 'LocalLLMClient')
    cd /Users/runner/work/red-pen-ios/red-pen-ios/ios/RedPen.xcodeproj
    builtin-Swift-Compilation-Requirements -- /Applications/Xcode_26.6.app/Contents/Developer/Toolchains/XcodeDefault.xctoolchain/usr/bin/swiftc -module-name LocalLLMClientUtility -O -whole-module-optimization @/Users/runner/work/red-pen-ios/red-pen-ios/ios/build/Build/Intermediates.noindex/LocalLLMClient.build/Release-iphoneos/LocalLLMClientUtility.build/Objects-normal/arm64/LocalLLMClientUtility.SwiftFileList -DSWIFT_PACKAGE -DSWIFT_MODULE_RESOURCE_BUNDLE_UNAVAILABLE -DXcode -plugin-path /Applications/Xcode_26.6.app/Contents/Developer/Toolchains/XcodeDefault.xctoolchain/usr/lib/swift/host/plugins/testing -enable-experimental-feature DebugDescriptionMacro -sdk /Applications/Xcode_26.6.app/Contents/Developer/Platforms/iPhoneOS.platform/Developer/SDKs/iPhoneOS26.5.sdk -target arm64-apple-ios17.0 -g -module-cache-path /Users/runner/work/red-pen-ios/red-pen-ios/ios/build/ModuleCache.noindex -Xfrontend -serialize-debugging-options -suppress-warnings -swift-version 6 -I /Users/runner/work/red-pen-ios/red-pen-ios/ios/build/Build/Products/Release-iphoneos -Isystem /Applications/Xcode_26.6.app/Contents/Developer/Platforms/iPhoneOS.platform/Developer/usr/lib -F /Users/runner/work/red-pen-ios/red-pen-ios/ios/build/Build/Products/Release-iphoneos -F /Applications/Xcode_26.6.app/Contents/Developer/Platforms/iPhoneOS.platform/Developer/Library/Frameworks -F /Applications/Xcode_26.6.app/Contents/Developer/Platforms/iPhoneOS.platform/Developer/SDKs/iPhoneOS26.5.sdk/Developer/Library/Frameworks -c -num-threads 3 -Xcc -ivfsstatcache -Xcc /Users/runner/work/red-pen-ios/red-pen-ios/ios/build/SDKStatCaches.noindex/iphoneos26.5-23F81a-688ef53f1462e2c8f657fdc38a81448fee66e23052a0157c865c76b268046726.sdkstatcache -output-file-map /Users/runner/work/red-pen-ios/red-pen-ios/ios/build/Build/Intermediates.noindex/LocalLLMClient.build/Release-iphoneos/LocalLLMClientUtility.build/Objects-normal/arm64/LocalLLMClientUtility-OutputFileMap.json -use-frontend-parseable-output -save-temps -no-color-diagnostics -serialize-diagnostics -emit-dependencies -emit-module -emit-module-path /Users/runner/work/red-pen-ios/red-pen-ios/ios/build/Build/Intermediates.noindex/LocalLLMClient.build/Release-iphoneos/LocalLLMClientUtility.build/Objects-normal/arm64/LocalLLMClientUtility.swiftmodule -validate-clang-modules-once -clang-build-session-file /Users/runner/work/red-pen-ios/red-pen-ios/ios/build/ModuleCache.noindex/Session.modulevalidation -package-name localllmclient -Xcc -I/Users/runner/work/red-pen-ios/red-pen-ios/ios/build/Build/Intermediates.noindex/LocalLLMClient.build/Release-iphoneos/LocalLLMClientUtility.build/swift-overrides.hmap -emit-const-values -Xfrontend -const-gather-protocols-file -Xfrontend /Users/runner/work/red-pen-ios/red-pen-ios/ios/build/Build/Intermediates.noindex/LocalLLMClient.build/Release-iphoneos/LocalLLMClientUtility.build/Objects-normal/arm64/LocalLLMClientUtility_const_extract_protocols.json -Xcc -I/Users/runner/work/red-pen-ios/red-pen-ios/ios/build/Build/Products/Release-iphoneos/include -Xcc -I/Users/runner/work/red-pen-ios/red-pen-ios/ios/build/Build/Intermediates.noindex/LocalLLMClient.build/Release-iphoneos/LocalLLMClientUtility.build/DerivedSources-normal/arm64 -Xcc -I/Users/runner/work/red-pen-ios/red-pen-ios/ios/build/Build/Intermediates.noindex/LocalLLMClient.build/Release-iphoneos/LocalLLMClientUtility.build/DerivedSources/arm64 -Xcc -I/Users/runner/work/red-pen-ios/red-pen-ios/ios/build/Build/Intermediates.noindex/LocalLLMClient.build/Release-iphoneos/LocalLLMClientUtility.build/DerivedSources -Xcc -DSWIFT_PACKAGE -emit-objc-header -emit-objc-header-path /Users/runner/work/red-pen-ios/red-pen-ios/ios/build/Build/Intermediates.noindex/LocalLLMClient.build/Release-iphoneos/LocalLLMClientUtility.build/Objects-normal/arm64/LocalLLMClientUtility-Swift.h -working-directory /Users/runner/work/red-pen-ios/red-pen-ios/ios/RedPen.xcodeproj -no-emit-module-separately-wmo

SwiftCompile normal arm64 Compiling\ LocalLLMClientMacrosPlugin.swift,\ ToolArgumentEnumMacro.swift,\ ToolArgumentMacro.swift,\ ToolArgumentsMacro.swift,\ ToolMacro.swift /Users/runner/work/red-pen-ios/red-pen-ios/ios/build/SourcePackages/checkouts/LocalLLMClient/Sources/LocalLLMClientMacrosPlugin/LocalLLMClientMacrosPlugin.swift /Users/runner/work/red-pen-ios/red-pen-ios/ios/build/SourcePackages/checkouts/LocalLLMClient/Sources/LocalLLMClientMacrosPlugin/ToolArgumentEnumMacro.swift /Users/runner/work/red-pen-ios/red-pen-ios/ios/build/SourcePackages/checkouts/LocalLLMClient/Sources/LocalLLMClientMacrosPlugin/ToolArgumentMacro.swift /Users/runner/work/red-pen-ios/red-pen-ios/ios/build/SourcePackages/checkouts/LocalLLMClient/Sources/LocalLLMClientMacrosPlugin/ToolArgumentsMacro.swift /Users/runner/work/red-pen-ios/red-pen-ios/ios/build/SourcePackages/checkouts/LocalLLMClient/Sources/LocalLLMClientMacrosPlugin/ToolMacro.swift (in target 'LocalLLMClientMacrosPlugin' from project 'LocalLLMClient')
CompileSwift normal arm64 (in target 'LocalLLMClientMacrosPlugin' from project 'LocalLLMClient')
    cd /Users/runner/work/red-pen-ios/red-pen-ios/ios/RedPen.xcodeproj
    

SwiftMergeGeneratedHeaders /Users/runner/work/red-pen-ios/red-pen-ios/ios/build/Build/Intermediates.noindex/GeneratedModuleMaps-iphoneos/LocalLLMClientUtility-Swift.h /Users/runner/work/red-pen-ios/red-pen-ios/ios/build/Build/Intermediates.noindex/LocalLLMClient.build/Release-iphoneos/LocalLLMClientUtility.build/Objects-normal/arm64/LocalLLMClientUtility-Swift.h (in target 'LocalLLMClientUtility' from project 'LocalLLMClient')
    cd /Users/runner/work/red-pen-ios/red-pen-ios/ios/build/SourcePackages/checkouts/LocalLLMClient
    builtin-swiftHeaderTool -arch arm64 /Users/runner/work/red-pen-ios/red-pen-ios/ios/build/Build/Intermediates.noindex/LocalLLMClient.build/Release-iphoneos/LocalLLMClientUtility.build/Objects-normal/arm64/LocalLLMClientUtility-Swift.h -o /Users/runner/work/red-pen-ios/red-pen-ios/ios/build/Build/Intermediates.noindex/GeneratedModuleMaps-iphoneos/LocalLLMClientUtility-Swift.h

Copy /Users/runner/work/red-pen-ios/red-pen-ios/ios/build/Build/Products/Release-iphoneos/LocalLLMClientUtility.swiftmodule/arm64-apple-ios.swiftmodule /Users/runner/work/red-pen-ios/red-pen-ios/ios/build/Build/Intermediates.noindex/LocalLLMClient.build/Release-iphoneos/LocalLLMClientUtility.build/Objects-normal/arm64/LocalLLMClientUtility.swiftmodule (in target 'LocalLLMClientUtility' from project 'LocalLLMClient')
    cd /Users/runner/work/red-pen-ios/red-pen-ios/ios/build/SourcePackages/checkouts/LocalLLMClient
    builtin-copy -exclude .DS_Store -exclude CVS -exclude .svn -exclude .git -exclude .hg -strip-unsigned-binaries -strip-deterministic -strip-tool /Applications/Xcode_26.6.app/Contents/Developer/Toolchains/XcodeDefault.xctoolchain/usr/bin/strip -resolve-src-symlinks -rename /Users/runner/work/red-pen-ios/red-pen-ios/ios/build/Build/Intermediates.noindex/LocalLLMClient.build/Release-iphoneos/LocalLLMClientUtility.build/Objects-normal/arm64/LocalLLMClientUtility.swiftmodule /Users/runner/work/red-pen-ios/red-pen-ios/ios/build/Build/Products/Release-iphoneos/LocalLLMClientUtility.swiftmodule/arm64-apple-ios.swiftmodule

Copy /Users/runner/work/red-pen-ios/red-pen-ios/ios/build/Build/Products/Release-iphoneos/LocalLLMClientUtility.swiftmodule/arm64-apple-ios.swiftdoc /Users/runner/work/red-pen-ios/red-pen-ios/ios/build/Build/Intermediates.noindex/LocalLLMClient.build/Release-iphoneos/LocalLLMClientUtility.build/Objects-normal/arm64/LocalLLMClientUtility.swiftdoc (in target 'LocalLLMClientUtility' from project 'LocalLLMClient')
    cd /Users/runner/work/red-pen-ios/red-pen-ios/ios/build/SourcePackages/checkouts/LocalLLMClient
    builtin-copy -exclude .DS_Store -exclude CVS -exclude .svn -exclude .git -exclude .hg -strip-unsigned-binaries -strip-deterministic -strip-tool /Applications/Xcode_26.6.app/Contents/Developer/Toolchains/XcodeDefault.xctoolchain/usr/bin/strip -resolve-src-symlinks -rename /Users/runner/work/red-pen-ios/red-pen-ios/ios/build/Build/Intermediates.noindex/LocalLLMClient.build/Release-iphoneos/LocalLLMClientUtility.build/Objects-normal/arm64/LocalLLMClientUtility.swiftdoc /Users/runner/work/red-pen-ios/red-pen-ios/ios/build/Build/Products/Release-iphoneos/LocalLLMClientUtility.swiftmodule/arm64-apple-ios.swiftdoc

Copy /Users/runner/work/red-pen-ios/red-pen-ios/ios/build/Build/Products/Release-iphoneos/LocalLLMClientUtility.swiftmodule/arm64-apple-ios.abi.json /Users/runner/work/red-pen-ios/red-pen-ios/ios/build/Build/Intermediates.noindex/LocalLLMClient.build/Release-iphoneos/LocalLLMClientUtility.build/Objects-normal/arm64/LocalLLMClientUtility.abi.json (in target 'LocalLLMClientUtility' from project 'LocalLLMClient')
    cd /Users/runner/work/red-pen-ios/red-pen-ios/ios/build/SourcePackages/checkouts/LocalLLMClient
    builtin-copy -exclude .DS_Store -exclude CVS -exclude .svn -exclude .git -exclude .hg -strip-unsigned-binaries -strip-deterministic -strip-tool /Applications/Xcode_26.6.app/Contents/Developer/Toolchains/XcodeDefault.xctoolchain/usr/bin/strip -resolve-src-symlinks -rename /Users/runner/work/red-pen-ios/red-pen-ios/ios/build/Build/Intermediates.noindex/LocalLLMClient.build/Release-iphoneos/LocalLLMClientUtility.build/Objects-normal/arm64/LocalLLMClientUtility.abi.json /Users/runner/work/red-pen-ios/red-pen-ios/ios/build/Build/Products/Release-iphoneos/LocalLLMClientUtility.swiftmodule/arm64-apple-ios.abi.json

Copy /Users/runner/work/red-pen-ios/red-pen-ios/ios/build/Build/Products/Release-iphoneos/LocalLLMClientUtility.swiftmodule/Project/arm64-apple-ios.swiftsourceinfo /Users/runner/work/red-pen-ios/red-pen-ios/ios/build/Build/Intermediates.noindex/LocalLLMClient.build/Release-iphoneos/LocalLLMClientUtility.build/Objects-normal/arm64/LocalLLMClientUtility.swiftsourceinfo (in target 'LocalLLMClientUtility' from project 'LocalLLMClient')
    cd /Users/runner/work/red-pen-ios/red-pen-ios/ios/build/SourcePackages/checkouts/LocalLLMClient
    builtin-copy -exclude .DS_Store -exclude CVS -exclude .svn -exclude .git -exclude .hg -strip-unsigned-binaries -strip-deterministic -strip-tool /Applications/Xcode_26.6.app/Contents/Developer/Toolchains/XcodeDefault.xctoolchain/usr/bin/strip -resolve-src-symlinks -rename /Users/runner/work/red-pen-ios/red-pen-ios/ios/build/Build/Intermediates.noindex/LocalLLMClient.build/Release-iphoneos/LocalLLMClientUtility.build/Objects-normal/arm64/LocalLLMClientUtility.swiftsourceinfo /Users/runner/work/red-pen-ios/red-pen-ios/ios/build/Build/Products/Release-iphoneos/LocalLLMClientUtility.swiftmodule/Project/arm64-apple-ios.swiftsourceinfo

CompileC /Users/runner/work/red-pen-ios/red-pen-ios/ios/build/Build/Intermediates.noindex/LocalLLMClient.build/Release-iphoneos/LocalLLMClientLlamaC.build/Objects-normal/arm64/unicode.o /Users/runner/work/red-pen-ios/red-pen-ios/ios/build/SourcePackages/checkouts/LocalLLMClient/Sources/LocalLLMClientLlamaC/common/unicode.cpp normal arm64 c++ com.apple.compilers.llvm.clang.1_0.compiler (in target 'LocalLLMClientLlamaC' from project 'LocalLLMClient')
    cd /Users/runner/work/red-pen-ios/red-pen-ios/ios/RedPen.xcodeproj
    
    Using response file: /Users/runner/work/red-pen-ios/red-pen-ios/ios/build/Build/Intermediates.noindex/LocalLLMClient.build/Release-iphoneos/LocalLLMClientLlamaC.build/Objects-normal/arm64/82b82416624d2658e5098eb0a28c15c5-common-args.resp
    
    /Applications/Xcode_26.6.app/Contents/Developer/Toolchains/XcodeDefault.xctoolchain/usr/bin/clang -x c++ -ivfsstatcache /Users/runner/work/red-pen-ios/red-pen-ios/ios/build/SDKStatCaches.noindex/iphoneos26.5-23F81a-688ef53f1462e2c8f657fdc38a81448fee66e23052a0157c865c76b268046726.sdkstatcache -target arm64-apple-ios17.0 -fmessage-length\=0 -fdiagnostics-show-note-include-stack -fmacro-backtrace-limit\=0 -fno-color-diagnostics -fmodules-prune-interval\=86400 -fmodules-prune-after\=345600 -fbuild-session-file\=/Users/runner/work/red-pen-ios/red-pen-ios/ios/build/ModuleCache.noindex/Session.modulevalidation -fmodules-validate-once-per-build-session -Wnon-modular-include-in-framework-module -Werror\=non-modular-include-in-framework-module -Wno-trigraphs -Wno-missing-field-initializers -Wno-missing-prototypes -Wno-return-type -Wno-non-virtual-dtor -Wno-overloaded-virtual -Wno-exit-time-destructors -Wno-missing-braces -Wparentheses -Wswitch -Wno-unused-function -Wno-unused-label -Wno-unused-parameter -Wno-unused-variable -Wunused-value -Wno-empty-body -Wno-uninitialized -Wno-unknown-pragmas -w -Wno-shadow -Wno-four-char-constants -Wno-conversion -Wno-constant-conversion -Wno-int-conversion -Wno-bool-conversion -Wno-enum-conversion -Wno-float-conversion -Wno-non-literal-null-conversion -Wno-objc-literal-conversion -Wshorten-64-to-32 -Wno-newline-eof -Wno-c++11-extensions -Wno-implicit-fallthrough -isysroot /Applications/Xcode_26.6.app/Contents/Developer/Platforms/iPhoneOS.platform/Developer/SDKs/iPhoneOS26.5.sdk -fstrict-aliasing -Wdeprecated-declarations -Winvalid-offsetof -Wno-sign-conversion -Wno-infinite-recursion -Wno-move -Wno-comma -Wno-block-capture-autoreleasing -Wno-strict-prototypes -Wno-range-loop-analysis -Wno-semicolon-before-method-body -w @/Users/runner/work/red-pen-ios/red-pen-ios/ios/build/Build/Intermediates.noindex/LocalLLMClient.build/Release-iphoneos/LocalLLMClientLlamaC.build/Objects-normal/arm64/82b82416624d2658e5098eb0a28c15c5-common-args.resp -MMD -MT dependencies -MF /Users/runner/work/red-pen-ios/red-pen-ios/ios/build/Build/Intermediates.noindex/LocalLLMClient.build/Release-iphoneos/LocalLLMClientLlamaC.build/Objects-normal/arm64/unicode.d --serialize-diagnostics /Users/runner/work/red-pen-ios/red-pen-ios/ios/build/Build/Intermediates.noindex/LocalLLMClient.build/Release-iphoneos/LocalLLMClientLlamaC.build/Objects-normal/arm64/unicode.dia -c /Users/runner/work/red-pen-ios/red-pen-ios/ios/build/SourcePackages/checkouts/LocalLLMClient/Sources/LocalLLMClientLlamaC/common/unicode.cpp -o /Users/runner/work/red-pen-ios/red-pen-ios/ios/build/Build/Intermediates.noindex/LocalLLMClient.build/Release-iphoneos/LocalLLMClientLlamaC.build/Objects-normal/arm64/unicode.o

CompileC /Users/runner/work/red-pen-ios/red-pen-ios/ios/build/Build/Intermediates.noindex/LocalLLMClient.build/Release-iphoneos/LocalLLMClientLlamaC.build/Objects-normal/arm64/string.o /Users/runner/work/red-pen-ios/red-pen-ios/ios/build/SourcePackages/checkouts/LocalLLMClient/Sources/LocalLLMClientLlamaC/include/jinja/string.cpp normal arm64 c++ com.apple.compilers.llvm.clang.1_0.compiler (in target 'LocalLLMClientLlamaC' from project 'LocalLLMClient')
    cd /Users/runner/work/red-pen-ios/red-pen-ios/ios/RedPen.xcodeproj
    
    Using response file: /Users/runner/work/red-pen-ios/red-pen-ios/ios/build/Build/Intermediates.noindex/LocalLLMClient.build/Release-iphoneos/LocalLLMClientLlamaC.build/Objects-normal/arm64/82b82416624d2658e5098eb0a28c15c5-common-args.resp
    
    /Applications/Xcode_26.6.app/Contents/Developer/Toolchains/XcodeDefault.xctoolchain/usr/bin/clang -x c++ -ivfsstatcache /Users/runner/work/red-pen-ios/red-pen-ios/ios/build/SDKStatCaches.noindex/iphoneos26.5-23F81a-688ef53f1462e2c8f657fdc38a81448fee66e23052a0157c865c76b268046726.sdkstatcache -target arm64-apple-ios17.0 -fmessage-length\=0 -fdiagnostics-show-note-include-stack -fmacro-backtrace-limit\=0 -fno-color-diagnostics -fmodules-prune-interval\=86400 -fmodules-prune-after\=345600 -fbuild-session-file\=/Users/runner/work/red-pen-ios/red-pen-ios/ios/build/ModuleCache.noindex/Session.modulevalidation -fmodules-validate-once-per-build-session -Wnon-modular-include-in-framework-module -Werror\=non-modular-include-in-framework-module -Wno-trigraphs -Wno-missing-field-initializers -Wno-missing-prototypes -Wno-return-type -Wno-non-virtual-dtor -Wno-overloaded-virtual -Wno-exit-time-destructors -Wno-missing-braces -Wparentheses -Wswitch -Wno-unused-function -Wno-unused-label -Wno-unused-parameter -Wno-unused-variable -Wunused-value -Wno-empty-body -Wno-uninitialized -Wno-unknown-pragmas -w -Wno-shadow -Wno-four-char-constants -Wno-conversion -Wno-constant-conversion -Wno-int-conversion -Wno-bool-conversion -Wno-enum-conversion -Wno-float-conversion -Wno-non-literal-null-conversion -Wno-objc-literal-conversion -Wshorten-64-to-32 -Wno-newline-eof -Wno-c++11-extensions -Wno-implicit-fallthrough -isysroot /Applications/Xcode_26.6.app/Contents/Developer/Platforms/iPhoneOS.platform/Developer/SDKs/iPhoneOS26.5.sdk -fstrict-aliasing -Wdeprecated-declarations -Winvalid-offsetof -Wno-sign-conversion -Wno-infinite-recursion -Wno-move -Wno-comma -Wno-block-capture-autoreleasing -Wno-strict-prototypes -Wno-range-loop-analysis -Wno-semicolon-before-method-body -w @/Users/runner/work/red-pen-ios/red-pen-ios/ios/build/Build/Intermediates.noindex/LocalLLMClient.build/Release-iphoneos/LocalLLMClientLlamaC.build/Objects-normal/arm64/82b82416624d2658e5098eb0a28c15c5-common-args.resp -MMD -MT dependencies -MF /Users/runner/work/red-pen-ios/red-pen-ios/ios/build/Build/Intermediates.noindex/LocalLLMClient.build/Release-iphoneos/LocalLLMClientLlamaC.build/Objects-normal/arm64/string.d --serialize-diagnostics /Users/runner/work/red-pen-ios/red-pen-ios/ios/build/Build/Intermediates.noindex/LocalLLMClient.build/Release-iphoneos/LocalLLMClientLlamaC.build/Objects-normal/arm64/string.dia -c /Users/runner/work/red-pen-ios/red-pen-ios/ios/build/SourcePackages/checkouts/LocalLLMClient/Sources/LocalLLMClientLlamaC/include/jinja/string.cpp -o /Users/runner/work/red-pen-ios/red-pen-ios/ios/build/Build/Intermediates.noindex/LocalLLMClient.build/Release-iphoneos/LocalLLMClientLlamaC.build/Objects-normal/arm64/string.o

CompileC /Users/runner/work/red-pen-ios/red-pen-ios/ios/build/Build/Intermediates.noindex/LocalLLMClient.build/Release-iphoneos/LocalLLMClientLlamaC.build/Objects-normal/arm64/step3vl.o /Users/runner/work/red-pen-ios/red-pen-ios/ios/build/SourcePackages/checkouts/LocalLLMClient/Sources/LocalLLMClientLlamaC/models/step3vl.cpp normal arm64 c++ com.apple.compilers.llvm.clang.1_0.compiler (in target 'LocalLLMClientLlamaC' from project 'LocalLLMClient')
    cd /Users/runner/work/red-pen-ios/red-pen-ios/ios/RedPen.xcodeproj
    
    Using response file: /Users/runner/work/red-pen-ios/red-pen-ios/ios/build/Build/Intermediates.noindex/LocalLLMClient.build/Release-iphoneos/LocalLLMClientLlamaC.build/Objects-normal/arm64/82b82416624d2658e5098eb0a28c15c5-common-args.resp
    
    /Applications/Xcode_26.6.app/Contents/Developer/Toolchains/XcodeDefault.xctoolchain/usr/bin/clang -x c++ -ivfsstatcache /Users/runner/work/red-pen-ios/red-pen-ios/ios/build/SDKStatCaches.noindex/iphoneos26.5-23F81a-688ef53f1462e2c8f657fdc38a81448fee66e23052a0157c865c76b268046726.sdkstatcache -target arm64-apple-ios17.0 -fmessage-length\=0 -fdiagnostics-show-note-include-stack -fmacro-backtrace-limit\=0 -fno-color-diagnostics -fmodules-prune-interval\=86400 -fmodules-prune-after\=345600 -fbuild-session-file\=/Users/runner/work/red-pen-ios/red-pen-ios/ios/build/ModuleCache.noindex/Session.modulevalidation -fmodules-validate-once-per-build-session -Wnon-modular-include-in-framework-module -Werror\=non-modular-include-in-framework-module -Wno-trigraphs -Wno-missing-field-initializers -Wno-missing-prototypes -Wno-return-type -Wno-non-virtual-dtor -Wno-overloaded-virtual -Wno-exit-time-destructors -Wno-missing-braces -Wparentheses -Wswitch -Wno-unused-function -Wno-unused-label -Wno-unused-parameter -Wno-unused-variable -Wunused-value -Wno-empty-body -Wno-uninitialized -Wno-unknown-pragmas -w -Wno-shadow -Wno-four-char-constants -Wno-conversion -Wno-constant-conversion -Wno-int-conversion -Wno-bool-conversion -Wno-enum-conversion -Wno-float-conversion -Wno-non-literal-null-conversion -Wno-objc-literal-conversion -Wshorten-64-to-32 -Wno-newline-eof -Wno-c++11-extensions -Wno-implicit-fallthrough -isysroot /Applications/Xcode_26.6.app/Contents/Developer/Platforms/iPhoneOS.platform/Developer/SDKs/iPhoneOS26.5.sdk -fstrict-aliasing -Wdeprecated-declarations -Winvalid-offsetof -Wno-sign-conversion -Wno-infinite-recursion -Wno-move -Wno-comma -Wno-block-capture-autoreleasing -Wno-strict-prototypes -Wno-range-loop-analysis -Wno-semicolon-before-method-body -w @/Users/runner/work/red-pen-ios/red-pen-ios/ios/build/Build/Intermediates.noindex/LocalLLMClient.build/Release-iphoneos/LocalLLMClientLlamaC.build/Objects-normal/arm64/82b82416624d2658e5098eb0a28c15c5-common-args.resp -MMD -MT dependencies -MF /Users/runner/work/red-pen-ios/red-pen-ios/ios/build/Build/Intermediates.noindex/LocalLLMClient.build/Release-iphoneos/LocalLLMClientLlamaC.build/Objects-normal/arm64/step3vl.d --serialize-diagnostics /Users/runner/work/red-pen-ios/red-pen-ios/ios/build/Build/Intermediates.noindex/LocalLLMClient.build/Release-iphoneos/LocalLLMClientLlamaC.build/Objects-normal/arm64/step3vl.dia -c /Users/runner/work/red-pen-ios/red-pen-ios/ios/build/SourcePackages/checkouts/LocalLLMClient/Sources/LocalLLMClientLlamaC/models/step3vl.cpp -o /Users/runner/work/red-pen-ios/red-pen-ios/ios/build/Build/Intermediates.noindex/LocalLLMClient.build/Release-iphoneos/LocalLLMClientLlamaC.build/Objects-normal/arm64/step3vl.o

CompileC /Users/runner/work/red-pen-ios/red-pen-ios/ios/build/Build/Intermediates.noindex/LocalLLMClient.build/Release-iphoneos/LocalLLMClientLlamaC.build/Objects-normal/arm64/siglip.o /Users/runner/work/red-pen-ios/red-pen-ios/ios/build/SourcePackages/checkouts/LocalLLMClient/Sources/LocalLLMClientLlamaC/models/siglip.cpp normal arm64 c++ com.apple.compilers.llvm.clang.1_0.compiler (in target 'LocalLLMClientLlamaC' from project 'LocalLLMClient')
    cd /Users/runner/work/red-pen-ios/red-pen-ios/ios/RedPen.xcodeproj
    
    Using response file: /Users/runner/work/red-pen-ios/red-pen-ios/ios/build/Build/Intermediates.noindex/LocalLLMClient.build/Release-iphoneos/LocalLLMClientLlamaC.build/Objects-normal/arm64/82b82416624d2658e5098eb0a28c15c5-common-args.resp
    
    /Applications/Xcode_26.6.app/Contents/Developer/Toolchains/XcodeDefault.xctoolchain/usr/bin/clang -x c++ -ivfsstatcache /Users/runner/work/red-pen-ios/red-pen-ios/ios/build/SDKStatCaches.noindex/iphoneos26.5-23F81a-688ef53f1462e2c8f657fdc38a81448fee66e23052a0157c865c76b268046726.sdkstatcache -target arm64-apple-ios17.0 -fmessage-length\=0 -fdiagnostics-show-note-include-stack -fmacro-backtrace-limit\=0 -fno-color-diagnostics -fmodules-prune-interval\=86400 -fmodules-prune-after\=345600 -fbuild-session-file\=/Users/runner/work/red-pen-ios/red-pen-ios/ios/build/ModuleCache.noindex/Session.modulevalidation -fmodules-validate-once-per-build-session -Wnon-modular-include-in-framework-module -Werror\=non-modular-include-in-framework-module -Wno-trigraphs -Wno-missing-field-initializers -Wno-missing-prototypes -Wno-return-type -Wno-non-virtual-dtor -Wno-overloaded-virtual -Wno-exit-time-destructors -Wno-missing-braces -Wparentheses -Wswitch -Wno-unused-function -Wno-unused-label -Wno-unused-parameter -Wno-unused-variable -Wunused-value -Wno-empty-body -Wno-uninitialized -Wno-unknown-pragmas -w -Wno-shadow -Wno-four-char-constants -Wno-conversion -Wno-constant-conversion -Wno-int-conversion -Wno-bool-conversion -Wno-enum-conversion -Wno-float-conversion -Wno-non-literal-null-conversion -Wno-objc-literal-conversion -Wshorten-64-to-32 -Wno-newline-eof -Wno-c++11-extensions -Wno-implicit-fallthrough -isysroot /Applications/Xcode_26.6.app/Contents/Developer/Platforms/iPhoneOS.platform/Developer/SDKs/iPhoneOS26.5.sdk -fstrict-aliasing -Wdeprecated-declarations -Winvalid-offsetof -Wno-sign-conversion -Wno-infinite-recursion -Wno-move -Wno-comma -Wno-block-capture-autoreleasing -Wno-strict-prototypes -Wno-range-loop-analysis -Wno-semicolon-before-method-body -w @/Users/runner/work/red-pen-ios/red-pen-ios/ios/build/Build/Intermediates.noindex/LocalLLMClient.build/Release-iphoneos/LocalLLMClientLlamaC.build/Objects-normal/arm64/82b82416624d2658e5098eb0a28c15c5-common-args.resp -MMD -MT dependencies -MF /Users/runner/work/red-pen-ios/red-pen-ios/ios/build/Build/Intermediates.noindex/LocalLLMClient.build/Release-iphoneos/LocalLLMClientLlamaC.build/Objects-normal/arm64/siglip.d --serialize-diagnostics /Users/runner/work/red-pen-ios/red-pen-ios/ios/build/Build/Intermediates.noindex/LocalLLMClient.build/Release-iphoneos/LocalLLMClientLlamaC.build/Objects-normal/arm64/siglip.dia -c /Users/runner/work/red-pen-ios/red-pen-ios/ios/build/SourcePackages/checkouts/LocalLLMClient/Sources/LocalLLMClientLlamaC/models/siglip.cpp -o /Users/runner/work/red-pen-ios/red-pen-ios/ios/build/Build/Intermediates.noindex/LocalLLMClient.build/Release-iphoneos/LocalLLMClientLlamaC.build/Objects-normal/arm64/siglip.o

CompileC /Users/runner/work/red-pen-ios/red-pen-ios/ios/build/Build/Intermediates.noindex/LocalLLMClient.build/Release-iphoneos/LocalLLMClientLlamaC.build/Objects-normal/arm64/sampling.o /Users/runner/work/red-pen-ios/red-pen-ios/ios/build/SourcePackages/checkouts/LocalLLMClient/Sources/LocalLLMClientLlamaC/common/sampling.cpp normal arm64 c++ com.apple.compilers.llvm.clang.1_0.compiler (in target 'LocalLLMClientLlamaC' from project 'LocalLLMClient')
    cd /Users/runner/work/red-pen-ios/red-pen-ios/ios/RedPen.xcodeproj
    
    Using response file: /Users/runner/work/red-pen-ios/red-pen-ios/ios/build/Build/Intermediates.noindex/LocalLLMClient.build/Release-iphoneos/LocalLLMClientLlamaC.build/Objects-normal/arm64/82b82416624d2658e5098eb0a28c15c5-common-args.resp
    
    /Applications/Xcode_26.6.app/Contents/Developer/Toolchains/XcodeDefault.xctoolchain/usr/bin/clang -x c++ -ivfsstatcache /Users/runner/work/red-pen-ios/red-pen-ios/ios/build/SDKStatCaches.noindex/iphoneos26.5-23F81a-688ef53f1462e2c8f657fdc38a81448fee66e23052a0157c865c76b268046726.sdkstatcache -target arm64-apple-ios17.0 -fmessage-length\=0 -fdiagnostics-show-note-include-stack -fmacro-backtrace-limit\=0 -fno-color-diagnostics -fmodules-prune-interval\=86400 -fmodules-prune-after\=345600 -fbuild-session-file\=/Users/runner/work/red-pen-ios/red-pen-ios/ios/build/ModuleCache.noindex/Session.modulevalidation -fmodules-validate-once-per-build-session -Wnon-modular-include-in-framework-module -Werror\=non-modular-include-in-framework-module -Wno-trigraphs -Wno-missing-field-initializers -Wno-missing-prototypes -Wno-return-type -Wno-non-virtual-dtor -Wno-overloaded-virtual -Wno-exit-time-destructors -Wno-missing-braces -Wparentheses -Wswitch -Wno-unused-function -Wno-unused-label -Wno-unused-parameter -Wno-unused-variable -Wunused-value -Wno-empty-body -Wno-uninitialized -Wno-unknown-pragmas -w -Wno-shadow -Wno-four-char-constants -Wno-conversion -Wno-constant-conversion -Wno-int-conversion -Wno-bool-conversion -Wno-enum-conversion -Wno-float-conversion -Wno-non-literal-null-conversion -Wno-objc-literal-conversion -Wshorten-64-to-32 -Wno-newline-eof -Wno-c++11-extensions -Wno-implicit-fallthrough -isysroot /Applications/Xcode_26.6.app/Contents/Developer/Platforms/iPhoneOS.platform/Developer/SDKs/iPhoneOS26.5.sdk -fstrict-aliasing -Wdeprecated-declarations -Winvalid-offsetof -Wno-sign-conversion -Wno-infinite-recursion -Wno-move -Wno-comma -Wno-block-capture-autoreleasing -Wno-strict-prototypes -Wno-range-loop-analysis -Wno-semicolon-before-method-body -w @/Users/runner/work/red-pen-ios/red-pen-ios/ios/build/Build/Intermediates.noindex/LocalLLMClient.build/Release-iphoneos/LocalLLMClientLlamaC.build/Objects-normal/arm64/82b82416624d2658e5098eb0a28c15c5-common-args.resp -MMD -MT dependencies -MF /Users/runner/work/red-pen-ios/red-pen-ios/ios/build/Build/Intermediates.noindex/LocalLLMClient.build/Release-iphoneos/LocalLLMClientLlamaC.build/Objects-normal/arm64/sampling.d --serialize-diagnostics /Users/runner/work/red-pen-ios/red-pen-ios/ios/build/Build/Intermediates.noindex/LocalLLMClient.build/Release-iphoneos/LocalLLMClientLlamaC.build/Objects-normal/arm64/sampling.dia -c /Users/runner/work/red-pen-ios/red-pen-ios/ios/build/SourcePackages/checkouts/LocalLLMClient/Sources/LocalLLMClientLlamaC/common/sampling.cpp -o /Users/runner/work/red-pen-ios/red-pen-ios/ios/build/Build/Intermediates.noindex/LocalLLMClient.build/Release-iphoneos/LocalLLMClientLlamaC.build/Objects-normal/arm64/sampling.o

CompileC /Users/runner/work/red-pen-ios/red-pen-ios/ios/build/Build/Intermediates.noindex/LocalLLMClient.build/Release-iphoneos/LocalLLMClientLlamaC.build/Objects-normal/arm64/runtime.o /Users/runner/work/red-pen-ios/red-pen-ios/ios/build/SourcePackages/checkouts/LocalLLMClient/Sources/LocalLLMClientLlamaC/include/jinja/runtime.cpp normal arm64 c++ com.apple.compilers.llvm.clang.1_0.compiler (in target 'LocalLLMClientLlamaC' from project 'LocalLLMClient')
    cd /Users/runner/work/red-pen-ios/red-pen-ios/ios/RedPen.xcodeproj
    
    Using response file: /Users/runner/work/red-pen-ios/red-pen-ios/ios/build/Build/Intermediates.noindex/LocalLLMClient.build/Release-iphoneos/LocalLLMClientLlamaC.build/Objects-normal/arm64/82b82416624d2658e5098eb0a28c15c5-common-args.resp
    
    /Applications/Xcode_26.6.app/Contents/Developer/Toolchains/XcodeDefault.xctoolchain/usr/bin/clang -x c++ -ivfsstatcache /Users/runner/work/red-pen-ios/red-pen-ios/ios/build/SDKStatCaches.noindex/iphoneos26.5-23F81a-688ef53f1462e2c8f657fdc38a81448fee66e23052a0157c865c76b268046726.sdkstatcache -target arm64-apple-ios17.0 -fmessage-length\=0 -fdiagnostics-show-note-include-stack -fmacro-backtrace-limit\=0 -fno-color-diagnostics -fmodules-prune-interval\=86400 -fmodules-prune-after\=345600 -fbuild-session-file\=/Users/runner/work/red-pen-ios/red-pen-ios/ios/build/ModuleCache.noindex/Session.modulevalidation -fmodules-validate-once-per-build-session -Wnon-modular-include-in-framework-module -Werror\=non-modular-include-in-framework-module -Wno-trigraphs -Wno-missing-field-initializers -Wno-missing-prototypes -Wno-return-type -Wno-non-virtual-dtor -Wno-overloaded-virtual -Wno-exit-time-destructors -Wno-missing-braces -Wparentheses -Wswitch -Wno-unused-function -Wno-unused-label -Wno-unused-parameter -Wno-unused-variable -Wunused-value -Wno-empty-body -Wno-uninitialized -Wno-unknown-pragmas -w -Wno-shadow -Wno-four-char-constants -Wno-conversion -Wno-constant-conversion -Wno-int-conversion -Wno-bool-conversion -Wno-enum-conversion -Wno-float-conversion -Wno-non-literal-null-conversion -Wno-objc-literal-conversion -Wshorten-64-to-32 -Wno-newline-eof -Wno-c++11-extensions -Wno-implicit-fallthrough -isysroot /Applications/Xcode_26.6.app/Contents/Developer/Platforms/iPhoneOS.platform/Developer/SDKs/iPhoneOS26.5.sdk -fstrict-aliasing -Wdeprecated-declarations -Winvalid-offsetof -Wno-sign-conversion -Wno-infinite-recursion -Wno-move -Wno-comma -Wno-block-capture-autoreleasing -Wno-strict-prototypes -Wno-range-loop-analysis -Wno-semicolon-before-method-body -w @/Users/runner/work/red-pen-ios/red-pen-ios/ios/build/Build/Intermediates.noindex/LocalLLMClient.build/Release-iphoneos/LocalLLMClientLlamaC.build/Objects-normal/arm64/82b82416624d2658e5098eb0a28c15c5-common-args.resp -MMD -MT dependencies -MF /Users/runner/work/red-pen-ios/red-pen-ios/ios/build/Build/Intermediates.noindex/LocalLLMClient.build/Release-iphoneos/LocalLLMClientLlamaC.build/Objects-normal/arm64/runtime.d --serialize-diagnostics /Users/runner/work/red-pen-ios/red-pen-ios/ios/build/Build/Intermediates.noindex/LocalLLMClient.build/Release-iphoneos/LocalLLMClientLlamaC.build/Objects-normal/arm64/runtime.dia -c /Users/runner/work/red-pen-ios/red-pen-ios/ios/build/SourcePackages/checkouts/LocalLLMClient/Sources/LocalLLMClientLlamaC/include/jinja/runtime.cpp -o /Users/runner/work/red-pen-ios/red-pen-ios/ios/build/Build/Intermediates.noindex/LocalLLMClient.build/Release-iphoneos/LocalLLMClientLlamaC.build/Objects-normal/arm64/runtime.o

SwiftDriverJobDiscovery normal arm64 Compiling LocalLLMClientMacrosPlugin.swift, ToolArgumentEnumMacro.swift, ToolArgumentMacro.swift, ToolArgumentsMacro.swift, ToolMacro.swift (in target 'LocalLLMClientMacrosPlugin' from project 'LocalLLMClient')

SwiftDriver\ Compilation\ Requirements LocalLLMClientMacrosPlugin normal arm64 com.apple.xcode.tools.swift.compiler (in target 'LocalLLMClientMacrosPlugin' from project 'LocalLLMClient')
    cd /Users/runner/work/red-pen-ios/red-pen-ios/ios/RedPen.xcodeproj
    builtin-Swift-Compilation-Requirements -- /Applications/Xcode_26.6.app/Contents/Developer/Toolchains/XcodeDefault.xctoolchain/usr/bin/swiftc -module-name LocalLLMClientMacrosPlugin -O -whole-module-optimization @/Users/runner/work/red-pen-ios/red-pen-ios/ios/build/Build/Intermediates.noindex/LocalLLMClient.build/Release/LocalLLMClientMacrosPlugin.build/Objects-normal/arm64/LocalLLMClientMacrosPlugin.SwiftFileList -DSWIFT_PACKAGE -DXcode -I /Users/runner/work/red-pen-ios/red-pen-ios/ios/build/SourcePackages/prebuilts/swift-syntax/603.0.2/swiftlang-6.3.3.1.3-macosx26.5-MacroSupport/Modules -I /Users/runner/work/red-pen-ios/red-pen-ios/ios/build/SourcePackages/checkouts/swift-syntax/Sources/_SwiftLibraryPluginProviderCShims/include -I /Users/runner/work/red-pen-ios/red-pen-ios/ios/build/SourcePackages/checkouts/swift-syntax/Sources/_SwiftSyntaxCShims/include -plugin-path /Applications/Xcode_26.6.app/Contents/Developer/Toolchains/XcodeDefault.xctoolchain/usr/lib/swift/host/plugins/testing -enable-experimental-feature DebugDescriptionMacro -sdk /Applications/Xcode_26.6.app/Contents/Developer/Platforms/MacOSX.platform/Developer/SDKs/MacOSX26.5.sdk -target arm64-apple-macos14.0 -g -module-cache-path /Users/runner/work/red-pen-ios/red-pen-ios/ios/build/ModuleCache.noindex -Xfrontend -serialize-debugging-options -suppress-warnings -swift-version 6 -I /Users/runner/work/red-pen-ios/red-pen-ios/ios/build/Build/Products/Release -Isystem /Applications/Xcode_26.6.app/Contents/Developer/Platforms/MacOSX.platform/Developer/usr/lib -F /Users/runner/work/red-pen-ios/red-pen-ios/ios/build/Build/Products/Release -F /Applications/Xcode_26.6.app/Contents/Developer/Platforms/MacOSX.platform/Developer/Library/Frameworks -c -num-threads 3 -Xcc -ivfsstatcache -Xcc /Users/runner/work/red-pen-ios/red-pen-ios/ios/build/SDKStatCaches.noindex/macosx26.5-25F70-688ef53f1462e2c8f657fdc38a81448fee0e6409aa6676c5e6c013d148225433.sdkstatcache -output-file-map /Users/runner/work/red-pen-ios/red-pen-ios/ios/build/Build/Intermediates.noindex/LocalLLMClient.build/Release/LocalLLMClientMacrosPlugin.build/Objects-normal/arm64/LocalLLMClientMacrosPlugin-OutputFileMap.json -use-frontend-parseable-output -save-temps -no-color-diagnostics -serialize-diagnostics -emit-dependencies -emit-module -emit-module-path /Users/runner/work/red-pen-ios/red-pen-ios/ios/build/Build/Intermediates.noindex/LocalLLMClient.build/Release/LocalLLMClientMacrosPlugin.build/Objects-normal/arm64/LocalLLMClientMacrosPlugin.swiftmodule -validate-clang-modules-once -clang-build-session-file /Users/runner/work/red-pen-ios/red-pen-ios/ios/build/ModuleCache.noindex/Session.modulevalidation -package-name localllmclient -emit-const-values -Xfrontend -const-gather-protocols-file -Xfrontend /Users/runner/work/red-pen-ios/red-pen-ios/ios/build/Build/Intermediates.noindex/LocalLLMClient.build/Release/LocalLLMClientMacrosPlugin.build/Objects-normal/arm64/LocalLLMClientMacrosPlugin_const_extract_protocols.json -Xcc -I/Users/runner/work/red-pen-ios/red-pen-ios/ios/build/Build/Products/Release/include -Xcc -I/Users/runner/work/red-pen-ios/red-pen-ios/ios/build/Build/Intermediates.noindex/LocalLLMClient.build/Release/LocalLLMClientMacrosPlugin.build/DerivedSources-normal/arm64 -Xcc -I/Users/runner/work/red-pen-ios/red-pen-ios/ios/build/Build/Intermediates.noindex/LocalLLMClient.build/Release/LocalLLMClientMacrosPlugin.build/DerivedSources/arm64 -Xcc -I/Users/runner/work/red-pen-ios/red-pen-ios/ios/build/Build/Intermediates.noindex/LocalLLMClient.build/Release/LocalLLMClientMacrosPlugin.build/DerivedSources -Xcc -DSWIFT_PACKAGE -working-directory /Users/runner/work/red-pen-ios/red-pen-ios/ios/RedPen.xcodeproj -no-emit-module-separately-wmo

CompileC /Users/runner/work/red-pen-ios/red-pen-ios/ios/build/Build/Intermediates.noindex/LocalLLMClient.build/Release-iphoneos/LocalLLMClientLlamaC.build/Objects-normal/arm64/regex-partial.o /Users/runner/work/red-pen-ios/red-pen-ios/ios/build/SourcePackages/checkouts/LocalLLMClient/Sources/LocalLLMClientLlamaC/common/regex-partial.cpp normal arm64 c++ com.apple.compilers.llvm.clang.1_0.compiler (in target 'LocalLLMClientLlamaC' from project 'LocalLLMClient')
    cd /Users/runner/work/red-pen-ios/red-pen-ios/ios/RedPen.xcodeproj
    
    Using response file: /Users/runner/work/red-pen-ios/red-pen-ios/ios/build/Build/Intermediates.noindex/LocalLLMClient.build/Release-iphoneos/LocalLLMClientLlamaC.build/Objects-normal/arm64/82b82416624d2658e5098eb0a28c15c5-common-args.resp
    
    /Applications/Xcode_26.6.app/Contents/Developer/Toolchains/XcodeDefault.xctoolchain/usr/bin/clang -x c++ -ivfsstatcache /Users/runner/work/red-pen-ios/red-pen-ios/ios/build/SDKStatCaches.noindex/iphoneos26.5-23F81a-688ef53f1462e2c8f657fdc38a81448fee66e23052a0157c865c76b268046726.sdkstatcache -target arm64-apple-ios17.0 -fmessage-length\=0 -fdiagnostics-show-note-include-stack -fmacro-backtrace-limit\=0 -fno-color-diagnostics -fmodules-prune-interval\=86400 -fmodules-prune-after\=345600 -fbuild-session-file\=/Users/runner/work/red-pen-ios/red-pen-ios/ios/build/ModuleCache.noindex/Session.modulevalidation -fmodules-validate-once-per-build-session -Wnon-modular-include-in-framework-module -Werror\=non-modular-include-in-framework-module -Wno-trigraphs -Wno-missing-field-initializers -Wno-missing-prototypes -Wno-return-type -Wno-non-virtual-dtor -Wno-overloaded-virtual -Wno-exit-time-destructors -Wno-missing-braces -Wparentheses -Wswitch -Wno-unused-function -Wno-unused-label -Wno-unused-parameter -Wno-unused-variable -Wunused-value -Wno-empty-body -Wno-uninitialized -Wno-unknown-pragmas -w -Wno-shadow -Wno-four-char-constants -Wno-conversion -Wno-constant-conversion -Wno-int-conversion -Wno-bool-conversion -Wno-enum-conversion -Wno-float-conversion -Wno-non-literal-null-conversion -Wno-objc-literal-conversion -Wshorten-64-to-32 -Wno-newline-eof -Wno-c++11-extensions -Wno-implicit-fallthrough -isysroot /Applications/Xcode_26.6.app/Contents/Developer/Platforms/iPhoneOS.platform/Developer/SDKs/iPhoneOS26.5.sdk -fstrict-aliasing -Wdeprecated-declarations -Winvalid-offsetof -Wno-sign-conversion -Wno-infinite-recursion -Wno-move -Wno-comma -Wno-block-capture-autoreleasing -Wno-strict-prototypes -Wno-range-loop-analysis -Wno-semicolon-before-method-body -w @/Users/runner/work/red-pen-ios/red-pen-ios/ios/build/Build/Intermediates.noindex/LocalLLMClient.build/Release-iphoneos/LocalLLMClientLlamaC.build/Objects-normal/arm64/82b82416624d2658e5098eb0a28c15c5-common-args.resp -MMD -MT dependencies -MF /Users/runner/work/red-pen-ios/red-pen-ios/ios/build/Build/Intermediates.noindex/LocalLLMClient.build/Release-iphoneos/LocalLLMClientLlamaC.build/Objects-normal/arm64/regex-partial.d --serialize-diagnostics /Users/runner/work/red-pen-ios/red-pen-ios/ios/build/Build/Intermediates.noindex/LocalLLMClient.build/Release-iphoneos/LocalLLMClientLlamaC.build/Objects-normal/arm64/regex-partial.dia -c /Users/runner/work/red-pen-ios/red-pen-ios/ios/build/SourcePackages/checkouts/LocalLLMClient/Sources/LocalLLMClientLlamaC/common/regex-partial.cpp -o /Users/runner/work/red-pen-ios/red-pen-ios/ios/build/Build/Intermediates.noindex/LocalLLMClient.build/Release-iphoneos/LocalLLMClientLlamaC.build/Objects-normal/arm64/regex-partial.o

Ld /Users/runner/work/red-pen-ios/red-pen-ios/ios/build/Build/Products/Release/LocalLLMClientMacrosPlugin normal (in target 'LocalLLMClientMacrosPlugin' from project 'LocalLLMClient')
    cd /Users/runner/work/red-pen-ios/red-pen-ios/ios/build/SourcePackages/checkouts/LocalLLMClient
    /Applications/Xcode_26.6.app/Contents/Developer/Toolchains/XcodeDefault.xctoolchain/usr/bin/clang -Xlinker -reproducible -target arm64-apple-macos14.0 -isysroot /Applications/Xcode_26.6.app/Contents/Developer/Platforms/MacOSX.platform/Developer/SDKs/MacOSX26.5.sdk -Os -w -L/Users/runner/work/red-pen-ios/red-pen-ios/ios/build/Build/Intermediates.noindex/EagerLinkingTBDs/Release -L/Users/runner/work/red-pen-ios/red-pen-ios/ios/build/Build/Products/Release -L/Applications/Xcode_26.6.app/Contents/Developer/Platforms/MacOSX.platform/Developer/usr/lib -F/Users/runner/work/red-pen-ios/red-pen-ios/ios/build/Build/Intermediates.noindex/EagerLinkingTBDs/Release -F/Users/runner/work/red-pen-ios/red-pen-ios/ios/build/Build/Products/Release -iframework /Applications/Xcode_26.6.app/Contents/Developer/Platforms/MacOSX.platform/Developer/Library/Frameworks -filelist /Users/runner/work/red-pen-ios/red-pen-ios/ios/build/Build/Intermediates.noindex/LocalLLMClient.build/Release/LocalLLMClientMacrosPlugin.build/Objects-normal/arm64/LocalLLMClientMacrosPlugin.LinkFileList -Xlinker -rpath -Xlinker /usr/lib/swift -Xlinker -object_path_lto -Xlinker /Users/runner/work/red-pen-ios/red-pen-ios/ios/build/Build/Intermediates.noindex/LocalLLMClient.build/Release/LocalLLMClientMacrosPlugin.build/Objects-normal/arm64/LocalLLMClientMacrosPlugin_lto.o -Xlinker -dependency_info -Xlinker /Users/runner/work/red-pen-ios/red-pen-ios/ios/build/Build/Intermediates.noindex/LocalLLMClient.build/Release/LocalLLMClientMacrosPlugin.build/Objects-normal/arm64/LocalLLMClientMacrosPlugin_dependency_info.dat -fobjc-link-runtime -L/Applications/Xcode_26.6.app/Contents/Developer/Toolchains/XcodeDefault.xctoolchain/usr/lib/swift/macosx -L/usr/lib/swift -Xlinker -add_ast_path -Xlinker /Users/runner/work/red-pen-ios/red-pen-ios/ios/build/Build/Intermediates.noindex/LocalLLMClient.build/Release/LocalLLMClientMacrosPlugin.build/Objects-normal/arm64/LocalLLMClientMacrosPlugin.swiftmodule -L /Users/runner/work/red-pen-ios/red-pen-ios/ios/build/SourcePackages/prebuilts/swift-syntax/603.0.2/swiftlang-6.3.3.1.3-macosx26.5-MacroSupport/lib -lMacroSupport -o /Users/runner/work/red-pen-ios/red-pen-ios/ios/build/Build/Products/Release/LocalLLMClientMacrosPlugin

Copy /Users/runner/work/red-pen-ios/red-pen-ios/ios/build/Build/Products/Release/LocalLLMClientMacrosPlugin.swiftmodule/arm64-apple-macos.swiftmodule /Users/runner/work/red-pen-ios/red-pen-ios/ios/build/Build/Intermediates.noindex/LocalLLMClient.build/Release/LocalLLMClientMacrosPlugin.build/Objects-normal/arm64/LocalLLMClientMacrosPlugin.swiftmodule (in target 'LocalLLMClientMacrosPlugin' from project 'LocalLLMClient')
    cd /Users/runner/work/red-pen-ios/red-pen-ios/ios/build/SourcePackages/checkouts/LocalLLMClient
    builtin-copy -exclude .DS_Store -exclude CVS -exclude .svn -exclude .git -exclude .hg -strip-unsigned-binaries -strip-deterministic -strip-tool /Applications/Xcode_26.6.app/Contents/Developer/Toolchains/XcodeDefault.xctoolchain/usr/bin/strip -resolve-src-symlinks -rename /Users/runner/work/red-pen-ios/red-pen-ios/ios/build/Build/Intermediates.noindex/LocalLLMClient.build/Release/LocalLLMClientMacrosPlugin.build/Objects-normal/arm64/LocalLLMClientMacrosPlugin.swiftmodule /Users/runner/work/red-pen-ios/red-pen-ios/ios/build/Build/Products/Release/LocalLLMClientMacrosPlugin.swiftmodule/arm64-apple-macos.swiftmodule

Copy /Users/runner/work/red-pen-ios/red-pen-ios/ios/build/Build/Products/Release/LocalLLMClientMacrosPlugin.swiftmodule/arm64-apple-macos.swiftdoc /Users/runner/work/red-pen-ios/red-pen-ios/ios/build/Build/Intermediates.noindex/LocalLLMClient.build/Release/LocalLLMClientMacrosPlugin.build/Objects-normal/arm64/LocalLLMClientMacrosPlugin.swiftdoc (in target 'LocalLLMClientMacrosPlugin' from project 'LocalLLMClient')
    cd /Users/runner/work/red-pen-ios/red-pen-ios/ios/build/SourcePackages/checkouts/LocalLLMClient
    builtin-copy -exclude .DS_Store -exclude CVS -exclude .svn -exclude .git -exclude .hg -strip-unsigned-binaries -strip-deterministic -strip-tool /Applications/Xcode_26.6.app/Contents/Developer/Toolchains/XcodeDefault.xctoolchain/usr/bin/strip -resolve-src-symlinks -rename /Users/runner/work/red-pen-ios/red-pen-ios/ios/build/Build/Intermediates.noindex/LocalLLMClient.build/Release/LocalLLMClientMacrosPlugin.build/Objects-normal/arm64/LocalLLMClientMacrosPlugin.swiftdoc /Users/runner/work/red-pen-ios/red-pen-ios/ios/build/Build/Products/Release/LocalLLMClientMacrosPlugin.swiftmodule/arm64-apple-macos.swiftdoc

Copy /Users/runner/work/red-pen-ios/red-pen-ios/ios/build/Build/Products/Release/LocalLLMClientMacrosPlugin.swiftmodule/arm64-apple-macos.abi.json /Users/runner/work/red-pen-ios/red-pen-ios/ios/build/Build/Intermediates.noindex/LocalLLMClient.build/Release/LocalLLMClientMacrosPlugin.build/Objects-normal/arm64/LocalLLMClientMacrosPlugin.abi.json (in target 'LocalLLMClientMacrosPlugin' from project 'LocalLLMClient')
    cd /Users/runner/work/red-pen-ios/red-pen-ios/ios/build/SourcePackages/checkouts/LocalLLMClient
    builtin-copy -exclude .DS_Store -exclude CVS -exclude .svn -exclude .git -exclude .hg -strip-unsigned-binaries -strip-deterministic -strip-tool /Applications/Xcode_26.6.app/Contents/Developer/Toolchains/XcodeDefault.xctoolchain/usr/bin/strip -resolve-src-symlinks -rename /Users/runner/work/red-pen-ios/red-pen-ios/ios/build/Build/Intermediates.noindex/LocalLLMClient.build/Release/LocalLLMClientMacrosPlugin.build/Objects-normal/arm64/LocalLLMClientMacrosPlugin.abi.json /Users/runner/work/red-pen-ios/red-pen-ios/ios/build/Build/Products/Release/LocalLLMClientMacrosPlugin.swiftmodule/arm64-apple-macos.abi.json

Copy /Users/runner/work/red-pen-ios/red-pen-ios/ios/build/Build/Products/Release/LocalLLMClientMacrosPlugin.swiftmodule/Project/arm64-apple-macos.swiftsourceinfo /Users/runner/work/red-pen-ios/red-pen-ios/ios/build/Build/Intermediates.noindex/LocalLLMClient.build/Release/LocalLLMClientMacrosPlugin.build/Objects-normal/arm64/LocalLLMClientMacrosPlugin.swiftsourceinfo (in target 'LocalLLMClientMacrosPlugin' from project 'LocalLLMClient')
    cd /Users/runner/work/red-pen-ios/red-pen-ios/ios/build/SourcePackages/checkouts/LocalLLMClient
    builtin-copy -exclude .DS_Store -exclude CVS -exclude .svn -exclude .git -exclude .hg -strip-unsigned-binaries -strip-deterministic -strip-tool /Applications/Xcode_26.6.app/Contents/Developer/Toolchains/XcodeDefault.xctoolchain/usr/bin/strip -resolve-src-symlinks -rename /Users/runner/work/red-pen-ios/red-pen-ios/ios/build/Build/Intermediates.noindex/LocalLLMClient.build/Release/LocalLLMClientMacrosPlugin.build/Objects-normal/arm64/LocalLLMClientMacrosPlugin.swiftsourceinfo /Users/runner/work/red-pen-ios/red-pen-ios/ios/build/Build/Products/Release/LocalLLMClientMacrosPlugin.swiftmodule/Project/arm64-apple-macos.swiftsourceinfo

CompileC /Users/runner/work/red-pen-ios/red-pen-ios/ios/build/Build/Intermediates.noindex/LocalLLMClient.build/Release-iphoneos/LocalLLMClientLlamaC.build/Objects-normal/arm64/reasoning-budget.o /Users/runner/work/red-pen-ios/red-pen-ios/ios/build/SourcePackages/checkouts/LocalLLMClient/Sources/LocalLLMClientLlamaC/common/reasoning-budget.cpp normal arm64 c++ com.apple.compilers.llvm.clang.1_0.compiler (in target 'LocalLLMClientLlamaC' from project 'LocalLLMClient')
    cd /Users/runner/work/red-pen-ios/red-pen-ios/ios/RedPen.xcodeproj
    
    Using response file: /Users/runner/work/red-pen-ios/red-pen-ios/ios/build/Build/Intermediates.noindex/LocalLLMClient.build/Release-iphoneos/LocalLLMClientLlamaC.build/Objects-normal/arm64/82b82416624d2658e5098eb0a28c15c5-common-args.resp
    
    /Applications/Xcode_26.6.app/Contents/Developer/Toolchains/XcodeDefault.xctoolchain/usr/bin/clang -x c++ -ivfsstatcache /Users/runner/work/red-pen-ios/red-pen-ios/ios/build/SDKStatCaches.noindex/iphoneos26.5-23F81a-688ef53f1462e2c8f657fdc38a81448fee66e23052a0157c865c76b268046726.sdkstatcache -target arm64-apple-ios17.0 -fmessage-length\=0 -fdiagnostics-show-note-include-stack -fmacro-backtrace-limit\=0 -fno-color-diagnostics -fmodules-prune-interval\=86400 -fmodules-prune-after\=345600 -fbuild-session-file\=/Users/runner/work/red-pen-ios/red-pen-ios/ios/build/ModuleCache.noindex/Session.modulevalidation -fmodules-validate-once-per-build-session -Wnon-modular-include-in-framework-module -Werror\=non-modular-include-in-framework-module -Wno-trigraphs -Wno-missing-field-initializers -Wno-missing-prototypes -Wno-return-type -Wno-non-virtual-dtor -Wno-overloaded-virtual -Wno-exit-time-destructors -Wno-missing-braces -Wparentheses -Wswitch -Wno-unused-function -Wno-unused-label -Wno-unused-parameter -Wno-unused-variable -Wunused-value -Wno-empty-body -Wno-uninitialized -Wno-unknown-pragmas -w -Wno-shadow -Wno-four-char-constants -Wno-conversion -Wno-constant-conversion -Wno-int-conversion -Wno-bool-conversion -Wno-enum-conversion -Wno-float-conversion -Wno-non-literal-null-conversion -Wno-objc-literal-conversion -Wshorten-64-to-32 -Wno-newline-eof -Wno-c++11-extensions -Wno-implicit-fallthrough -isysroot /Applications/Xcode_26.6.app/Contents/Developer/Platforms/iPhoneOS.platform/Developer/SDKs/iPhoneOS26.5.sdk -fstrict-aliasing -Wdeprecated-declarations -Winvalid-offsetof -Wno-sign-conversion -Wno-infinite-recursion -Wno-move -Wno-comma -Wno-block-capture-autoreleasing -Wno-strict-prototypes -Wno-range-loop-analysis -Wno-semicolon-before-method-body -w @/Users/runner/work/red-pen-ios/red-pen-ios/ios/build/Build/Intermediates.noindex/LocalLLMClient.build/Release-iphoneos/LocalLLMClientLlamaC.build/Objects-normal/arm64/82b82416624d2658e5098eb0a28c15c5-common-args.resp -MMD -MT dependencies -MF /Users/runner/work/red-pen-ios/red-pen-ios/ios/build/Build/Intermediates.noindex/LocalLLMClient.build/Release-iphoneos/LocalLLMClientLlamaC.build/Objects-normal/arm64/reasoning-budget.d --serialize-diagnostics /Users/runner/work/red-pen-ios/red-pen-ios/ios/build/Build/Intermediates.noindex/LocalLLMClient.build/Release-iphoneos/LocalLLMClientLlamaC.build/Objects-normal/arm64/reasoning-budget.dia -c /Users/runner/work/red-pen-ios/red-pen-ios/ios/build/SourcePackages/checkouts/LocalLLMClient/Sources/LocalLLMClientLlamaC/common/reasoning-budget.cpp -o /Users/runner/work/red-pen-ios/red-pen-ios/ios/build/Build/Intermediates.noindex/LocalLLMClient.build/Release-iphoneos/LocalLLMClientLlamaC.build/Objects-normal/arm64/reasoning-budget.o

CompileC /Users/runner/work/red-pen-ios/red-pen-ios/ios/build/Build/Intermediates.noindex/LocalLLMClient.build/Release-iphoneos/LocalLLMClientLlamaC.build/Objects-normal/arm64/qwen3vl.o /Users/runner/work/red-pen-ios/red-pen-ios/ios/build/SourcePackages/checkouts/LocalLLMClient/Sources/LocalLLMClientLlamaC/models/qwen3vl.cpp normal arm64 c++ com.apple.compilers.llvm.clang.1_0.compiler (in target 'LocalLLMClientLlamaC' from project 'LocalLLMClient')
    cd /Users/runner/work/red-pen-ios/red-pen-ios/ios/RedPen.xcodeproj
    
    Using response file: /Users/runner/work/red-pen-ios/red-pen-ios/ios/build/Build/Intermediates.noindex/LocalLLMClient.build/Release-iphoneos/LocalLLMClientLlamaC.build/Objects-normal/arm64/82b82416624d2658e5098eb0a28c15c5-common-args.resp
    
    /Applications/Xcode_26.6.app/Contents/Developer/Toolchains/XcodeDefault.xctoolchain/usr/bin/clang -x c++ -ivfsstatcache /Users/runner/work/red-pen-ios/red-pen-ios/ios/build/SDKStatCaches.noindex/iphoneos26.5-23F81a-688ef53f1462e2c8f657fdc38a81448fee66e23052a0157c865c76b268046726.sdkstatcache -target arm64-apple-ios17.0 -fmessage-length\=0 -fdiagnostics-show-note-include-stack -fmacro-backtrace-limit\=0 -fno-color-diagnostics -fmodules-prune-interval\=86400 -fmodules-prune-after\=345600 -fbuild-session-file\=/Users/runner/work/red-pen-ios/red-pen-ios/ios/build/ModuleCache.noindex/Session.modulevalidation -fmodules-validate-once-per-build-session -Wnon-modular-include-in-framework-module -Werror\=non-modular-include-in-framework-module -Wno-trigraphs -Wno-missing-field-initializers -Wno-missing-prototypes -Wno-return-type -Wno-non-virtual-dtor -Wno-overloaded-virtual -Wno-exit-time-destructors -Wno-missing-braces -Wparentheses -Wswitch -Wno-unused-function -Wno-unused-label -Wno-unused-parameter -Wno-unused-variable -Wunused-value -Wno-empty-body -Wno-uninitialized -Wno-unknown-pragmas -w -Wno-shadow -Wno-four-char-constants -Wno-conversion -Wno-constant-conversion -Wno-int-conversion -Wno-bool-conversion -Wno-enum-conversion -Wno-float-conversion -Wno-non-literal-null-conversion -Wno-objc-literal-conversion -Wshorten-64-to-32 -Wno-newline-eof -Wno-c++11-extensions -Wno-implicit-fallthrough -isysroot /Applications/Xcode_26.6.app/Contents/Developer/Platforms/iPhoneOS.platform/Developer/SDKs/iPhoneOS26.5.sdk -fstrict-aliasing -Wdeprecated-declarations -Winvalid-offsetof -Wno-sign-conversion -Wno-infinite-recursion -Wno-move -Wno-comma -Wno-block-capture-autoreleasing -Wno-strict-prototypes -Wno-range-loop-analysis -Wno-semicolon-before-method-body -w @/Users/runner/work/red-pen-ios/red-pen-ios/ios/build/Build/Intermediates.noindex/LocalLLMClient.build/Release-iphoneos/LocalLLMClientLlamaC.build/Objects-normal/arm64/82b82416624d2658e5098eb0a28c15c5-common-args.resp -MMD -MT dependencies -MF /Users/runner/work/red-pen-ios/red-pen-ios/ios/build/Build/Intermediates.noindex/LocalLLMClient.build/Release-iphoneos/LocalLLMClientLlamaC.build/Objects-normal/arm64/qwen3vl.d --serialize-diagnostics /Users/runner/work/red-pen-ios/red-pen-ios/ios/build/Build/Intermediates.noindex/LocalLLMClient.build/Release-iphoneos/LocalLLMClientLlamaC.build/Objects-normal/arm64/qwen3vl.dia -c /Users/runner/work/red-pen-ios/red-pen-ios/ios/build/SourcePackages/checkouts/LocalLLMClient/Sources/LocalLLMClientLlamaC/models/qwen3vl.cpp -o /Users/runner/work/red-pen-ios/red-pen-ios/ios/build/Build/Intermediates.noindex/LocalLLMClient.build/Release-iphoneos/LocalLLMClientLlamaC.build/Objects-normal/arm64/qwen3vl.o

CompileC /Users/runner/work/red-pen-ios/red-pen-ios/ios/build/Build/Intermediates.noindex/LocalLLMClient.build/Release-iphoneos/LocalLLMClientLlamaC.build/Objects-normal/arm64/qwen3a.o /Users/runner/work/red-pen-ios/red-pen-ios/ios/build/SourcePackages/checkouts/LocalLLMClient/Sources/LocalLLMClientLlamaC/models/qwen3a.cpp normal arm64 c++ com.apple.compilers.llvm.clang.1_0.compiler (in target 'LocalLLMClientLlamaC' from project 'LocalLLMClient')
    cd /Users/runner/work/red-pen-ios/red-pen-ios/ios/RedPen.xcodeproj
    
    Using response file: /Users/runner/work/red-pen-ios/red-pen-ios/ios/build/Build/Intermediates.noindex/LocalLLMClient.build/Release-iphoneos/LocalLLMClientLlamaC.build/Objects-normal/arm64/82b82416624d2658e5098eb0a28c15c5-common-args.resp
    
    /Applications/Xcode_26.6.app/Contents/Developer/Toolchains/XcodeDefault.xctoolchain/usr/bin/clang -x c++ -ivfsstatcache /Users/runner/work/red-pen-ios/red-pen-ios/ios/build/SDKStatCaches.noindex/iphoneos26.5-23F81a-688ef53f1462e2c8f657fdc38a81448fee66e23052a0157c865c76b268046726.sdkstatcache -target arm64-apple-ios17.0 -fmessage-length\=0 -fdiagnostics-show-note-include-stack -fmacro-backtrace-limit\=0 -fno-color-diagnostics -fmodules-prune-interval\=86400 -fmodules-prune-after\=345600 -fbuild-session-file\=/Users/runner/work/red-pen-ios/red-pen-ios/ios/build/ModuleCache.noindex/Session.modulevalidation -fmodules-validate-once-per-build-session -Wnon-modular-include-in-framework-module -Werror\=non-modular-include-in-framework-module -Wno-trigraphs -Wno-missing-field-initializers -Wno-missing-prototypes -Wno-return-type -Wno-non-virtual-dtor -Wno-overloaded-virtual -Wno-exit-time-destructors -Wno-missing-braces -Wparentheses -Wswitch -Wno-unused-function -Wno-unused-label -Wno-unused-parameter -Wno-unused-variable -Wunused-value -Wno-empty-body -Wno-uninitialized -Wno-unknown-pragmas -w -Wno-shadow -Wno-four-char-constants -Wno-conversion -Wno-constant-conversion -Wno-int-conversion -Wno-bool-conversion -Wno-enum-conversion -Wno-float-conversion -Wno-non-literal-null-conversion -Wno-objc-literal-conversion -Wshorten-64-to-32 -Wno-newline-eof -Wno-c++11-extensions -Wno-implicit-fallthrough -isysroot /Applications/Xcode_26.6.app/Contents/Developer/Platforms/iPhoneOS.platform/Developer/SDKs/iPhoneOS26.5.sdk -fstrict-aliasing -Wdeprecated-declarations -Winvalid-offsetof -Wno-sign-conversion -Wno-infinite-recursion -Wno-move -Wno-comma -Wno-block-capture-autoreleasing -Wno-strict-prototypes -Wno-range-loop-analysis -Wno-semicolon-before-method-body -w @/Users/runner/work/red-pen-ios/red-pen-ios/ios/build/Build/Intermediates.noindex/LocalLLMClient.build/Release-iphoneos/LocalLLMClientLlamaC.build/Objects-normal/arm64/82b82416624d2658e5098eb0a28c15c5-common-args.resp -MMD -MT dependencies -MF /Users/runner/work/red-pen-ios/red-pen-ios/ios/build/Build/Intermediates.noindex/LocalLLMClient.build/Release-iphoneos/LocalLLMClientLlamaC.build/Objects-normal/arm64/qwen3a.d --serialize-diagnostics /Users/runner/work/red-pen-ios/red-pen-ios/ios/build/Build/Intermediates.noindex/LocalLLMClient.build/Release-iphoneos/LocalLLMClientLlamaC.build/Objects-normal/arm64/qwen3a.dia -c /Users/runner/work/red-pen-ios/red-pen-ios/ios/build/SourcePackages/checkouts/LocalLLMClient/Sources/LocalLLMClientLlamaC/models/qwen3a.cpp -o /Users/runner/work/red-pen-ios/red-pen-ios/ios/build/Build/Intermediates.noindex/LocalLLMClient.build/Release-iphoneos/LocalLLMClientLlamaC.build/Objects-normal/arm64/qwen3a.o

CompileC /Users/runner/work/red-pen-ios/red-pen-ios/ios/build/Build/Intermediates.noindex/LocalLLMClient.build/Release-iphoneos/LocalLLMClientLlamaC.build/Objects-normal/arm64/qwen2vl.o /Users/runner/work/red-pen-ios/red-pen-ios/ios/build/SourcePackages/checkouts/LocalLLMClient/Sources/LocalLLMClientLlamaC/models/qwen2vl.cpp normal arm64 c++ com.apple.compilers.llvm.clang.1_0.compiler (in target 'LocalLLMClientLlamaC' from project 'LocalLLMClient')
    cd /Users/runner/work/red-pen-ios/red-pen-ios/ios/RedPen.xcodeproj
    
    Using response file: /Users/runner/work/red-pen-ios/red-pen-ios/ios/build/Build/Intermediates.noindex/LocalLLMClient.build/Release-iphoneos/LocalLLMClientLlamaC.build/Objects-normal/arm64/82b82416624d2658e5098eb0a28c15c5-common-args.resp
    
    /Applications/Xcode_26.6.app/Contents/Developer/Toolchains/XcodeDefault.xctoolchain/usr/bin/clang -x c++ -ivfsstatcache /Users/runner/work/red-pen-ios/red-pen-ios/ios/build/SDKStatCaches.noindex/iphoneos26.5-23F81a-688ef53f1462e2c8f657fdc38a81448fee66e23052a0157c865c76b268046726.sdkstatcache -target arm64-apple-ios17.0 -fmessage-length\=0 -fdiagnostics-show-note-include-stack -fmacro-backtrace-limit\=0 -fno-color-diagnostics -fmodules-prune-interval\=86400 -fmodules-prune-after\=345600 -fbuild-session-file\=/Users/runner/work/red-pen-ios/red-pen-ios/ios/build/ModuleCache.noindex/Session.modulevalidation -fmodules-validate-once-per-build-session -Wnon-modular-include-in-framework-module -Werror\=non-modular-include-in-framework-module -Wno-trigraphs -Wno-missing-field-initializers -Wno-missing-prototypes -Wno-return-type -Wno-non-virtual-dtor -Wno-overloaded-virtual -Wno-exit-time-destructors -Wno-missing-braces -Wparentheses -Wswitch -Wno-unused-function -Wno-unused-label -Wno-unused-parameter -Wno-unused-variable -Wunused-value -Wno-empty-body -Wno-uninitialized -Wno-unknown-pragmas -w -Wno-shadow -Wno-four-char-constants -Wno-conversion -Wno-constant-conversion -Wno-int-conversion -Wno-bool-conversion -Wno-enum-conversion -Wno-float-conversion -Wno-non-literal-null-conversion -Wno-objc-literal-conversion -Wshorten-64-to-32 -Wno-newline-eof -Wno-c++11-extensions -Wno-implicit-fallthrough -isysroot /Applications/Xcode_26.6.app/Contents/Developer/Platforms/iPhoneOS.platform/Developer/SDKs/iPhoneOS26.5.sdk -fstrict-aliasing -Wdeprecated-declarations -Winvalid-offsetof -Wno-sign-conversion -Wno-infinite-recursion -Wno-move -Wno-comma -Wno-block-capture-autoreleasing -Wno-strict-prototypes -Wno-range-loop-analysis -Wno-semicolon-before-method-body -w @/Users/runner/work/red-pen-ios/red-pen-ios/ios/build/Build/Intermediates.noindex/LocalLLMClient.build/Release-iphoneos/LocalLLMClientLlamaC.build/Objects-normal/arm64/82b82416624d2658e5098eb0a28c15c5-common-args.resp -MMD -MT dependencies -MF /Users/runner/work/red-pen-ios/red-pen-ios/ios/build/Build/Intermediates.noindex/LocalLLMClient.build/Release-iphoneos/LocalLLMClientLlamaC.build/Objects-normal/arm64/qwen2vl.d --serialize-diagnostics /Users/runner/work/red-pen-ios/red-pen-ios/ios/build/Build/Intermediates.noindex/LocalLLMClient.build/Release-iphoneos/LocalLLMClientLlamaC.build/Objects-normal/arm64/qwen2vl.dia -c /Users/runner/work/red-pen-ios/red-pen-ios/ios/build/SourcePackages/checkouts/LocalLLMClient/Sources/LocalLLMClientLlamaC/models/qwen2vl.cpp -o /Users/runner/work/red-pen-ios/red-pen-ios/ios/build/Build/Intermediates.noindex/LocalLLMClient.build/Release-iphoneos/LocalLLMClientLlamaC.build/Objects-normal/arm64/qwen2vl.o

CompileC /Users/runner/work/red-pen-ios/red-pen-ios/ios/build/Build/Intermediates.noindex/LocalLLMClient.build/Release-iphoneos/LocalLLMClientLlamaC.build/Objects-normal/arm64/pixtral.o /Users/runner/work/red-pen-ios/red-pen-ios/ios/build/SourcePackages/checkouts/LocalLLMClient/Sources/LocalLLMClientLlamaC/models/pixtral.cpp normal arm64 c++ com.apple.compilers.llvm.clang.1_0.compiler (in target 'LocalLLMClientLlamaC' from project 'LocalLLMClient')
    cd /Users/runner/work/red-pen-ios/red-pen-ios/ios/RedPen.xcodeproj
    
    Using response file: /Users/runner/work/red-pen-ios/red-pen-ios/ios/build/Build/Intermediates.noindex/LocalLLMClient.build/Release-iphoneos/LocalLLMClientLlamaC.build/Objects-normal/arm64/82b82416624d2658e5098eb0a28c15c5-common-args.resp
    
    /Applications/Xcode_26.6.app/Contents/Developer/Toolchains/XcodeDefault.xctoolchain/usr/bin/clang -x c++ -ivfsstatcache /Users/runner/work/red-pen-ios/red-pen-ios/ios/build/SDKStatCaches.noindex/iphoneos26.5-23F81a-688ef53f1462e2c8f657fdc38a81448fee66e23052a0157c865c76b268046726.sdkstatcache -target arm64-apple-ios17.0 -fmessage-length\=0 -fdiagnostics-show-note-include-stack -fmacro-backtrace-limit\=0 -fno-color-diagnostics -fmodules-prune-interval\=86400 -fmodules-prune-after\=345600 -fbuild-session-file\=/Users/runner/work/red-pen-ios/red-pen-ios/ios/build/ModuleCache.noindex/Session.modulevalidation -fmodules-validate-once-per-build-session -Wnon-modular-include-in-framework-module -Werror\=non-modular-include-in-framework-module -Wno-trigraphs -Wno-missing-field-initializers -Wno-missing-prototypes -Wno-return-type -Wno-non-virtual-dtor -Wno-overloaded-virtual -Wno-exit-time-destructors -Wno-missing-braces -Wparentheses -Wswitch -Wno-unused-function -Wno-unused-label -Wno-unused-parameter -Wno-unused-variable -Wunused-value -Wno-empty-body -Wno-uninitialized -Wno-unknown-pragmas -w -Wno-shadow -Wno-four-char-constants -Wno-conversion -Wno-constant-conversion -Wno-int-conversion -Wno-bool-conversion -Wno-enum-conversion -Wno-float-conversion -Wno-non-literal-null-conversion -Wno-objc-literal-conversion -Wshorten-64-to-32 -Wno-newline-eof -Wno-c++11-extensions -Wno-implicit-fallthrough -isysroot /Applications/Xcode_26.6.app/Contents/Developer/Platforms/iPhoneOS.platform/Developer/SDKs/iPhoneOS26.5.sdk -fstrict-aliasing -Wdeprecated-declarations -Winvalid-offsetof -Wno-sign-conversion -Wno-infinite-recursion -Wno-move -Wno-comma -Wno-block-capture-autoreleasing -Wno-strict-prototypes -Wno-range-loop-analysis -Wno-semicolon-before-method-body -w @/Users/runner/work/red-pen-ios/red-pen-ios/ios/build/Build/Intermediates.noindex/LocalLLMClient.build/Release-iphoneos/LocalLLMClientLlamaC.build/Objects-normal/arm64/82b82416624d2658e5098eb0a28c15c5-common-args.resp -MMD -MT dependencies -MF /Users/runner/work/red-pen-ios/red-pen-ios/ios/build/Build/Intermediates.noindex/LocalLLMClient.build/Release-iphoneos/LocalLLMClientLlamaC.build/Objects-normal/arm64/pixtral.d --serialize-diagnostics /Users/runner/work/red-pen-ios/red-pen-ios/ios/build/Build/Intermediates.noindex/LocalLLMClient.build/Release-iphoneos/LocalLLMClientLlamaC.build/Objects-normal/arm64/pixtral.dia -c /Users/runner/work/red-pen-ios/red-pen-ios/ios/build/SourcePackages/checkouts/LocalLLMClient/Sources/LocalLLMClientLlamaC/models/pixtral.cpp -o /Users/runner/work/red-pen-ios/red-pen-ios/ios/build/Build/Intermediates.noindex/LocalLLMClient.build/Release-iphoneos/LocalLLMClientLlamaC.build/Objects-normal/arm64/pixtral.o

CompileC /Users/runner/work/red-pen-ios/red-pen-ios/ios/build/Build/Intermediates.noindex/LocalLLMClient.build/Release-iphoneos/LocalLLMClientLlamaC.build/Objects-normal/arm64/peg-parser.o /Users/runner/work/red-pen-ios/red-pen-ios/ios/build/SourcePackages/checkouts/LocalLLMClient/Sources/LocalLLMClientLlamaC/common/peg-parser.cpp normal arm64 c++ com.apple.compilers.llvm.clang.1_0.compiler (in target 'LocalLLMClientLlamaC' from project 'LocalLLMClient')
    cd /Users/runner/work/red-pen-ios/red-pen-ios/ios/RedPen.xcodeproj
    
    Using response file: /Users/runner/work/red-pen-ios/red-pen-ios/ios/build/Build/Intermediates.noindex/LocalLLMClient.build/Release-iphoneos/LocalLLMClientLlamaC.build/Objects-normal/arm64/82b82416624d2658e5098eb0a28c15c5-common-args.resp
    
    /Applications/Xcode_26.6.app/Contents/Developer/Toolchains/XcodeDefault.xctoolchain/usr/bin/clang -x c++ -ivfsstatcache /Users/runner/work/red-pen-ios/red-pen-ios/ios/build/SDKStatCaches.noindex/iphoneos26.5-23F81a-688ef53f1462e2c8f657fdc38a81448fee66e23052a0157c865c76b268046726.sdkstatcache -target arm64-apple-ios17.0 -fmessage-length\=0 -fdiagnostics-show-note-include-stack -fmacro-backtrace-limit\=0 -fno-color-diagnostics -fmodules-prune-interval\=86400 -fmodules-prune-after\=345600 -fbuild-session-file\=/Users/runner/work/red-pen-ios/red-pen-ios/ios/build/ModuleCache.noindex/Session.modulevalidation -fmodules-validate-once-per-build-session -Wnon-modular-include-in-framework-module -Werror\=non-modular-include-in-framework-module -Wno-trigraphs -Wno-missing-field-initializers -Wno-missing-prototypes -Wno-return-type -Wno-non-virtual-dtor -Wno-overloaded-virtual -Wno-exit-time-destructors -Wno-missing-braces -Wparentheses -Wswitch -Wno-unused-function -Wno-unused-label -Wno-unused-parameter -Wno-unused-variable -Wunused-value -Wno-empty-body -Wno-uninitialized -Wno-unknown-pragmas -w -Wno-shadow -Wno-four-char-constants -Wno-conversion -Wno-constant-conversion -Wno-int-conversion -Wno-bool-conversion -Wno-enum-conversion -Wno-float-conversion -Wno-non-literal-null-conversion -Wno-objc-literal-conversion -Wshorten-64-to-32 -Wno-newline-eof -Wno-c++11-extensions -Wno-implicit-fallthrough -isysroot /Applications/Xcode_26.6.app/Contents/Developer/Platforms/iPhoneOS.platform/Developer/SDKs/iPhoneOS26.5.sdk -fstrict-aliasing -Wdeprecated-declarations -Winvalid-offsetof -Wno-sign-conversion -Wno-infinite-recursion -Wno-move -Wno-comma -Wno-block-capture-autoreleasing -Wno-strict-prototypes -Wno-range-loop-analysis -Wno-semicolon-before-method-body -w @/Users/runner/work/red-pen-ios/red-pen-ios/ios/build/Build/Intermediates.noindex/LocalLLMClient.build/Release-iphoneos/LocalLLMClientLlamaC.build/Objects-normal/arm64/82b82416624d2658e5098eb0a28c15c5-common-args.resp -MMD -MT dependencies -MF /Users/runner/work/red-pen-ios/red-pen-ios/ios/build/Build/Intermediates.noindex/LocalLLMClient.build/Release-iphoneos/LocalLLMClientLlamaC.build/Objects-normal/arm64/peg-parser.d --serialize-diagnostics /Users/runner/work/red-pen-ios/red-pen-ios/ios/build/Build/Intermediates.noindex/LocalLLMClient.build/Release-iphoneos/LocalLLMClientLlamaC.build/Objects-normal/arm64/peg-parser.dia -c /Users/runner/work/red-pen-ios/red-pen-ios/ios/build/SourcePackages/checkouts/LocalLLMClient/Sources/LocalLLMClientLlamaC/common/peg-parser.cpp -o /Users/runner/work/red-pen-ios/red-pen-ios/ios/build/Build/Intermediates.noindex/LocalLLMClient.build/Release-iphoneos/LocalLLMClientLlamaC.build/Objects-normal/arm64/peg-parser.o

CompileC /Users/runner/work/red-pen-ios/red-pen-ios/ios/build/Build/Intermediates.noindex/LocalLLMClient.build/Release-iphoneos/LocalLLMClientLlamaC.build/Objects-normal/arm64/parser.o /Users/runner/work/red-pen-ios/red-pen-ios/ios/build/SourcePackages/checkouts/LocalLLMClient/Sources/LocalLLMClientLlamaC/include/jinja/parser.cpp normal arm64 c++ com.apple.compilers.llvm.clang.1_0.compiler (in target 'LocalLLMClientLlamaC' from project 'LocalLLMClient')
    cd /Users/runner/work/red-pen-ios/red-pen-ios/ios/RedPen.xcodeproj
    
    Using response file: /Users/runner/work/red-pen-ios/red-pen-ios/ios/build/Build/Intermediates.noindex/LocalLLMClient.build/Release-iphoneos/LocalLLMClientLlamaC.build/Objects-normal/arm64/82b82416624d2658e5098eb0a28c15c5-common-args.resp
    
    /Applications/Xcode_26.6.app/Contents/Developer/Toolchains/XcodeDefault.xctoolchain/usr/bin/clang -x c++ -ivfsstatcache /Users/runner/work/red-pen-ios/red-pen-ios/ios/build/SDKStatCaches.noindex/iphoneos26.5-23F81a-688ef53f1462e2c8f657fdc38a81448fee66e23052a0157c865c76b268046726.sdkstatcache -target arm64-apple-ios17.0 -fmessage-length\=0 -fdiagnostics-show-note-include-stack -fmacro-backtrace-limit\=0 -fno-color-diagnostics -fmodules-prune-interval\=86400 -fmodules-prune-after\=345600 -fbuild-session-file\=/Users/runner/work/red-pen-ios/red-pen-ios/ios/build/ModuleCache.noindex/Session.modulevalidation -fmodules-validate-once-per-build-session -Wnon-modular-include-in-framework-module -Werror\=non-modular-include-in-framework-module -Wno-trigraphs -Wno-missing-field-initializers -Wno-missing-prototypes -Wno-return-type -Wno-non-virtual-dtor -Wno-overloaded-virtual -Wno-exit-time-destructors -Wno-missing-braces -Wparentheses -Wswitch -Wno-unused-function -Wno-unused-label -Wno-unused-parameter -Wno-unused-variable -Wunused-value -Wno-empty-body -Wno-uninitialized -Wno-unknown-pragmas -w -Wno-shadow -Wno-four-char-constants -Wno-conversion -Wno-constant-conversion -Wno-int-conversion -Wno-bool-conversion -Wno-enum-conversion -Wno-float-conversion -Wno-non-literal-null-conversion -Wno-objc-literal-conversion -Wshorten-64-to-32 -Wno-newline-eof -Wno-c++11-extensions -Wno-implicit-fallthrough -isysroot /Applications/Xcode_26.6.app/Contents/Developer/Platforms/iPhoneOS.platform/Developer/SDKs/iPhoneOS26.5.sdk -fstrict-aliasing -Wdeprecated-declarations -Winvalid-offsetof -Wno-sign-conversion -Wno-infinite-recursion -Wno-move -Wno-comma -Wno-block-capture-autoreleasing -Wno-strict-prototypes -Wno-range-loop-analysis -Wno-semicolon-before-method-body -w @/Users/runner/work/red-pen-ios/red-pen-ios/ios/build/Build/Intermediates.noindex/LocalLLMClient.build/Release-iphoneos/LocalLLMClientLlamaC.build/Objects-normal/arm64/82b82416624d2658e5098eb0a28c15c5-common-args.resp -MMD -MT dependencies -MF /Users/runner/work/red-pen-ios/red-pen-ios/ios/build/Build/Intermediates.noindex/LocalLLMClient.build/Release-iphoneos/LocalLLMClientLlamaC.build/Objects-normal/arm64/parser.d --serialize-diagnostics /Users/runner/work/red-pen-ios/red-pen-ios/ios/build/Build/Intermediates.noindex/LocalLLMClient.build/Release-iphoneos/LocalLLMClientLlamaC.build/Objects-normal/arm64/parser.dia -c /Users/runner/work/red-pen-ios/red-pen-ios/ios/build/SourcePackages/checkouts/LocalLLMClient/Sources/LocalLLMClientLlamaC/include/jinja/parser.cpp -o /Users/runner/work/red-pen-ios/red-pen-ios/ios/build/Build/Intermediates.noindex/LocalLLMClient.build/Release-iphoneos/LocalLLMClientLlamaC.build/Objects-normal/arm64/parser.o

CompileC /Users/runner/work/red-pen-ios/red-pen-ios/ios/build/Build/Intermediates.noindex/LocalLLMClient.build/Release-iphoneos/LocalLLMClientLlamaC.build/Objects-normal/arm64/paddleocr.o /Users/runner/work/red-pen-ios/red-pen-ios/ios/build/SourcePackages/checkouts/LocalLLMClient/Sources/LocalLLMClientLlamaC/models/paddleocr.cpp normal arm64 c++ com.apple.compilers.llvm.clang.1_0.compiler (in target 'LocalLLMClientLlamaC' from project 'LocalLLMClient')
    cd /Users/runner/work/red-pen-ios/red-pen-ios/ios/RedPen.xcodeproj
    
    Using response file: /Users/runner/work/red-pen-ios/red-pen-ios/ios/build/Build/Intermediates.noindex/LocalLLMClient.build/Release-iphoneos/LocalLLMClientLlamaC.build/Objects-normal/arm64/82b82416624d2658e5098eb0a28c15c5-common-args.resp
    
    /Applications/Xcode_26.6.app/Contents/Developer/Toolchains/XcodeDefault.xctoolchain/usr/bin/clang -x c++ -ivfsstatcache /Users/runner/work/red-pen-ios/red-pen-ios/ios/build/SDKStatCaches.noindex/iphoneos26.5-23F81a-688ef53f1462e2c8f657fdc38a81448fee66e23052a0157c865c76b268046726.sdkstatcache -target arm64-apple-ios17.0 -fmessage-length\=0 -fdiagnostics-show-note-include-stack -fmacro-backtrace-limit\=0 -fno-color-diagnostics -fmodules-prune-interval\=86400 -fmodules-prune-after\=345600 -fbuild-session-file\=/Users/runner/work/red-pen-ios/red-pen-ios/ios/build/ModuleCache.noindex/Session.modulevalidation -fmodules-validate-once-per-build-session -Wnon-modular-include-in-framework-module -Werror\=non-modular-include-in-framework-module -Wno-trigraphs -Wno-missing-field-initializers -Wno-missing-prototypes -Wno-return-type -Wno-non-virtual-dtor -Wno-overloaded-virtual -Wno-exit-time-destructors -Wno-missing-braces -Wparentheses -Wswitch -Wno-unused-function -Wno-unused-label -Wno-unused-parameter -Wno-unused-variable -Wunused-value -Wno-empty-body -Wno-uninitialized -Wno-unknown-pragmas -w -Wno-shadow -Wno-four-char-constants -Wno-conversion -Wno-constant-conversion -Wno-int-conversion -Wno-bool-conversion -Wno-enum-conversion -Wno-float-conversion -Wno-non-literal-null-conversion -Wno-objc-literal-conversion -Wshorten-64-to-32 -Wno-newline-eof -Wno-c++11-extensions -Wno-implicit-fallthrough -isysroot /Applications/Xcode_26.6.app/Contents/Developer/Platforms/iPhoneOS.platform/Developer/SDKs/iPhoneOS26.5.sdk -fstrict-aliasing -Wdeprecated-declarations -Winvalid-offsetof -Wno-sign-conversion -Wno-infinite-recursion -Wno-move -Wno-comma -Wno-block-capture-autoreleasing -Wno-strict-prototypes -Wno-range-loop-analysis -Wno-semicolon-before-method-body -w @/Users/runner/work/red-pen-ios/red-pen-ios/ios/build/Build/Intermediates.noindex/LocalLLMClient.build/Release-iphoneos/LocalLLMClientLlamaC.build/Objects-normal/arm64/82b82416624d2658e5098eb0a28c15c5-common-args.resp -MMD -MT dependencies -MF /Users/runner/work/red-pen-ios/red-pen-ios/ios/build/Build/Intermediates.noindex/LocalLLMClient.build/Release-iphoneos/LocalLLMClientLlamaC.build/Objects-normal/arm64/paddleocr.d --serialize-diagnostics /Users/runner/work/red-pen-ios/red-pen-ios/ios/build/Build/Intermediates.noindex/LocalLLMClient.build/Release-iphoneos/LocalLLMClientLlamaC.build/Objects-normal/arm64/paddleocr.dia -c /Users/runner/work/red-pen-ios/red-pen-ios/ios/build/SourcePackages/checkouts/LocalLLMClient/Sources/LocalLLMClientLlamaC/models/paddleocr.cpp -o /Users/runner/work/red-pen-ios/red-pen-ios/ios/build/Build/Intermediates.noindex/LocalLLMClient.build/Release-iphoneos/LocalLLMClientLlamaC.build/Objects-normal/arm64/paddleocr.o

CompileC /Users/runner/work/red-pen-ios/red-pen-ios/ios/build/Build/Intermediates.noindex/LocalLLMClient.build/Release-iphoneos/LocalLLMClientLlamaC.build/Objects-normal/arm64/nemotron-v2-vl.o /Users/runner/work/red-pen-ios/red-pen-ios/ios/build/SourcePackages/checkouts/LocalLLMClient/Sources/LocalLLMClientLlamaC/models/nemotron-v2-vl.cpp normal arm64 c++ com.apple.compilers.llvm.clang.1_0.compiler (in target 'LocalLLMClientLlamaC' from project 'LocalLLMClient')
    cd /Users/runner/work/red-pen-ios/red-pen-ios/ios/RedPen.xcodeproj
    
    Using response file: /Users/runner/work/red-pen-ios/red-pen-ios/ios/build/Build/Intermediates.noindex/LocalLLMClient.build/Release-iphoneos/LocalLLMClientLlamaC.build/Objects-normal/arm64/82b82416624d2658e5098eb0a28c15c5-common-args.resp
    
    /Applications/Xcode_26.6.app/Contents/Developer/Toolchains/XcodeDefault.xctoolchain/usr/bin/clang -x c++ -ivfsstatcache /Users/runner/work/red-pen-ios/red-pen-ios/ios/build/SDKStatCaches.noindex/iphoneos26.5-23F81a-688ef53f1462e2c8f657fdc38a81448fee66e23052a0157c865c76b268046726.sdkstatcache -target arm64-apple-ios17.0 -fmessage-length\=0 -fdiagnostics-show-note-include-stack -fmacro-backtrace-limit\=0 -fno-color-diagnostics -fmodules-prune-interval\=86400 -fmodules-prune-after\=345600 -fbuild-session-file\=/Users/runner/work/red-pen-ios/red-pen-ios/ios/build/ModuleCache.noindex/Session.modulevalidation -fmodules-validate-once-per-build-session -Wnon-modular-include-in-framework-module -Werror\=non-modular-include-in-framework-module -Wno-trigraphs -Wno-missing-field-initializers -Wno-missing-prototypes -Wno-return-type -Wno-non-virtual-dtor -Wno-overloaded-virtual -Wno-exit-time-destructors -Wno-missing-braces -Wparentheses -Wswitch -Wno-unused-function -Wno-unused-label -Wno-unused-parameter -Wno-unused-variable -Wunused-value -Wno-empty-body -Wno-uninitialized -Wno-unknown-pragmas -w -Wno-shadow -Wno-four-char-constants -Wno-conversion -Wno-constant-conversion -Wno-int-conversion -Wno-bool-conversion -Wno-enum-conversion -Wno-float-conversion -Wno-non-literal-null-conversion -Wno-objc-literal-conversion -Wshorten-64-to-32 -Wno-newline-eof -Wno-c++11-extensions -Wno-implicit-fallthrough -isysroot /Applications/Xcode_26.6.app/Contents/Developer/Platforms/iPhoneOS.platform/Developer/SDKs/iPhoneOS26.5.sdk -fstrict-aliasing -Wdeprecated-declarations -Winvalid-offsetof -Wno-sign-conversion -Wno-infinite-recursion -Wno-move -Wno-comma -Wno-block-capture-autoreleasing -Wno-strict-prototypes -Wno-range-loop-analysis -Wno-semicolon-before-method-body -w @/Users/runner/work/red-pen-ios/red-pen-ios/ios/build/Build/Intermediates.noindex/LocalLLMClient.build/Release-iphoneos/LocalLLMClientLlamaC.build/Objects-normal/arm64/82b82416624d2658e5098eb0a28c15c5-common-args.resp -MMD -MT dependencies -MF /Users/runner/work/red-pen-ios/red-pen-ios/ios/build/Build/Intermediates.noindex/LocalLLMClient.build/Release-iphoneos/LocalLLMClientLlamaC.build/Objects-normal/arm64/nemotron-v2-vl.d --serialize-diagnostics /Users/runner/work/red-pen-ios/red-pen-ios/ios/build/Build/Intermediates.noindex/LocalLLMClient.build/Release-iphoneos/LocalLLMClientLlamaC.build/Objects-normal/arm64/nemotron-v2-vl.dia -c /Users/runner/work/red-pen-ios/red-pen-ios/ios/build/SourcePackages/checkouts/LocalLLMClient/Sources/LocalLLMClientLlamaC/models/nemotron-v2-vl.cpp -o /Users/runner/work/red-pen-ios/red-pen-ios/ios/build/Build/Intermediates.noindex/LocalLLMClient.build/Release-iphoneos/LocalLLMClientLlamaC.build/Objects-normal/arm64/nemotron-v2-vl.o

CompileC /Users/runner/work/red-pen-ios/red-pen-ios/ios/build/Build/Intermediates.noindex/LocalLLMClient.build/Release-iphoneos/LocalLLMClientLlamaC.build/Objects-normal/arm64/mtmd.o /Users/runner/work/red-pen-ios/red-pen-ios/ios/build/SourcePackages/checkouts/LocalLLMClient/Sources/LocalLLMClientLlamaC/mtmd.cpp normal arm64 c++ com.apple.compilers.llvm.clang.1_0.compiler (in target 'LocalLLMClientLlamaC' from project 'LocalLLMClient')
    cd /Users/runner/work/red-pen-ios/red-pen-ios/ios/RedPen.xcodeproj
    
    Using response file: /Users/runner/work/red-pen-ios/red-pen-ios/ios/build/Build/Intermediates.noindex/LocalLLMClient.build/Release-iphoneos/LocalLLMClientLlamaC.build/Objects-normal/arm64/82b82416624d2658e5098eb0a28c15c5-common-args.resp
    
    /Applications/Xcode_26.6.app/Contents/Developer/Toolchains/XcodeDefault.xctoolchain/usr/bin/clang -x c++ -ivfsstatcache /Users/runner/work/red-pen-ios/red-pen-ios/ios/build/SDKStatCaches.noindex/iphoneos26.5-23F81a-688ef53f1462e2c8f657fdc38a81448fee66e23052a0157c865c76b268046726.sdkstatcache -target arm64-apple-ios17.0 -fmessage-length\=0 -fdiagnostics-show-note-include-stack -fmacro-backtrace-limit\=0 -fno-color-diagnostics -fmodules-prune-interval\=86400 -fmodules-prune-after\=345600 -fbuild-session-file\=/Users/runner/work/red-pen-ios/red-pen-ios/ios/build/ModuleCache.noindex/Session.modulevalidation -fmodules-validate-once-per-build-session -Wnon-modular-include-in-framework-module -Werror\=non-modular-include-in-framework-module -Wno-trigraphs -Wno-missing-field-initializers -Wno-missing-prototypes -Wno-return-type -Wno-non-virtual-dtor -Wno-overloaded-virtual -Wno-exit-time-destructors -Wno-missing-braces -Wparentheses -Wswitch -Wno-unused-function -Wno-unused-label -Wno-unused-parameter -Wno-unused-variable -Wunused-value -Wno-empty-body -Wno-uninitialized -Wno-unknown-pragmas -w -Wno-shadow -Wno-four-char-constants -Wno-conversion -Wno-constant-conversion -Wno-int-conversion -Wno-bool-conversion -Wno-enum-conversion -Wno-float-conversion -Wno-non-literal-null-conversion -Wno-objc-literal-conversion -Wshorten-64-to-32 -Wno-newline-eof -Wno-c++11-extensions -Wno-implicit-fallthrough -isysroot /Applications/Xcode_26.6.app/Contents/Developer/Platforms/iPhoneOS.platform/Developer/SDKs/iPhoneOS26.5.sdk -fstrict-aliasing -Wdeprecated-declarations -Winvalid-offsetof -Wno-sign-conversion -Wno-infinite-recursion -Wno-move -Wno-comma -Wno-block-capture-autoreleasing -Wno-strict-prototypes -Wno-range-loop-analysis -Wno-semicolon-before-method-body -w @/Users/runner/work/red-pen-ios/red-pen-ios/ios/build/Build/Intermediates.noindex/LocalLLMClient.build/Release-iphoneos/LocalLLMClientLlamaC.build/Objects-normal/arm64/82b82416624d2658e5098eb0a28c15c5-common-args.resp -MMD -MT dependencies -MF /Users/runner/work/red-pen-ios/red-pen-ios/ios/build/Build/Intermediates.noindex/LocalLLMClient.build/Release-iphoneos/LocalLLMClientLlamaC.build/Objects-normal/arm64/mtmd.d --serialize-diagnostics /Users/runner/work/red-pen-ios/red-pen-ios/ios/build/Build/Intermediates.noindex/LocalLLMClient.build/Release-iphoneos/LocalLLMClientLlamaC.build/Objects-normal/arm64/mtmd.dia -c /Users/runner/work/red-pen-ios/red-pen-ios/ios/build/SourcePackages/checkouts/LocalLLMClient/Sources/LocalLLMClientLlamaC/mtmd.cpp -o /Users/runner/work/red-pen-ios/red-pen-ios/ios/build/Build/Intermediates.noindex/LocalLLMClient.build/Release-iphoneos/LocalLLMClientLlamaC.build/Objects-normal/arm64/mtmd.o

CompileC /Users/runner/work/red-pen-ios/red-pen-ios/ios/build/Build/Intermediates.noindex/LocalLLMClient.build/Release-iphoneos/LocalLLMClientLlamaC.build/Objects-normal/arm64/mtmd-image.o /Users/runner/work/red-pen-ios/red-pen-ios/ios/build/SourcePackages/checkouts/LocalLLMClient/Sources/LocalLLMClientLlamaC/mtmd-image.cpp normal arm64 c++ com.apple.compilers.llvm.clang.1_0.compiler (in target 'LocalLLMClientLlamaC' from project 'LocalLLMClient')
    cd /Users/runner/work/red-pen-ios/red-pen-ios/ios/RedPen.xcodeproj
    
    Using response file: /Users/runner/work/red-pen-ios/red-pen-ios/ios/build/Build/Intermediates.noindex/LocalLLMClient.build/Release-iphoneos/LocalLLMClientLlamaC.build/Objects-normal/arm64/82b82416624d2658e5098eb0a28c15c5-common-args.resp
    
    /Applications/Xcode_26.6.app/Contents/Developer/Toolchains/XcodeDefault.xctoolchain/usr/bin/clang -x c++ -ivfsstatcache /Users/runner/work/red-pen-ios/red-pen-ios/ios/build/SDKStatCaches.noindex/iphoneos26.5-23F81a-688ef53f1462e2c8f657fdc38a81448fee66e23052a0157c865c76b268046726.sdkstatcache -target arm64-apple-ios17.0 -fmessage-length\=0 -fdiagnostics-show-note-include-stack -fmacro-backtrace-limit\=0 -fno-color-diagnostics -fmodules-prune-interval\=86400 -fmodules-prune-after\=345600 -fbuild-session-file\=/Users/runner/work/red-pen-ios/red-pen-ios/ios/build/ModuleCache.noindex/Session.modulevalidation -fmodules-validate-once-per-build-session -Wnon-modular-include-in-framework-module -Werror\=non-modular-include-in-framework-module -Wno-trigraphs -Wno-missing-field-initializers -Wno-missing-prototypes -Wno-return-type -Wno-non-virtual-dtor -Wno-overloaded-virtual -Wno-exit-time-destructors -Wno-missing-braces -Wparentheses -Wswitch -Wno-unused-function -Wno-unused-label -Wno-unused-parameter -Wno-unused-variable -Wunused-value -Wno-empty-body -Wno-uninitialized -Wno-unknown-pragmas -w -Wno-shadow -Wno-four-char-constants -Wno-conversion -Wno-constant-conversion -Wno-int-conversion -Wno-bool-conversion -Wno-enum-conversion -Wno-float-conversion -Wno-non-literal-null-conversion -Wno-objc-literal-conversion -Wshorten-64-to-32 -Wno-newline-eof -Wno-c++11-extensions -Wno-implicit-fallthrough -isysroot /Applications/Xcode_26.6.app/Contents/Developer/Platforms/iPhoneOS.platform/Developer/SDKs/iPhoneOS26.5.sdk -fstrict-aliasing -Wdeprecated-declarations -Winvalid-offsetof -Wno-sign-conversion -Wno-infinite-recursion -Wno-move -Wno-comma -Wno-block-capture-autoreleasing -Wno-strict-prototypes -Wno-range-loop-analysis -Wno-semicolon-before-method-body -w @/Users/runner/work/red-pen-ios/red-pen-ios/ios/build/Build/Intermediates.noindex/LocalLLMClient.build/Release-iphoneos/LocalLLMClientLlamaC.build/Objects-normal/arm64/82b82416624d2658e5098eb0a28c15c5-common-args.resp -MMD -MT dependencies -MF /Users/runner/work/red-pen-ios/red-pen-ios/ios/build/Build/Intermediates.noindex/LocalLLMClient.build/Release-iphoneos/LocalLLMClientLlamaC.build/Objects-normal/arm64/mtmd-image.d --serialize-diagnostics /Users/runner/work/red-pen-ios/red-pen-ios/ios/build/Build/Intermediates.noindex/LocalLLMClient.build/Release-iphoneos/LocalLLMClientLlamaC.build/Objects-normal/arm64/mtmd-image.dia -c /Users/runner/work/red-pen-ios/red-pen-ios/ios/build/SourcePackages/checkouts/LocalLLMClient/Sources/LocalLLMClientLlamaC/mtmd-image.cpp -o /Users/runner/work/red-pen-ios/red-pen-ios/ios/build/Build/Intermediates.noindex/LocalLLMClient.build/Release-iphoneos/LocalLLMClientLlamaC.build/Objects-normal/arm64/mtmd-image.o

CompileC /Users/runner/work/red-pen-ios/red-pen-ios/ios/build/Build/Intermediates.noindex/LocalLLMClient.build/Release-iphoneos/LocalLLMClientLlamaC.build/Objects-normal/arm64/mtmd-helper.o /Users/runner/work/red-pen-ios/red-pen-ios/ios/build/SourcePackages/checkouts/LocalLLMClient/Sources/LocalLLMClientLlamaC/mtmd-helper.cpp normal arm64 c++ com.apple.compilers.llvm.clang.1_0.compiler (in target 'LocalLLMClientLlamaC' from project 'LocalLLMClient')
    cd /Users/runner/work/red-pen-ios/red-pen-ios/ios/RedPen.xcodeproj
    
    Using response file: /Users/runner/work/red-pen-ios/red-pen-ios/ios/build/Build/Intermediates.noindex/LocalLLMClient.build/Release-iphoneos/LocalLLMClientLlamaC.build/Objects-normal/arm64/82b82416624d2658e5098eb0a28c15c5-common-args.resp
    
    /Applications/Xcode_26.6.app/Contents/Developer/Toolchains/XcodeDefault.xctoolchain/usr/bin/clang -x c++ -ivfsstatcache /Users/runner/work/red-pen-ios/red-pen-ios/ios/build/SDKStatCaches.noindex/iphoneos26.5-23F81a-688ef53f1462e2c8f657fdc38a81448fee66e23052a0157c865c76b268046726.sdkstatcache -target arm64-apple-ios17.0 -fmessage-length\=0 -fdiagnostics-show-note-include-stack -fmacro-backtrace-limit\=0 -fno-color-diagnostics -fmodules-prune-interval\=86400 -fmodules-prune-after\=345600 -fbuild-session-file\=/Users/runner/work/red-pen-ios/red-pen-ios/ios/build/ModuleCache.noindex/Session.modulevalidation -fmodules-validate-once-per-build-session -Wnon-modular-include-in-framework-module -Werror\=non-modular-include-in-framework-module -Wno-trigraphs -Wno-missing-field-initializers -Wno-missing-prototypes -Wno-return-type -Wno-non-virtual-dtor -Wno-overloaded-virtual -Wno-exit-time-destructors -Wno-missing-braces -Wparentheses -Wswitch -Wno-unused-function -Wno-unused-label -Wno-unused-parameter -Wno-unused-variable -Wunused-value -Wno-empty-body -Wno-uninitialized -Wno-unknown-pragmas -w -Wno-shadow -Wno-four-char-constants -Wno-conversion -Wno-constant-conversion -Wno-int-conversion -Wno-bool-conversion -Wno-enum-conversion -Wno-float-conversion -Wno-non-literal-null-conversion -Wno-objc-literal-conversion -Wshorten-64-to-32 -Wno-newline-eof -Wno-c++11-extensions -Wno-implicit-fallthrough -isysroot /Applications/Xcode_26.6.app/Contents/Developer/Platforms/iPhoneOS.platform/Developer/SDKs/iPhoneOS26.5.sdk -fstrict-aliasing -Wdeprecated-declarations -Winvalid-offsetof -Wno-sign-conversion -Wno-infinite-recursion -Wno-move -Wno-comma -Wno-block-capture-autoreleasing -Wno-strict-prototypes -Wno-range-loop-analysis -Wno-semicolon-before-method-body -w @/Users/runner/work/red-pen-ios/red-pen-ios/ios/build/Build/Intermediates.noindex/LocalLLMClient.build/Release-iphoneos/LocalLLMClientLlamaC.build/Objects-normal/arm64/82b82416624d2658e5098eb0a28c15c5-common-args.resp -MMD -MT dependencies -MF /Users/runner/work/red-pen-ios/red-pen-ios/ios/build/Build/Intermediates.noindex/LocalLLMClient.build/Release-iphoneos/LocalLLMClientLlamaC.build/Objects-normal/arm64/mtmd-helper.d --serialize-diagnostics /Users/runner/work/red-pen-ios/red-pen-ios/ios/build/Build/Intermediates.noindex/LocalLLMClient.build/Release-iphoneos/LocalLLMClientLlamaC.build/Objects-normal/arm64/mtmd-helper.dia -c /Users/runner/work/red-pen-ios/red-pen-ios/ios/build/SourcePackages/checkouts/LocalLLMClient/Sources/LocalLLMClientLlamaC/mtmd-helper.cpp -o /Users/runner/work/red-pen-ios/red-pen-ios/ios/build/Build/Intermediates.noindex/LocalLLMClient.build/Release-iphoneos/LocalLLMClientLlamaC.build/Objects-normal/arm64/mtmd-helper.o

CompileC /Users/runner/work/red-pen-ios/red-pen-ios/ios/build/Build/Intermediates.noindex/LocalLLMClient.build/Release-iphoneos/LocalLLMClientLlamaC.build/Objects-normal/arm64/mtmd-audio.o /Users/runner/work/red-pen-ios/red-pen-ios/ios/build/SourcePackages/checkouts/LocalLLMClient/Sources/LocalLLMClientLlamaC/mtmd-audio.cpp normal arm64 c++ com.apple.compilers.llvm.clang.1_0.compiler (in target 'LocalLLMClientLlamaC' from project 'LocalLLMClient')
    cd /Users/runner/work/red-pen-ios/red-pen-ios/ios/RedPen.xcodeproj
    
    Using response file: /Users/runner/work/red-pen-ios/red-pen-ios/ios/build/Build/Intermediates.noindex/LocalLLMClient.build/Release-iphoneos/LocalLLMClientLlamaC.build/Objects-normal/arm64/82b82416624d2658e5098eb0a28c15c5-common-args.resp
    
    /Applications/Xcode_26.6.app/Contents/Developer/Toolchains/XcodeDefault.xctoolchain/usr/bin/clang -x c++ -ivfsstatcache /Users/runner/work/red-pen-ios/red-pen-ios/ios/build/SDKStatCaches.noindex/iphoneos26.5-23F81a-688ef53f1462e2c8f657fdc38a81448fee66e23052a0157c865c76b268046726.sdkstatcache -target arm64-apple-ios17.0 -fmessage-length\=0 -fdiagnostics-show-note-include-stack -fmacro-backtrace-limit\=0 -fno-color-diagnostics -fmodules-prune-interval\=86400 -fmodules-prune-after\=345600 -fbuild-session-file\=/Users/runner/work/red-pen-ios/red-pen-ios/ios/build/ModuleCache.noindex/Session.modulevalidation -fmodules-validate-once-per-build-session -Wnon-modular-include-in-framework-module -Werror\=non-modular-include-in-framework-module -Wno-trigraphs -Wno-missing-field-initializers -Wno-missing-prototypes -Wno-return-type -Wno-non-virtual-dtor -Wno-overloaded-virtual -Wno-exit-time-destructors -Wno-missing-braces -Wparentheses -Wswitch -Wno-unused-function -Wno-unused-label -Wno-unused-parameter -Wno-unused-variable -Wunused-value -Wno-empty-body -Wno-uninitialized -Wno-unknown-pragmas -w -Wno-shadow -Wno-four-char-constants -Wno-conversion -Wno-constant-conversion -Wno-int-conversion -Wno-bool-conversion -Wno-enum-conversion -Wno-float-conversion -Wno-non-literal-null-conversion -Wno-objc-literal-conversion -Wshorten-64-to-32 -Wno-newline-eof -Wno-c++11-extensions -Wno-implicit-fallthrough -isysroot /Applications/Xcode_26.6.app/Contents/Developer/Platforms/iPhoneOS.platform/Developer/SDKs/iPhoneOS26.5.sdk -fstrict-aliasing -Wdeprecated-declarations -Winvalid-offsetof -Wno-sign-conversion -Wno-infinite-recursion -Wno-move -Wno-comma -Wno-block-capture-autoreleasing -Wno-strict-prototypes -Wno-range-loop-analysis -Wno-semicolon-before-method-body -w @/Users/runner/work/red-pen-ios/red-pen-ios/ios/build/Build/Intermediates.noindex/LocalLLMClient.build/Release-iphoneos/LocalLLMClientLlamaC.build/Objects-normal/arm64/82b82416624d2658e5098eb0a28c15c5-common-args.resp -MMD -MT dependencies -MF /Users/runner/work/red-pen-ios/red-pen-ios/ios/build/Build/Intermediates.noindex/LocalLLMClient.build/Release-iphoneos/LocalLLMClientLlamaC.build/Objects-normal/arm64/mtmd-audio.d --serialize-diagnostics /Users/runner/work/red-pen-ios/red-pen-ios/ios/build/Build/Intermediates.noindex/LocalLLMClient.build/Release-iphoneos/LocalLLMClientLlamaC.build/Objects-normal/arm64/mtmd-audio.dia -c /Users/runner/work/red-pen-ios/red-pen-ios/ios/build/SourcePackages/checkouts/LocalLLMClient/Sources/LocalLLMClientLlamaC/mtmd-audio.cpp -o /Users/runner/work/red-pen-ios/red-pen-ios/ios/build/Build/Intermediates.noindex/LocalLLMClient.build/Release-iphoneos/LocalLLMClientLlamaC.build/Objects-normal/arm64/mtmd-audio.o

CompileC /Users/runner/work/red-pen-ios/red-pen-ios/ios/build/Build/Intermediates.noindex/LocalLLMClient.build/Release-iphoneos/LocalLLMClientLlamaC.build/Objects-normal/arm64/mobilenetv5.o /Users/runner/work/red-pen-ios/red-pen-ios/ios/build/SourcePackages/checkouts/LocalLLMClient/Sources/LocalLLMClientLlamaC/models/mobilenetv5.cpp normal arm64 c++ com.apple.compilers.llvm.clang.1_0.compiler (in target 'LocalLLMClientLlamaC' from project 'LocalLLMClient')
    cd /Users/runner/work/red-pen-ios/red-pen-ios/ios/RedPen.xcodeproj
    
    Using response file: /Users/runner/work/red-pen-ios/red-pen-ios/ios/build/Build/Intermediates.noindex/LocalLLMClient.build/Release-iphoneos/LocalLLMClientLlamaC.build/Objects-normal/arm64/82b82416624d2658e5098eb0a28c15c5-common-args.resp
    
    /Applications/Xcode_26.6.app/Contents/Developer/Toolchains/XcodeDefault.xctoolchain/usr/bin/clang -x c++ -ivfsstatcache /Users/runner/work/red-pen-ios/red-pen-ios/ios/build/SDKStatCaches.noindex/iphoneos26.5-23F81a-688ef53f1462e2c8f657fdc38a81448fee66e23052a0157c865c76b268046726.sdkstatcache -target arm64-apple-ios17.0 -fmessage-length\=0 -fdiagnostics-show-note-include-stack -fmacro-backtrace-limit\=0 -fno-color-diagnostics -fmodules-prune-interval\=86400 -fmodules-prune-after\=345600 -fbuild-session-file\=/Users/runner/work/red-pen-ios/red-pen-ios/ios/build/ModuleCache.noindex/Session.modulevalidation -fmodules-validate-once-per-build-session -Wnon-modular-include-in-framework-module -Werror\=non-modular-include-in-framework-module -Wno-trigraphs -Wno-missing-field-initializers -Wno-missing-prototypes -Wno-return-type -Wno-non-virtual-dtor -Wno-overloaded-virtual -Wno-exit-time-destructors -Wno-missing-braces -Wparentheses -Wswitch -Wno-unused-function -Wno-unused-label -Wno-unused-parameter -Wno-unused-variable -Wunused-value -Wno-empty-body -Wno-uninitialized -Wno-unknown-pragmas -w -Wno-shadow -Wno-four-char-constants -Wno-conversion -Wno-constant-conversion -Wno-int-conversion -Wno-bool-conversion -Wno-enum-conversion -Wno-float-conversion -Wno-non-literal-null-conversion -Wno-objc-literal-conversion -Wshorten-64-to-32 -Wno-newline-eof -Wno-c++11-extensions -Wno-implicit-fallthrough -isysroot /Applications/Xcode_26.6.app/Contents/Developer/Platforms/iPhoneOS.platform/Developer/SDKs/iPhoneOS26.5.sdk -fstrict-aliasing -Wdeprecated-declarations -Winvalid-offsetof -Wno-sign-conversion -Wno-infinite-recursion -Wno-move -Wno-comma -Wno-block-capture-autoreleasing -Wno-strict-prototypes -Wno-range-loop-analysis -Wno-semicolon-before-method-body -w @/Users/runner/work/red-pen-ios/red-pen-ios/ios/build/Build/Intermediates.noindex/LocalLLMClient.build/Release-iphoneos/LocalLLMClientLlamaC.build/Objects-normal/arm64/82b82416624d2658e5098eb0a28c15c5-common-args.resp -MMD -MT dependencies -MF /Users/runner/work/red-pen-ios/red-pen-ios/ios/build/Build/Intermediates.noindex/LocalLLMClient.build/Release-iphoneos/LocalLLMClientLlamaC.build/Objects-normal/arm64/mobilenetv5.d --serialize-diagnostics /Users/runner/work/red-pen-ios/red-pen-ios/ios/build/Build/Intermediates.noindex/LocalLLMClient.build/Release-iphoneos/LocalLLMClientLlamaC.build/Objects-normal/arm64/mobilenetv5.dia -c /Users/runner/work/red-pen-ios/red-pen-ios/ios/build/SourcePackages/checkouts/LocalLLMClient/Sources/LocalLLMClientLlamaC/models/mobilenetv5.cpp -o /Users/runner/work/red-pen-ios/red-pen-ios/ios/build/Build/Intermediates.noindex/LocalLLMClient.build/Release-iphoneos/LocalLLMClientLlamaC.build/Objects-normal/arm64/mobilenetv5.o

CompileC /Users/runner/work/red-pen-ios/red-pen-ios/ios/build/Build/Intermediates.noindex/LocalLLMClient.build/Release-iphoneos/LocalLLMClientLlamaC.build/Objects-normal/arm64/minicpmv.o /Users/runner/work/red-pen-ios/red-pen-ios/ios/build/SourcePackages/checkouts/LocalLLMClient/Sources/LocalLLMClientLlamaC/models/minicpmv.cpp normal arm64 c++ com.apple.compilers.llvm.clang.1_0.compiler (in target 'LocalLLMClientLlamaC' from project 'LocalLLMClient')
    cd /Users/runner/work/red-pen-ios/red-pen-ios/ios/RedPen.xcodeproj
    
    Using response file: /Users/runner/work/red-pen-ios/red-pen-ios/ios/build/Build/Intermediates.noindex/LocalLLMClient.build/Release-iphoneos/LocalLLMClientLlamaC.build/Objects-normal/arm64/82b82416624d2658e5098eb0a28c15c5-common-args.resp
    
    /Applications/Xcode_26.6.app/Contents/Developer/Toolchains/XcodeDefault.xctoolchain/usr/bin/clang -x c++ -ivfsstatcache /Users/runner/work/red-pen-ios/red-pen-ios/ios/build/SDKStatCaches.noindex/iphoneos26.5-23F81a-688ef53f1462e2c8f657fdc38a81448fee66e23052a0157c865c76b268046726.sdkstatcache -target arm64-apple-ios17.0 -fmessage-length\=0 -fdiagnostics-show-note-include-stack -fmacro-backtrace-limit\=0 -fno-color-diagnostics -fmodules-prune-interval\=86400 -fmodules-prune-after\=345600 -fbuild-session-file\=/Users/runner/work/red-pen-ios/red-pen-ios/ios/build/ModuleCache.noindex/Session.modulevalidation -fmodules-validate-once-per-build-session -Wnon-modular-include-in-framework-module -Werror\=non-modular-include-in-framework-module -Wno-trigraphs -Wno-missing-field-initializers -Wno-missing-prototypes -Wno-return-type -Wno-non-virtual-dtor -Wno-overloaded-virtual -Wno-exit-time-destructors -Wno-missing-braces -Wparentheses -Wswitch -Wno-unused-function -Wno-unused-label -Wno-unused-parameter -Wno-unused-variable -Wunused-value -Wno-empty-body -Wno-uninitialized -Wno-unknown-pragmas -w -Wno-shadow -Wno-four-char-constants -Wno-conversion -Wno-constant-conversion -Wno-int-conversion -Wno-bool-conversion -Wno-enum-conversion -Wno-float-conversion -Wno-non-literal-null-conversion -Wno-objc-literal-conversion -Wshorten-64-to-32 -Wno-newline-eof -Wno-c++11-extensions -Wno-implicit-fallthrough -isysroot /Applications/Xcode_26.6.app/Contents/Developer/Platforms/iPhoneOS.platform/Developer/SDKs/iPhoneOS26.5.sdk -fstrict-aliasing -Wdeprecated-declarations -Winvalid-offsetof -Wno-sign-conversion -Wno-infinite-recursion -Wno-move -Wno-comma -Wno-block-capture-autoreleasing -Wno-strict-prototypes -Wno-range-loop-analysis -Wno-semicolon-before-method-body -w @/Users/runner/work/red-pen-ios/red-pen-ios/ios/build/Build/Intermediates.noindex/LocalLLMClient.build/Release-iphoneos/LocalLLMClientLlamaC.build/Objects-normal/arm64/82b82416624d2658e5098eb0a28c15c5-common-args.resp -MMD -MT dependencies -MF /Users/runner/work/red-pen-ios/red-pen-ios/ios/build/Build/Intermediates.noindex/LocalLLMClient.build/Release-iphoneos/LocalLLMClientLlamaC.build/Objects-normal/arm64/minicpmv.d --serialize-diagnostics /Users/runner/work/red-pen-ios/red-pen-ios/ios/build/Build/Intermediates.noindex/LocalLLMClient.build/Release-iphoneos/LocalLLMClientLlamaC.build/Objects-normal/arm64/minicpmv.dia -c /Users/runner/work/red-pen-ios/red-pen-ios/ios/build/SourcePackages/checkouts/LocalLLMClient/Sources/LocalLLMClientLlamaC/models/minicpmv.cpp -o /Users/runner/work/red-pen-ios/red-pen-ios/ios/build/Build/Intermediates.noindex/LocalLLMClient.build/Release-iphoneos/LocalLLMClientLlamaC.build/Objects-normal/arm64/minicpmv.o

CompileC /Users/runner/work/red-pen-ios/red-pen-ios/ios/build/Build/Intermediates.noindex/LocalLLMClient.build/Release-iphoneos/LocalLLMClientLlamaC.build/Objects-normal/arm64/log.o /Users/runner/work/red-pen-ios/red-pen-ios/ios/build/SourcePackages/checkouts/LocalLLMClient/Sources/LocalLLMClientLlamaC/common/log.cpp normal arm64 c++ com.apple.compilers.llvm.clang.1_0.compiler (in target 'LocalLLMClientLlamaC' from project 'LocalLLMClient')
    cd /Users/runner/work/red-pen-ios/red-pen-ios/ios/RedPen.xcodeproj
    
    Using response file: /Users/runner/work/red-pen-ios/red-pen-ios/ios/build/Build/Intermediates.noindex/LocalLLMClient.build/Release-iphoneos/LocalLLMClientLlamaC.build/Objects-normal/arm64/82b82416624d2658e5098eb0a28c15c5-common-args.resp
    
    /Applications/Xcode_26.6.app/Contents/Developer/Toolchains/XcodeDefault.xctoolchain/usr/bin/clang -x c++ -ivfsstatcache /Users/runner/work/red-pen-ios/red-pen-ios/ios/build/SDKStatCaches.noindex/iphoneos26.5-23F81a-688ef53f1462e2c8f657fdc38a81448fee66e23052a0157c865c76b268046726.sdkstatcache -target arm64-apple-ios17.0 -fmessage-length\=0 -fdiagnostics-show-note-include-stack -fmacro-backtrace-limit\=0 -fno-color-diagnostics -fmodules-prune-interval\=86400 -fmodules-prune-after\=345600 -fbuild-session-file\=/Users/runner/work/red-pen-ios/red-pen-ios/ios/build/ModuleCache.noindex/Session.modulevalidation -fmodules-validate-once-per-build-session -Wnon-modular-include-in-framework-module -Werror\=non-modular-include-in-framework-module -Wno-trigraphs -Wno-missing-field-initializers -Wno-missing-prototypes -Wno-return-type -Wno-non-virtual-dtor -Wno-overloaded-virtual -Wno-exit-time-destructors -Wno-missing-braces -Wparentheses -Wswitch -Wno-unused-function -Wno-unused-label -Wno-unused-parameter -Wno-unused-variable -Wunused-value -Wno-empty-body -Wno-uninitialized -Wno-unknown-pragmas -w -Wno-shadow -Wno-four-char-constants -Wno-conversion -Wno-constant-conversion -Wno-int-conversion -Wno-bool-conversion -Wno-enum-conversion -Wno-float-conversion -Wno-non-literal-null-conversion -Wno-objc-literal-conversion -Wshorten-64-to-32 -Wno-newline-eof -Wno-c++11-extensions -Wno-implicit-fallthrough -isysroot /Applications/Xcode_26.6.app/Contents/Developer/Platforms/iPhoneOS.platform/Developer/SDKs/iPhoneOS26.5.sdk -fstrict-aliasing -Wdeprecated-declarations -Winvalid-offsetof -Wno-sign-conversion -Wno-infinite-recursion -Wno-move -Wno-comma -Wno-block-capture-autoreleasing -Wno-strict-prototypes -Wno-range-loop-analysis -Wno-semicolon-before-method-body -w @/Users/runner/work/red-pen-ios/red-pen-ios/ios/build/Build/Intermediates.noindex/LocalLLMClient.build/Release-iphoneos/LocalLLMClientLlamaC.build/Objects-normal/arm64/82b82416624d2658e5098eb0a28c15c5-common-args.resp -MMD -MT dependencies -MF /Users/runner/work/red-pen-ios/red-pen-ios/ios/build/Build/Intermediates.noindex/LocalLLMClient.build/Release-iphoneos/LocalLLMClientLlamaC.build/Objects-normal/arm64/log.d --serialize-diagnostics /Users/runner/work/red-pen-ios/red-pen-ios/ios/build/Build/Intermediates.noindex/LocalLLMClient.build/Release-iphoneos/LocalLLMClientLlamaC.build/Objects-normal/arm64/log.dia -c /Users/runner/work/red-pen-ios/red-pen-ios/ios/build/SourcePackages/checkouts/LocalLLMClient/Sources/LocalLLMClientLlamaC/common/log.cpp -o /Users/runner/work/red-pen-ios/red-pen-ios/ios/build/Build/Intermediates.noindex/LocalLLMClient.build/Release-iphoneos/LocalLLMClientLlamaC.build/Objects-normal/arm64/log.o

CompileC /Users/runner/work/red-pen-ios/red-pen-ios/ios/build/Build/Intermediates.noindex/LocalLLMClient.build/Release-iphoneos/LocalLLMClientLlamaC.build/Objects-normal/arm64/llava.o /Users/runner/work/red-pen-ios/red-pen-ios/ios/build/SourcePackages/checkouts/LocalLLMClient/Sources/LocalLLMClientLlamaC/models/llava.cpp normal arm64 c++ com.apple.compilers.llvm.clang.1_0.compiler (in target 'LocalLLMClientLlamaC' from project 'LocalLLMClient')
    cd /Users/runner/work/red-pen-ios/red-pen-ios/ios/RedPen.xcodeproj
    
    Using response file: /Users/runner/work/red-pen-ios/red-pen-ios/ios/build/Build/Intermediates.noindex/LocalLLMClient.build/Release-iphoneos/LocalLLMClientLlamaC.build/Objects-normal/arm64/82b82416624d2658e5098eb0a28c15c5-common-args.resp
    
    /Applications/Xcode_26.6.app/Contents/Developer/Toolchains/XcodeDefault.xctoolchain/usr/bin/clang -x c++ -ivfsstatcache /Users/runner/work/red-pen-ios/red-pen-ios/ios/build/SDKStatCaches.noindex/iphoneos26.5-23F81a-688ef53f1462e2c8f657fdc38a81448fee66e23052a0157c865c76b268046726.sdkstatcache -target arm64-apple-ios17.0 -fmessage-length\=0 -fdiagnostics-show-note-include-stack -fmacro-backtrace-limit\=0 -fno-color-diagnostics -fmodules-prune-interval\=86400 -fmodules-prune-after\=345600 -fbuild-session-file\=/Users/runner/work/red-pen-ios/red-pen-ios/ios/build/ModuleCache.noindex/Session.modulevalidation -fmodules-validate-once-per-build-session -Wnon-modular-include-in-framework-module -Werror\=non-modular-include-in-framework-module -Wno-trigraphs -Wno-missing-field-initializers -Wno-missing-prototypes -Wno-return-type -Wno-non-virtual-dtor -Wno-overloaded-virtual -Wno-exit-time-destructors -Wno-missing-braces -Wparentheses -Wswitch -Wno-unused-function -Wno-unused-label -Wno-unused-parameter -Wno-unused-variable -Wunused-value -Wno-empty-body -Wno-uninitialized -Wno-unknown-pragmas -w -Wno-shadow -Wno-four-char-constants -Wno-conversion -Wno-constant-conversion -Wno-int-conversion -Wno-bool-conversion -Wno-enum-conversion -Wno-float-conversion -Wno-non-literal-null-conversion -Wno-objc-literal-conversion -Wshorten-64-to-32 -Wno-newline-eof -Wno-c++11-extensions -Wno-implicit-fallthrough -isysroot /Applications/Xcode_26.6.app/Contents/Developer/Platforms/iPhoneOS.platform/Developer/SDKs/iPhoneOS26.5.sdk -fstrict-aliasing -Wdeprecated-declarations -Winvalid-offsetof -Wno-sign-conversion -Wno-infinite-recursion -Wno-move -Wno-comma -Wno-block-capture-autoreleasing -Wno-strict-prototypes -Wno-range-loop-analysis -Wno-semicolon-before-method-body -w @/Users/runner/work/red-pen-ios/red-pen-ios/ios/build/Build/Intermediates.noindex/LocalLLMClient.build/Release-iphoneos/LocalLLMClientLlamaC.build/Objects-normal/arm64/82b82416624d2658e5098eb0a28c15c5-common-args.resp -MMD -MT dependencies -MF /Users/runner/work/red-pen-ios/red-pen-ios/ios/build/Build/Intermediates.noindex/LocalLLMClient.build/Release-iphoneos/LocalLLMClientLlamaC.build/Objects-normal/arm64/llava.d --serialize-diagnostics /Users/runner/work/red-pen-ios/red-pen-ios/ios/build/Build/Intermediates.noindex/LocalLLMClient.build/Release-iphoneos/LocalLLMClientLlamaC.build/Objects-normal/arm64/llava.dia -c /Users/runner/work/red-pen-ios/red-pen-ios/ios/build/SourcePackages/checkouts/LocalLLMClient/Sources/LocalLLMClientLlamaC/models/llava.cpp -o /Users/runner/work/red-pen-ios/red-pen-ios/ios/build/Build/Intermediates.noindex/LocalLLMClient.build/Release-iphoneos/LocalLLMClientLlamaC.build/Objects-normal/arm64/llava.o

CompileC /Users/runner/work/red-pen-ios/red-pen-ios/ios/build/Build/Intermediates.noindex/LocalLLMClient.build/Release-iphoneos/LocalLLMClientLlamaC.build/Objects-normal/arm64/llama4.o /Users/runner/work/red-pen-ios/red-pen-ios/ios/build/SourcePackages/checkouts/LocalLLMClient/Sources/LocalLLMClientLlamaC/models/llama4.cpp normal arm64 c++ com.apple.compilers.llvm.clang.1_0.compiler (in target 'LocalLLMClientLlamaC' from project 'LocalLLMClient')
    cd /Users/runner/work/red-pen-ios/red-pen-ios/ios/RedPen.xcodeproj
    
    Using response file: /Users/runner/work/red-pen-ios/red-pen-ios/ios/build/Build/Intermediates.noindex/LocalLLMClient.build/Release-iphoneos/LocalLLMClientLlamaC.build/Objects-normal/arm64/82b82416624d2658e5098eb0a28c15c5-common-args.resp
    
    /Applications/Xcode_26.6.app/Contents/Developer/Toolchains/XcodeDefault.xctoolchain/usr/bin/clang -x c++ -ivfsstatcache /Users/runner/work/red-pen-ios/red-pen-ios/ios/build/SDKStatCaches.noindex/iphoneos26.5-23F81a-688ef53f1462e2c8f657fdc38a81448fee66e23052a0157c865c76b268046726.sdkstatcache -target arm64-apple-ios17.0 -fmessage-length\=0 -fdiagnostics-show-note-include-stack -fmacro-backtrace-limit\=0 -fno-color-diagnostics -fmodules-prune-interval\=86400 -fmodules-prune-after\=345600 -fbuild-session-file\=/Users/runner/work/red-pen-ios/red-pen-ios/ios/build/ModuleCache.noindex/Session.modulevalidation -fmodules-validate-once-per-build-session -Wnon-modular-include-in-framework-module -Werror\=non-modular-include-in-framework-module -Wno-trigraphs -Wno-missing-field-initializers -Wno-missing-prototypes -Wno-return-type -Wno-non-virtual-dtor -Wno-overloaded-virtual -Wno-exit-time-destructors -Wno-missing-braces -Wparentheses -Wswitch -Wno-unused-function -Wno-unused-label -Wno-unused-parameter -Wno-unused-variable -Wunused-value -Wno-empty-body -Wno-uninitialized -Wno-unknown-pragmas -w -Wno-shadow -Wno-four-char-constants -Wno-conversion -Wno-constant-conversion -Wno-int-conversion -Wno-bool-conversion -Wno-enum-conversion -Wno-float-conversion -Wno-non-literal-null-conversion -Wno-objc-literal-conversion -Wshorten-64-to-32 -Wno-newline-eof -Wno-c++11-extensions -Wno-implicit-fallthrough -isysroot /Applications/Xcode_26.6.app/Contents/Developer/Platforms/iPhoneOS.platform/Developer/SDKs/iPhoneOS26.5.sdk -fstrict-aliasing -Wdeprecated-declarations -Winvalid-offsetof -Wno-sign-conversion -Wno-infinite-recursion -Wno-move -Wno-comma -Wno-block-capture-autoreleasing -Wno-strict-prototypes -Wno-range-loop-analysis -Wno-semicolon-before-method-body -w @/Users/runner/work/red-pen-ios/red-pen-ios/ios/build/Build/Intermediates.noindex/LocalLLMClient.build/Release-iphoneos/LocalLLMClientLlamaC.build/Objects-normal/arm64/82b82416624d2658e5098eb0a28c15c5-common-args.resp -MMD -MT dependencies -MF /Users/runner/work/red-pen-ios/red-pen-ios/ios/build/Build/Intermediates.noindex/LocalLLMClient.build/Release-iphoneos/LocalLLMClientLlamaC.build/Objects-normal/arm64/llama4.d --serialize-diagnostics /Users/runner/work/red-pen-ios/red-pen-ios/ios/build/Build/Intermediates.noindex/LocalLLMClient.build/Release-iphoneos/LocalLLMClientLlamaC.build/Objects-normal/arm64/llama4.dia -c /Users/runner/work/red-pen-ios/red-pen-ios/ios/build/SourcePackages/checkouts/LocalLLMClient/Sources/LocalLLMClientLlamaC/models/llama4.cpp -o /Users/runner/work/red-pen-ios/red-pen-ios/ios/build/Build/Intermediates.noindex/LocalLLMClient.build/Release-iphoneos/LocalLLMClientLlamaC.build/Objects-normal/arm64/llama4.o

CompileC /Users/runner/work/red-pen-ios/red-pen-ios/ios/build/Build/Intermediates.noindex/LocalLLMClient.build/Release-iphoneos/LocalLLMClientLlamaC.build/Objects-normal/arm64/lexer.o /Users/runner/work/red-pen-ios/red-pen-ios/ios/build/SourcePackages/checkouts/LocalLLMClient/Sources/LocalLLMClientLlamaC/include/jinja/lexer.cpp normal arm64 c++ com.apple.compilers.llvm.clang.1_0.compiler (in target 'LocalLLMClientLlamaC' from project 'LocalLLMClient')
    cd /Users/runner/work/red-pen-ios/red-pen-ios/ios/RedPen.xcodeproj
    
    Using response file: /Users/runner/work/red-pen-ios/red-pen-ios/ios/build/Build/Intermediates.noindex/LocalLLMClient.build/Release-iphoneos/LocalLLMClientLlamaC.build/Objects-normal/arm64/82b82416624d2658e5098eb0a28c15c5-common-args.resp
    
    /Applications/Xcode_26.6.app/Contents/Developer/Toolchains/XcodeDefault.xctoolchain/usr/bin/clang -x c++ -ivfsstatcache /Users/runner/work/red-pen-ios/red-pen-ios/ios/build/SDKStatCaches.noindex/iphoneos26.5-23F81a-688ef53f1462e2c8f657fdc38a81448fee66e23052a0157c865c76b268046726.sdkstatcache -target arm64-apple-ios17.0 -fmessage-length\=0 -fdiagnostics-show-note-include-stack -fmacro-backtrace-limit\=0 -fno-color-diagnostics -fmodules-prune-interval\=86400 -fmodules-prune-after\=345600 -fbuild-session-file\=/Users/runner/work/red-pen-ios/red-pen-ios/ios/build/ModuleCache.noindex/Session.modulevalidation -fmodules-validate-once-per-build-session -Wnon-modular-include-in-framework-module -Werror\=non-modular-include-in-framework-module -Wno-trigraphs -Wno-missing-field-initializers -Wno-missing-prototypes -Wno-return-type -Wno-non-virtual-dtor -Wno-overloaded-virtual -Wno-exit-time-destructors -Wno-missing-braces -Wparentheses -Wswitch -Wno-unused-function -Wno-unused-label -Wno-unused-parameter -Wno-unused-variable -Wunused-value -Wno-empty-body -Wno-uninitialized -Wno-unknown-pragmas -w -Wno-shadow -Wno-four-char-constants -Wno-conversion -Wno-constant-conversion -Wno-int-conversion -Wno-bool-conversion -Wno-enum-conversion -Wno-float-conversion -Wno-non-literal-null-conversion -Wno-objc-literal-conversion -Wshorten-64-to-32 -Wno-newline-eof -Wno-c++11-extensions -Wno-implicit-fallthrough -isysroot /Applications/Xcode_26.6.app/Contents/Developer/Platforms/iPhoneOS.platform/Developer/SDKs/iPhoneOS26.5.sdk -fstrict-aliasing -Wdeprecated-declarations -Winvalid-offsetof -Wno-sign-conversion -Wno-infinite-recursion -Wno-move -Wno-comma -Wno-block-capture-autoreleasing -Wno-strict-prototypes -Wno-range-loop-analysis -Wno-semicolon-before-method-body -w @/Users/runner/work/red-pen-ios/red-pen-ios/ios/build/Build/Intermediates.noindex/LocalLLMClient.build/Release-iphoneos/LocalLLMClientLlamaC.build/Objects-normal/arm64/82b82416624d2658e5098eb0a28c15c5-common-args.resp -MMD -MT dependencies -MF /Users/runner/work/red-pen-ios/red-pen-ios/ios/build/Build/Intermediates.noindex/LocalLLMClient.build/Release-iphoneos/LocalLLMClientLlamaC.build/Objects-normal/arm64/lexer.d --serialize-diagnostics /Users/runner/work/red-pen-ios/red-pen-ios/ios/build/Build/Intermediates.noindex/LocalLLMClient.build/Release-iphoneos/LocalLLMClientLlamaC.build/Objects-normal/arm64/lexer.dia -c /Users/runner/work/red-pen-ios/red-pen-ios/ios/build/SourcePackages/checkouts/LocalLLMClient/Sources/LocalLLMClientLlamaC/include/jinja/lexer.cpp -o /Users/runner/work/red-pen-ios/red-pen-ios/ios/build/Build/Intermediates.noindex/LocalLLMClient.build/Release-iphoneos/LocalLLMClientLlamaC.build/Objects-normal/arm64/lexer.o

CompileC /Users/runner/work/red-pen-ios/red-pen-ios/ios/build/Build/Intermediates.noindex/LocalLLMClient.build/Release-iphoneos/LocalLLMClientLlamaC.build/Objects-normal/arm64/kimivl.o /Users/runner/work/red-pen-ios/red-pen-ios/ios/build/SourcePackages/checkouts/LocalLLMClient/Sources/LocalLLMClientLlamaC/models/kimivl.cpp normal arm64 c++ com.apple.compilers.llvm.clang.1_0.compiler (in target 'LocalLLMClientLlamaC' from project 'LocalLLMClient')
    cd /Users/runner/work/red-pen-ios/red-pen-ios/ios/RedPen.xcodeproj
    
    Using response file: /Users/runner/work/red-pen-ios/red-pen-ios/ios/build/Build/Intermediates.noindex/LocalLLMClient.build/Release-iphoneos/LocalLLMClientLlamaC.build/Objects-normal/arm64/82b82416624d2658e5098eb0a28c15c5-common-args.resp
    
    /Applications/Xcode_26.6.app/Contents/Developer/Toolchains/XcodeDefault.xctoolchain/usr/bin/clang -x c++ -ivfsstatcache /Users/runner/work/red-pen-ios/red-pen-ios/ios/build/SDKStatCaches.noindex/iphoneos26.5-23F81a-688ef53f1462e2c8f657fdc38a81448fee66e23052a0157c865c76b268046726.sdkstatcache -target arm64-apple-ios17.0 -fmessage-length\=0 -fdiagnostics-show-note-include-stack -fmacro-backtrace-limit\=0 -fno-color-diagnostics -fmodules-prune-interval\=86400 -fmodules-prune-after\=345600 -fbuild-session-file\=/Users/runner/work/red-pen-ios/red-pen-ios/ios/build/ModuleCache.noindex/Session.modulevalidation -fmodules-validate-once-per-build-session -Wnon-modular-include-in-framework-module -Werror\=non-modular-include-in-framework-module -Wno-trigraphs -Wno-missing-field-initializers -Wno-missing-prototypes -Wno-return-type -Wno-non-virtual-dtor -Wno-overloaded-virtual -Wno-exit-time-destructors -Wno-missing-braces -Wparentheses -Wswitch -Wno-unused-function -Wno-unused-label -Wno-unused-parameter -Wno-unused-variable -Wunused-value -Wno-empty-body -Wno-uninitialized -Wno-unknown-pragmas -w -Wno-shadow -Wno-four-char-constants -Wno-conversion -Wno-constant-conversion -Wno-int-conversion -Wno-bool-conversion -Wno-enum-conversion -Wno-float-conversion -Wno-non-literal-null-conversion -Wno-objc-literal-conversion -Wshorten-64-to-32 -Wno-newline-eof -Wno-c++11-extensions -Wno-implicit-fallthrough -isysroot /Applications/Xcode_26.6.app/Contents/Developer/Platforms/iPhoneOS.platform/Developer/SDKs/iPhoneOS26.5.sdk -fstrict-aliasing -Wdeprecated-declarations -Winvalid-offsetof -Wno-sign-conversion -Wno-infinite-recursion -Wno-move -Wno-comma -Wno-block-capture-autoreleasing -Wno-strict-prototypes -Wno-range-loop-analysis -Wno-semicolon-before-method-body -w @/Users/runner/work/red-pen-ios/red-pen-ios/ios/build/Build/Intermediates.noindex/LocalLLMClient.build/Release-iphoneos/LocalLLMClientLlamaC.build/Objects-normal/arm64/82b82416624d2658e5098eb0a28c15c5-common-args.resp -MMD -MT dependencies -MF /Users/runner/work/red-pen-ios/red-pen-ios/ios/build/Build/Intermediates.noindex/LocalLLMClient.build/Release-iphoneos/LocalLLMClientLlamaC.build/Objects-normal/arm64/kimivl.d --serialize-diagnostics /Users/runner/work/red-pen-ios/red-pen-ios/ios/build/Build/Intermediates.noindex/LocalLLMClient.build/Release-iphoneos/LocalLLMClientLlamaC.build/Objects-normal/arm64/kimivl.dia -c /Users/runner/work/red-pen-ios/red-pen-ios/ios/build/SourcePackages/checkouts/LocalLLMClient/Sources/LocalLLMClientLlamaC/models/kimivl.cpp -o /Users/runner/work/red-pen-ios/red-pen-ios/ios/build/Build/Intermediates.noindex/LocalLLMClient.build/Release-iphoneos/LocalLLMClientLlamaC.build/Objects-normal/arm64/kimivl.o

CompileC /Users/runner/work/red-pen-ios/red-pen-ios/ios/build/Build/Intermediates.noindex/LocalLLMClient.build/Release-iphoneos/LocalLLMClientLlamaC.build/Objects-normal/arm64/kimik25.o /Users/runner/work/red-pen-ios/red-pen-ios/ios/build/SourcePackages/checkouts/LocalLLMClient/Sources/LocalLLMClientLlamaC/models/kimik25.cpp normal arm64 c++ com.apple.compilers.llvm.clang.1_0.compiler (in target 'LocalLLMClientLlamaC' from project 'LocalLLMClient')
    cd /Users/runner/work/red-pen-ios/red-pen-ios/ios/RedPen.xcodeproj
    
    Using response file: /Users/runner/work/red-pen-ios/red-pen-ios/ios/build/Build/Intermediates.noindex/LocalLLMClient.build/Release-iphoneos/LocalLLMClientLlamaC.build/Objects-normal/arm64/82b82416624d2658e5098eb0a28c15c5-common-args.resp
    
    /Applications/Xcode_26.6.app/Contents/Developer/Toolchains/XcodeDefault.xctoolchain/usr/bin/clang -x c++ -ivfsstatcache /Users/runner/work/red-pen-ios/red-pen-ios/ios/build/SDKStatCaches.noindex/iphoneos26.5-23F81a-688ef53f1462e2c8f657fdc38a81448fee66e23052a0157c865c76b268046726.sdkstatcache -target arm64-apple-ios17.0 -fmessage-length\=0 -fdiagnostics-show-note-include-stack -fmacro-backtrace-limit\=0 -fno-color-diagnostics -fmodules-prune-interval\=86400 -fmodules-prune-after\=345600 -fbuild-session-file\=/Users/runner/work/red-pen-ios/red-pen-ios/ios/build/ModuleCache.noindex/Session.modulevalidation -fmodules-validate-once-per-build-session -Wnon-modular-include-in-framework-module -Werror\=non-modular-include-in-framework-module -Wno-trigraphs -Wno-missing-field-initializers -Wno-missing-prototypes -Wno-return-type -Wno-non-virtual-dtor -Wno-overloaded-virtual -Wno-exit-time-destructors -Wno-missing-braces -Wparentheses -Wswitch -Wno-unused-function -Wno-unused-label -Wno-unused-parameter -Wno-unused-variable -Wunused-value -Wno-empty-body -Wno-uninitialized -Wno-unknown-pragmas -w -Wno-shadow -Wno-four-char-constants -Wno-conversion -Wno-constant-conversion -Wno-int-conversion -Wno-bool-conversion -Wno-enum-conversion -Wno-float-conversion -Wno-non-literal-null-conversion -Wno-objc-literal-conversion -Wshorten-64-to-32 -Wno-newline-eof -Wno-c++11-extensions -Wno-implicit-fallthrough -isysroot /Applications/Xcode_26.6.app/Contents/Developer/Platforms/iPhoneOS.platform/Developer/SDKs/iPhoneOS26.5.sdk -fstrict-aliasing -Wdeprecated-declarations -Winvalid-offsetof -Wno-sign-conversion -Wno-infinite-recursion -Wno-move -Wno-comma -Wno-block-capture-autoreleasing -Wno-strict-prototypes -Wno-range-loop-analysis -Wno-semicolon-before-method-body -w @/Users/runner/work/red-pen-ios/red-pen-ios/ios/build/Build/Intermediates.noindex/LocalLLMClient.build/Release-iphoneos/LocalLLMClientLlamaC.build/Objects-normal/arm64/82b82416624d2658e5098eb0a28c15c5-common-args.resp -MMD -MT dependencies -MF /Users/runner/work/red-pen-ios/red-pen-ios/ios/build/Build/Intermediates.noindex/LocalLLMClient.build/Release-iphoneos/LocalLLMClientLlamaC.build/Objects-normal/arm64/kimik25.d --serialize-diagnostics /Users/runner/work/red-pen-ios/red-pen-ios/ios/build/Build/Intermediates.noindex/LocalLLMClient.build/Release-iphoneos/LocalLLMClientLlamaC.build/Objects-normal/arm64/kimik25.dia -c /Users/runner/work/red-pen-ios/red-pen-ios/ios/build/SourcePackages/checkouts/LocalLLMClient/Sources/LocalLLMClientLlamaC/models/kimik25.cpp -o /Users/runner/work/red-pen-ios/red-pen-ios/ios/build/Build/Intermediates.noindex/LocalLLMClient.build/Release-iphoneos/LocalLLMClientLlamaC.build/Objects-normal/arm64/kimik25.o

CompileC /Users/runner/work/red-pen-ios/red-pen-ios/ios/build/Build/Intermediates.noindex/LocalLLMClient.build/Release-iphoneos/LocalLLMClientLlamaC.build/Objects-normal/arm64/json-schema-to-grammar.o /Users/runner/work/red-pen-ios/red-pen-ios/ios/build/SourcePackages/checkouts/LocalLLMClient/Sources/LocalLLMClientLlamaC/common/json-schema-to-grammar.cpp normal arm64 c++ com.apple.compilers.llvm.clang.1_0.compiler (in target 'LocalLLMClientLlamaC' from project 'LocalLLMClient')
    cd /Users/runner/work/red-pen-ios/red-pen-ios/ios/RedPen.xcodeproj
    
    Using response file: /Users/runner/work/red-pen-ios/red-pen-ios/ios/build/Build/Intermediates.noindex/LocalLLMClient.build/Release-iphoneos/LocalLLMClientLlamaC.build/Objects-normal/arm64/82b82416624d2658e5098eb0a28c15c5-common-args.resp
    
    /Applications/Xcode_26.6.app/Contents/Developer/Toolchains/XcodeDefault.xctoolchain/usr/bin/clang -x c++ -ivfsstatcache /Users/runner/work/red-pen-ios/red-pen-ios/ios/build/SDKStatCaches.noindex/iphoneos26.5-23F81a-688ef53f1462e2c8f657fdc38a81448fee66e23052a0157c865c76b268046726.sdkstatcache -target arm64-apple-ios17.0 -fmessage-length\=0 -fdiagnostics-show-note-include-stack -fmacro-backtrace-limit\=0 -fno-color-diagnostics -fmodules-prune-interval\=86400 -fmodules-prune-after\=345600 -fbuild-session-file\=/Users/runner/work/red-pen-ios/red-pen-ios/ios/build/ModuleCache.noindex/Session.modulevalidation -fmodules-validate-once-per-build-session -Wnon-modular-include-in-framework-module -Werror\=non-modular-include-in-framework-module -Wno-trigraphs -Wno-missing-field-initializers -Wno-missing-prototypes -Wno-return-type -Wno-non-virtual-dtor -Wno-overloaded-virtual -Wno-exit-time-destructors -Wno-missing-braces -Wparentheses -Wswitch -Wno-unused-function -Wno-unused-label -Wno-unused-parameter -Wno-unused-variable -Wunused-value -Wno-empty-body -Wno-uninitialized -Wno-unknown-pragmas -w -Wno-shadow -Wno-four-char-constants -Wno-conversion -Wno-constant-conversion -Wno-int-conversion -Wno-bool-conversion -Wno-enum-conversion -Wno-float-conversion -Wno-non-literal-null-conversion -Wno-objc-literal-conversion -Wshorten-64-to-32 -Wno-newline-eof -Wno-c++11-extensions -Wno-implicit-fallthrough -isysroot /Applications/Xcode_26.6.app/Contents/Developer/Platforms/iPhoneOS.platform/Developer/SDKs/iPhoneOS26.5.sdk -fstrict-aliasing -Wdeprecated-declarations -Winvalid-offsetof -Wno-sign-conversion -Wno-infinite-recursion -Wno-move -Wno-comma -Wno-block-capture-autoreleasing -Wno-strict-prototypes -Wno-range-loop-analysis -Wno-semicolon-before-method-body -w @/Users/runner/work/red-pen-ios/red-pen-ios/ios/build/Build/Intermediates.noindex/LocalLLMClient.build/Release-iphoneos/LocalLLMClientLlamaC.build/Objects-normal/arm64/82b82416624d2658e5098eb0a28c15c5-common-args.resp -MMD -MT dependencies -MF /Users/runner/work/red-pen-ios/red-pen-ios/ios/build/Build/Intermediates.noindex/LocalLLMClient.build/Release-iphoneos/LocalLLMClientLlamaC.build/Objects-normal/arm64/json-schema-to-grammar.d --serialize-diagnostics /Users/runner/work/red-pen-ios/red-pen-ios/ios/build/Build/Intermediates.noindex/LocalLLMClient.build/Release-iphoneos/LocalLLMClientLlamaC.build/Objects-normal/arm64/json-schema-to-grammar.dia -c /Users/runner/work/red-pen-ios/red-pen-ios/ios/build/SourcePackages/checkouts/LocalLLMClient/Sources/LocalLLMClientLlamaC/common/json-schema-to-grammar.cpp -o /Users/runner/work/red-pen-ios/red-pen-ios/ios/build/Build/Intermediates.noindex/LocalLLMClient.build/Release-iphoneos/LocalLLMClientLlamaC.build/Objects-normal/arm64/json-schema-to-grammar.o

CompileC /Users/runner/work/red-pen-ios/red-pen-ios/ios/build/Build/Intermediates.noindex/LocalLLMClient.build/Release-iphoneos/LocalLLMClientLlamaC.build/Objects-normal/arm64/json-partial.o /Users/runner/work/red-pen-ios/red-pen-ios/ios/build/SourcePackages/checkouts/LocalLLMClient/Sources/LocalLLMClientLlamaC/common/json-partial.cpp normal arm64 c++ com.apple.compilers.llvm.clang.1_0.compiler (in target 'LocalLLMClientLlamaC' from project 'LocalLLMClient')
    cd /Users/runner/work/red-pen-ios/red-pen-ios/ios/RedPen.xcodeproj
    
    Using response file: /Users/runner/work/red-pen-ios/red-pen-ios/ios/build/Build/Intermediates.noindex/LocalLLMClient.build/Release-iphoneos/LocalLLMClientLlamaC.build/Objects-normal/arm64/82b82416624d2658e5098eb0a28c15c5-common-args.resp
    
    /Applications/Xcode_26.6.app/Contents/Developer/Toolchains/XcodeDefault.xctoolchain/usr/bin/clang -x c++ -ivfsstatcache /Users/runner/work/red-pen-ios/red-pen-ios/ios/build/SDKStatCaches.noindex/iphoneos26.5-23F81a-688ef53f1462e2c8f657fdc38a81448fee66e23052a0157c865c76b268046726.sdkstatcache -target arm64-apple-ios17.0 -fmessage-length\=0 -fdiagnostics-show-note-include-stack -fmacro-backtrace-limit\=0 -fno-color-diagnostics -fmodules-prune-interval\=86400 -fmodules-prune-after\=345600 -fbuild-session-file\=/Users/runner/work/red-pen-ios/red-pen-ios/ios/build/ModuleCache.noindex/Session.modulevalidation -fmodules-validate-once-per-build-session -Wnon-modular-include-in-framework-module -Werror\=non-modular-include-in-framework-module -Wno-trigraphs -Wno-missing-field-initializers -Wno-missing-prototypes -Wno-return-type -Wno-non-virtual-dtor -Wno-overloaded-virtual -Wno-exit-time-destructors -Wno-missing-braces -Wparentheses -Wswitch -Wno-unused-function -Wno-unused-label -Wno-unused-parameter -Wno-unused-variable -Wunused-value -Wno-empty-body -Wno-uninitialized -Wno-unknown-pragmas -w -Wno-shadow -Wno-four-char-constants -Wno-conversion -Wno-constant-conversion -Wno-int-conversion -Wno-bool-conversion -Wno-enum-conversion -Wno-float-conversion -Wno-non-literal-null-conversion -Wno-objc-literal-conversion -Wshorten-64-to-32 -Wno-newline-eof -Wno-c++11-extensions -Wno-implicit-fallthrough -isysroot /Applications/Xcode_26.6.app/Contents/Developer/Platforms/iPhoneOS.platform/Developer/SDKs/iPhoneOS26.5.sdk -fstrict-aliasing -Wdeprecated-declarations -Winvalid-offsetof -Wno-sign-conversion -Wno-infinite-recursion -Wno-move -Wno-comma -Wno-block-capture-autoreleasing -Wno-strict-prototypes -Wno-range-loop-analysis -Wno-semicolon-before-method-body -w @/Users/runner/work/red-pen-ios/red-pen-ios/ios/build/Build/Intermediates.noindex/LocalLLMClient.build/Release-iphoneos/LocalLLMClientLlamaC.build/Objects-normal/arm64/82b82416624d2658e5098eb0a28c15c5-common-args.resp -MMD -MT dependencies -MF /Users/runner/work/red-pen-ios/red-pen-ios/ios/build/Build/Intermediates.noindex/LocalLLMClient.build/Release-iphoneos/LocalLLMClientLlamaC.build/Objects-normal/arm64/json-partial.d --serialize-diagnostics /Users/runner/work/red-pen-ios/red-pen-ios/ios/build/Build/Intermediates.noindex/LocalLLMClient.build/Release-iphoneos/LocalLLMClientLlamaC.build/Objects-normal/arm64/json-partial.dia -c /Users/runner/work/red-pen-ios/red-pen-ios/ios/build/SourcePackages/checkouts/LocalLLMClient/Sources/LocalLLMClientLlamaC/common/json-partial.cpp -o /Users/runner/work/red-pen-ios/red-pen-ios/ios/build/Build/Intermediates.noindex/LocalLLMClient.build/Release-iphoneos/LocalLLMClientLlamaC.build/Objects-normal/arm64/json-partial.o

CompileC /Users/runner/work/red-pen-ios/red-pen-ios/ios/build/Build/Intermediates.noindex/LocalLLMClient.build/Release-iphoneos/LocalLLMClientLlamaC.build/Objects-normal/arm64/internvl.o /Users/runner/work/red-pen-ios/red-pen-ios/ios/build/SourcePackages/checkouts/LocalLLMClient/Sources/LocalLLMClientLlamaC/models/internvl.cpp normal arm64 c++ com.apple.compilers.llvm.clang.1_0.compiler (in target 'LocalLLMClientLlamaC' from project 'LocalLLMClient')
    cd /Users/runner/work/red-pen-ios/red-pen-ios/ios/RedPen.xcodeproj
    
    Using response file: /Users/runner/work/red-pen-ios/red-pen-ios/ios/build/Build/Intermediates.noindex/LocalLLMClient.build/Release-iphoneos/LocalLLMClientLlamaC.build/Objects-normal/arm64/82b82416624d2658e5098eb0a28c15c5-common-args.resp
    
    /Applications/Xcode_26.6.app/Contents/Developer/Toolchains/XcodeDefault.xctoolchain/usr/bin/clang -x c++ -ivfsstatcache /Users/runner/work/red-pen-ios/red-pen-ios/ios/build/SDKStatCaches.noindex/iphoneos26.5-23F81a-688ef53f1462e2c8f657fdc38a81448fee66e23052a0157c865c76b268046726.sdkstatcache -target arm64-apple-ios17.0 -fmessage-length\=0 -fdiagnostics-show-note-include-stack -fmacro-backtrace-limit\=0 -fno-color-diagnostics -fmodules-prune-interval\=86400 -fmodules-prune-after\=345600 -fbuild-session-file\=/Users/runner/work/red-pen-ios/red-pen-ios/ios/build/ModuleCache.noindex/Session.modulevalidation -fmodules-validate-once-per-build-session -Wnon-modular-include-in-framework-module -Werror\=non-modular-include-in-framework-module -Wno-trigraphs -Wno-missing-field-initializers -Wno-missing-prototypes -Wno-return-type -Wno-non-virtual-dtor -Wno-overloaded-virtual -Wno-exit-time-destructors -Wno-missing-braces -Wparentheses -Wswitch -Wno-unused-function -Wno-unused-label -Wno-unused-parameter -Wno-unused-variable -Wunused-value -Wno-empty-body -Wno-uninitialized -Wno-unknown-pragmas -w -Wno-shadow -Wno-four-char-constants -Wno-conversion -Wno-constant-conversion -Wno-int-conversion -Wno-bool-conversion -Wno-enum-conversion -Wno-float-conversion -Wno-non-literal-null-conversion -Wno-objc-literal-conversion -Wshorten-64-to-32 -Wno-newline-eof -Wno-c++11-extensions -Wno-implicit-fallthrough -isysroot /Applications/Xcode_26.6.app/Contents/Developer/Platforms/iPhoneOS.platform/Developer/SDKs/iPhoneOS26.5.sdk -fstrict-aliasing -Wdeprecated-declarations -Winvalid-offsetof -Wno-sign-conversion -Wno-infinite-recursion -Wno-move -Wno-comma -Wno-block-capture-autoreleasing -Wno-strict-prototypes -Wno-range-loop-analysis -Wno-semicolon-before-method-body -w @/Users/runner/work/red-pen-ios/red-pen-ios/ios/build/Build/Intermediates.noindex/LocalLLMClient.build/Release-iphoneos/LocalLLMClientLlamaC.build/Objects-normal/arm64/82b82416624d2658e5098eb0a28c15c5-common-args.resp -MMD -MT dependencies -MF /Users/runner/work/red-pen-ios/red-pen-ios/ios/build/Build/Intermediates.noindex/LocalLLMClient.build/Release-iphoneos/LocalLLMClientLlamaC.build/Objects-normal/arm64/internvl.d --serialize-diagnostics /Users/runner/work/red-pen-ios/red-pen-ios/ios/build/Build/Intermediates.noindex/LocalLLMClient.build/Release-iphoneos/LocalLLMClientLlamaC.build/Objects-normal/arm64/internvl.dia -c /Users/runner/work/red-pen-ios/red-pen-ios/ios/build/SourcePackages/checkouts/LocalLLMClient/Sources/LocalLLMClientLlamaC/models/internvl.cpp -o /Users/runner/work/red-pen-ios/red-pen-ios/ios/build/Build/Intermediates.noindex/LocalLLMClient.build/Release-iphoneos/LocalLLMClientLlamaC.build/Objects-normal/arm64/internvl.o

CompileC /Users/runner/work/red-pen-ios/red-pen-ios/ios/build/Build/Intermediates.noindex/LocalLLMClient.build/Release-iphoneos/LocalLLMClientLlamaC.build/Objects-normal/arm64/hunyuanocr.o /Users/runner/work/red-pen-ios/red-pen-ios/ios/build/SourcePackages/checkouts/LocalLLMClient/Sources/LocalLLMClientLlamaC/models/hunyuanocr.cpp normal arm64 c++ com.apple.compilers.llvm.clang.1_0.compiler (in target 'LocalLLMClientLlamaC' from project 'LocalLLMClient')
    cd /Users/runner/work/red-pen-ios/red-pen-ios/ios/RedPen.xcodeproj
    
    Using response file: /Users/runner/work/red-pen-ios/red-pen-ios/ios/build/Build/Intermediates.noindex/LocalLLMClient.build/Release-iphoneos/LocalLLMClientLlamaC.build/Objects-normal/arm64/82b82416624d2658e5098eb0a28c15c5-common-args.resp
    
    /Applications/Xcode_26.6.app/Contents/Developer/Toolchains/XcodeDefault.xctoolchain/usr/bin/clang -x c++ -ivfsstatcache /Users/runner/work/red-pen-ios/red-pen-ios/ios/build/SDKStatCaches.noindex/iphoneos26.5-23F81a-688ef53f1462e2c8f657fdc38a81448fee66e23052a0157c865c76b268046726.sdkstatcache -target arm64-apple-ios17.0 -fmessage-length\=0 -fdiagnostics-show-note-include-stack -fmacro-backtrace-limit\=0 -fno-color-diagnostics -fmodules-prune-interval\=86400 -fmodules-prune-after\=345600 -fbuild-session-file\=/Users/runner/work/red-pen-ios/red-pen-ios/ios/build/ModuleCache.noindex/Session.modulevalidation -fmodules-validate-once-per-build-session -Wnon-modular-include-in-framework-module -Werror\=non-modular-include-in-framework-module -Wno-trigraphs -Wno-missing-field-initializers -Wno-missing-prototypes -Wno-return-type -Wno-non-virtual-dtor -Wno-overloaded-virtual -Wno-exit-time-destructors -Wno-missing-braces -Wparentheses -Wswitch -Wno-unused-function -Wno-unused-label -Wno-unused-parameter -Wno-unused-variable -Wunused-value -Wno-empty-body -Wno-uninitialized -Wno-unknown-pragmas -w -Wno-shadow -Wno-four-char-constants -Wno-conversion -Wno-constant-conversion -Wno-int-conversion -Wno-bool-conversion -Wno-enum-conversion -Wno-float-conversion -Wno-non-literal-null-conversion -Wno-objc-literal-conversion -Wshorten-64-to-32 -Wno-newline-eof -Wno-c++11-extensions -Wno-implicit-fallthrough -isysroot /Applications/Xcode_26.6.app/Contents/Developer/Platforms/iPhoneOS.platform/Developer/SDKs/iPhoneOS26.5.sdk -fstrict-aliasing -Wdeprecated-declarations -Winvalid-offsetof -Wno-sign-conversion -Wno-infinite-recursion -Wno-move -Wno-comma -Wno-block-capture-autoreleasing -Wno-strict-prototypes -Wno-range-loop-analysis -Wno-semicolon-before-method-body -w @/Users/runner/work/red-pen-ios/red-pen-ios/ios/build/Build/Intermediates.noindex/LocalLLMClient.build/Release-iphoneos/LocalLLMClientLlamaC.build/Objects-normal/arm64/82b82416624d2658e5098eb0a28c15c5-common-args.resp -MMD -MT dependencies -MF /Users/runner/work/red-pen-ios/red-pen-ios/ios/build/Build/Intermediates.noindex/LocalLLMClient.build/Release-iphoneos/LocalLLMClientLlamaC.build/Objects-normal/arm64/hunyuanocr.d --serialize-diagnostics /Users/runner/work/red-pen-ios/red-pen-ios/ios/build/Build/Intermediates.noindex/LocalLLMClient.build/Release-iphoneos/LocalLLMClientLlamaC.build/Objects-normal/arm64/hunyuanocr.dia -c /Users/runner/work/red-pen-ios/red-pen-ios/ios/build/SourcePackages/checkouts/LocalLLMClient/Sources/LocalLLMClientLlamaC/models/hunyuanocr.cpp -o /Users/runner/work/red-pen-ios/red-pen-ios/ios/build/Build/Intermediates.noindex/LocalLLMClient.build/Release-iphoneos/LocalLLMClientLlamaC.build/Objects-normal/arm64/hunyuanocr.o

CompileC /Users/runner/work/red-pen-ios/red-pen-ios/ios/build/Build/Intermediates.noindex/LocalLLMClient.build/Release-iphoneos/LocalLLMClientLlamaC.build/Objects-normal/arm64/glm4v.o /Users/runner/work/red-pen-ios/red-pen-ios/ios/build/SourcePackages/checkouts/LocalLLMClient/Sources/LocalLLMClientLlamaC/models/glm4v.cpp normal arm64 c++ com.apple.compilers.llvm.clang.1_0.compiler (in target 'LocalLLMClientLlamaC' from project 'LocalLLMClient')
    cd /Users/runner/work/red-pen-ios/red-pen-ios/ios/RedPen.xcodeproj
    
    Using response file: /Users/runner/work/red-pen-ios/red-pen-ios/ios/build/Build/Intermediates.noindex/LocalLLMClient.build/Release-iphoneos/LocalLLMClientLlamaC.build/Objects-normal/arm64/82b82416624d2658e5098eb0a28c15c5-common-args.resp
    
    /Applications/Xcode_26.6.app/Contents/Developer/Toolchains/XcodeDefault.xctoolchain/usr/bin/clang -x c++ -ivfsstatcache /Users/runner/work/red-pen-ios/red-pen-ios/ios/build/SDKStatCaches.noindex/iphoneos26.5-23F81a-688ef53f1462e2c8f657fdc38a81448fee66e23052a0157c865c76b268046726.sdkstatcache -target arm64-apple-ios17.0 -fmessage-length\=0 -fdiagnostics-show-note-include-stack -fmacro-backtrace-limit\=0 -fno-color-diagnostics -fmodules-prune-interval\=86400 -fmodules-prune-after\=345600 -fbuild-session-file\=/Users/runner/work/red-pen-ios/red-pen-ios/ios/build/ModuleCache.noindex/Session.modulevalidation -fmodules-validate-once-per-build-session -Wnon-modular-include-in-framework-module -Werror\=non-modular-include-in-framework-module -Wno-trigraphs -Wno-missing-field-initializers -Wno-missing-prototypes -Wno-return-type -Wno-non-virtual-dtor -Wno-overloaded-virtual -Wno-exit-time-destructors -Wno-missing-braces -Wparentheses -Wswitch -Wno-unused-function -Wno-unused-label -Wno-unused-parameter -Wno-unused-variable -Wunused-value -Wno-empty-body -Wno-uninitialized -Wno-unknown-pragmas -w -Wno-shadow -Wno-four-char-constants -Wno-conversion -Wno-constant-conversion -Wno-int-conversion -Wno-bool-conversion -Wno-enum-conversion -Wno-float-conversion -Wno-non-literal-null-conversion -Wno-objc-literal-conversion -Wshorten-64-to-32 -Wno-newline-eof -Wno-c++11-extensions -Wno-implicit-fallthrough -isysroot /Applications/Xcode_26.6.app/Contents/Developer/Platforms/iPhoneOS.platform/Developer/SDKs/iPhoneOS26.5.sdk -fstrict-aliasing -Wdeprecated-declarations -Winvalid-offsetof -Wno-sign-conversion -Wno-infinite-recursion -Wno-move -Wno-comma -Wno-block-capture-autoreleasing -Wno-strict-prototypes -Wno-range-loop-analysis -Wno-semicolon-before-method-body -w @/Users/runner/work/red-pen-ios/red-pen-ios/ios/build/Build/Intermediates.noindex/LocalLLMClient.build/Release-iphoneos/LocalLLMClientLlamaC.build/Objects-normal/arm64/82b82416624d2658e5098eb0a28c15c5-common-args.resp -MMD -MT dependencies -MF /Users/runner/work/red-pen-ios/red-pen-ios/ios/build/Build/Intermediates.noindex/LocalLLMClient.build/Release-iphoneos/LocalLLMClientLlamaC.build/Objects-normal/arm64/glm4v.d --serialize-diagnostics /Users/runner/work/red-pen-ios/red-pen-ios/ios/build/Build/Intermediates.noindex/LocalLLMClient.build/Release-iphoneos/LocalLLMClientLlamaC.build/Objects-normal/arm64/glm4v.dia -c /Users/runner/work/red-pen-ios/red-pen-ios/ios/build/SourcePackages/checkouts/LocalLLMClient/Sources/LocalLLMClientLlamaC/models/glm4v.cpp -o /Users/runner/work/red-pen-ios/red-pen-ios/ios/build/Build/Intermediates.noindex/LocalLLMClient.build/Release-iphoneos/LocalLLMClientLlamaC.build/Objects-normal/arm64/glm4v.o

CompileC /Users/runner/work/red-pen-ios/red-pen-ios/ios/build/Build/Intermediates.noindex/LocalLLMClient.build/Release-iphoneos/LocalLLMClientLlamaC.build/Objects-normal/arm64/gemma4v.o /Users/runner/work/red-pen-ios/red-pen-ios/ios/build/SourcePackages/checkouts/LocalLLMClient/Sources/LocalLLMClientLlamaC/models/gemma4v.cpp normal arm64 c++ com.apple.compilers.llvm.clang.1_0.compiler (in target 'LocalLLMClientLlamaC' from project 'LocalLLMClient')
    cd /Users/runner/work/red-pen-ios/red-pen-ios/ios/RedPen.xcodeproj
    
    Using response file: /Users/runner/work/red-pen-ios/red-pen-ios/ios/build/Build/Intermediates.noindex/LocalLLMClient.build/Release-iphoneos/LocalLLMClientLlamaC.build/Objects-normal/arm64/82b82416624d2658e5098eb0a28c15c5-common-args.resp
    
    /Applications/Xcode_26.6.app/Contents/Developer/Toolchains/XcodeDefault.xctoolchain/usr/bin/clang -x c++ -ivfsstatcache /Users/runner/work/red-pen-ios/red-pen-ios/ios/build/SDKStatCaches.noindex/iphoneos26.5-23F81a-688ef53f1462e2c8f657fdc38a81448fee66e23052a0157c865c76b268046726.sdkstatcache -target arm64-apple-ios17.0 -fmessage-length\=0 -fdiagnostics-show-note-include-stack -fmacro-backtrace-limit\=0 -fno-color-diagnostics -fmodules-prune-interval\=86400 -fmodules-prune-after\=345600 -fbuild-session-file\=/Users/runner/work/red-pen-ios/red-pen-ios/ios/build/ModuleCache.noindex/Session.modulevalidation -fmodules-validate-once-per-build-session -Wnon-modular-include-in-framework-module -Werror\=non-modular-include-in-framework-module -Wno-trigraphs -Wno-missing-field-initializers -Wno-missing-prototypes -Wno-return-type -Wno-non-virtual-dtor -Wno-overloaded-virtual -Wno-exit-time-destructors -Wno-missing-braces -Wparentheses -Wswitch -Wno-unused-function -Wno-unused-label -Wno-unused-parameter -Wno-unused-variable -Wunused-value -Wno-empty-body -Wno-uninitialized -Wno-unknown-pragmas -w -Wno-shadow -Wno-four-char-constants -Wno-conversion -Wno-constant-conversion -Wno-int-conversion -Wno-bool-conversion -Wno-enum-conversion -Wno-float-conversion -Wno-non-literal-null-conversion -Wno-objc-literal-conversion -Wshorten-64-to-32 -Wno-newline-eof -Wno-c++11-extensions -Wno-implicit-fallthrough -isysroot /Applications/Xcode_26.6.app/Contents/Developer/Platforms/iPhoneOS.platform/Developer/SDKs/iPhoneOS26.5.sdk -fstrict-aliasing -Wdeprecated-declarations -Winvalid-offsetof -Wno-sign-conversion -Wno-infinite-recursion -Wno-move -Wno-comma -Wno-block-capture-autoreleasing -Wno-strict-prototypes -Wno-range-loop-analysis -Wno-semicolon-before-method-body -w @/Users/runner/work/red-pen-ios/red-pen-ios/ios/build/Build/Intermediates.noindex/LocalLLMClient.build/Release-iphoneos/LocalLLMClientLlamaC.build/Objects-normal/arm64/82b82416624d2658e5098eb0a28c15c5-common-args.resp -MMD -MT dependencies -MF /Users/runner/work/red-pen-ios/red-pen-ios/ios/build/Build/Intermediates.noindex/LocalLLMClient.build/Release-iphoneos/LocalLLMClientLlamaC.build/Objects-normal/arm64/gemma4v.d --serialize-diagnostics /Users/runner/work/red-pen-ios/red-pen-ios/ios/build/Build/Intermediates.noindex/LocalLLMClient.build/Release-iphoneos/LocalLLMClientLlamaC.build/Objects-normal/arm64/gemma4v.dia -c /Users/runner/work/red-pen-ios/red-pen-ios/ios/build/SourcePackages/checkouts/LocalLLMClient/Sources/LocalLLMClientLlamaC/models/gemma4v.cpp -o /Users/runner/work/red-pen-ios/red-pen-ios/ios/build/Build/Intermediates.noindex/LocalLLMClient.build/Release-iphoneos/LocalLLMClientLlamaC.build/Objects-normal/arm64/gemma4v.o

CompileC /Users/runner/work/red-pen-ios/red-pen-ios/ios/build/Build/Intermediates.noindex/LocalLLMClient.build/Release-iphoneos/LocalLLMClientLlamaC.build/Objects-normal/arm64/gemma4a.o /Users/runner/work/red-pen-ios/red-pen-ios/ios/build/SourcePackages/checkouts/LocalLLMClient/Sources/LocalLLMClientLlamaC/models/gemma4a.cpp normal arm64 c++ com.apple.compilers.llvm.clang.1_0.compiler (in target 'LocalLLMClientLlamaC' from project 'LocalLLMClient')
    cd /Users/runner/work/red-pen-ios/red-pen-ios/ios/RedPen.xcodeproj
    
    Using response file: /Users/runner/work/red-pen-ios/red-pen-ios/ios/build/Build/Intermediates.noindex/LocalLLMClient.build/Release-iphoneos/LocalLLMClientLlamaC.build/Objects-normal/arm64/82b82416624d2658e5098eb0a28c15c5-common-args.resp
    
    /Applications/Xcode_26.6.app/Contents/Developer/Toolchains/XcodeDefault.xctoolchain/usr/bin/clang -x c++ -ivfsstatcache /Users/runner/work/red-pen-ios/red-pen-ios/ios/build/SDKStatCaches.noindex/iphoneos26.5-23F81a-688ef53f1462e2c8f657fdc38a81448fee66e23052a0157c865c76b268046726.sdkstatcache -target arm64-apple-ios17.0 -fmessage-length\=0 -fdiagnostics-show-note-include-stack -fmacro-backtrace-limit\=0 -fno-color-diagnostics -fmodules-prune-interval\=86400 -fmodules-prune-after\=345600 -fbuild-session-file\=/Users/runner/work/red-pen-ios/red-pen-ios/ios/build/ModuleCache.noindex/Session.modulevalidation -fmodules-validate-once-per-build-session -Wnon-modular-include-in-framework-module -Werror\=non-modular-include-in-framework-module -Wno-trigraphs -Wno-missing-field-initializers -Wno-missing-prototypes -Wno-return-type -Wno-non-virtual-dtor -Wno-overloaded-virtual -Wno-exit-time-destructors -Wno-missing-braces -Wparentheses -Wswitch -Wno-unused-function -Wno-unused-label -Wno-unused-parameter -Wno-unused-variable -Wunused-value -Wno-empty-body -Wno-uninitialized -Wno-unknown-pragmas -w -Wno-shadow -Wno-four-char-constants -Wno-conversion -Wno-constant-conversion -Wno-int-conversion -Wno-bool-conversion -Wno-enum-conversion -Wno-float-conversion -Wno-non-literal-null-conversion -Wno-objc-literal-conversion -Wshorten-64-to-32 -Wno-newline-eof -Wno-c++11-extensions -Wno-implicit-fallthrough -isysroot /Applications/Xcode_26.6.app/Contents/Developer/Platforms/iPhoneOS.platform/Developer/SDKs/iPhoneOS26.5.sdk -fstrict-aliasing -Wdeprecated-declarations -Winvalid-offsetof -Wno-sign-conversion -Wno-infinite-recursion -Wno-move -Wno-comma -Wno-block-capture-autoreleasing -Wno-strict-prototypes -Wno-range-loop-analysis -Wno-semicolon-before-method-body -w @/Users/runner/work/red-pen-ios/red-pen-ios/ios/build/Build/Intermediates.noindex/LocalLLMClient.build/Release-iphoneos/LocalLLMClientLlamaC.build/Objects-normal/arm64/82b82416624d2658e5098eb0a28c15c5-common-args.resp -MMD -MT dependencies -MF /Users/runner/work/red-pen-ios/red-pen-ios/ios/build/Build/Intermediates.noindex/LocalLLMClient.build/Release-iphoneos/LocalLLMClientLlamaC.build/Objects-normal/arm64/gemma4a.d --serialize-diagnostics /Users/runner/work/red-pen-ios/red-pen-ios/ios/build/Build/Intermediates.noindex/LocalLLMClient.build/Release-iphoneos/LocalLLMClientLlamaC.build/Objects-normal/arm64/gemma4a.dia -c /Users/runner/work/red-pen-ios/red-pen-ios/ios/build/SourcePackages/checkouts/LocalLLMClient/Sources/LocalLLMClientLlamaC/models/gemma4a.cpp -o /Users/runner/work/red-pen-ios/red-pen-ios/ios/build/Build/Intermediates.noindex/LocalLLMClient.build/Release-iphoneos/LocalLLMClientLlamaC.build/Objects-normal/arm64/gemma4a.o

CompileC /Users/runner/work/red-pen-ios/red-pen-ios/ios/build/Build/Intermediates.noindex/LocalLLMClient.build/Release-iphoneos/LocalLLMClientLlamaC.build/Objects-normal/arm64/dotsocr.o /Users/runner/work/red-pen-ios/red-pen-ios/ios/build/SourcePackages/checkouts/LocalLLMClient/Sources/LocalLLMClientLlamaC/models/dotsocr.cpp normal arm64 c++ com.apple.compilers.llvm.clang.1_0.compiler (in target 'LocalLLMClientLlamaC' from project 'LocalLLMClient')
    cd /Users/runner/work/red-pen-ios/red-pen-ios/ios/RedPen.xcodeproj
    
    Using response file: /Users/runner/work/red-pen-ios/red-pen-ios/ios/build/Build/Intermediates.noindex/LocalLLMClient.build/Release-iphoneos/LocalLLMClientLlamaC.build/Objects-normal/arm64/82b82416624d2658e5098eb0a28c15c5-common-args.resp
    
    /Applications/Xcode_26.6.app/Contents/Developer/Toolchains/XcodeDefault.xctoolchain/usr/bin/clang -x c++ -ivfsstatcache /Users/runner/work/red-pen-ios/red-pen-ios/ios/build/SDKStatCaches.noindex/iphoneos26.5-23F81a-688ef53f1462e2c8f657fdc38a81448fee66e23052a0157c865c76b268046726.sdkstatcache -target arm64-apple-ios17.0 -fmessage-length\=0 -fdiagnostics-show-note-include-stack -fmacro-backtrace-limit\=0 -fno-color-diagnostics -fmodules-prune-interval\=86400 -fmodules-prune-after\=345600 -fbuild-session-file\=/Users/runner/work/red-pen-ios/red-pen-ios/ios/build/ModuleCache.noindex/Session.modulevalidation -fmodules-validate-once-per-build-session -Wnon-modular-include-in-framework-module -Werror\=non-modular-include-in-framework-module -Wno-trigraphs -Wno-missing-field-initializers -Wno-missing-prototypes -Wno-return-type -Wno-non-virtual-dtor -Wno-overloaded-virtual -Wno-exit-time-destructors -Wno-missing-braces -Wparentheses -Wswitch -Wno-unused-function -Wno-unused-label -Wno-unused-parameter -Wno-unused-variable -Wunused-value -Wno-empty-body -Wno-uninitialized -Wno-unknown-pragmas -w -Wno-shadow -Wno-four-char-constants -Wno-conversion -Wno-constant-conversion -Wno-int-conversion -Wno-bool-conversion -Wno-enum-conversion -Wno-float-conversion -Wno-non-literal-null-conversion -Wno-objc-literal-conversion -Wshorten-64-to-32 -Wno-newline-eof -Wno-c++11-extensions -Wno-implicit-fallthrough -isysroot /Applications/Xcode_26.6.app/Contents/Developer/Platforms/iPhoneOS.platform/Developer/SDKs/iPhoneOS26.5.sdk -fstrict-aliasing -Wdeprecated-declarations -Winvalid-offsetof -Wno-sign-conversion -Wno-infinite-recursion -Wno-move -Wno-comma -Wno-block-capture-autoreleasing -Wno-strict-prototypes -Wno-range-loop-analysis -Wno-semicolon-before-method-body -w @/Users/runner/work/red-pen-ios/red-pen-ios/ios/build/Build/Intermediates.noindex/LocalLLMClient.build/Release-iphoneos/LocalLLMClientLlamaC.build/Objects-normal/arm64/82b82416624d2658e5098eb0a28c15c5-common-args.resp -MMD -MT dependencies -MF /Users/runner/work/red-pen-ios/red-pen-ios/ios/build/Build/Intermediates.noindex/LocalLLMClient.build/Release-iphoneos/LocalLLMClientLlamaC.build/Objects-normal/arm64/dotsocr.d --serialize-diagnostics /Users/runner/work/red-pen-ios/red-pen-ios/ios/build/Build/Intermediates.noindex/LocalLLMClient.build/Release-iphoneos/LocalLLMClientLlamaC.build/Objects-normal/arm64/dotsocr.dia -c /Users/runner/work/red-pen-ios/red-pen-ios/ios/build/SourcePackages/checkouts/LocalLLMClient/Sources/LocalLLMClientLlamaC/models/dotsocr.cpp -o /Users/runner/work/red-pen-ios/red-pen-ios/ios/build/Build/Intermediates.noindex/LocalLLMClient.build/Release-iphoneos/LocalLLMClientLlamaC.build/Objects-normal/arm64/dotsocr.o

CompileC /Users/runner/work/red-pen-ios/red-pen-ios/ios/build/Build/Intermediates.noindex/LocalLLMClient.build/Release-iphoneos/LocalLLMClientLlamaC.build/Objects-normal/arm64/deepseekocr.o /Users/runner/work/red-pen-ios/red-pen-ios/ios/build/SourcePackages/checkouts/LocalLLMClient/Sources/LocalLLMClientLlamaC/models/deepseekocr.cpp normal arm64 c++ com.apple.compilers.llvm.clang.1_0.compiler (in target 'LocalLLMClientLlamaC' from project 'LocalLLMClient')
    cd /Users/runner/work/red-pen-ios/red-pen-ios/ios/RedPen.xcodeproj
    
    Using response file: /Users/runner/work/red-pen-ios/red-pen-ios/ios/build/Build/Intermediates.noindex/LocalLLMClient.build/Release-iphoneos/LocalLLMClientLlamaC.build/Objects-normal/arm64/82b82416624d2658e5098eb0a28c15c5-common-args.resp
    
    /Applications/Xcode_26.6.app/Contents/Developer/Toolchains/XcodeDefault.xctoolchain/usr/bin/clang -x c++ -ivfsstatcache /Users/runner/work/red-pen-ios/red-pen-ios/ios/build/SDKStatCaches.noindex/iphoneos26.5-23F81a-688ef53f1462e2c8f657fdc38a81448fee66e23052a0157c865c76b268046726.sdkstatcache -target arm64-apple-ios17.0 -fmessage-length\=0 -fdiagnostics-show-note-include-stack -fmacro-backtrace-limit\=0 -fno-color-diagnostics -fmodules-prune-interval\=86400 -fmodules-prune-after\=345600 -fbuild-session-file\=/Users/runner/work/red-pen-ios/red-pen-ios/ios/build/ModuleCache.noindex/Session.modulevalidation -fmodules-validate-once-per-build-session -Wnon-modular-include-in-framework-module -Werror\=non-modular-include-in-framework-module -Wno-trigraphs -Wno-missing-field-initializers -Wno-missing-prototypes -Wno-return-type -Wno-non-virtual-dtor -Wno-overloaded-virtual -Wno-exit-time-destructors -Wno-missing-braces -Wparentheses -Wswitch -Wno-unused-function -Wno-unused-label -Wno-unused-parameter -Wno-unused-variable -Wunused-value -Wno-empty-body -Wno-uninitialized -Wno-unknown-pragmas -w -Wno-shadow -Wno-four-char-constants -Wno-conversion -Wno-constant-conversion -Wno-int-conversion -Wno-bool-conversion -Wno-enum-conversion -Wno-float-conversion -Wno-non-literal-null-conversion -Wno-objc-literal-conversion -Wshorten-64-to-32 -Wno-newline-eof -Wno-c++11-extensions -Wno-implicit-fallthrough -isysroot /Applications/Xcode_26.6.app/Contents/Developer/Platforms/iPhoneOS.platform/Developer/SDKs/iPhoneOS26.5.sdk -fstrict-aliasing -Wdeprecated-declarations -Winvalid-offsetof -Wno-sign-conversion -Wno-infinite-recursion -Wno-move -Wno-comma -Wno-block-capture-autoreleasing -Wno-strict-prototypes -Wno-range-loop-analysis -Wno-semicolon-before-method-body -w @/Users/runner/work/red-pen-ios/red-pen-ios/ios/build/Build/Intermediates.noindex/LocalLLMClient.build/Release-iphoneos/LocalLLMClientLlamaC.build/Objects-normal/arm64/82b82416624d2658e5098eb0a28c15c5-common-args.resp -MMD -MT dependencies -MF /Users/runner/work/red-pen-ios/red-pen-ios/ios/build/Build/Intermediates.noindex/LocalLLMClient.build/Release-iphoneos/LocalLLMClientLlamaC.build/Objects-normal/arm64/deepseekocr.d --serialize-diagnostics /Users/runner/work/red-pen-ios/red-pen-ios/ios/build/Build/Intermediates.noindex/LocalLLMClient.build/Release-iphoneos/LocalLLMClientLlamaC.build/Objects-normal/arm64/deepseekocr.dia -c /Users/runner/work/red-pen-ios/red-pen-ios/ios/build/SourcePackages/checkouts/LocalLLMClient/Sources/LocalLLMClientLlamaC/models/deepseekocr.cpp -o /Users/runner/work/red-pen-ios/red-pen-ios/ios/build/Build/Intermediates.noindex/LocalLLMClient.build/Release-iphoneos/LocalLLMClientLlamaC.build/Objects-normal/arm64/deepseekocr.o

CompileC /Users/runner/work/red-pen-ios/red-pen-ios/ios/build/Build/Intermediates.noindex/LocalLLMClient.build/Release-iphoneos/LocalLLMClientLlamaC.build/Objects-normal/arm64/conformer.o /Users/runner/work/red-pen-ios/red-pen-ios/ios/build/SourcePackages/checkouts/LocalLLMClient/Sources/LocalLLMClientLlamaC/models/conformer.cpp normal arm64 c++ com.apple.compilers.llvm.clang.1_0.compiler (in target 'LocalLLMClientLlamaC' from project 'LocalLLMClient')
    cd /Users/runner/work/red-pen-ios/red-pen-ios/ios/RedPen.xcodeproj
    
    Using response file: /Users/runner/work/red-pen-ios/red-pen-ios/ios/build/Build/Intermediates.noindex/LocalLLMClient.build/Release-iphoneos/LocalLLMClientLlamaC.build/Objects-normal/arm64/82b82416624d2658e5098eb0a28c15c5-common-args.resp
    
    /Applications/Xcode_26.6.app/Contents/Developer/Toolchains/XcodeDefault.xctoolchain/usr/bin/clang -x c++ -ivfsstatcache /Users/runner/work/red-pen-ios/red-pen-ios/ios/build/SDKStatCaches.noindex/iphoneos26.5-23F81a-688ef53f1462e2c8f657fdc38a81448fee66e23052a0157c865c76b268046726.sdkstatcache -target arm64-apple-ios17.0 -fmessage-length\=0 -fdiagnostics-show-note-include-stack -fmacro-backtrace-limit\=0 -fno-color-diagnostics -fmodules-prune-interval\=86400 -fmodules-prune-after\=345600 -fbuild-session-file\=/Users/runner/work/red-pen-ios/red-pen-ios/ios/build/ModuleCache.noindex/Session.modulevalidation -fmodules-validate-once-per-build-session -Wnon-modular-include-in-framework-module -Werror\=non-modular-include-in-framework-module -Wno-trigraphs -Wno-missing-field-initializers -Wno-missing-prototypes -Wno-return-type -Wno-non-virtual-dtor -Wno-overloaded-virtual -Wno-exit-time-destructors -Wno-missing-braces -Wparentheses -Wswitch -Wno-unused-function -Wno-unused-label -Wno-unused-parameter -Wno-unused-variable -Wunused-value -Wno-empty-body -Wno-uninitialized -Wno-unknown-pragmas -w -Wno-shadow -Wno-four-char-constants -Wno-conversion -Wno-constant-conversion -Wno-int-conversion -Wno-bool-conversion -Wno-enum-conversion -Wno-float-conversion -Wno-non-literal-null-conversion -Wno-objc-literal-conversion -Wshorten-64-to-32 -Wno-newline-eof -Wno-c++11-extensions -Wno-implicit-fallthrough -isysroot /Applications/Xcode_26.6.app/Contents/Developer/Platforms/iPhoneOS.platform/Developer/SDKs/iPhoneOS26.5.sdk -fstrict-aliasing -Wdeprecated-declarations -Winvalid-offsetof -Wno-sign-conversion -Wno-infinite-recursion -Wno-move -Wno-comma -Wno-block-capture-autoreleasing -Wno-strict-prototypes -Wno-range-loop-analysis -Wno-semicolon-before-method-body -w @/Users/runner/work/red-pen-ios/red-pen-ios/ios/build/Build/Intermediates.noindex/LocalLLMClient.build/Release-iphoneos/LocalLLMClientLlamaC.build/Objects-normal/arm64/82b82416624d2658e5098eb0a28c15c5-common-args.resp -MMD -MT dependencies -MF /Users/runner/work/red-pen-ios/red-pen-ios/ios/build/Build/Intermediates.noindex/LocalLLMClient.build/Release-iphoneos/LocalLLMClientLlamaC.build/Objects-normal/arm64/conformer.d --serialize-diagnostics /Users/runner/work/red-pen-ios/red-pen-ios/ios/build/Build/Intermediates.noindex/LocalLLMClient.build/Release-iphoneos/LocalLLMClientLlamaC.build/Objects-normal/arm64/conformer.dia -c /Users/runner/work/red-pen-ios/red-pen-ios/ios/build/SourcePackages/checkouts/LocalLLMClient/Sources/LocalLLMClientLlamaC/models/conformer.cpp -o /Users/runner/work/red-pen-ios/red-pen-ios/ios/build/Build/Intermediates.noindex/LocalLLMClient.build/Release-iphoneos/LocalLLMClientLlamaC.build/Objects-normal/arm64/conformer.o

CompileC /Users/runner/work/red-pen-ios/red-pen-ios/ios/build/Build/Intermediates.noindex/LocalLLMClient.build/Release-iphoneos/LocalLLMClientLlamaC.build/Objects-normal/arm64/common.o /Users/runner/work/red-pen-ios/red-pen-ios/ios/build/SourcePackages/checkouts/LocalLLMClient/Sources/LocalLLMClientLlamaC/common/common.cpp normal arm64 c++ com.apple.compilers.llvm.clang.1_0.compiler (in target 'LocalLLMClientLlamaC' from project 'LocalLLMClient')
    cd /Users/runner/work/red-pen-ios/red-pen-ios/ios/RedPen.xcodeproj
    
    Using response file: /Users/runner/work/red-pen-ios/red-pen-ios/ios/build/Build/Intermediates.noindex/LocalLLMClient.build/Release-iphoneos/LocalLLMClientLlamaC.build/Objects-normal/arm64/82b82416624d2658e5098eb0a28c15c5-common-args.resp
    
    /Applications/Xcode_26.6.app/Contents/Developer/Toolchains/XcodeDefault.xctoolchain/usr/bin/clang -x c++ -ivfsstatcache /Users/runner/work/red-pen-ios/red-pen-ios/ios/build/SDKStatCaches.noindex/iphoneos26.5-23F81a-688ef53f1462e2c8f657fdc38a81448fee66e23052a0157c865c76b268046726.sdkstatcache -target arm64-apple-ios17.0 -fmessage-length\=0 -fdiagnostics-show-note-include-stack -fmacro-backtrace-limit\=0 -fno-color-diagnostics -fmodules-prune-interval\=86400 -fmodules-prune-after\=345600 -fbuild-session-file\=/Users/runner/work/red-pen-ios/red-pen-ios/ios/build/ModuleCache.noindex/Session.modulevalidation -fmodules-validate-once-per-build-session -Wnon-modular-include-in-framework-module -Werror\=non-modular-include-in-framework-module -Wno-trigraphs -Wno-missing-field-initializers -Wno-missing-prototypes -Wno-return-type -Wno-non-virtual-dtor -Wno-overloaded-virtual -Wno-exit-time-destructors -Wno-missing-braces -Wparentheses -Wswitch -Wno-unused-function -Wno-unused-label -Wno-unused-parameter -Wno-unused-variable -Wunused-value -Wno-empty-body -Wno-uninitialized -Wno-unknown-pragmas -w -Wno-shadow -Wno-four-char-constants -Wno-conversion -Wno-constant-conversion -Wno-int-conversion -Wno-bool-conversion -Wno-enum-conversion -Wno-float-conversion -Wno-non-literal-null-conversion -Wno-objc-literal-conversion -Wshorten-64-to-32 -Wno-newline-eof -Wno-c++11-extensions -Wno-implicit-fallthrough -isysroot /Applications/Xcode_26.6.app/Contents/Developer/Platforms/iPhoneOS.platform/Developer/SDKs/iPhoneOS26.5.sdk -fstrict-aliasing -Wdeprecated-declarations -Winvalid-offsetof -Wno-sign-conversion -Wno-infinite-recursion -Wno-move -Wno-comma -Wno-block-capture-autoreleasing -Wno-strict-prototypes -Wno-range-loop-analysis -Wno-semicolon-before-method-body -w @/Users/runner/work/red-pen-ios/red-pen-ios/ios/build/Build/Intermediates.noindex/LocalLLMClient.build/Release-iphoneos/LocalLLMClientLlamaC.build/Objects-normal/arm64/82b82416624d2658e5098eb0a28c15c5-common-args.resp -MMD -MT dependencies -MF /Users/runner/work/red-pen-ios/red-pen-ios/ios/build/Build/Intermediates.noindex/LocalLLMClient.build/Release-iphoneos/LocalLLMClientLlamaC.build/Objects-normal/arm64/common.d --serialize-diagnostics /Users/runner/work/red-pen-ios/red-pen-ios/ios/build/Build/Intermediates.noindex/LocalLLMClient.build/Release-iphoneos/LocalLLMClientLlamaC.build/Objects-normal/arm64/common.dia -c /Users/runner/work/red-pen-ios/red-pen-ios/ios/build/SourcePackages/checkouts/LocalLLMClient/Sources/LocalLLMClientLlamaC/common/common.cpp -o /Users/runner/work/red-pen-ios/red-pen-ios/ios/build/Build/Intermediates.noindex/LocalLLMClient.build/Release-iphoneos/LocalLLMClientLlamaC.build/Objects-normal/arm64/common.o

CompileC /Users/runner/work/red-pen-ios/red-pen-ios/ios/build/Build/Intermediates.noindex/LocalLLMClient.build/Release-iphoneos/LocalLLMClientLlamaC.build/Objects-normal/arm64/cogvlm.o /Users/runner/work/red-pen-ios/red-pen-ios/ios/build/SourcePackages/checkouts/LocalLLMClient/Sources/LocalLLMClientLlamaC/models/cogvlm.cpp normal arm64 c++ com.apple.compilers.llvm.clang.1_0.compiler (in target 'LocalLLMClientLlamaC' from project 'LocalLLMClient')
    cd /Users/runner/work/red-pen-ios/red-pen-ios/ios/RedPen.xcodeproj
    
    Using response file: /Users/runner/work/red-pen-ios/red-pen-ios/ios/build/Build/Intermediates.noindex/LocalLLMClient.build/Release-iphoneos/LocalLLMClientLlamaC.build/Objects-normal/arm64/82b82416624d2658e5098eb0a28c15c5-common-args.resp
    
    /Applications/Xcode_26.6.app/Contents/Developer/Toolchains/XcodeDefault.xctoolchain/usr/bin/clang -x c++ -ivfsstatcache /Users/runner/work/red-pen-ios/red-pen-ios/ios/build/SDKStatCaches.noindex/iphoneos26.5-23F81a-688ef53f1462e2c8f657fdc38a81448fee66e23052a0157c865c76b268046726.sdkstatcache -target arm64-apple-ios17.0 -fmessage-length\=0 -fdiagnostics-show-note-include-stack -fmacro-backtrace-limit\=0 -fno-color-diagnostics -fmodules-prune-interval\=86400 -fmodules-prune-after\=345600 -fbuild-session-file\=/Users/runner/work/red-pen-ios/red-pen-ios/ios/build/ModuleCache.noindex/Session.modulevalidation -fmodules-validate-once-per-build-session -Wnon-modular-include-in-framework-module -Werror\=non-modular-include-in-framework-module -Wno-trigraphs -Wno-missing-field-initializers -Wno-missing-prototypes -Wno-return-type -Wno-non-virtual-dtor -Wno-overloaded-virtual -Wno-exit-time-destructors -Wno-missing-braces -Wparentheses -Wswitch -Wno-unused-function -Wno-unused-label -Wno-unused-parameter -Wno-unused-variable -Wunused-value -Wno-empty-body -Wno-uninitialized -Wno-unknown-pragmas -w -Wno-shadow -Wno-four-char-constants -Wno-conversion -Wno-constant-conversion -Wno-int-conversion -Wno-bool-conversion -Wno-enum-conversion -Wno-float-conversion -Wno-non-literal-null-conversion -Wno-objc-literal-conversion -Wshorten-64-to-32 -Wno-newline-eof -Wno-c++11-extensions -Wno-implicit-fallthrough -isysroot /Applications/Xcode_26.6.app/Contents/Developer/Platforms/iPhoneOS.platform/Developer/SDKs/iPhoneOS26.5.sdk -fstrict-aliasing -Wdeprecated-declarations -Winvalid-offsetof -Wno-sign-conversion -Wno-infinite-recursion -Wno-move -Wno-comma -Wno-block-capture-autoreleasing -Wno-strict-prototypes -Wno-range-loop-analysis -Wno-semicolon-before-method-body -w @/Users/runner/work/red-pen-ios/red-pen-ios/ios/build/Build/Intermediates.noindex/LocalLLMClient.build/Release-iphoneos/LocalLLMClientLlamaC.build/Objects-normal/arm64/82b82416624d2658e5098eb0a28c15c5-common-args.resp -MMD -MT dependencies -MF /Users/runner/work/red-pen-ios/red-pen-ios/ios/build/Build/Intermediates.noindex/LocalLLMClient.build/Release-iphoneos/LocalLLMClientLlamaC.build/Objects-normal/arm64/cogvlm.d --serialize-diagnostics /Users/runner/work/red-pen-ios/red-pen-ios/ios/build/Build/Intermediates.noindex/LocalLLMClient.build/Release-iphoneos/LocalLLMClientLlamaC.build/Objects-normal/arm64/cogvlm.dia -c /Users/runner/work/red-pen-ios/red-pen-ios/ios/build/SourcePackages/checkouts/LocalLLMClient/Sources/LocalLLMClientLlamaC/models/cogvlm.cpp -o /Users/runner/work/red-pen-ios/red-pen-ios/ios/build/Build/Intermediates.noindex/LocalLLMClient.build/Release-iphoneos/LocalLLMClientLlamaC.build/Objects-normal/arm64/cogvlm.o

CompileC /Users/runner/work/red-pen-ios/red-pen-ios/ios/build/Build/Intermediates.noindex/LocalLLMClient.build/Release-iphoneos/LocalLLMClientLlamaC.build/Objects-normal/arm64/clip.o /Users/runner/work/red-pen-ios/red-pen-ios/ios/build/SourcePackages/checkouts/LocalLLMClient/Sources/LocalLLMClientLlamaC/clip.cpp normal arm64 c++ com.apple.compilers.llvm.clang.1_0.compiler (in target 'LocalLLMClientLlamaC' from project 'LocalLLMClient')
    cd /Users/runner/work/red-pen-ios/red-pen-ios/ios/RedPen.xcodeproj
    
    Using response file: /Users/runner/work/red-pen-ios/red-pen-ios/ios/build/Build/Intermediates.noindex/LocalLLMClient.build/Release-iphoneos/LocalLLMClientLlamaC.build/Objects-normal/arm64/82b82416624d2658e5098eb0a28c15c5-common-args.resp
    
    /Applications/Xcode_26.6.app/Contents/Developer/Toolchains/XcodeDefault.xctoolchain/usr/bin/clang -x c++ -ivfsstatcache /Users/runner/work/red-pen-ios/red-pen-ios/ios/build/SDKStatCaches.noindex/iphoneos26.5-23F81a-688ef53f1462e2c8f657fdc38a81448fee66e23052a0157c865c76b268046726.sdkstatcache -target arm64-apple-ios17.0 -fmessage-length\=0 -fdiagnostics-show-note-include-stack -fmacro-backtrace-limit\=0 -fno-color-diagnostics -fmodules-prune-interval\=86400 -fmodules-prune-after\=345600 -fbuild-session-file\=/Users/runner/work/red-pen-ios/red-pen-ios/ios/build/ModuleCache.noindex/Session.modulevalidation -fmodules-validate-once-per-build-session -Wnon-modular-include-in-framework-module -Werror\=non-modular-include-in-framework-module -Wno-trigraphs -Wno-missing-field-initializers -Wno-missing-prototypes -Wno-return-type -Wno-non-virtual-dtor -Wno-overloaded-virtual -Wno-exit-time-destructors -Wno-missing-braces -Wparentheses -Wswitch -Wno-unused-function -Wno-unused-label -Wno-unused-parameter -Wno-unused-variable -Wunused-value -Wno-empty-body -Wno-uninitialized -Wno-unknown-pragmas -w -Wno-shadow -Wno-four-char-constants -Wno-conversion -Wno-constant-conversion -Wno-int-conversion -Wno-bool-conversion -Wno-enum-conversion -Wno-float-conversion -Wno-non-literal-null-conversion -Wno-objc-literal-conversion -Wshorten-64-to-32 -Wno-newline-eof -Wno-c++11-extensions -Wno-implicit-fallthrough -isysroot /Applications/Xcode_26.6.app/Contents/Developer/Platforms/iPhoneOS.platform/Developer/SDKs/iPhoneOS26.5.sdk -fstrict-aliasing -Wdeprecated-declarations -Winvalid-offsetof -Wno-sign-conversion -Wno-infinite-recursion -Wno-move -Wno-comma -Wno-block-capture-autoreleasing -Wno-strict-prototypes -Wno-range-loop-analysis -Wno-semicolon-before-method-body -w @/Users/runner/work/red-pen-ios/red-pen-ios/ios/build/Build/Intermediates.noindex/LocalLLMClient.build/Release-iphoneos/LocalLLMClientLlamaC.build/Objects-normal/arm64/82b82416624d2658e5098eb0a28c15c5-common-args.resp -MMD -MT dependencies -MF /Users/runner/work/red-pen-ios/red-pen-ios/ios/build/Build/Intermediates.noindex/LocalLLMClient.build/Release-iphoneos/LocalLLMClientLlamaC.build/Objects-normal/arm64/clip.d --serialize-diagnostics /Users/runner/work/red-pen-ios/red-pen-ios/ios/build/Build/Intermediates.noindex/LocalLLMClient.build/Release-iphoneos/LocalLLMClientLlamaC.build/Objects-normal/arm64/clip.dia -c /Users/runner/work/red-pen-ios/red-pen-ios/ios/build/SourcePackages/checkouts/LocalLLMClient/Sources/LocalLLMClientLlamaC/clip.cpp -o /Users/runner/work/red-pen-ios/red-pen-ios/ios/build/Build/Intermediates.noindex/LocalLLMClient.build/Release-iphoneos/LocalLLMClientLlamaC.build/Objects-normal/arm64/clip.o

CompileC /Users/runner/work/red-pen-ios/red-pen-ios/ios/build/Build/Intermediates.noindex/LocalLLMClient.build/Release-iphoneos/LocalLLMClientLlamaC.build/Objects-normal/arm64/chat.o /Users/runner/work/red-pen-ios/red-pen-ios/ios/build/SourcePackages/checkouts/LocalLLMClient/Sources/LocalLLMClientLlamaC/common/chat.cpp normal arm64 c++ com.apple.compilers.llvm.clang.1_0.compiler (in target 'LocalLLMClientLlamaC' from project 'LocalLLMClient')
    cd /Users/runner/work/red-pen-ios/red-pen-ios/ios/RedPen.xcodeproj
    
    Using response file: /Users/runner/work/red-pen-ios/red-pen-ios/ios/build/Build/Intermediates.noindex/LocalLLMClient.build/Release-iphoneos/LocalLLMClientLlamaC.build/Objects-normal/arm64/82b82416624d2658e5098eb0a28c15c5-common-args.resp
    
    /Applications/Xcode_26.6.app/Contents/Developer/Toolchains/XcodeDefault.xctoolchain/usr/bin/clang -x c++ -ivfsstatcache /Users/runner/work/red-pen-ios/red-pen-ios/ios/build/SDKStatCaches.noindex/iphoneos26.5-23F81a-688ef53f1462e2c8f657fdc38a81448fee66e23052a0157c865c76b268046726.sdkstatcache -target arm64-apple-ios17.0 -fmessage-length\=0 -fdiagnostics-show-note-include-stack -fmacro-backtrace-limit\=0 -fno-color-diagnostics -fmodules-prune-interval\=86400 -fmodules-prune-after\=345600 -fbuild-session-file\=/Users/runner/work/red-pen-ios/red-pen-ios/ios/build/ModuleCache.noindex/Session.modulevalidation -fmodules-validate-once-per-build-session -Wnon-modular-include-in-framework-module -Werror\=non-modular-include-in-framework-module -Wno-trigraphs -Wno-missing-field-initializers -Wno-missing-prototypes -Wno-return-type -Wno-non-virtual-dtor -Wno-overloaded-virtual -Wno-exit-time-destructors -Wno-missing-braces -Wparentheses -Wswitch -Wno-unused-function -Wno-unused-label -Wno-unused-parameter -Wno-unused-variable -Wunused-value -Wno-empty-body -Wno-uninitialized -Wno-unknown-pragmas -w -Wno-shadow -Wno-four-char-constants -Wno-conversion -Wno-constant-conversion -Wno-int-conversion -Wno-bool-conversion -Wno-enum-conversion -Wno-float-conversion -Wno-non-literal-null-conversion -Wno-objc-literal-conversion -Wshorten-64-to-32 -Wno-newline-eof -Wno-c++11-extensions -Wno-implicit-fallthrough -isysroot /Applications/Xcode_26.6.app/Contents/Developer/Platforms/iPhoneOS.platform/Developer/SDKs/iPhoneOS26.5.sdk -fstrict-aliasing -Wdeprecated-declarations -Winvalid-offsetof -Wno-sign-conversion -Wno-infinite-recursion -Wno-move -Wno-comma -Wno-block-capture-autoreleasing -Wno-strict-prototypes -Wno-range-loop-analysis -Wno-semicolon-before-method-body -w @/Users/runner/work/red-pen-ios/red-pen-ios/ios/build/Build/Intermediates.noindex/LocalLLMClient.build/Release-iphoneos/LocalLLMClientLlamaC.build/Objects-normal/arm64/82b82416624d2658e5098eb0a28c15c5-common-args.resp -MMD -MT dependencies -MF /Users/runner/work/red-pen-ios/red-pen-ios/ios/build/Build/Intermediates.noindex/LocalLLMClient.build/Release-iphoneos/LocalLLMClientLlamaC.build/Objects-normal/arm64/chat.d --serialize-diagnostics /Users/runner/work/red-pen-ios/red-pen-ios/ios/build/Build/Intermediates.noindex/LocalLLMClient.build/Release-iphoneos/LocalLLMClientLlamaC.build/Objects-normal/arm64/chat.dia -c /Users/runner/work/red-pen-ios/red-pen-ios/ios/build/SourcePackages/checkouts/LocalLLMClient/Sources/LocalLLMClientLlamaC/common/chat.cpp -o /Users/runner/work/red-pen-ios/red-pen-ios/ios/build/Build/Intermediates.noindex/LocalLLMClient.build/Release-iphoneos/LocalLLMClientLlamaC.build/Objects-normal/arm64/chat.o

CompileC /Users/runner/work/red-pen-ios/red-pen-ios/ios/build/Build/Intermediates.noindex/LocalLLMClient.build/Release-iphoneos/LocalLLMClientLlamaC.build/Objects-normal/arm64/chat-peg-parser.o /Users/runner/work/red-pen-ios/red-pen-ios/ios/build/SourcePackages/checkouts/LocalLLMClient/Sources/LocalLLMClientLlamaC/common/chat-peg-parser.cpp normal arm64 c++ com.apple.compilers.llvm.clang.1_0.compiler (in target 'LocalLLMClientLlamaC' from project 'LocalLLMClient')
    cd /Users/runner/work/red-pen-ios/red-pen-ios/ios/RedPen.xcodeproj
    
    Using response file: /Users/runner/work/red-pen-ios/red-pen-ios/ios/build/Build/Intermediates.noindex/LocalLLMClient.build/Release-iphoneos/LocalLLMClientLlamaC.build/Objects-normal/arm64/82b82416624d2658e5098eb0a28c15c5-common-args.resp
    
    /Applications/Xcode_26.6.app/Contents/Developer/Toolchains/XcodeDefault.xctoolchain/usr/bin/clang -x c++ -ivfsstatcache /Users/runner/work/red-pen-ios/red-pen-ios/ios/build/SDKStatCaches.noindex/iphoneos26.5-23F81a-688ef53f1462e2c8f657fdc38a81448fee66e23052a0157c865c76b268046726.sdkstatcache -target arm64-apple-ios17.0 -fmessage-length\=0 -fdiagnostics-show-note-include-stack -fmacro-backtrace-limit\=0 -fno-color-diagnostics -fmodules-prune-interval\=86400 -fmodules-prune-after\=345600 -fbuild-session-file\=/Users/runner/work/red-pen-ios/red-pen-ios/ios/build/ModuleCache.noindex/Session.modulevalidation -fmodules-validate-once-per-build-session -Wnon-modular-include-in-framework-module -Werror\=non-modular-include-in-framework-module -Wno-trigraphs -Wno-missing-field-initializers -Wno-missing-prototypes -Wno-return-type -Wno-non-virtual-dtor -Wno-overloaded-virtual -Wno-exit-time-destructors -Wno-missing-braces -Wparentheses -Wswitch -Wno-unused-function -Wno-unused-label -Wno-unused-parameter -Wno-unused-variable -Wunused-value -Wno-empty-body -Wno-uninitialized -Wno-unknown-pragmas -w -Wno-shadow -Wno-four-char-constants -Wno-conversion -Wno-constant-conversion -Wno-int-conversion -Wno-bool-conversion -Wno-enum-conversion -Wno-float-conversion -Wno-non-literal-null-conversion -Wno-objc-literal-conversion -Wshorten-64-to-32 -Wno-newline-eof -Wno-c++11-extensions -Wno-implicit-fallthrough -isysroot /Applications/Xcode_26.6.app/Contents/Developer/Platforms/iPhoneOS.platform/Developer/SDKs/iPhoneOS26.5.sdk -fstrict-aliasing -Wdeprecated-declarations -Winvalid-offsetof -Wno-sign-conversion -Wno-infinite-recursion -Wno-move -Wno-comma -Wno-block-capture-autoreleasing -Wno-strict-prototypes -Wno-range-loop-analysis -Wno-semicolon-before-method-body -w @/Users/runner/work/red-pen-ios/red-pen-ios/ios/build/Build/Intermediates.noindex/LocalLLMClient.build/Release-iphoneos/LocalLLMClientLlamaC.build/Objects-normal/arm64/82b82416624d2658e5098eb0a28c15c5-common-args.resp -MMD -MT dependencies -MF /Users/runner/work/red-pen-ios/red-pen-ios/ios/build/Build/Intermediates.noindex/LocalLLMClient.build/Release-iphoneos/LocalLLMClientLlamaC.build/Objects-normal/arm64/chat-peg-parser.d --serialize-diagnostics /Users/runner/work/red-pen-ios/red-pen-ios/ios/build/Build/Intermediates.noindex/LocalLLMClient.build/Release-iphoneos/LocalLLMClientLlamaC.build/Objects-normal/arm64/chat-peg-parser.dia -c /Users/runner/work/red-pen-ios/red-pen-ios/ios/build/SourcePackages/checkouts/LocalLLMClient/Sources/LocalLLMClientLlamaC/common/chat-peg-parser.cpp -o /Users/runner/work/red-pen-ios/red-pen-ios/ios/build/Build/Intermediates.noindex/LocalLLMClient.build/Release-iphoneos/LocalLLMClientLlamaC.build/Objects-normal/arm64/chat-peg-parser.o

CompileC /Users/runner/work/red-pen-ios/red-pen-ios/ios/build/Build/Intermediates.noindex/LocalLLMClient.build/Release-iphoneos/LocalLLMClientLlamaC.build/Objects-normal/arm64/chat-diff-analyzer.o /Users/runner/work/red-pen-ios/red-pen-ios/ios/build/SourcePackages/checkouts/LocalLLMClient/Sources/LocalLLMClientLlamaC/common/chat-diff-analyzer.cpp normal arm64 c++ com.apple.compilers.llvm.clang.1_0.compiler (in target 'LocalLLMClientLlamaC' from project 'LocalLLMClient')
    cd /Users/runner/work/red-pen-ios/red-pen-ios/ios/RedPen.xcodeproj
    
    Using response file: /Users/runner/work/red-pen-ios/red-pen-ios/ios/build/Build/Intermediates.noindex/LocalLLMClient.build/Release-iphoneos/LocalLLMClientLlamaC.build/Objects-normal/arm64/82b82416624d2658e5098eb0a28c15c5-common-args.resp
    
    /Applications/Xcode_26.6.app/Contents/Developer/Toolchains/XcodeDefault.xctoolchain/usr/bin/clang -x c++ -ivfsstatcache /Users/runner/work/red-pen-ios/red-pen-ios/ios/build/SDKStatCaches.noindex/iphoneos26.5-23F81a-688ef53f1462e2c8f657fdc38a81448fee66e23052a0157c865c76b268046726.sdkstatcache -target arm64-apple-ios17.0 -fmessage-length\=0 -fdiagnostics-show-note-include-stack -fmacro-backtrace-limit\=0 -fno-color-diagnostics -fmodules-prune-interval\=86400 -fmodules-prune-after\=345600 -fbuild-session-file\=/Users/runner/work/red-pen-ios/red-pen-ios/ios/build/ModuleCache.noindex/Session.modulevalidation -fmodules-validate-once-per-build-session -Wnon-modular-include-in-framework-module -Werror\=non-modular-include-in-framework-module -Wno-trigraphs -Wno-missing-field-initializers -Wno-missing-prototypes -Wno-return-type -Wno-non-virtual-dtor -Wno-overloaded-virtual -Wno-exit-time-destructors -Wno-missing-braces -Wparentheses -Wswitch -Wno-unused-function -Wno-unused-label -Wno-unused-parameter -Wno-unused-variable -Wunused-value -Wno-empty-body -Wno-uninitialized -Wno-unknown-pragmas -w -Wno-shadow -Wno-four-char-constants -Wno-conversion -Wno-constant-conversion -Wno-int-conversion -Wno-bool-conversion -Wno-enum-conversion -Wno-float-conversion -Wno-non-literal-null-conversion -Wno-objc-literal-conversion -Wshorten-64-to-32 -Wno-newline-eof -Wno-c++11-extensions -Wno-implicit-fallthrough -isysroot /Applications/Xcode_26.6.app/Contents/Developer/Platforms/iPhoneOS.platform/Developer/SDKs/iPhoneOS26.5.sdk -fstrict-aliasing -Wdeprecated-declarations -Winvalid-offsetof -Wno-sign-conversion -Wno-infinite-recursion -Wno-move -Wno-comma -Wno-block-capture-autoreleasing -Wno-strict-prototypes -Wno-range-loop-analysis -Wno-semicolon-before-method-body -w @/Users/runner/work/red-pen-ios/red-pen-ios/ios/build/Build/Intermediates.noindex/LocalLLMClient.build/Release-iphoneos/LocalLLMClientLlamaC.build/Objects-normal/arm64/82b82416624d2658e5098eb0a28c15c5-common-args.resp -MMD -MT dependencies -MF /Users/runner/work/red-pen-ios/red-pen-ios/ios/build/Build/Intermediates.noindex/LocalLLMClient.build/Release-iphoneos/LocalLLMClientLlamaC.build/Objects-normal/arm64/chat-diff-analyzer.d --serialize-diagnostics /Users/runner/work/red-pen-ios/red-pen-ios/ios/build/Build/Intermediates.noindex/LocalLLMClient.build/Release-iphoneos/LocalLLMClientLlamaC.build/Objects-normal/arm64/chat-diff-analyzer.dia -c /Users/runner/work/red-pen-ios/red-pen-ios/ios/build/SourcePackages/checkouts/LocalLLMClient/Sources/LocalLLMClientLlamaC/common/chat-diff-analyzer.cpp -o /Users/runner/work/red-pen-ios/red-pen-ios/ios/build/Build/Intermediates.noindex/LocalLLMClient.build/Release-iphoneos/LocalLLMClientLlamaC.build/Objects-normal/arm64/chat-diff-analyzer.o

CompileC /Users/runner/work/red-pen-ios/red-pen-ios/ios/build/Build/Intermediates.noindex/LocalLLMClient.build/Release-iphoneos/LocalLLMClientLlamaC.build/Objects-normal/arm64/chat-auto-parser-helpers.o /Users/runner/work/red-pen-ios/red-pen-ios/ios/build/SourcePackages/checkouts/LocalLLMClient/Sources/LocalLLMClientLlamaC/common/chat-auto-parser-helpers.cpp normal arm64 c++ com.apple.compilers.llvm.clang.1_0.compiler (in target 'LocalLLMClientLlamaC' from project 'LocalLLMClient')
    cd /Users/runner/work/red-pen-ios/red-pen-ios/ios/RedPen.xcodeproj
    
    Using response file: /Users/runner/work/red-pen-ios/red-pen-ios/ios/build/Build/Intermediates.noindex/LocalLLMClient.build/Release-iphoneos/LocalLLMClientLlamaC.build/Objects-normal/arm64/82b82416624d2658e5098eb0a28c15c5-common-args.resp
    
    /Applications/Xcode_26.6.app/Contents/Developer/Toolchains/XcodeDefault.xctoolchain/usr/bin/clang -x c++ -ivfsstatcache /Users/runner/work/red-pen-ios/red-pen-ios/ios/build/SDKStatCaches.noindex/iphoneos26.5-23F81a-688ef53f1462e2c8f657fdc38a81448fee66e23052a0157c865c76b268046726.sdkstatcache -target arm64-apple-ios17.0 -fmessage-length\=0 -fdiagnostics-show-note-include-stack -fmacro-backtrace-limit\=0 -fno-color-diagnostics -fmodules-prune-interval\=86400 -fmodules-prune-after\=345600 -fbuild-session-file\=/Users/runner/work/red-pen-ios/red-pen-ios/ios/build/ModuleCache.noindex/Session.modulevalidation -fmodules-validate-once-per-build-session -Wnon-modular-include-in-framework-module -Werror\=non-modular-include-in-framework-module -Wno-trigraphs -Wno-missing-field-initializers -Wno-missing-prototypes -Wno-return-type -Wno-non-virtual-dtor -Wno-overloaded-virtual -Wno-exit-time-destructors -Wno-missing-braces -Wparentheses -Wswitch -Wno-unused-function -Wno-unused-label -Wno-unused-parameter -Wno-unused-variable -Wunused-value -Wno-empty-body -Wno-uninitialized -Wno-unknown-pragmas -w -Wno-shadow -Wno-four-char-constants -Wno-conversion -Wno-constant-conversion -Wno-int-conversion -Wno-bool-conversion -Wno-enum-conversion -Wno-float-conversion -Wno-non-literal-null-conversion -Wno-objc-literal-conversion -Wshorten-64-to-32 -Wno-newline-eof -Wno-c++11-extensions -Wno-implicit-fallthrough -isysroot /Applications/Xcode_26.6.app/Contents/Developer/Platforms/iPhoneOS.platform/Developer/SDKs/iPhoneOS26.5.sdk -fstrict-aliasing -Wdeprecated-declarations -Winvalid-offsetof -Wno-sign-conversion -Wno-infinite-recursion -Wno-move -Wno-comma -Wno-block-capture-autoreleasing -Wno-strict-prototypes -Wno-range-loop-analysis -Wno-semicolon-before-method-body -w @/Users/runner/work/red-pen-ios/red-pen-ios/ios/build/Build/Intermediates.noindex/LocalLLMClient.build/Release-iphoneos/LocalLLMClientLlamaC.build/Objects-normal/arm64/82b82416624d2658e5098eb0a28c15c5-common-args.resp -MMD -MT dependencies -MF /Users/runner/work/red-pen-ios/red-pen-ios/ios/build/Build/Intermediates.noindex/LocalLLMClient.build/Release-iphoneos/LocalLLMClientLlamaC.build/Objects-normal/arm64/chat-auto-parser-helpers.d --serialize-diagnostics /Users/runner/work/red-pen-ios/red-pen-ios/ios/build/Build/Intermediates.noindex/LocalLLMClient.build/Release-iphoneos/LocalLLMClientLlamaC.build/Objects-normal/arm64/chat-auto-parser-helpers.dia -c /Users/runner/work/red-pen-ios/red-pen-ios/ios/build/SourcePackages/checkouts/LocalLLMClient/Sources/LocalLLMClientLlamaC/common/chat-auto-parser-helpers.cpp -o /Users/runner/work/red-pen-ios/red-pen-ios/ios/build/Build/Intermediates.noindex/LocalLLMClient.build/Release-iphoneos/LocalLLMClientLlamaC.build/Objects-normal/arm64/chat-auto-parser-helpers.o

CompileC /Users/runner/work/red-pen-ios/red-pen-ios/ios/build/Build/Intermediates.noindex/LocalLLMClient.build/Release-iphoneos/LocalLLMClientLlamaC.build/Objects-normal/arm64/chat-auto-parser-generator.o /Users/runner/work/red-pen-ios/red-pen-ios/ios/build/SourcePackages/checkouts/LocalLLMClient/Sources/LocalLLMClientLlamaC/common/chat-auto-parser-generator.cpp normal arm64 c++ com.apple.compilers.llvm.clang.1_0.compiler (in target 'LocalLLMClientLlamaC' from project 'LocalLLMClient')
    cd /Users/runner/work/red-pen-ios/red-pen-ios/ios/RedPen.xcodeproj
    
    Using response file: /Users/runner/work/red-pen-ios/red-pen-ios/ios/build/Build/Intermediates.noindex/LocalLLMClient.build/Release-iphoneos/LocalLLMClientLlamaC.build/Objects-normal/arm64/82b82416624d2658e5098eb0a28c15c5-common-args.resp
    
    /Applications/Xcode_26.6.app/Contents/Developer/Toolchains/XcodeDefault.xctoolchain/usr/bin/clang -x c++ -ivfsstatcache /Users/runner/work/red-pen-ios/red-pen-ios/ios/build/SDKStatCaches.noindex/iphoneos26.5-23F81a-688ef53f1462e2c8f657fdc38a81448fee66e23052a0157c865c76b268046726.sdkstatcache -target arm64-apple-ios17.0 -fmessage-length\=0 -fdiagnostics-show-note-include-stack -fmacro-backtrace-limit\=0 -fno-color-diagnostics -fmodules-prune-interval\=86400 -fmodules-prune-after\=345600 -fbuild-session-file\=/Users/runner/work/red-pen-ios/red-pen-ios/ios/build/ModuleCache.noindex/Session.modulevalidation -fmodules-validate-once-per-build-session -Wnon-modular-include-in-framework-module -Werror\=non-modular-include-in-framework-module -Wno-trigraphs -Wno-missing-field-initializers -Wno-missing-prototypes -Wno-return-type -Wno-non-virtual-dtor -Wno-overloaded-virtual -Wno-exit-time-destructors -Wno-missing-braces -Wparentheses -Wswitch -Wno-unused-function -Wno-unused-label -Wno-unused-parameter -Wno-unused-variable -Wunused-value -Wno-empty-body -Wno-uninitialized -Wno-unknown-pragmas -w -Wno-shadow -Wno-four-char-constants -Wno-conversion -Wno-constant-conversion -Wno-int-conversion -Wno-bool-conversion -Wno-enum-conversion -Wno-float-conversion -Wno-non-literal-null-conversion -Wno-objc-literal-conversion -Wshorten-64-to-32 -Wno-newline-eof -Wno-c++11-extensions -Wno-implicit-fallthrough -isysroot /Applications/Xcode_26.6.app/Contents/Developer/Platforms/iPhoneOS.platform/Developer/SDKs/iPhoneOS26.5.sdk -fstrict-aliasing -Wdeprecated-declarations -Winvalid-offsetof -Wno-sign-conversion -Wno-infinite-recursion -Wno-move -Wno-comma -Wno-block-capture-autoreleasing -Wno-strict-prototypes -Wno-range-loop-analysis -Wno-semicolon-before-method-body -w @/Users/runner/work/red-pen-ios/red-pen-ios/ios/build/Build/Intermediates.noindex/LocalLLMClient.build/Release-iphoneos/LocalLLMClientLlamaC.build/Objects-normal/arm64/82b82416624d2658e5098eb0a28c15c5-common-args.resp -MMD -MT dependencies -MF /Users/runner/work/red-pen-ios/red-pen-ios/ios/build/Build/Intermediates.noindex/LocalLLMClient.build/Release-iphoneos/LocalLLMClientLlamaC.build/Objects-normal/arm64/chat-auto-parser-generator.d --serialize-diagnostics /Users/runner/work/red-pen-ios/red-pen-ios/ios/build/Build/Intermediates.noindex/LocalLLMClient.build/Release-iphoneos/LocalLLMClientLlamaC.build/Objects-normal/arm64/chat-auto-parser-generator.dia -c /Users/runner/work/red-pen-ios/red-pen-ios/ios/build/SourcePackages/checkouts/LocalLLMClient/Sources/LocalLLMClientLlamaC/common/chat-auto-parser-generator.cpp -o /Users/runner/work/red-pen-ios/red-pen-ios/ios/build/Build/Intermediates.noindex/LocalLLMClient.build/Release-iphoneos/LocalLLMClientLlamaC.build/Objects-normal/arm64/chat-auto-parser-generator.o

CompileC /Users/runner/work/red-pen-ios/red-pen-ios/ios/build/Build/Intermediates.noindex/LocalLLMClient.build/Release-iphoneos/LocalLLMClientLlamaC.build/Objects-normal/arm64/caps.o /Users/runner/work/red-pen-ios/red-pen-ios/ios/build/SourcePackages/checkouts/LocalLLMClient/Sources/LocalLLMClientLlamaC/include/jinja/caps.cpp normal arm64 c++ com.apple.compilers.llvm.clang.1_0.compiler (in target 'LocalLLMClientLlamaC' from project 'LocalLLMClient')
    cd /Users/runner/work/red-pen-ios/red-pen-ios/ios/RedPen.xcodeproj
    
    Using response file: /Users/runner/work/red-pen-ios/red-pen-ios/ios/build/Build/Intermediates.noindex/LocalLLMClient.build/Release-iphoneos/LocalLLMClientLlamaC.build/Objects-normal/arm64/82b82416624d2658e5098eb0a28c15c5-common-args.resp
    
    /Applications/Xcode_26.6.app/Contents/Developer/Toolchains/XcodeDefault.xctoolchain/usr/bin/clang -x c++ -ivfsstatcache /Users/runner/work/red-pen-ios/red-pen-ios/ios/build/SDKStatCaches.noindex/iphoneos26.5-23F81a-688ef53f1462e2c8f657fdc38a81448fee66e23052a0157c865c76b268046726.sdkstatcache -target arm64-apple-ios17.0 -fmessage-length\=0 -fdiagnostics-show-note-include-stack -fmacro-backtrace-limit\=0 -fno-color-diagnostics -fmodules-prune-interval\=86400 -fmodules-prune-after\=345600 -fbuild-session-file\=/Users/runner/work/red-pen-ios/red-pen-ios/ios/build/ModuleCache.noindex/Session.modulevalidation -fmodules-validate-once-per-build-session -Wnon-modular-include-in-framework-module -Werror\=non-modular-include-in-framework-module -Wno-trigraphs -Wno-missing-field-initializers -Wno-missing-prototypes -Wno-return-type -Wno-non-virtual-dtor -Wno-overloaded-virtual -Wno-exit-time-destructors -Wno-missing-braces -Wparentheses -Wswitch -Wno-unused-function -Wno-unused-label -Wno-unused-parameter -Wno-unused-variable -Wunused-value -Wno-empty-body -Wno-uninitialized -Wno-unknown-pragmas -w -Wno-shadow -Wno-four-char-constants -Wno-conversion -Wno-constant-conversion -Wno-int-conversion -Wno-bool-conversion -Wno-enum-conversion -Wno-float-conversion -Wno-non-literal-null-conversion -Wno-objc-literal-conversion -Wshorten-64-to-32 -Wno-newline-eof -Wno-c++11-extensions -Wno-implicit-fallthrough -isysroot /Applications/Xcode_26.6.app/Contents/Developer/Platforms/iPhoneOS.platform/Developer/SDKs/iPhoneOS26.5.sdk -fstrict-aliasing -Wdeprecated-declarations -Winvalid-offsetof -Wno-sign-conversion -Wno-infinite-recursion -Wno-move -Wno-comma -Wno-block-capture-autoreleasing -Wno-strict-prototypes -Wno-range-loop-analysis -Wno-semicolon-before-method-body -w @/Users/runner/work/red-pen-ios/red-pen-ios/ios/build/Build/Intermediates.noindex/LocalLLMClient.build/Release-iphoneos/LocalLLMClientLlamaC.build/Objects-normal/arm64/82b82416624d2658e5098eb0a28c15c5-common-args.resp -MMD -MT dependencies -MF /Users/runner/work/red-pen-ios/red-pen-ios/ios/build/Build/Intermediates.noindex/LocalLLMClient.build/Release-iphoneos/LocalLLMClientLlamaC.build/Objects-normal/arm64/caps.d --serialize-diagnostics /Users/runner/work/red-pen-ios/red-pen-ios/ios/build/Build/Intermediates.noindex/LocalLLMClient.build/Release-iphoneos/LocalLLMClientLlamaC.build/Objects-normal/arm64/caps.dia -c /Users/runner/work/red-pen-ios/red-pen-ios/ios/build/SourcePackages/checkouts/LocalLLMClient/Sources/LocalLLMClientLlamaC/include/jinja/caps.cpp -o /Users/runner/work/red-pen-ios/red-pen-ios/ios/build/Build/Intermediates.noindex/LocalLLMClient.build/Release-iphoneos/LocalLLMClientLlamaC.build/Objects-normal/arm64/caps.o

CompileC /Users/runner/work/red-pen-ios/red-pen-ios/ios/build/Build/Intermediates.noindex/LocalLLMClient.build/Release-iphoneos/LocalLLMClientLlamaC.build/Objects-normal/arm64/build-info.o /Users/runner/work/red-pen-ios/red-pen-ios/ios/build/SourcePackages/checkouts/LocalLLMClient/Sources/LocalLLMClientLlamaC/common/build-info.cpp normal arm64 c++ com.apple.compilers.llvm.clang.1_0.compiler (in target 'LocalLLMClientLlamaC' from project 'LocalLLMClient')
    cd /Users/runner/work/red-pen-ios/red-pen-ios/ios/RedPen.xcodeproj
    
    Using response file: /Users/runner/work/red-pen-ios/red-pen-ios/ios/build/Build/Intermediates.noindex/LocalLLMClient.build/Release-iphoneos/LocalLLMClientLlamaC.build/Objects-normal/arm64/82b82416624d2658e5098eb0a28c15c5-common-args.resp
    
    /Applications/Xcode_26.6.app/Contents/Developer/Toolchains/XcodeDefault.xctoolchain/usr/bin/clang -x c++ -ivfsstatcache /Users/runner/work/red-pen-ios/red-pen-ios/ios/build/SDKStatCaches.noindex/iphoneos26.5-23F81a-688ef53f1462e2c8f657fdc38a81448fee66e23052a0157c865c76b268046726.sdkstatcache -target arm64-apple-ios17.0 -fmessage-length\=0 -fdiagnostics-show-note-include-stack -fmacro-backtrace-limit\=0 -fno-color-diagnostics -fmodules-prune-interval\=86400 -fmodules-prune-after\=345600 -fbuild-session-file\=/Users/runner/work/red-pen-ios/red-pen-ios/ios/build/ModuleCache.noindex/Session.modulevalidation -fmodules-validate-once-per-build-session -Wnon-modular-include-in-framework-module -Werror\=non-modular-include-in-framework-module -Wno-trigraphs -Wno-missing-field-initializers -Wno-missing-prototypes -Wno-return-type -Wno-non-virtual-dtor -Wno-overloaded-virtual -Wno-exit-time-destructors -Wno-missing-braces -Wparentheses -Wswitch -Wno-unused-function -Wno-unused-label -Wno-unused-parameter -Wno-unused-variable -Wunused-value -Wno-empty-body -Wno-uninitialized -Wno-unknown-pragmas -w -Wno-shadow -Wno-four-char-constants -Wno-conversion -Wno-constant-conversion -Wno-int-conversion -Wno-bool-conversion -Wno-enum-conversion -Wno-float-conversion -Wno-non-literal-null-conversion -Wno-objc-literal-conversion -Wshorten-64-to-32 -Wno-newline-eof -Wno-c++11-extensions -Wno-implicit-fallthrough -isysroot /Applications/Xcode_26.6.app/Contents/Developer/Platforms/iPhoneOS.platform/Developer/SDKs/iPhoneOS26.5.sdk -fstrict-aliasing -Wdeprecated-declarations -Winvalid-offsetof -Wno-sign-conversion -Wno-infinite-recursion -Wno-move -Wno-comma -Wno-block-capture-autoreleasing -Wno-strict-prototypes -Wno-range-loop-analysis -Wno-semicolon-before-method-body -w @/Users/runner/work/red-pen-ios/red-pen-ios/ios/build/Build/Intermediates.noindex/LocalLLMClient.build/Release-iphoneos/LocalLLMClientLlamaC.build/Objects-normal/arm64/82b82416624d2658e5098eb0a28c15c5-common-args.resp -MMD -MT dependencies -MF /Users/runner/work/red-pen-ios/red-pen-ios/ios/build/Build/Intermediates.noindex/LocalLLMClient.build/Release-iphoneos/LocalLLMClientLlamaC.build/Objects-normal/arm64/build-info.d --serialize-diagnostics /Users/runner/work/red-pen-ios/red-pen-ios/ios/build/Build/Intermediates.noindex/LocalLLMClient.build/Release-iphoneos/LocalLLMClientLlamaC.build/Objects-normal/arm64/build-info.dia -c /Users/runner/work/red-pen-ios/red-pen-ios/ios/build/SourcePackages/checkouts/LocalLLMClient/Sources/LocalLLMClientLlamaC/common/build-info.cpp -o /Users/runner/work/red-pen-ios/red-pen-ios/ios/build/Build/Intermediates.noindex/LocalLLMClient.build/Release-iphoneos/LocalLLMClientLlamaC.build/Objects-normal/arm64/build-info.o

SwiftDriver\ Compilation LocalLLMClientUtility normal arm64 com.apple.xcode.tools.swift.compiler (in target 'LocalLLMClientUtility' from project 'LocalLLMClient')
    cd /Users/runner/work/red-pen-ios/red-pen-ios/ios/RedPen.xcodeproj
    builtin-Swift-Compilation -- /Applications/Xcode_26.6.app/Contents/Developer/Toolchains/XcodeDefault.xctoolchain/usr/bin/swiftc -module-name LocalLLMClientUtility -O -whole-module-optimization @/Users/runner/work/red-pen-ios/red-pen-ios/ios/build/Build/Intermediates.noindex/LocalLLMClient.build/Release-iphoneos/LocalLLMClientUtility.build/Objects-normal/arm64/LocalLLMClientUtility.SwiftFileList -DSWIFT_PACKAGE -DSWIFT_MODULE_RESOURCE_BUNDLE_UNAVAILABLE -DXcode -plugin-path /Applications/Xcode_26.6.app/Contents/Developer/Toolchains/XcodeDefault.xctoolchain/usr/lib/swift/host/plugins/testing -enable-experimental-feature DebugDescriptionMacro -sdk /Applications/Xcode_26.6.app/Contents/Developer/Platforms/iPhoneOS.platform/Developer/SDKs/iPhoneOS26.5.sdk -target arm64-apple-ios17.0 -g -module-cache-path /Users/runner/work/red-pen-ios/red-pen-ios/ios/build/ModuleCache.noindex -Xfrontend -serialize-debugging-options -suppress-warnings -swift-version 6 -I /Users/runner/work/red-pen-ios/red-pen-ios/ios/build/Build/Products/Release-iphoneos -Isystem /Applications/Xcode_26.6.app/Contents/Developer/Platforms/iPhoneOS.platform/Developer/usr/lib -F /Users/runner/work/red-pen-ios/red-pen-ios/ios/build/Build/Products/Release-iphoneos -F /Applications/Xcode_26.6.app/Contents/Developer/Platforms/iPhoneOS.platform/Developer/Library/Frameworks -F /Applications/Xcode_26.6.app/Contents/Developer/Platforms/iPhoneOS.platform/Developer/SDKs/iPhoneOS26.5.sdk/Developer/Library/Frameworks -c -num-threads 3 -Xcc -ivfsstatcache -Xcc /Users/runner/work/red-pen-ios/red-pen-ios/ios/build/SDKStatCaches.noindex/iphoneos26.5-23F81a-688ef53f1462e2c8f657fdc38a81448fee66e23052a0157c865c76b268046726.sdkstatcache -output-file-map /Users/runner/work/red-pen-ios/red-pen-ios/ios/build/Build/Intermediates.noindex/LocalLLMClient.build/Release-iphoneos/LocalLLMClientUtility.build/Objects-normal/arm64/LocalLLMClientUtility-OutputFileMap.json -use-frontend-parseable-output -save-temps -no-color-diagnostics -serialize-diagnostics -emit-dependencies -emit-module -emit-module-path /Users/runner/work/red-pen-ios/red-pen-ios/ios/build/Build/Intermediates.noindex/LocalLLMClient.build/Release-iphoneos/LocalLLMClientUtility.build/Objects-normal/arm64/LocalLLMClientUtility.swiftmodule -validate-clang-modules-once -clang-build-session-file /Users/runner/work/red-pen-ios/red-pen-ios/ios/build/ModuleCache.noindex/Session.modulevalidation -package-name localllmclient -Xcc -I/Users/runner/work/red-pen-ios/red-pen-ios/ios/build/Build/Intermediates.noindex/LocalLLMClient.build/Release-iphoneos/LocalLLMClientUtility.build/swift-overrides.hmap -emit-const-values -Xfrontend -const-gather-protocols-file -Xfrontend /Users/runner/work/red-pen-ios/red-pen-ios/ios/build/Build/Intermediates.noindex/LocalLLMClient.build/Release-iphoneos/LocalLLMClientUtility.build/Objects-normal/arm64/LocalLLMClientUtility_const_extract_protocols.json -Xcc -I/Users/runner/work/red-pen-ios/red-pen-ios/ios/build/Build/Products/Release-iphoneos/include -Xcc -I/Users/runner/work/red-pen-ios/red-pen-ios/ios/build/Build/Intermediates.noindex/LocalLLMClient.build/Release-iphoneos/LocalLLMClientUtility.build/DerivedSources-normal/arm64 -Xcc -I/Users/runner/work/red-pen-ios/red-pen-ios/ios/build/Build/Intermediates.noindex/LocalLLMClient.build/Release-iphoneos/LocalLLMClientUtility.build/DerivedSources/arm64 -Xcc -I/Users/runner/work/red-pen-ios/red-pen-ios/ios/build/Build/Intermediates.noindex/LocalLLMClient.build/Release-iphoneos/LocalLLMClientUtility.build/DerivedSources -Xcc -DSWIFT_PACKAGE -emit-objc-header -emit-objc-header-path /Users/runner/work/red-pen-ios/red-pen-ios/ios/build/Build/Intermediates.noindex/LocalLLMClient.build/Release-iphoneos/LocalLLMClientUtility.build/Objects-normal/arm64/LocalLLMClientUtility-Swift.h -working-directory /Users/runner/work/red-pen-ios/red-pen-ios/ios/RedPen.xcodeproj -no-emit-module-separately-wmo

SwiftDriver\ Compilation LocalLLMClientMacrosPlugin normal arm64 com.apple.xcode.tools.swift.compiler (in target 'LocalLLMClientMacrosPlugin' from project 'LocalLLMClient')
    cd /Users/runner/work/red-pen-ios/red-pen-ios/ios/RedPen.xcodeproj
    builtin-Swift-Compilation -- /Applications/Xcode_26.6.app/Contents/Developer/Toolchains/XcodeDefault.xctoolchain/usr/bin/swiftc -module-name LocalLLMClientMacrosPlugin -O -whole-module-optimization @/Users/runner/work/red-pen-ios/red-pen-ios/ios/build/Build/Intermediates.noindex/LocalLLMClient.build/Release/LocalLLMClientMacrosPlugin.build/Objects-normal/arm64/LocalLLMClientMacrosPlugin.SwiftFileList -DSWIFT_PACKAGE -DXcode -I /Users/runner/work/red-pen-ios/red-pen-ios/ios/build/SourcePackages/prebuilts/swift-syntax/603.0.2/swiftlang-6.3.3.1.3-macosx26.5-MacroSupport/Modules -I /Users/runner/work/red-pen-ios/red-pen-ios/ios/build/SourcePackages/checkouts/swift-syntax/Sources/_SwiftLibraryPluginProviderCShims/include -I /Users/runner/work/red-pen-ios/red-pen-ios/ios/build/SourcePackages/checkouts/swift-syntax/Sources/_SwiftSyntaxCShims/include -plugin-path /Applications/Xcode_26.6.app/Contents/Developer/Toolchains/XcodeDefault.xctoolchain/usr/lib/swift/host/plugins/testing -enable-experimental-feature DebugDescriptionMacro -sdk /Applications/Xcode_26.6.app/Contents/Developer/Platforms/MacOSX.platform/Developer/SDKs/MacOSX26.5.sdk -target arm64-apple-macos14.0 -g -module-cache-path /Users/runner/work/red-pen-ios/red-pen-ios/ios/build/ModuleCache.noindex -Xfrontend -serialize-debugging-options -suppress-warnings -swift-version 6 -I /Users/runner/work/red-pen-ios/red-pen-ios/ios/build/Build/Products/Release -Isystem /Applications/Xcode_26.6.app/Contents/Developer/Platforms/MacOSX.platform/Developer/usr/lib -F /Users/runner/work/red-pen-ios/red-pen-ios/ios/build/Build/Products/Release -F /Applications/Xcode_26.6.app/Contents/Developer/Platforms/MacOSX.platform/Developer/Library/Frameworks -c -num-threads 3 -Xcc -ivfsstatcache -Xcc /Users/runner/work/red-pen-ios/red-pen-ios/ios/build/SDKStatCaches.noindex/macosx26.5-25F70-688ef53f1462e2c8f657fdc38a81448fee0e6409aa6676c5e6c013d148225433.sdkstatcache -output-file-map /Users/runner/work/red-pen-ios/red-pen-ios/ios/build/Build/Intermediates.noindex/LocalLLMClient.build/Release/LocalLLMClientMacrosPlugin.build/Objects-normal/arm64/LocalLLMClientMacrosPlugin-OutputFileMap.json -use-frontend-parseable-output -save-temps -no-color-diagnostics -serialize-diagnostics -emit-dependencies -emit-module -emit-module-path /Users/runner/work/red-pen-ios/red-pen-ios/ios/build/Build/Intermediates.noindex/LocalLLMClient.build/Release/LocalLLMClientMacrosPlugin.build/Objects-normal/arm64/LocalLLMClientMacrosPlugin.swiftmodule -validate-clang-modules-once -clang-build-session-file /Users/runner/work/red-pen-ios/red-pen-ios/ios/build/ModuleCache.noindex/Session.modulevalidation -package-name localllmclient -emit-const-values -Xfrontend -const-gather-protocols-file -Xfrontend /Users/runner/work/red-pen-ios/red-pen-ios/ios/build/Build/Intermediates.noindex/LocalLLMClient.build/Release/LocalLLMClientMacrosPlugin.build/Objects-normal/arm64/LocalLLMClientMacrosPlugin_const_extract_protocols.json -Xcc -I/Users/runner/work/red-pen-ios/red-pen-ios/ios/build/Build/Products/Release/include -Xcc -I/Users/runner/work/red-pen-ios/red-pen-ios/ios/build/Build/Intermediates.noindex/LocalLLMClient.build/Release/LocalLLMClientMacrosPlugin.build/DerivedSources-normal/arm64 -Xcc -I/Users/runner/work/red-pen-ios/red-pen-ios/ios/build/Build/Intermediates.noindex/LocalLLMClient.build/Release/LocalLLMClientMacrosPlugin.build/DerivedSources/arm64 -Xcc -I/Users/runner/work/red-pen-ios/red-pen-ios/ios/build/Build/Intermediates.noindex/LocalLLMClient.build/Release/LocalLLMClientMacrosPlugin.build/DerivedSources -Xcc -DSWIFT_PACKAGE -working-directory /Users/runner/work/red-pen-ios/red-pen-ios/ios/RedPen.xcodeproj -no-emit-module-separately-wmo

GenerateDSYMFile /Users/runner/work/red-pen-ios/red-pen-ios/ios/build/Build/Products/Release/LocalLLMClientMacrosPlugin.dSYM /Users/runner/work/red-pen-ios/red-pen-ios/ios/build/Build/Products/Release/LocalLLMClientMacrosPlugin (in target 'LocalLLMClientMacrosPlugin' from project 'LocalLLMClient')
    cd /Users/runner/work/red-pen-ios/red-pen-ios/ios/build/SourcePackages/checkouts/LocalLLMClient
    /Applications/Xcode_26.6.app/Contents/Developer/Toolchains/XcodeDefault.xctoolchain/usr/bin/dsymutil /Users/runner/work/red-pen-ios/red-pen-ios/ios/build/Build/Products/Release/LocalLLMClientMacrosPlugin -o /Users/runner/work/red-pen-ios/red-pen-ios/ios/build/Build/Products/Release/LocalLLMClientMacrosPlugin.dSYM

SwiftDriver\ Compilation InternalCollectionsUtilities normal arm64 com.apple.xcode.tools.swift.compiler (in target 'InternalCollectionsUtilities' from project 'swift-collections')
    cd /Users/runner/work/red-pen-ios/red-pen-ios/ios/RedPen.xcodeproj
    builtin-Swift-Compilation -- /Applications/Xcode_26.6.app/Contents/Developer/Toolchains/XcodeDefault.xctoolchain/usr/bin/swiftc -module-name InternalCollectionsUtilities -O -whole-module-optimization @/Users/runner/work/red-pen-ios/red-pen-ios/ios/build/Build/Intermediates.noindex/swift-collections.build/Release-iphoneos/InternalCollectionsUtilities.build/Objects-normal/arm64/InternalCollectionsUtilities.SwiftFileList -DSWIFT_PACKAGE -DSWIFT_MODULE_RESOURCE_BUNDLE_UNAVAILABLE -DCOLLECTIONS_RANDOMIZED_TESTING -DXcode -enable-experimental-feature AvailabilityMacro\=SwiftStdlib\ 5.0:\ macOS\ 10.14.4,\ iOS\ 12.2,\ watchOS\ 5.2,\ tvOS\ 12.2 -enable-experimental-feature AvailabilityMacro\=SwiftStdlib\ 5.1:\ macOS\ 10.15,\ iOS\ 13.0,\ watchOS\ 6.0,\ tvOS\ 13.0 -enable-experimental-feature AvailabilityMacro\=SwiftStdlib\ 5.6:\ macOS\ 12.3,\ iOS\ 15.4,\ watchOS\ 8.5,\ tvOS\ 15.4 -enable-experimental-feature AvailabilityMacro\=SwiftStdlib\ 5.7:\ macOS\ 13.0,\ iOS\ 16.0,\ watchOS\ 9.0,\ tvOS\ 16.0 -enable-experimental-feature AvailabilityMacro\=SwiftStdlib\ 5.8:\ macOS\ 13.3,\ iOS\ 16.4,\ watchOS\ 9.4,\ tvOS\ 16.4 -enable-experimental-feature AvailabilityMacro\=SwiftStdlib\ 5.9:\ macOS\ 14.0,\ iOS\ 17.0,\ watchOS\ 10.0,\ tvOS\ 17.0 -enable-experimental-feature AvailabilityMacro\=SwiftStdlib\ 5.10:\ macOS\ 14.4,\ iOS\ 17.4,\ watchOS\ 10.4,\ tvOS\ 17.4,\ visionOS\ 1.1 -enable-experimental-feature AvailabilityMacro\=SwiftStdlib\ 6.0:\ macOS\ 15.0,\ iOS\ 18.0,\ watchOS\ 11.0,\ tvOS\ 18.0,\ visionOS\ 2.0 -enable-experimental-feature AvailabilityMacro\=SwiftStdlib\ 6.1:\ macOS\ 15.4,\ iOS\ 18.4,\ watchOS\ 11.4,\ tvOS\ 18.4,\ visionOS\ 2.4 -enable-experimental-feature AvailabilityMacro\=SwiftStdlib\ 6.2:\ macOS\ 26.0,\ iOS\ 26.0,\ watchOS\ 26.0,\ tvOS\ 26.0,\ visionOS\ 26.0 -enable-experimental-feature AvailabilityMacro\=SwiftStdlib\ 6.3:\ macOS\ 26.4,\ iOS\ 26.4,\ watchOS\ 26.4,\ tvOS\ 26.4,\ visionOS\ 26.4 -enable-experimental-feature AvailabilityMacro\=SwiftStdlib\ 6.4:\ macOS\ 27.0,\ iOS\ 27.0,\ watchOS\ 27.0,\ tvOS\ 27.0,\ visionOS\ 27.0 -enable-experimental-feature AvailabilityMacro\=SwiftStdlib\ 6.5:\ macOS\ 9999,\ iOS\ 9999,\ watchOS\ 9999,\ tvOS\ 9999,\ visionOS\ 9999 -enable-upcoming-feature MemberImportVisibility -enable-experimental-feature BuiltinModule -enable-experimental-feature Lifetimes -enable-experimental-feature InoutLifetimeDependence -enable-experimental-feature AddressableParameters -enable-experimental-feature AddressableTypes -enable-experimental-feature SuppressedAssociatedTypesWithDefaults -enable-experimental-feature BorrowingSequence -plugin-path /Applications/Xcode_26.6.app/Contents/Developer/Toolchains/XcodeDefault.xctoolchain/usr/lib/swift/host/plugins/testing -enable-experimental-feature DebugDescriptionMacro -sdk /Applications/Xcode_26.6.app/Contents/Developer/Platforms/iPhoneOS.platform/Developer/SDKs/iPhoneOS26.5.sdk -target arm64-apple-ios12.0 -g -module-cache-path /Users/runner/work/red-pen-ios/red-pen-ios/ios/build/ModuleCache.noindex -Xfrontend -serialize-debugging-options -suppress-warnings -swift-version 6 -I /Users/runner/work/red-pen-ios/red-pen-ios/ios/build/Build/Products/Release-iphoneos -Isystem /Applications/Xcode_26.6.app/Contents/Developer/Platforms/iPhoneOS.platform/Developer/usr/lib -F /Users/runner/work/red-pen-ios/red-pen-ios/ios/build/Build/Products/Release-iphoneos -F /Applications/Xcode_26.6.app/Contents/Developer/Platforms/iPhoneOS.platform/Developer/Library/Frameworks -F /Applications/Xcode_26.6.app/Contents/Developer/Platforms/iPhoneOS.platform/Developer/SDKs/iPhoneOS26.5.sdk/Developer/Library/Frameworks -c -num-threads 3 -Xcc -ivfsstatcache -Xcc /Users/runner/work/red-pen-ios/red-pen-ios/ios/build/SDKStatCaches.noindex/iphoneos26.5-23F81a-688ef53f1462e2c8f657fdc38a81448fee66e23052a0157c865c76b268046726.sdkstatcache -output-file-map /Users/runner/work/red-pen-ios/red-pen-ios/ios/build/Build/Intermediates.noindex/swift-collections.build/Release-iphoneos/InternalCollectionsUtilities.build/Objects-normal/arm64/InternalCollectionsUtilities-OutputFileMap.json -use-frontend-parseable-output -save-temps -no-color-diagnostics -serialize-diagnostics -emit-dependencies -emit-module -emit-module-path /Users/runner/work/red-pen-ios/red-pen-ios/ios/build/Build/Intermediates.noindex/swift-collections.build/Release-iphoneos/InternalCollectionsUtilities.build/Objects-normal/arm64/InternalCollectionsUtilities.swiftmodule -user-module-version 1.7.0 -validate-clang-modules-once -clang-build-session-file /Users/runner/work/red-pen-ios/red-pen-ios/ios/build/ModuleCache.noindex/Session.modulevalidation -package-name swift_collections -Xcc -I/Users/runner/work/red-pen-ios/red-pen-ios/ios/build/Build/Intermediates.noindex/swift-collections.build/Release-iphoneos/InternalCollectionsUtilities.build/swift-overrides.hmap -emit-const-values -Xfrontend -const-gather-protocols-file -Xfrontend /Users/runner/work/red-pen-ios/red-pen-ios/ios/build/Build/Intermediates.noindex/swift-collections.build/Release-iphoneos/InternalCollectionsUtilities.build/Objects-normal/arm64/InternalCollectionsUtilities_const_extract_protocols.json -Xcc -I/Users/runner/work/red-pen-ios/red-pen-ios/ios/build/Build/Products/Release-iphoneos/include -Xcc -I/Users/runner/work/red-pen-ios/red-pen-ios/ios/build/Build/Intermediates.noindex/swift-collections.build/Release-iphoneos/InternalCollectionsUtilities.build/DerivedSources-normal/arm64 -Xcc -I/Users/runner/work/red-pen-ios/red-pen-ios/ios/build/Build/Intermediates.noindex/swift-collections.build/Release-iphoneos/InternalCollectionsUtilities.build/DerivedSources/arm64 -Xcc -I/Users/runner/work/red-pen-ios/red-pen-ios/ios/build/Build/Intermediates.noindex/swift-collections.build/Release-iphoneos/InternalCollectionsUtilities.build/DerivedSources -Xcc -DSWIFT_PACKAGE -emit-objc-header -emit-objc-header-path /Users/runner/work/red-pen-ios/red-pen-ios/ios/build/Build/Intermediates.noindex/swift-collections.build/Release-iphoneos/InternalCollectionsUtilities.build/Objects-normal/arm64/InternalCollectionsUtilities-Swift.h -working-directory /Users/runner/work/red-pen-ios/red-pen-ios/ios/RedPen.xcodeproj -no-emit-module-separately-wmo

Ld /Users/runner/work/red-pen-ios/red-pen-ios/ios/build/Build/Products/Release-iphoneos/LocalLLMClientUtility.o normal (in target 'LocalLLMClientUtility' from project 'LocalLLMClient')
    cd /Users/runner/work/red-pen-ios/red-pen-ios/ios/build/SourcePackages/checkouts/LocalLLMClient
    /Applications/Xcode_26.6.app/Contents/Developer/Toolchains/XcodeDefault.xctoolchain/usr/bin/clang -Xlinker -reproducible -target arm64-apple-ios17.0 -r -isysroot /Applications/Xcode_26.6.app/Contents/Developer/Platforms/iPhoneOS.platform/Developer/SDKs/iPhoneOS26.5.sdk -Os -w -F/Users/runner/work/red-pen-ios/red-pen-ios/ios/build/Build/Intermediates.noindex/EagerLinkingTBDs/Release-iphoneos -F/Users/runner/work/red-pen-ios/red-pen-ios/ios/build/Build/Products/Release-iphoneos -iframework /Applications/Xcode_26.6.app/Contents/Developer/Platforms/iPhoneOS.platform/Developer/Library/Frameworks -iframework /Applications/Xcode_26.6.app/Contents/Developer/Platforms/iPhoneOS.platform/Developer/SDKs/iPhoneOS26.5.sdk/Developer/Library/Frameworks -filelist /Users/runner/work/red-pen-ios/red-pen-ios/ios/build/Build/Intermediates.noindex/LocalLLMClient.build/Release-iphoneos/LocalLLMClientUtility.build/Objects-normal/arm64/LocalLLMClientUtility.LinkFileList -nostdlib -Xlinker -object_path_lto -Xlinker /Users/runner/work/red-pen-ios/red-pen-ios/ios/build/Build/Intermediates.noindex/LocalLLMClient.build/Release-iphoneos/LocalLLMClientUtility.build/Objects-normal/arm64/LocalLLMClientUtility_lto.o -Xlinker -dependency_info -Xlinker /Users/runner/work/red-pen-ios/red-pen-ios/ios/build/Build/Intermediates.noindex/LocalLLMClient.build/Release-iphoneos/LocalLLMClientUtility.build/Objects-normal/arm64/LocalLLMClientUtility_dependency_info.dat -fobjc-link-runtime -L/Applications/Xcode_26.6.app/Contents/Developer/Toolchains/XcodeDefault.xctoolchain/usr/lib/swift/iphoneos -L/usr/lib/swift -Xlinker -add_ast_path -Xlinker /Users/runner/work/red-pen-ios/red-pen-ios/ios/build/Build/Intermediates.noindex/LocalLLMClient.build/Release-iphoneos/LocalLLMClientUtility.build/Objects-normal/arm64/LocalLLMClientUtility.swiftmodule -o /Users/runner/work/red-pen-ios/red-pen-ios/ios/build/Build/Products/Release-iphoneos/LocalLLMClientUtility.o

ExtractAppIntentsMetadata (in target 'LocalLLMClientUtility' from project 'LocalLLMClient')
    cd /Users/runner/work/red-pen-ios/red-pen-ios/ios/build/SourcePackages/checkouts/LocalLLMClient
    /Applications/Xcode_26.6.app/Contents/Developer/Toolchains/XcodeDefault.xctoolchain/usr/bin/appintentsmetadataprocessor --toolchain-dir /var/run/com.apple.security.cryptexd/mnt/com.apple.MobileAsset.MetalToolchain-v17.6.109.0.u2e75G/Metal.xctoolchain --module-name LocalLLMClientUtility --sdk-root /Applications/Xcode_26.6.app/Contents/Developer/Platforms/iPhoneOS.platform/Developer/SDKs/iPhoneOS26.5.sdk --xcode-version 17F113 --platform-family iOS --deployment-target 17.0 --bundle-identifier localllmclient.LocalLLMClientUtility --output /Users/runner/work/red-pen-ios/red-pen-ios/ios/build/Build/Products/Release-iphoneos/LocalLLMClientUtility.appintents --target-triple arm64-apple-ios17.0 --binary-file /Users/runner/work/red-pen-ios/red-pen-ios/ios/build/Build/Products/Release-iphoneos/LocalLLMClientUtility.o --dependency-file /Users/runner/work/red-pen-ios/red-pen-ios/ios/build/Build/Intermediates.noindex/LocalLLMClient.build/Release-iphoneos/LocalLLMClientUtility.build/Objects-normal/arm64/LocalLLMClientUtility_dependency_info.dat --stringsdata-file /Users/runner/work/red-pen-ios/red-pen-ios/ios/build/Build/Intermediates.noindex/LocalLLMClient.build/Release-iphoneos/LocalLLMClientUtility.build/Objects-normal/arm64/ExtractedAppShortcutsMetadata.stringsdata --source-file-list /Users/runner/work/red-pen-ios/red-pen-ios/ios/build/Build/Intermediates.noindex/LocalLLMClient.build/Release-iphoneos/LocalLLMClientUtility.build/Objects-normal/arm64/LocalLLMClientUtility.SwiftFileList --metadata-file-list /Users/runner/work/red-pen-ios/red-pen-ios/ios/build/Build/Intermediates.noindex/LocalLLMClient.build/Release-iphoneos/LocalLLMClientUtility.build/LocalLLMClientUtility.DependencyMetadataFileList --static-metadata-file-list /Users/runner/work/red-pen-ios/red-pen-ios/ios/build/Build/Intermediates.noindex/LocalLLMClient.build/Release-iphoneos/LocalLLMClientUtility.build/LocalLLMClientUtility.DependencyStaticMetadataFileList --swift-const-vals-list /Users/runner/work/red-pen-ios/red-pen-ios/ios/build/Build/Intermediates.noindex/LocalLLMClient.build/Release-iphoneos/LocalLLMClientUtility.build/Objects-normal/arm64/LocalLLMClientUtility.SwiftConstValuesFileList --force --compile-time-extraction --deployment-aware-processing --validate-assistant-intents --no-app-shortcuts-localization
2026-09-23 12:35:10.967 appintentsmetadataprocessor[6292:21816] Starting appintentsmetadataprocessor export
2026-09-23 12:35:11.009 appintentsmetadataprocessor[6292:21816] Extracted no relevant App Intents symbols, skipping writing output

SwiftDriver OrderedCollections normal arm64 com.apple.xcode.tools.swift.compiler (in target 'OrderedCollections' from project 'swift-collections')
    cd /Users/runner/work/red-pen-ios/red-pen-ios/ios/RedPen.xcodeproj
    builtin-SwiftDriver -- /Applications/Xcode_26.6.app/Contents/Developer/Toolchains/XcodeDefault.xctoolchain/usr/bin/swiftc -module-name OrderedCollections -O -whole-module-optimization @/Users/runner/work/red-pen-ios/red-pen-ios/ios/build/Build/Intermediates.noindex/swift-collections.build/Release-iphoneos/OrderedCollections.build/Objects-normal/arm64/OrderedCollections.SwiftFileList -DSWIFT_PACKAGE -DSWIFT_MODULE_RESOURCE_BUNDLE_UNAVAILABLE -DCOLLECTIONS_RANDOMIZED_TESTING -DXcode -enable-experimental-feature AvailabilityMacro\=SwiftStdlib\ 5.0:\ macOS\ 10.14.4,\ iOS\ 12.2,\ watchOS\ 5.2,\ tvOS\ 12.2 -enable-experimental-feature AvailabilityMacro\=SwiftStdlib\ 5.1:\ macOS\ 10.15,\ iOS\ 13.0,\ watchOS\ 6.0,\ tvOS\ 13.0 -enable-experimental-feature AvailabilityMacro\=SwiftStdlib\ 5.6:\ macOS\ 12.3,\ iOS\ 15.4,\ watchOS\ 8.5,\ tvOS\ 15.4 -enable-experimental-feature AvailabilityMacro\=SwiftStdlib\ 5.7:\ macOS\ 13.0,\ iOS\ 16.0,\ watchOS\ 9.0,\ tvOS\ 16.0 -enable-experimental-feature AvailabilityMacro\=SwiftStdlib\ 5.8:\ macOS\ 13.3,\ iOS\ 16.4,\ watchOS\ 9.4,\ tvOS\ 16.4 -enable-experimental-feature AvailabilityMacro\=SwiftStdlib\ 5.9:\ macOS\ 14.0,\ iOS\ 17.0,\ watchOS\ 10.0,\ tvOS\ 17.0 -enable-experimental-feature AvailabilityMacro\=SwiftStdlib\ 5.10:\ macOS\ 14.4,\ iOS\ 17.4,\ watchOS\ 10.4,\ tvOS\ 17.4,\ visionOS\ 1.1 -enable-experimental-feature AvailabilityMacro\=SwiftStdlib\ 6.0:\ macOS\ 15.0,\ iOS\ 18.0,\ watchOS\ 11.0,\ tvOS\ 18.0,\ visionOS\ 2.0 -enable-experimental-feature AvailabilityMacro\=SwiftStdlib\ 6.1:\ macOS\ 15.4,\ iOS\ 18.4,\ watchOS\ 11.4,\ tvOS\ 18.4,\ visionOS\ 2.4 -enable-experimental-feature AvailabilityMacro\=SwiftStdlib\ 6.2:\ macOS\ 26.0,\ iOS\ 26.0,\ watchOS\ 26.0,\ tvOS\ 26.0,\ visionOS\ 26.0 -enable-experimental-feature AvailabilityMacro\=SwiftStdlib\ 6.3:\ macOS\ 26.4,\ iOS\ 26.4,\ watchOS\ 26.4,\ tvOS\ 26.4,\ visionOS\ 26.4 -enable-experimental-feature AvailabilityMacro\=SwiftStdlib\ 6.4:\ macOS\ 27.0,\ iOS\ 27.0,\ watchOS\ 27.0,\ tvOS\ 27.0,\ visionOS\ 27.0 -enable-experimental-feature AvailabilityMacro\=SwiftStdlib\ 6.5:\ macOS\ 9999,\ iOS\ 9999,\ watchOS\ 9999,\ tvOS\ 9999,\ visionOS\ 9999 -enable-upcoming-feature MemberImportVisibility -enable-experimental-feature BuiltinModule -enable-experimental-feature Lifetimes -enable-experimental-feature InoutLifetimeDependence -enable-experimental-feature AddressableParameters -enable-experimental-feature AddressableTypes -enable-experimental-feature SuppressedAssociatedTypesWithDefaults -enable-experimental-feature BorrowingSequence -plugin-path /Applications/Xcode_26.6.app/Contents/Developer/Toolchains/XcodeDefault.xctoolchain/usr/lib/swift/host/plugins/testing -enable-experimental-feature DebugDescriptionMacro -sdk /Applications/Xcode_26.6.app/Contents/Developer/Platforms/iPhoneOS.platform/Developer/SDKs/iPhoneOS26.5.sdk -target arm64-apple-ios12.0 -g -module-cache-path /Users/runner/work/red-pen-ios/red-pen-ios/ios/build/ModuleCache.noindex -Xfrontend -serialize-debugging-options -suppress-warnings -swift-version 6 -I /Users/runner/work/red-pen-ios/red-pen-ios/ios/build/Build/Products/Release-iphoneos -Isystem /Applications/Xcode_26.6.app/Contents/Developer/Platforms/iPhoneOS.platform/Developer/usr/lib -F /Users/runner/work/red-pen-ios/red-pen-ios/ios/build/Build/Products/Release-iphoneos/PackageFrameworks -F /Users/runner/work/red-pen-ios/red-pen-ios/ios/build/Build/Products/Release-iphoneos -F /Applications/Xcode_26.6.app/Contents/Developer/Platforms/iPhoneOS.platform/Developer/Library/Frameworks -F /Applications/Xcode_26.6.app/Contents/Developer/Platforms/iPhoneOS.platform/Developer/SDKs/iPhoneOS26.5.sdk/Developer/Library/Frameworks -c -num-threads 3 -Xcc -ivfsstatcache -Xcc /Users/runner/work/red-pen-ios/red-pen-ios/ios/build/SDKStatCaches.noindex/iphoneos26.5-23F81a-688ef53f1462e2c8f657fdc38a81448fee66e23052a0157c865c76b268046726.sdkstatcache -output-file-map /Users/runner/work/red-pen-ios/red-pen-ios/ios/build/Build/Intermediates.noindex/swift-collections.build/Release-iphoneos/OrderedCollections.build/Objects-normal/arm64/OrderedCollections-OutputFileMap.json -use-frontend-parseable-output -save-temps -no-color-diagnostics -serialize-diagnostics -emit-dependencies -emit-module -emit-module-path /Users/runner/work/red-pen-ios/red-pen-ios/ios/build/Build/Intermediates.noindex/swift-collections.build/Release-iphoneos/OrderedCollections.build/Objects-normal/arm64/OrderedCollections.swiftmodule -user-module-version 1.7.0 -validate-clang-modules-once -clang-build-session-file /Users/runner/work/red-pen-ios/red-pen-ios/ios/build/ModuleCache.noindex/Session.modulevalidation -package-name swift_collections -Xcc -I/Users/runner/work/red-pen-ios/red-pen-ios/ios/build/Build/Intermediates.noindex/swift-collections.build/Release-iphoneos/OrderedCollections.build/swift-overrides.hmap -emit-const-values -Xfrontend -const-gather-protocols-file -Xfrontend /Users/runner/work/red-pen-ios/red-pen-ios/ios/build/Build/Intermediates.noindex/swift-collections.build/Release-iphoneos/OrderedCollections.build/Objects-normal/arm64/OrderedCollections_const_extract_protocols.json -Xcc -I/Users/runner/work/red-pen-ios/red-pen-ios/ios/build/Build/Products/Release-iphoneos/include -Xcc -I/Users/runner/work/red-pen-ios/red-pen-ios/ios/build/Build/Intermediates.noindex/swift-collections.build/Release-iphoneos/OrderedCollections.build/DerivedSources-normal/arm64 -Xcc -I/Users/runner/work/red-pen-ios/red-pen-ios/ios/build/Build/Intermediates.noindex/swift-collections.build/Release-iphoneos/OrderedCollections.build/DerivedSources/arm64 -Xcc -I/Users/runner/work/red-pen-ios/red-pen-ios/ios/build/Build/Intermediates.noindex/swift-collections.build/Release-iphoneos/OrderedCollections.build/DerivedSources -Xcc -DSWIFT_PACKAGE -emit-objc-header -emit-objc-header-path /Users/runner/work/red-pen-ios/red-pen-ios/ios/build/Build/Intermediates.noindex/swift-collections.build/Release-iphoneos/OrderedCollections.build/Objects-normal/arm64/OrderedCollections-Swift.h -working-directory /Users/runner/work/red-pen-ios/red-pen-ios/ios/RedPen.xcodeproj -no-emit-module-separately-wmo

SwiftCompile normal arm64 Compiling\ _HashTable+Bucket.swift,\ _HashTable+BucketIterator.swift,\ _HashTable+Constants.swift,\ _HashTable+CustomStringConvertible.swift,\ _HashTable+Testing.swift,\ _HashTable+UnsafeHandle.swift,\ _HashTable.swift,\ _Hashtable+Header.swift,\ OrderedDictionary+Codable.swift,\ OrderedDictionary+CustomReflectable.swift,\ OrderedDictionary+Deprecations.swift,\ OrderedDictionary+Descriptions.swift,\ OrderedDictionary+Elements.SubSequence.swift,\ OrderedDictionary+Elements.swift,\ OrderedDictionary+Equatable.swift,\ OrderedDictionary+ExpressibleByDictionaryLiteral.swift,\ OrderedDictionary+Hashable.swift,\ OrderedDictionary+Initializers.swift,\ OrderedDictionary+Invariants.swift,\ OrderedDictionary+Move.swift,\ OrderedDictionary+Partial\ MutableCollection.swift,\ OrderedDictionary+Partial\ RangeReplaceableCollection.swift,\ OrderedDictionary+Sendable.swift,\ OrderedDictionary+Sequence.swift,\ OrderedDictionary+Values.swift,\ OrderedDictionary.swift,\ OrderedSet+Codable.swift,\ OrderedSet+CustomReflectable.swift,\ OrderedSet+Descriptions.swift,\ OrderedSet+Diffing.swift,\ OrderedSet+Equatable.swift,\ OrderedSet+ExpressibleByArrayLiteral.swift,\ OrderedSet+Hashable.swift,\ OrderedSet+Initializers.swift,\ OrderedSet+Insertions.swift,\ OrderedSet+Invariants.swift,\ OrderedSet+Move.swift,\ OrderedSet+Partial\ MutableCollection.swift,\ OrderedSet+Partial\ RangeReplaceableCollection.swift,\ OrderedSet+Partial\ SetAlgebra\ formIntersection.swift,\ OrderedSet+Partial\ SetAlgebra\ formSymmetricDifference.swift,\ OrderedSet+Partial\ SetAlgebra\ formUnion.swift,\ OrderedSet+Partial\ SetAlgebra\ intersection.swift,\ OrderedSet+Partial\ SetAlgebra\ isDisjoint.swift,\ OrderedSet+Partial\ SetAlgebra\ isEqualSet.swift,\ OrderedSet+Partial\ SetAlgebra\ isStrictSubset.swift,\ OrderedSet+Partial\ SetAlgebra\ isStrictSuperset.swift,\ OrderedSet+Partial\ SetAlgebra\ isSubset.swift,\ OrderedSet+Partial\ SetAlgebra\ isSuperset.swift,\ OrderedSet+Partial\ SetAlgebra\ subtract.swift,\ OrderedSet+Partial\ SetAlgebra\ subtracting.swift,\ OrderedSet+Partial\ SetAlgebra\ symmetricDifference.swift,\ OrderedSet+Partial\ SetAlgebra\ union.swift,\ OrderedSet+Partial\ SetAlgebra+Basics.swift,\ OrderedSet+RandomAccessCollection.swift,\ OrderedSet+ReserveCapacity.swift,\ OrderedSet+Sendable.swift,\ OrderedSet+SubSequence.swift,\ OrderedSet+Testing.swift,\ OrderedSet+UnorderedView.swift,\ OrderedSet+UnstableInternals.swift,\ OrderedSet.swift,\ _UnsafeBitset.swift /Users/runner/work/red-pen-ios/red-pen-ios/ios/build/SourcePackages/checkouts/swift-collections/Sources/OrderedCollections/HashTable/_HashTable+Bucket.swift /Users/runner/work/red-pen-ios/red-pen-ios/ios/build/SourcePackages/checkouts/swift-collections/Sources/OrderedCollections/HashTable/_HashTable+BucketIterator.swift /Users/runner/work/red-pen-ios/red-pen-ios/ios/build/SourcePackages/checkouts/swift-collections/Sources/OrderedCollections/HashTable/_HashTable+Constants.swift /Users/runner/work/red-pen-ios/red-pen-ios/ios/build/SourcePackages/checkouts/swift-collections/Sources/OrderedCollections/HashTable/_HashTable+CustomStringConvertible.swift /Users/runner/work/red-pen-ios/red-pen-ios/ios/build/SourcePackages/checkouts/swift-collections/Sources/OrderedCollections/HashTable/_HashTable+Testing.swift /Users/runner/work/red-pen-ios/red-pen-ios/ios/build/SourcePackages/checkouts/swift-collections/Sources/OrderedCollections/HashTable/_HashTable+UnsafeHandle.swift /Users/runner/work/red-pen-ios/red-pen-ios/ios/build/SourcePackages/checkouts/swift-collections/Sources/OrderedCollections/HashTable/_HashTable.swift /Users/runner/work/red-pen-ios/red-pen-ios/ios/build/SourcePackages/checkouts/swift-collections/Sources/OrderedCollections/HashTable/_Hashtable+Header.swift /Users/runner/work/red-pen-ios/red-pen-ios/ios/build/SourcePackages/checkouts/swift-collections/Sources/OrderedCollections/OrderedDictionary/OrderedDictionary+Codable.swift /Users/runner/work/red-pen-ios/red-pen-ios/ios/build/SourcePackages/checkouts/swift-collections/Sources/OrderedCollections/OrderedDictionary/OrderedDictionary+CustomReflectable.swift /Users/runner/work/red-pen-ios/red-pen-ios/ios/build/SourcePackages/checkouts/swift-collections/Sources/OrderedCollections/OrderedDictionary/OrderedDictionary+Deprecations.swift /Users/runner/work/red-pen-ios/red-pen-ios/ios/build/SourcePackages/checkouts/swift-collections/Sources/OrderedCollections/OrderedDictionary/OrderedDictionary+Descriptions.swift /Users/runner/work/red-pen-ios/red-pen-ios/ios/build/SourcePackages/checkouts/swift-collections/Sources/OrderedCollections/OrderedDictionary/OrderedDictionary+Elements.SubSequence.swift /Users/runner/work/red-pen-ios/red-pen-ios/ios/build/SourcePackages/checkouts/swift-collections/Sources/OrderedCollections/OrderedDictionary/OrderedDictionary+Elements.swift /Users/runner/work/red-pen-ios/red-pen-ios/ios/build/SourcePackages/checkouts/swift-collections/Sources/OrderedCollections/OrderedDictionary/OrderedDictionary+Equatable.swift /Users/runner/work/red-pen-ios/red-pen-ios/ios/build/SourcePackages/checkouts/swift-collections/Sources/OrderedCollections/OrderedDictionary/OrderedDictionary+ExpressibleByDictionaryLiteral.swift /Users/runner/work/red-pen-ios/red-pen-ios/ios/build/SourcePackages/checkouts/swift-collections/Sources/OrderedCollections/OrderedDictionary/OrderedDictionary+Hashable.swift /Users/runner/work/red-pen-ios/red-pen-ios/ios/build/SourcePackages/checkouts/swift-collections/Sources/OrderedCollections/OrderedDictionary/OrderedDictionary+Initializers.swift /Users/runner/work/red-pen-ios/red-pen-ios/ios/build/SourcePackages/checkouts/swift-collections/Sources/OrderedCollections/OrderedDictionary/OrderedDictionary+Invariants.swift /Users/runner/work/red-pen-ios/red-pen-ios/ios/build/SourcePackages/checkouts/swift-collections/Sources/OrderedCollections/OrderedDictionary/OrderedDictionary+Move.swift /Users/runner/work/red-pen-ios/red-pen-ios/ios/build/SourcePackages/checkouts/swift-collections/Sources/OrderedCollections/OrderedDictionary/OrderedDictionary+Partial\ MutableCollection.swift /Users/runner/work/red-pen-ios/red-pen-ios/ios/build/SourcePackages/checkouts/swift-collections/Sources/OrderedCollections/OrderedDictionary/OrderedDictionary+Partial\ RangeReplaceableCollection.swift /Users/runner/work/red-pen-ios/red-pen-ios/ios/build/SourcePackages/checkouts/swift-collections/Sources/OrderedCollections/OrderedDictionary/OrderedDictionary+Sendable.swift /Users/runner/work/red-pen-ios/red-pen-ios/ios/build/SourcePackages/checkouts/swift-collections/Sources/OrderedCollections/OrderedDictionary/OrderedDictionary+Sequence.swift /Users/runner/work/red-pen-ios/red-pen-ios/ios/build/SourcePackages/checkouts/swift-collections/Sources/OrderedCollections/OrderedDictionary/OrderedDictionary+Values.swift /Users/runner/work/red-pen-ios/red-pen-ios/ios/build/SourcePackages/checkouts/swift-collections/Sources/OrderedCollections/OrderedDictionary/OrderedDictionary.swift /Users/runner/work/red-pen-ios/red-pen-ios/ios/build/SourcePackages/checkouts/swift-collections/Sources/OrderedCollections/OrderedSet/OrderedSet+Codable.swift /Users/runner/work/red-pen-ios/red-pen-ios/ios/build/SourcePackages/checkouts/swift-collections/Sources/OrderedCollections/OrderedSet/OrderedSet+CustomReflectable.swift /Users/runner/work/red-pen-ios/red-pen-ios/ios/build/SourcePackages/checkouts/swift-collections/Sources/OrderedCollections/OrderedSet/OrderedSet+Descriptions.swift /Users/runner/work/red-pen-ios/red-pen-ios/ios/build/SourcePackages/checkouts/swift-collections/Sources/OrderedCollections/OrderedSet/OrderedSet+Diffing.swift /Users/runner/work/red-pen-ios/red-pen-ios/ios/build/SourcePackages/checkouts/swift-collections/Sources/OrderedCollections/OrderedSet/OrderedSet+Equatable.swift /Users/runner/work/red-pen-ios/red-pen-ios/ios/build/SourcePackages/checkouts/swift-collections/Sources/OrderedCollections/OrderedSet/OrderedSet+ExpressibleByArrayLiteral.swift /Users/runner/work/red-pen-ios/red-pen-ios/ios/build/SourcePackages/checkouts/swift-collections/Sources/OrderedCollections/OrderedSet/OrderedSet+Hashable.swift /Users/runner/work/red-pen-ios/red-pen-ios/ios/build/SourcePackages/checkouts/swift-collections/Sources/OrderedCollections/OrderedSet/OrderedSet+Initializers.swift /Users/runner/work/red-pen-ios/red-pen-ios/ios/build/SourcePackages/checkouts/swift-collections/Sources/OrderedCollections/OrderedSet/OrderedSet+Insertions.swift /Users/runner/work/red-pen-ios/red-pen-ios/ios/build/SourcePackages/checkouts/swift-collections/Sources/OrderedCollections/OrderedSet/OrderedSet+Invariants.swift /Users/runner/work/red-pen-ios/red-pen-ios/ios/build/SourcePackages/checkouts/swift-collections/Sources/OrderedCollections/OrderedSet/OrderedSet+Move.swift /Users/runner/work/red-pen-ios/red-pen-ios/ios/build/SourcePackages/checkouts/swift-collections/Sources/OrderedCollections/OrderedSet/OrderedSet+Partial\ MutableCollection.swift /Users/runner/work/red-pen-ios/red-pen-ios/ios/build/SourcePackages/checkouts/swift-collections/Sources/OrderedCollections/OrderedSet/OrderedSet+Partial\ RangeReplaceableCollection.swift /Users/runner/work/red-pen-ios/red-pen-ios/ios/build/SourcePackages/checkouts/swift-collections/Sources/OrderedCollections/OrderedSet/OrderedSet+Partial\ SetAlgebra\ formIntersection.swift /Users/runner/work/red-pen-ios/red-pen-ios/ios/build/SourcePackages/checkouts/swift-collections/Sources/OrderedCollections/OrderedSet/OrderedSet+Partial\ SetAlgebra\ formSymmetricDifference.swift /Users/runner/work/red-pen-ios/red-pen-ios/ios/build/SourcePackages/checkouts/swift-collections/Sources/OrderedCollections/OrderedSet/OrderedSet+Partial\ SetAlgebra\ formUnion.swift /Users/runner/work/red-pen-ios/red-pen-ios/ios/build/SourcePackages/checkouts/swift-collections/Sources/OrderedCollections/OrderedSet/OrderedSet+Partial\ SetAlgebra\ intersection.swift /Users/runner/work/red-pen-ios/red-pen-ios/ios/build/SourcePackages/checkouts/swift-collections/Sources/OrderedCollections/OrderedSet/OrderedSet+Partial\ SetAlgebra\ isDisjoint.swift /Users/runner/work/red-pen-ios/red-pen-ios/ios/build/SourcePackages/checkouts/swift-collections/Sources/OrderedCollections/OrderedSet/OrderedSet+Partial\ SetAlgebra\ isEqualSet.swift /Users/runner/work/red-pen-ios/red-pen-ios/ios/build/SourcePackages/checkouts/swift-collections/Sources/OrderedCollections/OrderedSet/OrderedSet+Partial\ SetAlgebra\ isStrictSubset.swift /Users/runner/work/red-pen-ios/red-pen-ios/ios/build/SourcePackages/checkouts/swift-collections/Sources/OrderedCollections/OrderedSet/OrderedSet+Partial\ SetAlgebra\ isStrictSuperset.swift /Users/runner/work/red-pen-ios/red-pen-ios/ios/build/SourcePackages/checkouts/swift-collections/Sources/OrderedCollections/OrderedSet/OrderedSet+Partial\ SetAlgebra\ isSubset.swift /Users/runner/work/red-pen-ios/red-pen-ios/ios/build/SourcePackages/checkouts/swift-collections/Sources/OrderedCollections/OrderedSet/OrderedSet+Partial\ SetAlgebra\ isSuperset.swift /Users/runner/work/red-pen-ios/red-pen-ios/ios/build/SourcePackages/checkouts/swift-collections/Sources/OrderedCollections/OrderedSet/OrderedSet+Partial\ SetAlgebra\ subtract.swift /Users/runner/work/red-pen-ios/red-pen-ios/ios/build/SourcePackages/checkouts/swift-collections/Sources/OrderedCollections/OrderedSet/OrderedSet+Partial\ SetAlgebra\ subtracting.swift /Users/runner/work/red-pen-ios/red-pen-ios/ios/build/SourcePackages/checkouts/swift-collections/Sources/OrderedCollections/OrderedSet/OrderedSet+Partial\ SetAlgebra\ symmetricDifference.swift /Users/runner/work/red-pen-ios/red-pen-ios/ios/build/SourcePackages/checkouts/swift-collections/Sources/OrderedCollections/OrderedSet/OrderedSet+Partial\ SetAlgebra\ union.swift /Users/runner/work/red-pen-ios/red-pen-ios/ios/build/SourcePackages/checkouts/swift-collections/Sources/OrderedCollections/OrderedSet/OrderedSet+Partial\ SetAlgebra+Basics.swift /Users/runner/work/red-pen-ios/red-pen-ios/ios/build/SourcePackages/checkouts/swift-collections/Sources/OrderedCollections/OrderedSet/OrderedSet+RandomAccessCollection.swift /Users/runner/work/red-pen-ios/red-pen-ios/ios/build/SourcePackages/checkouts/swift-collections/Sources/OrderedCollections/OrderedSet/OrderedSet+ReserveCapacity.swift /Users/runner/work/red-pen-ios/red-pen-ios/ios/build/SourcePackages/checkouts/swift-collections/Sources/OrderedCollections/OrderedSet/OrderedSet+Sendable.swift /Users/runner/work/red-pen-ios/red-pen-ios/ios/build/SourcePackages/checkouts/swift-collections/Sources/OrderedCollections/OrderedSet/OrderedSet+SubSequence.swift /Users/runner/work/red-pen-ios/red-pen-ios/ios/build/SourcePackages/checkouts/swift-collections/Sources/OrderedCollections/OrderedSet/OrderedSet+Testing.swift /Users/runner/work/red-pen-ios/red-pen-ios/ios/build/SourcePackages/checkouts/swift-collections/Sources/OrderedCollections/OrderedSet/OrderedSet+UnorderedView.swift /Users/runner/work/red-pen-ios/red-pen-ios/ios/build/SourcePackages/checkouts/swift-collections/Sources/OrderedCollections/OrderedSet/OrderedSet+UnstableInternals.swift /Users/runner/work/red-pen-ios/red-pen-ios/ios/build/SourcePackages/checkouts/swift-collections/Sources/OrderedCollections/OrderedSet/OrderedSet.swift /Users/runner/work/red-pen-ios/red-pen-ios/ios/build/SourcePackages/checkouts/swift-collections/Sources/OrderedCollections/Utilities/_UnsafeBitset.swift (in target 'OrderedCollections' from project 'swift-collections')
CompileSwift normal arm64 (in target 'OrderedCollections' from project 'swift-collections')
    cd /Users/runner/work/red-pen-ios/red-pen-ios/ios/RedPen.xcodeproj
    

SwiftDriver\ Compilation OrderedCollections normal arm64 com.apple.xcode.tools.swift.compiler (in target 'OrderedCollections' from project 'swift-collections')
    cd /Users/runner/work/red-pen-ios/red-pen-ios/ios/RedPen.xcodeproj
    builtin-Swift-Compilation -- /Applications/Xcode_26.6.app/Contents/Developer/Toolchains/XcodeDefault.xctoolchain/usr/bin/swiftc -module-name OrderedCollections -O -whole-module-optimization @/Users/runner/work/red-pen-ios/red-pen-ios/ios/build/Build/Intermediates.noindex/swift-collections.build/Release-iphoneos/OrderedCollections.build/Objects-normal/arm64/OrderedCollections.SwiftFileList -DSWIFT_PACKAGE -DSWIFT_MODULE_RESOURCE_BUNDLE_UNAVAILABLE -DCOLLECTIONS_RANDOMIZED_TESTING -DXcode -enable-experimental-feature AvailabilityMacro\=SwiftStdlib\ 5.0:\ macOS\ 10.14.4,\ iOS\ 12.2,\ watchOS\ 5.2,\ tvOS\ 12.2 -enable-experimental-feature AvailabilityMacro\=SwiftStdlib\ 5.1:\ macOS\ 10.15,\ iOS\ 13.0,\ watchOS\ 6.0,\ tvOS\ 13.0 -enable-experimental-feature AvailabilityMacro\=SwiftStdlib\ 5.6:\ macOS\ 12.3,\ iOS\ 15.4,\ watchOS\ 8.5,\ tvOS\ 15.4 -enable-experimental-feature AvailabilityMacro\=SwiftStdlib\ 5.7:\ macOS\ 13.0,\ iOS\ 16.0,\ watchOS\ 9.0,\ tvOS\ 16.0 -enable-experimental-feature AvailabilityMacro\=SwiftStdlib\ 5.8:\ macOS\ 13.3,\ iOS\ 16.4,\ watchOS\ 9.4,\ tvOS\ 16.4 -enable-experimental-feature AvailabilityMacro\=SwiftStdlib\ 5.9:\ macOS\ 14.0,\ iOS\ 17.0,\ watchOS\ 10.0,\ tvOS\ 17.0 -enable-experimental-feature AvailabilityMacro\=SwiftStdlib\ 5.10:\ macOS\ 14.4,\ iOS\ 17.4,\ watchOS\ 10.4,\ tvOS\ 17.4,\ visionOS\ 1.1 -enable-experimental-feature AvailabilityMacro\=SwiftStdlib\ 6.0:\ macOS\ 15.0,\ iOS\ 18.0,\ watchOS\ 11.0,\ tvOS\ 18.0,\ visionOS\ 2.0 -enable-experimental-feature AvailabilityMacro\=SwiftStdlib\ 6.1:\ macOS\ 15.4,\ iOS\ 18.4,\ watchOS\ 11.4,\ tvOS\ 18.4,\ visionOS\ 2.4 -enable-experimental-feature AvailabilityMacro\=SwiftStdlib\ 6.2:\ macOS\ 26.0,\ iOS\ 26.0,\ watchOS\ 26.0,\ tvOS\ 26.0,\ visionOS\ 26.0 -enable-experimental-feature AvailabilityMacro\=SwiftStdlib\ 6.3:\ macOS\ 26.4,\ iOS\ 26.4,\ watchOS\ 26.4,\ tvOS\ 26.4,\ visionOS\ 26.4 -enable-experimental-feature AvailabilityMacro\=SwiftStdlib\ 6.4:\ macOS\ 27.0,\ iOS\ 27.0,\ watchOS\ 27.0,\ tvOS\ 27.0,\ visionOS\ 27.0 -enable-experimental-feature AvailabilityMacro\=SwiftStdlib\ 6.5:\ macOS\ 9999,\ iOS\ 9999,\ watchOS\ 9999,\ tvOS\ 9999,\ visionOS\ 9999 -enable-upcoming-feature MemberImportVisibility -enable-experimental-feature BuiltinModule -enable-experimental-feature Lifetimes -enable-experimental-feature InoutLifetimeDependence -enable-experimental-feature AddressableParameters -enable-experimental-feature AddressableTypes -enable-experimental-feature SuppressedAssociatedTypesWithDefaults -enable-experimental-feature BorrowingSequence -plugin-path /Applications/Xcode_26.6.app/Contents/Developer/Toolchains/XcodeDefault.xctoolchain/usr/lib/swift/host/plugins/testing -enable-experimental-feature DebugDescriptionMacro -sdk /Applications/Xcode_26.6.app/Contents/Developer/Platforms/iPhoneOS.platform/Developer/SDKs/iPhoneOS26.5.sdk -target arm64-apple-ios12.0 -g -module-cache-path /Users/runner/work/red-pen-ios/red-pen-ios/ios/build/ModuleCache.noindex -Xfrontend -serialize-debugging-options -suppress-warnings -swift-version 6 -I /Users/runner/work/red-pen-ios/red-pen-ios/ios/build/Build/Products/Release-iphoneos -Isystem /Applications/Xcode_26.6.app/Contents/Developer/Platforms/iPhoneOS.platform/Developer/usr/lib -F /Users/runner/work/red-pen-ios/red-pen-ios/ios/build/Build/Products/Release-iphoneos/PackageFrameworks -F /Users/runner/work/red-pen-ios/red-pen-ios/ios/build/Build/Products/Release-iphoneos -F /Applications/Xcode_26.6.app/Contents/Developer/Platforms/iPhoneOS.platform/Developer/Library/Frameworks -F /Applications/Xcode_26.6.app/Contents/Developer/Platforms/iPhoneOS.platform/Developer/SDKs/iPhoneOS26.5.sdk/Developer/Library/Frameworks -c -num-threads 3 -Xcc -ivfsstatcache -Xcc /Users/runner/work/red-pen-ios/red-pen-ios/ios/build/SDKStatCaches.noindex/iphoneos26.5-23F81a-688ef53f1462e2c8f657fdc38a81448fee66e23052a0157c865c76b268046726.sdkstatcache -output-file-map /Users/runner/work/red-pen-ios/red-pen-ios/ios/build/Build/Intermediates.noindex/swift-collections.build/Release-iphoneos/OrderedCollections.build/Objects-normal/arm64/OrderedCollections-OutputFileMap.json -use-frontend-parseable-output -save-temps -no-color-diagnostics -serialize-diagnostics -emit-dependencies -emit-module -emit-module-path /Users/runner/work/red-pen-ios/red-pen-ios/ios/build/Build/Intermediates.noindex/swift-collections.build/Release-iphoneos/OrderedCollections.build/Objects-normal/arm64/OrderedCollections.swiftmodule -user-module-version 1.7.0 -validate-clang-modules-once -clang-build-session-file /Users/runner/work/red-pen-ios/red-pen-ios/ios/build/ModuleCache.noindex/Session.modulevalidation -package-name swift_collections -Xcc -I/Users/runner/work/red-pen-ios/red-pen-ios/ios/build/Build/Intermediates.noindex/swift-collections.build/Release-iphoneos/OrderedCollections.build/swift-overrides.hmap -emit-const-values -Xfrontend -const-gather-protocols-file -Xfrontend /Users/runner/work/red-pen-ios/red-pen-ios/ios/build/Build/Intermediates.noindex/swift-collections.build/Release-iphoneos/OrderedCollections.build/Objects-normal/arm64/OrderedCollections_const_extract_protocols.json -Xcc -I/Users/runner/work/red-pen-ios/red-pen-ios/ios/build/Build/Products/Release-iphoneos/include -Xcc -I/Users/runner/work/red-pen-ios/red-pen-ios/ios/build/Build/Intermediates.noindex/swift-collections.build/Release-iphoneos/OrderedCollections.build/DerivedSources-normal/arm64 -Xcc -I/Users/runner/work/red-pen-ios/red-pen-ios/ios/build/Build/Intermediates.noindex/swift-collections.build/Release-iphoneos/OrderedCollections.build/DerivedSources/arm64 -Xcc -I/Users/runner/work/red-pen-ios/red-pen-ios/ios/build/Build/Intermediates.noindex/swift-collections.build/Release-iphoneos/OrderedCollections.build/DerivedSources -Xcc -DSWIFT_PACKAGE -emit-objc-header -emit-objc-header-path /Users/runner/work/red-pen-ios/red-pen-ios/ios/build/Build/Intermediates.noindex/swift-collections.build/Release-iphoneos/OrderedCollections.build/Objects-normal/arm64/OrderedCollections-Swift.h -working-directory /Users/runner/work/red-pen-ios/red-pen-ios/ios/RedPen.xcodeproj -no-emit-module-separately-wmo

RegisterExecutionPolicyException /Users/runner/work/red-pen-ios/red-pen-ios/ios/build/Build/Products/Release-iphoneos/LocalLLMClientUtility.o (in target 'LocalLLMClientUtility' from project 'LocalLLMClient')
    cd /Users/runner/work/red-pen-ios/red-pen-ios/ios/build/SourcePackages/checkouts/LocalLLMClient
    builtin-RegisterExecutionPolicyException /Users/runner/work/red-pen-ios/red-pen-ios/ios/build/Build/Products/Release-iphoneos/LocalLLMClientUtility.o

RegisterExecutionPolicyException /Users/runner/work/red-pen-ios/red-pen-ios/ios/build/Build/Products/Release/LocalLLMClientMacrosPlugin (in target 'LocalLLMClientMacrosPlugin' from project 'LocalLLMClient')
    cd /Users/runner/work/red-pen-ios/red-pen-ios/ios/build/SourcePackages/checkouts/LocalLLMClient
    builtin-RegisterExecutionPolicyException /Users/runner/work/red-pen-ios/red-pen-ios/ios/build/Build/Products/Release/LocalLLMClientMacrosPlugin

Ld /Users/runner/work/red-pen-ios/red-pen-ios/ios/build/Build/Products/Release-iphoneos/InternalCollectionsUtilities.o normal (in target 'InternalCollectionsUtilities' from project 'swift-collections')
    cd /Users/runner/work/red-pen-ios/red-pen-ios/ios/build/SourcePackages/checkouts/swift-collections
    /Applications/Xcode_26.6.app/Contents/Developer/Toolchains/XcodeDefault.xctoolchain/usr/bin/clang -Xlinker -reproducible -target arm64-apple-ios12.0 -r -isysroot /Applications/Xcode_26.6.app/Contents/Developer/Platforms/iPhoneOS.platform/Developer/SDKs/iPhoneOS26.5.sdk -Os -w -F/Users/runner/work/red-pen-ios/red-pen-ios/ios/build/Build/Intermediates.noindex/EagerLinkingTBDs/Release-iphoneos -F/Users/runner/work/red-pen-ios/red-pen-ios/ios/build/Build/Products/Release-iphoneos -iframework /Applications/Xcode_26.6.app/Contents/Developer/Platforms/iPhoneOS.platform/Developer/Library/Frameworks -iframework /Applications/Xcode_26.6.app/Contents/Developer/Platforms/iPhoneOS.platform/Developer/SDKs/iPhoneOS26.5.sdk/Developer/Library/Frameworks -filelist /Users/runner/work/red-pen-ios/red-pen-ios/ios/build/Build/Intermediates.noindex/swift-collections.build/Release-iphoneos/InternalCollectionsUtilities.build/Objects-normal/arm64/InternalCollectionsUtilities.LinkFileList -nostdlib -Xlinker -object_path_lto -Xlinker /Users/runner/work/red-pen-ios/red-pen-ios/ios/build/Build/Intermediates.noindex/swift-collections.build/Release-iphoneos/InternalCollectionsUtilities.build/Objects-normal/arm64/InternalCollectionsUtilities_lto.o -Xlinker -dependency_info -Xlinker /Users/runner/work/red-pen-ios/red-pen-ios/ios/build/Build/Intermediates.noindex/swift-collections.build/Release-iphoneos/InternalCollectionsUtilities.build/Objects-normal/arm64/InternalCollectionsUtilities_dependency_info.dat -fobjc-link-runtime -L/Applications/Xcode_26.6.app/Contents/Developer/Toolchains/XcodeDefault.xctoolchain/usr/lib/swift/iphoneos -L/usr/lib/swift -Xlinker -add_ast_path -Xlinker /Users/runner/work/red-pen-ios/red-pen-ios/ios/build/Build/Intermediates.noindex/swift-collections.build/Release-iphoneos/InternalCollectionsUtilities.build/Objects-normal/arm64/InternalCollectionsUtilities.swiftmodule -o /Users/runner/work/red-pen-ios/red-pen-ios/ios/build/Build/Products/Release-iphoneos/InternalCollectionsUtilities.o

ExtractAppIntentsMetadata (in target 'InternalCollectionsUtilities' from project 'swift-collections')
    cd /Users/runner/work/red-pen-ios/red-pen-ios/ios/build/SourcePackages/checkouts/swift-collections
    /Applications/Xcode_26.6.app/Contents/Developer/Toolchains/XcodeDefault.xctoolchain/usr/bin/appintentsmetadataprocessor --toolchain-dir /var/run/com.apple.security.cryptexd/mnt/com.apple.MobileAsset.MetalToolchain-v17.6.109.0.u2e75G/Metal.xctoolchain --module-name InternalCollectionsUtilities --sdk-root /Applications/Xcode_26.6.app/Contents/Developer/Platforms/iPhoneOS.platform/Developer/SDKs/iPhoneOS26.5.sdk --xcode-version 17F113 --platform-family iOS --deployment-target 12.0 --bundle-identifier swift-collections.InternalCollectionsUtilities --output /Users/runner/work/red-pen-ios/red-pen-ios/ios/build/Build/Products/Release-iphoneos/InternalCollectionsUtilities.appintents --target-triple arm64-apple-ios12.0 --binary-file /Users/runner/work/red-pen-ios/red-pen-ios/ios/build/Build/Products/Release-iphoneos/InternalCollectionsUtilities.o --dependency-file /Users/runner/work/red-pen-ios/red-pen-ios/ios/build/Build/Intermediates.noindex/swift-collections.build/Release-iphoneos/InternalCollectionsUtilities.build/Objects-normal/arm64/InternalCollectionsUtilities_dependency_info.dat --stringsdata-file /Users/runner/work/red-pen-ios/red-pen-ios/ios/build/Build/Intermediates.noindex/swift-collections.build/Release-iphoneos/InternalCollectionsUtilities.build/Objects-normal/arm64/ExtractedAppShortcutsMetadata.stringsdata --source-file-list /Users/runner/work/red-pen-ios/red-pen-ios/ios/build/Build/Intermediates.noindex/swift-collections.build/Release-iphoneos/InternalCollectionsUtilities.build/Objects-normal/arm64/InternalCollectionsUtilities.SwiftFileList --metadata-file-list /Users/runner/work/red-pen-ios/red-pen-ios/ios/build/Build/Intermediates.noindex/swift-collections.build/Release-iphoneos/InternalCollectionsUtilities.build/InternalCollectionsUtilities.DependencyMetadataFileList --static-metadata-file-list /Users/runner/work/red-pen-ios/red-pen-ios/ios/build/Build/Intermediates.noindex/swift-collections.build/Release-iphoneos/InternalCollectionsUtilities.build/InternalCollectionsUtilities.DependencyStaticMetadataFileList --swift-const-vals-list /Users/runner/work/red-pen-ios/red-pen-ios/ios/build/Build/Intermediates.noindex/swift-collections.build/Release-iphoneos/InternalCollectionsUtilities.build/Objects-normal/arm64/InternalCollectionsUtilities.SwiftConstValuesFileList --force --compile-time-extraction --deployment-aware-processing --validate-assistant-intents --no-app-shortcuts-localization
2026-09-23 12:35:12.500 appintentsmetadataprocessor[6304:21855] Starting appintentsmetadataprocessor export
2026-09-23 12:35:12.509 appintentsmetadataprocessor[6304:21855] Extracted no relevant App Intents symbols, skipping writing output

RegisterExecutionPolicyException /Users/runner/work/red-pen-ios/red-pen-ios/ios/build/Build/Products/Release-iphoneos/InternalCollectionsUtilities.o (in target 'InternalCollectionsUtilities' from project 'swift-collections')
    cd /Users/runner/work/red-pen-ios/red-pen-ios/ios/build/SourcePackages/checkouts/swift-collections
    builtin-RegisterExecutionPolicyException /Users/runner/work/red-pen-ios/red-pen-ios/ios/build/Build/Products/Release-iphoneos/InternalCollectionsUtilities.o

Ld /Users/runner/work/red-pen-ios/red-pen-ios/ios/build/Build/Products/Release-iphoneos/LocalLLMClientLlamaC.o normal (in target 'LocalLLMClientLlamaC' from project 'LocalLLMClient')
    cd /Users/runner/work/red-pen-ios/red-pen-ios/ios/build/SourcePackages/checkouts/LocalLLMClient
    /Applications/Xcode_26.6.app/Contents/Developer/Toolchains/XcodeDefault.xctoolchain/usr/bin/clang++ -Xlinker -reproducible -target arm64-apple-ios17.0 -r -isysroot /Applications/Xcode_26.6.app/Contents/Developer/Platforms/iPhoneOS.platform/Developer/SDKs/iPhoneOS26.5.sdk -Os -w -F/Users/runner/work/red-pen-ios/red-pen-ios/ios/build/Build/Intermediates.noindex/EagerLinkingTBDs/Release-iphoneos -F/Users/runner/work/red-pen-ios/red-pen-ios/ios/build/Build/Products/Release-iphoneos -iframework /Applications/Xcode_26.6.app/Contents/Developer/Platforms/iPhoneOS.platform/Developer/Library/Frameworks -iframework /Applications/Xcode_26.6.app/Contents/Developer/Platforms/iPhoneOS.platform/Developer/SDKs/iPhoneOS26.5.sdk/Developer/Library/Frameworks -filelist /Users/runner/work/red-pen-ios/red-pen-ios/ios/build/Build/Intermediates.noindex/LocalLLMClient.build/Release-iphoneos/LocalLLMClientLlamaC.build/Objects-normal/arm64/LocalLLMClientLlamaC.LinkFileList -nostdlib -Xlinker -object_path_lto -Xlinker /Users/runner/work/red-pen-ios/red-pen-ios/ios/build/Build/Intermediates.noindex/LocalLLMClient.build/Release-iphoneos/LocalLLMClientLlamaC.build/Objects-normal/arm64/LocalLLMClientLlamaC_lto.o -Xlinker -dependency_info -Xlinker /Users/runner/work/red-pen-ios/red-pen-ios/ios/build/Build/Intermediates.noindex/LocalLLMClient.build/Release-iphoneos/LocalLLMClientLlamaC.build/Objects-normal/arm64/LocalLLMClientLlamaC_dependency_info.dat -o /Users/runner/work/red-pen-ios/red-pen-ios/ios/build/Build/Products/Release-iphoneos/LocalLLMClientLlamaC.o

RegisterExecutionPolicyException /Users/runner/work/red-pen-ios/red-pen-ios/ios/build/Build/Products/Release-iphoneos/LocalLLMClientLlamaC.o (in target 'LocalLLMClientLlamaC' from project 'LocalLLMClient')
    cd /Users/runner/work/red-pen-ios/red-pen-ios/ios/build/SourcePackages/checkouts/LocalLLMClient
    builtin-RegisterExecutionPolicyException /Users/runner/work/red-pen-ios/red-pen-ios/ios/build/Build/Products/Release-iphoneos/LocalLLMClientLlamaC.o

SwiftDriverJobDiscovery normal arm64 Compiling _HashTable+Bucket.swift, _HashTable+BucketIterator.swift, _HashTable+Constants.swift, _HashTable+CustomStringConvertible.swift, _HashTable+Testing.swift, _HashTable+UnsafeHandle.swift, _HashTable.swift, _Hashtable+Header.swift, OrderedDictionary+Codable.swift, OrderedDictionary+CustomReflectable.swift, OrderedDictionary+Deprecations.swift, OrderedDictionary+Descriptions.swift, OrderedDictionary+Elements.SubSequence.swift, OrderedDictionary+Elements.swift, OrderedDictionary+Equatable.swift, OrderedDictionary+ExpressibleByDictionaryLiteral.swift, OrderedDictionary+Hashable.swift, OrderedDictionary+Initializers.swift, OrderedDictionary+Invariants.swift, OrderedDictionary+Move.swift, OrderedDictionary+Partial MutableCollection.swift, OrderedDictionary+Partial RangeReplaceableCollection.swift, OrderedDictionary+Sendable.swift, OrderedDictionary+Sequence.swift, OrderedDictionary+Values.swift, OrderedDictionary.swift, OrderedSet+Codable.swift, OrderedSet+CustomReflectable.swift, OrderedSet+Descriptions.swift, OrderedSet+Diffing.swift, OrderedSet+Equatable.swift, OrderedSet+ExpressibleByArrayLiteral.swift, OrderedSet+Hashable.swift, OrderedSet+Initializers.swift, OrderedSet+Insertions.swift, OrderedSet+Invariants.swift, OrderedSet+Move.swift, OrderedSet+Partial MutableCollection.swift, OrderedSet+Partial RangeReplaceableCollection.swift, OrderedSet+Partial SetAlgebra formIntersection.swift, OrderedSet+Partial SetAlgebra formSymmetricDifference.swift, OrderedSet+Partial SetAlgebra formUnion.swift, OrderedSet+Partial SetAlgebra intersection.swift, OrderedSet+Partial SetAlgebra isDisjoint.swift, OrderedSet+Partial SetAlgebra isEqualSet.swift, OrderedSet+Partial SetAlgebra isStrictSubset.swift, OrderedSet+Partial SetAlgebra isStrictSuperset.swift, OrderedSet+Partial SetAlgebra isSubset.swift, OrderedSet+Partial SetAlgebra isSuperset.swift, OrderedSet+Partial SetAlgebra subtract.swift, OrderedSet+Partial SetAlgebra subtracting.swift, OrderedSet+Partial SetAlgebra symmetricDifference.swift, OrderedSet+Partial SetAlgebra union.swift, OrderedSet+Partial SetAlgebra+Basics.swift, OrderedSet+RandomAccessCollection.swift, OrderedSet+ReserveCapacity.swift, OrderedSet+Sendable.swift, OrderedSet+SubSequence.swift, OrderedSet+Testing.swift, OrderedSet+UnorderedView.swift, OrderedSet+UnstableInternals.swift, OrderedSet.swift, _UnsafeBitset.swift (in target 'OrderedCollections' from project 'swift-collections')

SwiftDriver\ Compilation\ Requirements OrderedCollections normal arm64 com.apple.xcode.tools.swift.compiler (in target 'OrderedCollections' from project 'swift-collections')
    cd /Users/runner/work/red-pen-ios/red-pen-ios/ios/RedPen.xcodeproj
    builtin-Swift-Compilation-Requirements -- /Applications/Xcode_26.6.app/Contents/Developer/Toolchains/XcodeDefault.xctoolchain/usr/bin/swiftc -module-name OrderedCollections -O -whole-module-optimization @/Users/runner/work/red-pen-ios/red-pen-ios/ios/build/Build/Intermediates.noindex/swift-collections.build/Release-iphoneos/OrderedCollections.build/Objects-normal/arm64/OrderedCollections.SwiftFileList -DSWIFT_PACKAGE -DSWIFT_MODULE_RESOURCE_BUNDLE_UNAVAILABLE -DCOLLECTIONS_RANDOMIZED_TESTING -DXcode -enable-experimental-feature AvailabilityMacro\=SwiftStdlib\ 5.0:\ macOS\ 10.14.4,\ iOS\ 12.2,\ watchOS\ 5.2,\ tvOS\ 12.2 -enable-experimental-feature AvailabilityMacro\=SwiftStdlib\ 5.1:\ macOS\ 10.15,\ iOS\ 13.0,\ watchOS\ 6.0,\ tvOS\ 13.0 -enable-experimental-feature AvailabilityMacro\=SwiftStdlib\ 5.6:\ macOS\ 12.3,\ iOS\ 15.4,\ watchOS\ 8.5,\ tvOS\ 15.4 -enable-experimental-feature AvailabilityMacro\=SwiftStdlib\ 5.7:\ macOS\ 13.0,\ iOS\ 16.0,\ watchOS\ 9.0,\ tvOS\ 16.0 -enable-experimental-feature AvailabilityMacro\=SwiftStdlib\ 5.8:\ macOS\ 13.3,\ iOS\ 16.4,\ watchOS\ 9.4,\ tvOS\ 16.4 -enable-experimental-feature AvailabilityMacro\=SwiftStdlib\ 5.9:\ macOS\ 14.0,\ iOS\ 17.0,\ watchOS\ 10.0,\ tvOS\ 17.0 -enable-experimental-feature AvailabilityMacro\=SwiftStdlib\ 5.10:\ macOS\ 14.4,\ iOS\ 17.4,\ watchOS\ 10.4,\ tvOS\ 17.4,\ visionOS\ 1.1 -enable-experimental-feature AvailabilityMacro\=SwiftStdlib\ 6.0:\ macOS\ 15.0,\ iOS\ 18.0,\ watchOS\ 11.0,\ tvOS\ 18.0,\ visionOS\ 2.0 -enable-experimental-feature AvailabilityMacro\=SwiftStdlib\ 6.1:\ macOS\ 15.4,\ iOS\ 18.4,\ watchOS\ 11.4,\ tvOS\ 18.4,\ visionOS\ 2.4 -enable-experimental-feature AvailabilityMacro\=SwiftStdlib\ 6.2:\ macOS\ 26.0,\ iOS\ 26.0,\ watchOS\ 26.0,\ tvOS\ 26.0,\ visionOS\ 26.0 -enable-experimental-feature AvailabilityMacro\=SwiftStdlib\ 6.3:\ macOS\ 26.4,\ iOS\ 26.4,\ watchOS\ 26.4,\ tvOS\ 26.4,\ visionOS\ 26.4 -enable-experimental-feature AvailabilityMacro\=SwiftStdlib\ 6.4:\ macOS\ 27.0,\ iOS\ 27.0,\ watchOS\ 27.0,\ tvOS\ 27.0,\ visionOS\ 27.0 -enable-experimental-feature AvailabilityMacro\=SwiftStdlib\ 6.5:\ macOS\ 9999,\ iOS\ 9999,\ watchOS\ 9999,\ tvOS\ 9999,\ visionOS\ 9999 -enable-upcoming-feature MemberImportVisibility -enable-experimental-feature BuiltinModule -enable-experimental-feature Lifetimes -enable-experimental-feature InoutLifetimeDependence -enable-experimental-feature AddressableParameters -enable-experimental-feature AddressableTypes -enable-experimental-feature SuppressedAssociatedTypesWithDefaults -enable-experimental-feature BorrowingSequence -plugin-path /Applications/Xcode_26.6.app/Contents/Developer/Toolchains/XcodeDefault.xctoolchain/usr/lib/swift/host/plugins/testing -enable-experimental-feature DebugDescriptionMacro -sdk /Applications/Xcode_26.6.app/Contents/Developer/Platforms/iPhoneOS.platform/Developer/SDKs/iPhoneOS26.5.sdk -target arm64-apple-ios12.0 -g -module-cache-path /Users/runner/work/red-pen-ios/red-pen-ios/ios/build/ModuleCache.noindex -Xfrontend -serialize-debugging-options -suppress-warnings -swift-version 6 -I /Users/runner/work/red-pen-ios/red-pen-ios/ios/build/Build/Products/Release-iphoneos -Isystem /Applications/Xcode_26.6.app/Contents/Developer/Platforms/iPhoneOS.platform/Developer/usr/lib -F /Users/runner/work/red-pen-ios/red-pen-ios/ios/build/Build/Products/Release-iphoneos/PackageFrameworks -F /Users/runner/work/red-pen-ios/red-pen-ios/ios/build/Build/Products/Release-iphoneos -F /Applications/Xcode_26.6.app/Contents/Developer/Platforms/iPhoneOS.platform/Developer/Library/Frameworks -F /Applications/Xcode_26.6.app/Contents/Developer/Platforms/iPhoneOS.platform/Developer/SDKs/iPhoneOS26.5.sdk/Developer/Library/Frameworks -c -num-threads 3 -Xcc -ivfsstatcache -Xcc /Users/runner/work/red-pen-ios/red-pen-ios/ios/build/SDKStatCaches.noindex/iphoneos26.5-23F81a-688ef53f1462e2c8f657fdc38a81448fee66e23052a0157c865c76b268046726.sdkstatcache -output-file-map /Users/runner/work/red-pen-ios/red-pen-ios/ios/build/Build/Intermediates.noindex/swift-collections.build/Release-iphoneos/OrderedCollections.build/Objects-normal/arm64/OrderedCollections-OutputFileMap.json -use-frontend-parseable-output -save-temps -no-color-diagnostics -serialize-diagnostics -emit-dependencies -emit-module -emit-module-path /Users/runner/work/red-pen-ios/red-pen-ios/ios/build/Build/Intermediates.noindex/swift-collections.build/Release-iphoneos/OrderedCollections.build/Objects-normal/arm64/OrderedCollections.swiftmodule -user-module-version 1.7.0 -validate-clang-modules-once -clang-build-session-file /Users/runner/work/red-pen-ios/red-pen-ios/ios/build/ModuleCache.noindex/Session.modulevalidation -package-name swift_collections -Xcc -I/Users/runner/work/red-pen-ios/red-pen-ios/ios/build/Build/Intermediates.noindex/swift-collections.build/Release-iphoneos/OrderedCollections.build/swift-overrides.hmap -emit-const-values -Xfrontend -const-gather-protocols-file -Xfrontend /Users/runner/work/red-pen-ios/red-pen-ios/ios/build/Build/Intermediates.noindex/swift-collections.build/Release-iphoneos/OrderedCollections.build/Objects-normal/arm64/OrderedCollections_const_extract_protocols.json -Xcc -I/Users/runner/work/red-pen-ios/red-pen-ios/ios/build/Build/Products/Release-iphoneos/include -Xcc -I/Users/runner/work/red-pen-ios/red-pen-ios/ios/build/Build/Intermediates.noindex/swift-collections.build/Release-iphoneos/OrderedCollections.build/DerivedSources-normal/arm64 -Xcc -I/Users/runner/work/red-pen-ios/red-pen-ios/ios/build/Build/Intermediates.noindex/swift-collections.build/Release-iphoneos/OrderedCollections.build/DerivedSources/arm64 -Xcc -I/Users/runner/work/red-pen-ios/red-pen-ios/ios/build/Build/Intermediates.noindex/swift-collections.build/Release-iphoneos/OrderedCollections.build/DerivedSources -Xcc -DSWIFT_PACKAGE -emit-objc-header -emit-objc-header-path /Users/runner/work/red-pen-ios/red-pen-ios/ios/build/Build/Intermediates.noindex/swift-collections.build/Release-iphoneos/OrderedCollections.build/Objects-normal/arm64/OrderedCollections-Swift.h -working-directory /Users/runner/work/red-pen-ios/red-pen-ios/ios/RedPen.xcodeproj -no-emit-module-separately-wmo

SwiftMergeGeneratedHeaders /Users/runner/work/red-pen-ios/red-pen-ios/ios/build/Build/Intermediates.noindex/GeneratedModuleMaps-iphoneos/OrderedCollections-Swift.h /Users/runner/work/red-pen-ios/red-pen-ios/ios/build/Build/Intermediates.noindex/swift-collections.build/Release-iphoneos/OrderedCollections.build/Objects-normal/arm64/OrderedCollections-Swift.h (in target 'OrderedCollections' from project 'swift-collections')
    cd /Users/runner/work/red-pen-ios/red-pen-ios/ios/build/SourcePackages/checkouts/swift-collections
    builtin-swiftHeaderTool -arch arm64 /Users/runner/work/red-pen-ios/red-pen-ios/ios/build/Build/Intermediates.noindex/swift-collections.build/Release-iphoneos/OrderedCollections.build/Objects-normal/arm64/OrderedCollections-Swift.h -o /Users/runner/work/red-pen-ios/red-pen-ios/ios/build/Build/Intermediates.noindex/GeneratedModuleMaps-iphoneos/OrderedCollections-Swift.h

Copy /Users/runner/work/red-pen-ios/red-pen-ios/ios/build/Build/Products/Release-iphoneos/OrderedCollections.swiftmodule/arm64-apple-ios.swiftdoc /Users/runner/work/red-pen-ios/red-pen-ios/ios/build/Build/Intermediates.noindex/swift-collections.build/Release-iphoneos/OrderedCollections.build/Objects-normal/arm64/OrderedCollections.swiftdoc (in target 'OrderedCollections' from project 'swift-collections')
    cd /Users/runner/work/red-pen-ios/red-pen-ios/ios/build/SourcePackages/checkouts/swift-collections
    builtin-copy -exclude .DS_Store -exclude CVS -exclude .svn -exclude .git -exclude .hg -strip-unsigned-binaries -strip-deterministic -strip-tool /Applications/Xcode_26.6.app/Contents/Developer/Toolchains/XcodeDefault.xctoolchain/usr/bin/strip -resolve-src-symlinks -rename /Users/runner/work/red-pen-ios/red-pen-ios/ios/build/Build/Intermediates.noindex/swift-collections.build/Release-iphoneos/OrderedCollections.build/Objects-normal/arm64/OrderedCollections.swiftdoc /Users/runner/work/red-pen-ios/red-pen-ios/ios/build/Build/Products/Release-iphoneos/OrderedCollections.swiftmodule/arm64-apple-ios.swiftdoc

Copy /Users/runner/work/red-pen-ios/red-pen-ios/ios/build/Build/Products/Release-iphoneos/OrderedCollections.swiftmodule/arm64-apple-ios.swiftmodule /Users/runner/work/red-pen-ios/red-pen-ios/ios/build/Build/Intermediates.noindex/swift-collections.build/Release-iphoneos/OrderedCollections.build/Objects-normal/arm64/OrderedCollections.swiftmodule (in target 'OrderedCollections' from project 'swift-collections')
    cd /Users/runner/work/red-pen-ios/red-pen-ios/ios/build/SourcePackages/checkouts/swift-collections
    builtin-copy -exclude .DS_Store -exclude CVS -exclude .svn -exclude .git -exclude .hg -strip-unsigned-binaries -strip-deterministic -strip-tool /Applications/Xcode_26.6.app/Contents/Developer/Toolchains/XcodeDefault.xctoolchain/usr/bin/strip -resolve-src-symlinks -rename /Users/runner/work/red-pen-ios/red-pen-ios/ios/build/Build/Intermediates.noindex/swift-collections.build/Release-iphoneos/OrderedCollections.build/Objects-normal/arm64/OrderedCollections.swiftmodule /Users/runner/work/red-pen-ios/red-pen-ios/ios/build/Build/Products/Release-iphoneos/OrderedCollections.swiftmodule/arm64-apple-ios.swiftmodule

Copy /Users/runner/work/red-pen-ios/red-pen-ios/ios/build/Build/Products/Release-iphoneos/OrderedCollections.swiftmodule/arm64-apple-ios.abi.json /Users/runner/work/red-pen-ios/red-pen-ios/ios/build/Build/Intermediates.noindex/swift-collections.build/Release-iphoneos/OrderedCollections.build/Objects-normal/arm64/OrderedCollections.abi.json (in target 'OrderedCollections' from project 'swift-collections')
    cd /Users/runner/work/red-pen-ios/red-pen-ios/ios/build/SourcePackages/checkouts/swift-collections
    builtin-copy -exclude .DS_Store -exclude CVS -exclude .svn -exclude .git -exclude .hg -strip-unsigned-binaries -strip-deterministic -strip-tool /Applications/Xcode_26.6.app/Contents/Developer/Toolchains/XcodeDefault.xctoolchain/usr/bin/strip -resolve-src-symlinks -rename /Users/runner/work/red-pen-ios/red-pen-ios/ios/build/Build/Intermediates.noindex/swift-collections.build/Release-iphoneos/OrderedCollections.build/Objects-normal/arm64/OrderedCollections.abi.json /Users/runner/work/red-pen-ios/red-pen-ios/ios/build/Build/Products/Release-iphoneos/OrderedCollections.swiftmodule/arm64-apple-ios.abi.json

Copy /Users/runner/work/red-pen-ios/red-pen-ios/ios/build/Build/Products/Release-iphoneos/OrderedCollections.swiftmodule/Project/arm64-apple-ios.swiftsourceinfo /Users/runner/work/red-pen-ios/red-pen-ios/ios/build/Build/Intermediates.noindex/swift-collections.build/Release-iphoneos/OrderedCollections.build/Objects-normal/arm64/OrderedCollections.swiftsourceinfo (in target 'OrderedCollections' from project 'swift-collections')
    cd /Users/runner/work/red-pen-ios/red-pen-ios/ios/build/SourcePackages/checkouts/swift-collections
    builtin-copy -exclude .DS_Store -exclude CVS -exclude .svn -exclude .git -exclude .hg -strip-unsigned-binaries -strip-deterministic -strip-tool /Applications/Xcode_26.6.app/Contents/Developer/Toolchains/XcodeDefault.xctoolchain/usr/bin/strip -resolve-src-symlinks -rename /Users/runner/work/red-pen-ios/red-pen-ios/ios/build/Build/Intermediates.noindex/swift-collections.build/Release-iphoneos/OrderedCollections.build/Objects-normal/arm64/OrderedCollections.swiftsourceinfo /Users/runner/work/red-pen-ios/red-pen-ios/ios/build/Build/Products/Release-iphoneos/OrderedCollections.swiftmodule/Project/arm64-apple-ios.swiftsourceinfo

Ld /Users/runner/work/red-pen-ios/red-pen-ios/ios/build/Build/Products/Release-iphoneos/OrderedCollections.o normal (in target 'OrderedCollections' from project 'swift-collections')
    cd /Users/runner/work/red-pen-ios/red-pen-ios/ios/build/SourcePackages/checkouts/swift-collections
    /Applications/Xcode_26.6.app/Contents/Developer/Toolchains/XcodeDefault.xctoolchain/usr/bin/clang -Xlinker -reproducible -target arm64-apple-ios12.0 -r -isysroot /Applications/Xcode_26.6.app/Contents/Developer/Platforms/iPhoneOS.platform/Developer/SDKs/iPhoneOS26.5.sdk -Os -w -F/Users/runner/work/red-pen-ios/red-pen-ios/ios/build/Build/Intermediates.noindex/EagerLinkingTBDs/Release-iphoneos -F/Users/runner/work/red-pen-ios/red-pen-ios/ios/build/Build/Products/Release-iphoneos/PackageFrameworks -F/Users/runner/work/red-pen-ios/red-pen-ios/ios/build/Build/Products/Release-iphoneos -iframework /Applications/Xcode_26.6.app/Contents/Developer/Platforms/iPhoneOS.platform/Developer/Library/Frameworks -iframework /Applications/Xcode_26.6.app/Contents/Developer/Platforms/iPhoneOS.platform/Developer/SDKs/iPhoneOS26.5.sdk/Developer/Library/Frameworks -filelist /Users/runner/work/red-pen-ios/red-pen-ios/ios/build/Build/Intermediates.noindex/swift-collections.build/Release-iphoneos/OrderedCollections.build/Objects-normal/arm64/OrderedCollections.LinkFileList -nostdlib -Xlinker -object_path_lto -Xlinker /Users/runner/work/red-pen-ios/red-pen-ios/ios/build/Build/Intermediates.noindex/swift-collections.build/Release-iphoneos/OrderedCollections.build/Objects-normal/arm64/OrderedCollections_lto.o -Xlinker -dependency_info -Xlinker /Users/runner/work/red-pen-ios/red-pen-ios/ios/build/Build/Intermediates.noindex/swift-collections.build/Release-iphoneos/OrderedCollections.build/Objects-normal/arm64/OrderedCollections_dependency_info.dat -fobjc-link-runtime -L/Applications/Xcode_26.6.app/Contents/Developer/Toolchains/XcodeDefault.xctoolchain/usr/lib/swift/iphoneos -L/usr/lib/swift -Xlinker -add_ast_path -Xlinker /Users/runner/work/red-pen-ios/red-pen-ios/ios/build/Build/Intermediates.noindex/swift-collections.build/Release-iphoneos/OrderedCollections.build/Objects-normal/arm64/OrderedCollections.swiftmodule -o /Users/runner/work/red-pen-ios/red-pen-ios/ios/build/Build/Products/Release-iphoneos/OrderedCollections.o

SwiftDriver Jinja normal arm64 com.apple.xcode.tools.swift.compiler (in target 'Jinja' from project 'Jinja')
    cd /Users/runner/work/red-pen-ios/red-pen-ios/ios/RedPen.xcodeproj
    builtin-SwiftDriver -- /Applications/Xcode_26.6.app/Contents/Developer/Toolchains/XcodeDefault.xctoolchain/usr/bin/swiftc -module-name Jinja -O -whole-module-optimization @/Users/runner/work/red-pen-ios/red-pen-ios/ios/build/Build/Intermediates.noindex/Jinja.build/Release-iphoneos/Jinja.build/Objects-normal/arm64/Jinja.SwiftFileList -DSWIFT_PACKAGE -DSWIFT_MODULE_RESOURCE_BUNDLE_UNAVAILABLE -DXcode -plugin-path /Applications/Xcode_26.6.app/Contents/Developer/Toolchains/XcodeDefault.xctoolchain/usr/lib/swift/host/plugins/testing -enable-experimental-feature DebugDescriptionMacro -sdk /Applications/Xcode_26.6.app/Contents/Developer/Platforms/iPhoneOS.platform/Developer/SDKs/iPhoneOS26.5.sdk -target arm64-apple-ios16.0 -g -module-cache-path /Users/runner/work/red-pen-ios/red-pen-ios/ios/build/ModuleCache.noindex -Xfrontend -serialize-debugging-options -suppress-warnings -swift-version 6 -I /Users/runner/work/red-pen-ios/red-pen-ios/ios/build/Build/Products/Release-iphoneos -Isystem /Applications/Xcode_26.6.app/Contents/Developer/Platforms/iPhoneOS.platform/Developer/usr/lib -F /Users/runner/work/red-pen-ios/red-pen-ios/ios/build/Build/Products/Release-iphoneos/PackageFrameworks -F /Users/runner/work/red-pen-ios/red-pen-ios/ios/build/Build/Products/Release-iphoneos/PackageFrameworks -F /Users/runner/work/red-pen-ios/red-pen-ios/ios/build/Build/Products/Release-iphoneos -F /Applications/Xcode_26.6.app/Contents/Developer/Platforms/iPhoneOS.platform/Developer/Library/Frameworks -F /Applications/Xcode_26.6.app/Contents/Developer/Platforms/iPhoneOS.platform/Developer/SDKs/iPhoneOS26.5.sdk/Developer/Library/Frameworks -c -num-threads 3 -Xcc -ivfsstatcache -Xcc /Users/runner/work/red-pen-ios/red-pen-ios/ios/build/SDKStatCaches.noindex/iphoneos26.5-23F81a-688ef53f1462e2c8f657fdc38a81448fee66e23052a0157c865c76b268046726.sdkstatcache -output-file-map /Users/runner/work/red-pen-ios/red-pen-ios/ios/build/Build/Intermediates.noindex/Jinja.build/Release-iphoneos/Jinja.build/Objects-normal/arm64/Jinja-OutputFileMap.json -use-frontend-parseable-output -save-temps -no-color-diagnostics -serialize-diagnostics -emit-dependencies -emit-module -emit-module-path /Users/runner/work/red-pen-ios/red-pen-ios/ios/build/Build/Intermediates.noindex/Jinja.build/Release-iphoneos/Jinja.build/Objects-normal/arm64/Jinja.swiftmodule -user-module-version 2.5.1 -validate-clang-modules-once -clang-build-session-file /Users/runner/work/red-pen-ios/red-pen-ios/ios/build/ModuleCache.noindex/Session.modulevalidation -package-name swift_jinja -Xcc -I/Users/runner/work/red-pen-ios/red-pen-ios/ios/build/Build/Intermediates.noindex/Jinja.build/Release-iphoneos/Jinja.build/swift-overrides.hmap -emit-const-values -Xfrontend -const-gather-protocols-file -Xfrontend /Users/runner/work/red-pen-ios/red-pen-ios/ios/build/Build/Intermediates.noindex/Jinja.build/Release-iphoneos/Jinja.build/Objects-normal/arm64/Jinja_const_extract_protocols.json -Xcc -I/Users/runner/work/red-pen-ios/red-pen-ios/ios/build/Build/Products/Release-iphoneos/include -Xcc -I/Users/runner/work/red-pen-ios/red-pen-ios/ios/build/Build/Intermediates.noindex/Jinja.build/Release-iphoneos/Jinja.build/DerivedSources-normal/arm64 -Xcc -I/Users/runner/work/red-pen-ios/red-pen-ios/ios/build/Build/Intermediates.noindex/Jinja.build/Release-iphoneos/Jinja.build/DerivedSources/arm64 -Xcc -I/Users/runner/work/red-pen-ios/red-pen-ios/ios/build/Build/Intermediates.noindex/Jinja.build/Release-iphoneos/Jinja.build/DerivedSources -Xcc -DSWIFT_PACKAGE -emit-objc-header -emit-objc-header-path /Users/runner/work/red-pen-ios/red-pen-ios/ios/build/Build/Intermediates.noindex/Jinja.build/Release-iphoneos/Jinja.build/Objects-normal/arm64/Jinja-Swift.h -working-directory /Users/runner/work/red-pen-ios/red-pen-ios/ios/RedPen.xcodeproj -no-emit-module-separately-wmo

SwiftCompile normal arm64 Compiling\ AST.swift,\ Error.swift,\ Filters.swift,\ Globals.swift,\ Interpreter.swift,\ JSON.swift,\ Lexer.swift,\ Macro.swift,\ Parser.swift,\ PropertyMembers.swift,\ Template.swift,\ Tests.swift,\ Token.swift,\ Utilities.swift,\ Value.swift /Users/runner/work/red-pen-ios/red-pen-ios/ios/build/SourcePackages/checkouts/swift-jinja/Sources/Jinja/AST.swift /Users/runner/work/red-pen-ios/red-pen-ios/ios/build/SourcePackages/checkouts/swift-jinja/Sources/Jinja/Error.swift /Users/runner/work/red-pen-ios/red-pen-ios/ios/build/SourcePackages/checkouts/swift-jinja/Sources/Jinja/Filters.swift /Users/runner/work/red-pen-ios/red-pen-ios/ios/build/SourcePackages/checkouts/swift-jinja/Sources/Jinja/Globals.swift /Users/runner/work/red-pen-ios/red-pen-ios/ios/build/SourcePackages/checkouts/swift-jinja/Sources/Jinja/Interpreter.swift /Users/runner/work/red-pen-ios/red-pen-ios/ios/build/SourcePackages/checkouts/swift-jinja/Sources/Jinja/JSON.swift /Users/runner/work/red-pen-ios/red-pen-ios/ios/build/SourcePackages/checkouts/swift-jinja/Sources/Jinja/Lexer.swift /Users/runner/work/red-pen-ios/red-pen-ios/ios/build/SourcePackages/checkouts/swift-jinja/Sources/Jinja/Macro.swift /Users/runner/work/red-pen-ios/red-pen-ios/ios/build/SourcePackages/checkouts/swift-jinja/Sources/Jinja/Parser.swift /Users/runner/work/red-pen-ios/red-pen-ios/ios/build/SourcePackages/checkouts/swift-jinja/Sources/Jinja/PropertyMembers.swift /Users/runner/work/red-pen-ios/red-pen-ios/ios/build/SourcePackages/checkouts/swift-jinja/Sources/Jinja/Template.swift /Users/runner/work/red-pen-ios/red-pen-ios/ios/build/SourcePackages/checkouts/swift-jinja/Sources/Jinja/Tests.swift /Users/runner/work/red-pen-ios/red-pen-ios/ios/build/SourcePackages/checkouts/swift-jinja/Sources/Jinja/Token.swift /Users/runner/work/red-pen-ios/red-pen-ios/ios/build/SourcePackages/checkouts/swift-jinja/Sources/Jinja/Utilities.swift /Users/runner/work/red-pen-ios/red-pen-ios/ios/build/SourcePackages/checkouts/swift-jinja/Sources/Jinja/Value.swift (in target 'Jinja' from project 'Jinja')

CompileSwift normal arm64 (in target 'Jinja' from project 'Jinja')
    cd /Users/runner/work/red-pen-ios/red-pen-ios/ios/RedPen.xcodeproj
    

SwiftDriver\ Compilation Jinja normal arm64 com.apple.xcode.tools.swift.compiler (in target 'Jinja' from project 'Jinja')
    cd /Users/runner/work/red-pen-ios/red-pen-ios/ios/RedPen.xcodeproj
    builtin-Swift-Compilation -- /Applications/Xcode_26.6.app/Contents/Developer/Toolchains/XcodeDefault.xctoolchain/usr/bin/swiftc -module-name Jinja -O -whole-module-optimization @/Users/runner/work/red-pen-ios/red-pen-ios/ios/build/Build/Intermediates.noindex/Jinja.build/Release-iphoneos/Jinja.build/Objects-normal/arm64/Jinja.SwiftFileList -DSWIFT_PACKAGE -DSWIFT_MODULE_RESOURCE_BUNDLE_UNAVAILABLE -DXcode -plugin-path /Applications/Xcode_26.6.app/Contents/Developer/Toolchains/XcodeDefault.xctoolchain/usr/lib/swift/host/plugins/testing -enable-experimental-feature DebugDescriptionMacro -sdk /Applications/Xcode_26.6.app/Contents/Developer/Platforms/iPhoneOS.platform/Developer/SDKs/iPhoneOS26.5.sdk -target arm64-apple-ios16.0 -g -module-cache-path /Users/runner/work/red-pen-ios/red-pen-ios/ios/build/ModuleCache.noindex -Xfrontend -serialize-debugging-options -suppress-warnings -swift-version 6 -I /Users/runner/work/red-pen-ios/red-pen-ios/ios/build/Build/Products/Release-iphoneos -Isystem /Applications/Xcode_26.6.app/Contents/Developer/Platforms/iPhoneOS.platform/Developer/usr/lib -F /Users/runner/work/red-pen-ios/red-pen-ios/ios/build/Build/Products/Release-iphoneos/PackageFrameworks -F /Users/runner/work/red-pen-ios/red-pen-ios/ios/build/Build/Products/Release-iphoneos/PackageFrameworks -F /Users/runner/work/red-pen-ios/red-pen-ios/ios/build/Build/Products/Release-iphoneos -F /Applications/Xcode_26.6.app/Contents/Developer/Platforms/iPhoneOS.platform/Developer/Library/Frameworks -F /Applications/Xcode_26.6.app/Contents/Developer/Platforms/iPhoneOS.platform/Developer/SDKs/iPhoneOS26.5.sdk/Developer/Library/Frameworks -c -num-threads 3 -Xcc -ivfsstatcache -Xcc /Users/runner/work/red-pen-ios/red-pen-ios/ios/build/SDKStatCaches.noindex/iphoneos26.5-23F81a-688ef53f1462e2c8f657fdc38a81448fee66e23052a0157c865c76b268046726.sdkstatcache -output-file-map /Users/runner/work/red-pen-ios/red-pen-ios/ios/build/Build/Intermediates.noindex/Jinja.build/Release-iphoneos/Jinja.build/Objects-normal/arm64/Jinja-OutputFileMap.json -use-frontend-parseable-output -save-temps -no-color-diagnostics -serialize-diagnostics -emit-dependencies -emit-module -emit-module-path /Users/runner/work/red-pen-ios/red-pen-ios/ios/build/Build/Intermediates.noindex/Jinja.build/Release-iphoneos/Jinja.build/Objects-normal/arm64/Jinja.swiftmodule -user-module-version 2.5.1 -validate-clang-modules-once -clang-build-session-file /Users/runner/work/red-pen-ios/red-pen-ios/ios/build/ModuleCache.noindex/Session.modulevalidation -package-name swift_jinja -Xcc -I/Users/runner/work/red-pen-ios/red-pen-ios/ios/build/Build/Intermediates.noindex/Jinja.build/Release-iphoneos/Jinja.build/swift-overrides.hmap -emit-const-values -Xfrontend -const-gather-protocols-file -Xfrontend /Users/runner/work/red-pen-ios/red-pen-ios/ios/build/Build/Intermediates.noindex/Jinja.build/Release-iphoneos/Jinja.build/Objects-normal/arm64/Jinja_const_extract_protocols.json -Xcc -I/Users/runner/work/red-pen-ios/red-pen-ios/ios/build/Build/Products/Release-iphoneos/include -Xcc -I/Users/runner/work/red-pen-ios/red-pen-ios/ios/build/Build/Intermediates.noindex/Jinja.build/Release-iphoneos/Jinja.build/DerivedSources-normal/arm64 -Xcc -I/Users/runner/work/red-pen-ios/red-pen-ios/ios/build/Build/Intermediates.noindex/Jinja.build/Release-iphoneos/Jinja.build/DerivedSources/arm64 -Xcc -I/Users/runner/work/red-pen-ios/red-pen-ios/ios/build/Build/Intermediates.noindex/Jinja.build/Release-iphoneos/Jinja.build/DerivedSources -Xcc -DSWIFT_PACKAGE -emit-objc-header -emit-objc-header-path /Users/runner/work/red-pen-ios/red-pen-ios/ios/build/Build/Intermediates.noindex/Jinja.build/Release-iphoneos/Jinja.build/Objects-normal/arm64/Jinja-Swift.h -working-directory /Users/runner/work/red-pen-ios/red-pen-ios/ios/RedPen.xcodeproj -no-emit-module-separately-wmo

ExtractAppIntentsMetadata (in target 'OrderedCollections' from project 'swift-collections')
    cd /Users/runner/work/red-pen-ios/red-pen-ios/ios/build/SourcePackages/checkouts/swift-collections
    /Applications/Xcode_26.6.app/Contents/Developer/Toolchains/XcodeDefault.xctoolchain/usr/bin/appintentsmetadataprocessor --toolchain-dir /var/run/com.apple.security.cryptexd/mnt/com.apple.MobileAsset.MetalToolchain-v17.6.109.0.u2e75G/Metal.xctoolchain --module-name OrderedCollections --sdk-root /Applications/Xcode_26.6.app/Contents/Developer/Platforms/iPhoneOS.platform/Developer/SDKs/iPhoneOS26.5.sdk --xcode-version 17F113 --platform-family iOS --deployment-target 12.0 --bundle-identifier swift-collections.OrderedCollections --output /Users/runner/work/red-pen-ios/red-pen-ios/ios/build/Build/Products/Release-iphoneos/OrderedCollections.appintents --target-triple arm64-apple-ios12.0 --binary-file /Users/runner/work/red-pen-ios/red-pen-ios/ios/build/Build/Products/Release-iphoneos/OrderedCollections.o --dependency-file /Users/runner/work/red-pen-ios/red-pen-ios/ios/build/Build/Intermediates.noindex/swift-collections.build/Release-iphoneos/OrderedCollections.build/Objects-normal/arm64/OrderedCollections_dependency_info.dat --stringsdata-file /Users/runner/work/red-pen-ios/red-pen-ios/ios/build/Build/Intermediates.noindex/swift-collections.build/Release-iphoneos/OrderedCollections.build/Objects-normal/arm64/ExtractedAppShortcutsMetadata.stringsdata --source-file-list /Users/runner/work/red-pen-ios/red-pen-ios/ios/build/Build/Intermediates.noindex/swift-collections.build/Release-iphoneos/OrderedCollections.build/Objects-normal/arm64/OrderedCollections.SwiftFileList --metadata-file-list /Users/runner/work/red-pen-ios/red-pen-ios/ios/build/Build/Intermediates.noindex/swift-collections.build/Release-iphoneos/OrderedCollections.build/OrderedCollections.DependencyMetadataFileList --static-metadata-file-list /Users/runner/work/red-pen-ios/red-pen-ios/ios/build/Build/Intermediates.noindex/swift-collections.build/Release-iphoneos/OrderedCollections.build/OrderedCollections.DependencyStaticMetadataFileList --swift-const-vals-list /Users/runner/work/red-pen-ios/red-pen-ios/ios/build/Build/Intermediates.noindex/swift-collections.build/Release-iphoneos/OrderedCollections.build/Objects-normal/arm64/OrderedCollections.SwiftConstValuesFileList --force --compile-time-extraction --deployment-aware-processing --validate-assistant-intents --no-app-shortcuts-localization
2026-09-23 12:35:14.972 appintentsmetadataprocessor[6328:21985] Starting appintentsmetadataprocessor export
2026-09-23 12:35:14.981 appintentsmetadataprocessor[6328:21985] Extracted no relevant App Intents symbols, skipping writing output

RegisterExecutionPolicyException /Users/runner/work/red-pen-ios/red-pen-ios/ios/build/Build/Products/Release-iphoneos/OrderedCollections.o (in target 'OrderedCollections' from project 'swift-collections')
    cd /Users/runner/work/red-pen-ios/red-pen-ios/ios/build/SourcePackages/checkouts/swift-collections
    builtin-RegisterExecutionPolicyException /Users/runner/work/red-pen-ios/red-pen-ios/ios/build/Build/Products/Release-iphoneos/OrderedCollections.o

SwiftDriverJobDiscovery normal arm64 Compiling AST.swift, Error.swift, Filters.swift, Globals.swift, Interpreter.swift, JSON.swift, Lexer.swift, Macro.swift, Parser.swift, PropertyMembers.swift, Template.swift, Tests.swift, Token.swift, Utilities.swift, Value.swift (in target 'Jinja' from project 'Jinja')

SwiftDriver\ Compilation\ Requirements Jinja normal arm64 com.apple.xcode.tools.swift.compiler (in target 'Jinja' from project 'Jinja')
    cd /Users/runner/work/red-pen-ios/red-pen-ios/ios/RedPen.xcodeproj
    builtin-Swift-Compilation-Requirements -- /Applications/Xcode_26.6.app/Contents/Developer/Toolchains/XcodeDefault.xctoolchain/usr/bin/swiftc -module-name Jinja -O -whole-module-optimization @/Users/runner/work/red-pen-ios/red-pen-ios/ios/build/Build/Intermediates.noindex/Jinja.build/Release-iphoneos/Jinja.build/Objects-normal/arm64/Jinja.SwiftFileList -DSWIFT_PACKAGE -DSWIFT_MODULE_RESOURCE_BUNDLE_UNAVAILABLE -DXcode -plugin-path /Applications/Xcode_26.6.app/Contents/Developer/Toolchains/XcodeDefault.xctoolchain/usr/lib/swift/host/plugins/testing -enable-experimental-feature DebugDescriptionMacro -sdk /Applications/Xcode_26.6.app/Contents/Developer/Platforms/iPhoneOS.platform/Developer/SDKs/iPhoneOS26.5.sdk -target arm64-apple-ios16.0 -g -module-cache-path /Users/runner/work/red-pen-ios/red-pen-ios/ios/build/ModuleCache.noindex -Xfrontend -serialize-debugging-options -suppress-warnings -swift-version 6 -I /Users/runner/work/red-pen-ios/red-pen-ios/ios/build/Build/Products/Release-iphoneos -Isystem /Applications/Xcode_26.6.app/Contents/Developer/Platforms/iPhoneOS.platform/Developer/usr/lib -F /Users/runner/work/red-pen-ios/red-pen-ios/ios/build/Build/Products/Release-iphoneos/PackageFrameworks -F /Users/runner/work/red-pen-ios/red-pen-ios/ios/build/Build/Products/Release-iphoneos/PackageFrameworks -F /Users/runner/work/red-pen-ios/red-pen-ios/ios/build/Build/Products/Release-iphoneos -F /Applications/Xcode_26.6.app/Contents/Developer/Platforms/iPhoneOS.platform/Developer/Library/Frameworks -F /Applications/Xcode_26.6.app/Contents/Developer/Platforms/iPhoneOS.platform/Developer/SDKs/iPhoneOS26.5.sdk/Developer/Library/Frameworks -c -num-threads 3 -Xcc -ivfsstatcache -Xcc /Users/runner/work/red-pen-ios/red-pen-ios/ios/build/SDKStatCaches.noindex/iphoneos26.5-23F81a-688ef53f1462e2c8f657fdc38a81448fee66e23052a0157c865c76b268046726.sdkstatcache -output-file-map /Users/runner/work/red-pen-ios/red-pen-ios/ios/build/Build/Intermediates.noindex/Jinja.build/Release-iphoneos/Jinja.build/Objects-normal/arm64/Jinja-OutputFileMap.json -use-frontend-parseable-output -save-temps -no-color-diagnostics -serialize-diagnostics -emit-dependencies -emit-module -emit-module-path /Users/runner/work/red-pen-ios/red-pen-ios/ios/build/Build/Intermediates.noindex/Jinja.build/Release-iphoneos/Jinja.build/Objects-normal/arm64/Jinja.swiftmodule -user-module-version 2.5.1 -validate-clang-modules-once -clang-build-session-file /Users/runner/work/red-pen-ios/red-pen-ios/ios/build/ModuleCache.noindex/Session.modulevalidation -package-name swift_jinja -Xcc -I/Users/runner/work/red-pen-ios/red-pen-ios/ios/build/Build/Intermediates.noindex/Jinja.build/Release-iphoneos/Jinja.build/swift-overrides.hmap -emit-const-values -Xfrontend -const-gather-protocols-file -Xfrontend /Users/runner/work/red-pen-ios/red-pen-ios/ios/build/Build/Intermediates.noindex/Jinja.build/Release-iphoneos/Jinja.build/Objects-normal/arm64/Jinja_const_extract_protocols.json -Xcc -I/Users/runner/work/red-pen-ios/red-pen-ios/ios/build/Build/Products/Release-iphoneos/include -Xcc -I/Users/runner/work/red-pen-ios/red-pen-ios/ios/build/Build/Intermediates.noindex/Jinja.build/Release-iphoneos/Jinja.build/DerivedSources-normal/arm64 -Xcc -I/Users/runner/work/red-pen-ios/red-pen-ios/ios/build/Build/Intermediates.noindex/Jinja.build/Release-iphoneos/Jinja.build/DerivedSources/arm64 -Xcc -I/Users/runner/work/red-pen-ios/red-pen-ios/ios/build/Build/Intermediates.noindex/Jinja.build/Release-iphoneos/Jinja.build/DerivedSources -Xcc -DSWIFT_PACKAGE -emit-objc-header -emit-objc-header-path /Users/runner/work/red-pen-ios/red-pen-ios/ios/build/Build/Intermediates.noindex/Jinja.build/Release-iphoneos/Jinja.build/Objects-normal/arm64/Jinja-Swift.h -working-directory /Users/runner/work/red-pen-ios/red-pen-ios/ios/RedPen.xcodeproj -no-emit-module-separately-wmo

SwiftMergeGeneratedHeaders /Users/runner/work/red-pen-ios/red-pen-ios/ios/build/Build/Intermediates.noindex/GeneratedModuleMaps-iphoneos/Jinja-Swift.h /Users/runner/work/red-pen-ios/red-pen-ios/ios/build/Build/Intermediates.noindex/Jinja.build/Release-iphoneos/Jinja.build/Objects-normal/arm64/Jinja-Swift.h (in target 'Jinja' from project 'Jinja')
    cd /Users/runner/work/red-pen-ios/red-pen-ios/ios/build/SourcePackages/checkouts/swift-jinja
    builtin-swiftHeaderTool -arch arm64 /Users/runner/work/red-pen-ios/red-pen-ios/ios/build/Build/Intermediates.noindex/Jinja.build/Release-iphoneos/Jinja.build/Objects-normal/arm64/Jinja-Swift.h -o /Users/runner/work/red-pen-ios/red-pen-ios/ios/build/Build/Intermediates.noindex/GeneratedModuleMaps-iphoneos/Jinja-Swift.h

Copy /Users/runner/work/red-pen-ios/red-pen-ios/ios/build/Build/Products/Release-iphoneos/Jinja.swiftmodule/arm64-apple-ios.swiftdoc /Users/runner/work/red-pen-ios/red-pen-ios/ios/build/Build/Intermediates.noindex/Jinja.build/Release-iphoneos/Jinja.build/Objects-normal/arm64/Jinja.swiftdoc (in target 'Jinja' from project 'Jinja')
    cd /Users/runner/work/red-pen-ios/red-pen-ios/ios/build/SourcePackages/checkouts/swift-jinja
    builtin-copy -exclude .DS_Store -exclude CVS -exclude .svn -exclude .git -exclude .hg -strip-unsigned-binaries -strip-deterministic -strip-tool /Applications/Xcode_26.6.app/Contents/Developer/Toolchains/XcodeDefault.xctoolchain/usr/bin/strip -resolve-src-symlinks -rename /Users/runner/work/red-pen-ios/red-pen-ios/ios/build/Build/Intermediates.noindex/Jinja.build/Release-iphoneos/Jinja.build/Objects-normal/arm64/Jinja.swiftdoc /Users/runner/work/red-pen-ios/red-pen-ios/ios/build/Build/Products/Release-iphoneos/Jinja.swiftmodule/arm64-apple-ios.swiftdoc

Copy /Users/runner/work/red-pen-ios/red-pen-ios/ios/build/Build/Products/Release-iphoneos/Jinja.swiftmodule/arm64-apple-ios.swiftmodule /Users/runner/work/red-pen-ios/red-pen-ios/ios/build/Build/Intermediates.noindex/Jinja.build/Release-iphoneos/Jinja.build/Objects-normal/arm64/Jinja.swiftmodule (in target 'Jinja' from project 'Jinja')
    cd /Users/runner/work/red-pen-ios/red-pen-ios/ios/build/SourcePackages/checkouts/swift-jinja
    builtin-copy -exclude .DS_Store -exclude CVS -exclude .svn -exclude .git -exclude .hg -strip-unsigned-binaries -strip-deterministic -strip-tool /Applications/Xcode_26.6.app/Contents/Developer/Toolchains/XcodeDefault.xctoolchain/usr/bin/strip -resolve-src-symlinks -rename /Users/runner/work/red-pen-ios/red-pen-ios/ios/build/Build/Intermediates.noindex/Jinja.build/Release-iphoneos/Jinja.build/Objects-normal/arm64/Jinja.swiftmodule /Users/runner/work/red-pen-ios/red-pen-ios/ios/build/Build/Products/Release-iphoneos/Jinja.swiftmodule/arm64-apple-ios.swiftmodule

Copy /Users/runner/work/red-pen-ios/red-pen-ios/ios/build/Build/Products/Release-iphoneos/Jinja.swiftmodule/arm64-apple-ios.abi.json /Users/runner/work/red-pen-ios/red-pen-ios/ios/build/Build/Intermediates.noindex/Jinja.build/Release-iphoneos/Jinja.build/Objects-normal/arm64/Jinja.abi.json (in target 'Jinja' from project 'Jinja')
    cd /Users/runner/work/red-pen-ios/red-pen-ios/ios/build/SourcePackages/checkouts/swift-jinja
    builtin-copy -exclude .DS_Store -exclude CVS -exclude .svn -exclude .git -exclude .hg -strip-unsigned-binaries -strip-deterministic -strip-tool /Applications/Xcode_26.6.app/Contents/Developer/Toolchains/XcodeDefault.xctoolchain/usr/bin/strip -resolve-src-symlinks -rename /Users/runner/work/red-pen-ios/red-pen-ios/ios/build/Build/Intermediates.noindex/Jinja.build/Release-iphoneos/Jinja.build/Objects-normal/arm64/Jinja.abi.json /Users/runner/work/red-pen-ios/red-pen-ios/ios/build/Build/Products/Release-iphoneos/Jinja.swiftmodule/arm64-apple-ios.abi.json

Copy /Users/runner/work/red-pen-ios/red-pen-ios/ios/build/Build/Products/Release-iphoneos/Jinja.swiftmodule/Project/arm64-apple-ios.swiftsourceinfo /Users/runner/work/red-pen-ios/red-pen-ios/ios/build/Build/Intermediates.noindex/Jinja.build/Release-iphoneos/Jinja.build/Objects-normal/arm64/Jinja.swiftsourceinfo (in target 'Jinja' from project 'Jinja')
    cd /Users/runner/work/red-pen-ios/red-pen-ios/ios/build/SourcePackages/checkouts/swift-jinja
    builtin-copy -exclude .DS_Store -exclude CVS -exclude .svn -exclude .git -exclude .hg -strip-unsigned-binaries -strip-deterministic -strip-tool /Applications/Xcode_26.6.app/Contents/Developer/Toolchains/XcodeDefault.xctoolchain/usr/bin/strip -resolve-src-symlinks -rename /Users/runner/work/red-pen-ios/red-pen-ios/ios/build/Build/Intermediates.noindex/Jinja.build/Release-iphoneos/Jinja.build/Objects-normal/arm64/Jinja.swiftsourceinfo /Users/runner/work/red-pen-ios/red-pen-ios/ios/build/Build/Products/Release-iphoneos/Jinja.swiftmodule/Project/arm64-apple-ios.swiftsourceinfo

Ld /Users/runner/work/red-pen-ios/red-pen-ios/ios/build/Build/Products/Release-iphoneos/Jinja.o normal (in target 'Jinja' from project 'Jinja')
    cd /Users/runner/work/red-pen-ios/red-pen-ios/ios/build/SourcePackages/checkouts/swift-jinja
    /Applications/Xcode_26.6.app/Contents/Developer/Toolchains/XcodeDefault.xctoolchain/usr/bin/clang -Xlinker -reproducible -target arm64-apple-ios16.0 -r -isysroot /Applications/Xcode_26.6.app/Contents/Developer/Platforms/iPhoneOS.platform/Developer/SDKs/iPhoneOS26.5.sdk -Os -w -F/Users/runner/work/red-pen-ios/red-pen-ios/ios/build/Build/Intermediates.noindex/EagerLinkingTBDs/Release-iphoneos -F/Users/runner/work/red-pen-ios/red-pen-ios/ios/build/Build/Products/Release-iphoneos/PackageFrameworks -F/Users/runner/work/red-pen-ios/red-pen-ios/ios/build/Build/Products/Release-iphoneos/PackageFrameworks -F/Users/runner/work/red-pen-ios/red-pen-ios/ios/build/Build/Products/Release-iphoneos -iframework /Applications/Xcode_26.6.app/Contents/Developer/Platforms/iPhoneOS.platform/Developer/Library/Frameworks -iframework /Applications/Xcode_26.6.app/Contents/Developer/Platforms/iPhoneOS.platform/Developer/SDKs/iPhoneOS26.5.sdk/Developer/Library/Frameworks -filelist /Users/runner/work/red-pen-ios/red-pen-ios/ios/build/Build/Intermediates.noindex/Jinja.build/Release-iphoneos/Jinja.build/Objects-normal/arm64/Jinja.LinkFileList -nostdlib -Xlinker -object_path_lto -Xlinker /Users/runner/work/red-pen-ios/red-pen-ios/ios/build/Build/Intermediates.noindex/Jinja.build/Release-iphoneos/Jinja.build/Objects-normal/arm64/Jinja_lto.o -Xlinker -dependency_info -Xlinker /Users/runner/work/red-pen-ios/red-pen-ios/ios/build/Build/Intermediates.noindex/Jinja.build/Release-iphoneos/Jinja.build/Objects-normal/arm64/Jinja_dependency_info.dat -fobjc-link-runtime -L/Applications/Xcode_26.6.app/Contents/Developer/Toolchains/XcodeDefault.xctoolchain/usr/lib/swift/iphoneos -L/usr/lib/swift -Xlinker -add_ast_path -Xlinker /Users/runner/work/red-pen-ios/red-pen-ios/ios/build/Build/Intermediates.noindex/Jinja.build/Release-iphoneos/Jinja.build/Objects-normal/arm64/Jinja.swiftmodule -o /Users/runner/work/red-pen-ios/red-pen-ios/ios/build/Build/Products/Release-iphoneos/Jinja.o

SwiftDriver LocalLLMClientCore normal arm64 com.apple.xcode.tools.swift.compiler (in target 'LocalLLMClientCore' from project 'LocalLLMClient')
    cd /Users/runner/work/red-pen-ios/red-pen-ios/ios/RedPen.xcodeproj
    builtin-SwiftDriver -- /Applications/Xcode_26.6.app/Contents/Developer/Toolchains/XcodeDefault.xctoolchain/usr/bin/swiftc -module-name LocalLLMClientCore -O -whole-module-optimization @/Users/runner/work/red-pen-ios/red-pen-ios/ios/build/Build/Intermediates.noindex/LocalLLMClient.build/Release-iphoneos/LocalLLMClientCore.build/Objects-normal/arm64/LocalLLMClientCore.SwiftFileList -DSWIFT_PACKAGE -DSWIFT_MODULE_RESOURCE_BUNDLE_UNAVAILABLE -DXcode -plugin-path /Applications/Xcode_26.6.app/Contents/Developer/Toolchains/XcodeDefault.xctoolchain/usr/lib/swift/host/plugins/testing -enable-experimental-feature DebugDescriptionMacro -sdk /Applications/Xcode_26.6.app/Contents/Developer/Platforms/iPhoneOS.platform/Developer/SDKs/iPhoneOS26.5.sdk -target arm64-apple-ios17.0 -g -module-cache-path /Users/runner/work/red-pen-ios/red-pen-ios/ios/build/ModuleCache.noindex -Xfrontend -serialize-debugging-options -suppress-warnings -swift-version 6 -I /Users/runner/work/red-pen-ios/red-pen-ios/ios/build/Build/Products/Release-iphoneos -Isystem /Applications/Xcode_26.6.app/Contents/Developer/Platforms/iPhoneOS.platform/Developer/usr/lib -F /Users/runner/work/red-pen-ios/red-pen-ios/ios/build/Build/Products/Release-iphoneos/PackageFrameworks -F /Users/runner/work/red-pen-ios/red-pen-ios/ios/build/Build/Products/Release-iphoneos/PackageFrameworks -F /Users/runner/work/red-pen-ios/red-pen-ios/ios/build/Build/Products/Release-iphoneos/PackageFrameworks -F /Users/runner/work/red-pen-ios/red-pen-ios/ios/build/Build/Products/Release-iphoneos/PackageFrameworks -F /Users/runner/work/red-pen-ios/red-pen-ios/ios/build/Build/Products/Release-iphoneos -F /Applications/Xcode_26.6.app/Contents/Developer/Platforms/iPhoneOS.platform/Developer/Library/Frameworks -F /Applications/Xcode_26.6.app/Contents/Developer/Platforms/iPhoneOS.platform/Developer/SDKs/iPhoneOS26.5.sdk/Developer/Library/Frameworks -c -num-threads 3 -Xcc -ivfsstatcache -Xcc /Users/runner/work/red-pen-ios/red-pen-ios/ios/build/SDKStatCaches.noindex/iphoneos26.5-23F81a-688ef53f1462e2c8f657fdc38a81448fee66e23052a0157c865c76b268046726.sdkstatcache -output-file-map /Users/runner/work/red-pen-ios/red-pen-ios/ios/build/Build/Intermediates.noindex/LocalLLMClient.build/Release-iphoneos/LocalLLMClientCore.build/Objects-normal/arm64/LocalLLMClientCore-OutputFileMap.json -use-frontend-parseable-output -save-temps -no-color-diagnostics -serialize-diagnostics -emit-dependencies -emit-module -emit-module-path /Users/runner/work/red-pen-ios/red-pen-ios/ios/build/Build/Intermediates.noindex/LocalLLMClient.build/Release-iphoneos/LocalLLMClientCore.build/Objects-normal/arm64/LocalLLMClientCore.swiftmodule -validate-clang-modules-once -clang-build-session-file /Users/runner/work/red-pen-ios/red-pen-ios/ios/build/ModuleCache.noindex/Session.modulevalidation -package-name localllmclient -Xcc -I/Users/runner/work/red-pen-ios/red-pen-ios/ios/build/Build/Intermediates.noindex/LocalLLMClient.build/Release-iphoneos/LocalLLMClientCore.build/swift-overrides.hmap -emit-const-values -Xfrontend -const-gather-protocols-file -Xfrontend /Users/runner/work/red-pen-ios/red-pen-ios/ios/build/Build/Intermediates.noindex/LocalLLMClient.build/Release-iphoneos/LocalLLMClientCore.build/Objects-normal/arm64/LocalLLMClientCore_const_extract_protocols.json -Xcc -I/Users/runner/work/red-pen-ios/red-pen-ios/ios/build/Build/Products/Release-iphoneos/include -Xcc -I/Users/runner/work/red-pen-ios/red-pen-ios/ios/build/Build/Intermediates.noindex/LocalLLMClient.build/Release-iphoneos/LocalLLMClientCore.build/DerivedSources-normal/arm64 -Xcc -I/Users/runner/work/red-pen-ios/red-pen-ios/ios/build/Build/Intermediates.noindex/LocalLLMClient.build/Release-iphoneos/LocalLLMClientCore.build/DerivedSources/arm64 -Xcc -I/Users/runner/work/red-pen-ios/red-pen-ios/ios/build/Build/Intermediates.noindex/LocalLLMClient.build/Release-iphoneos/LocalLLMClientCore.build/DerivedSources -Xcc -DSWIFT_PACKAGE -emit-objc-header -emit-objc-header-path /Users/runner/work/red-pen-ios/red-pen-ios/ios/build/Build/Intermediates.noindex/LocalLLMClient.build/Release-iphoneos/LocalLLMClientCore.build/Objects-normal/arm64/LocalLLMClientCore-Swift.h -working-directory /Users/runner/work/red-pen-ios/red-pen-ios/ios/RedPen.xcodeproj -no-emit-module-separately-wmo

SwiftCompile normal arm64 Compiling\ AnyLLMClient.swift,\ Async+.swift,\ LLMClient.swift,\ LLMError.swift,\ LLMInput.swift,\ LLMSession.swift,\ PauseHandler.swift,\ AnyLLMTool+OpenAI.swift,\ AnyLLMTool.swift,\ DynamicLLMTool.swift,\ GeneratedContent.swift,\ LLMTool.swift,\ LLMToolCall.swift,\ StreamingChunk.swift,\ StreamingToolCallProcessor.swift,\ ToolArgument.swift,\ ToolArgumentType.swift,\ ToolExecutor.swift,\ ToolOutput.swift,\ ToolSchemaGeneratable.swift /Users/runner/work/red-pen-ios/red-pen-ios/ios/build/SourcePackages/checkouts/LocalLLMClient/Sources/LocalLLMClientCore/AnyLLMClient.swift /Users/runner/work/red-pen-ios/red-pen-ios/ios/build/SourcePackages/checkouts/LocalLLMClient/Sources/LocalLLMClientCore/Async+.swift /Users/runner/work/red-pen-ios/red-pen-ios/ios/build/SourcePackages/checkouts/LocalLLMClient/Sources/LocalLLMClientCore/LLMClient.swift /Users/runner/work/red-pen-ios/red-pen-ios/ios/build/SourcePackages/checkouts/LocalLLMClient/Sources/LocalLLMClientCore/LLMError.swift /Users/runner/work/red-pen-ios/red-pen-ios/ios/build/SourcePackages/checkouts/LocalLLMClient/Sources/LocalLLMClientCore/LLMInput.swift /Users/runner/work/red-pen-ios/red-pen-ios/ios/build/SourcePackages/checkouts/LocalLLMClient/Sources/LocalLLMClientCore/LLMSession.swift /Users/runner/work/red-pen-ios/red-pen-ios/ios/build/SourcePackages/checkouts/LocalLLMClient/Sources/LocalLLMClientCore/PauseHandler.swift /Users/runner/work/red-pen-ios/red-pen-ios/ios/build/SourcePackages/checkouts/LocalLLMClient/Sources/LocalLLMClientCore/Tools/AnyLLMTool+OpenAI.swift /Users/runner/work/red-pen-ios/red-pen-ios/ios/build/SourcePackages/checkouts/LocalLLMClient/Sources/LocalLLMClientCore/Tools/AnyLLMTool.swift /Users/runner/work/red-pen-ios/red-pen-ios/ios/build/SourcePackages/checkouts/LocalLLMClient/Sources/LocalLLMClientCore/Tools/DynamicLLMTool.swift /Users/runner/work/red-pen-ios/red-pen-ios/ios/build/SourcePackages/checkouts/LocalLLMClient/Sources/LocalLLMClientCore/Tools/GeneratedContent.swift /Users/runner/work/red-pen-ios/red-pen-ios/ios/build/SourcePackages/checkouts/LocalLLMClient/Sources/LocalLLMClientCore/Tools/LLMTool.swift /Users/runner/work/red-pen-ios/red-pen-ios/ios/build/SourcePackages/checkouts/LocalLLMClient/Sources/LocalLLMClientCore/Tools/LLMToolCall.swift /Users/runner/work/red-pen-ios/red-pen-ios/ios/build/SourcePackages/checkouts/LocalLLMClient/Sources/LocalLLMClientCore/Tools/StreamingChunk.swift /Users/runner/work/red-pen-ios/red-pen-ios/ios/build/SourcePackages/checkouts/LocalLLMClient/Sources/LocalLLMClientCore/Tools/StreamingToolCallProcessor.swift /Users/runner/work/red-pen-ios/red-pen-ios/ios/build/SourcePackages/checkouts/LocalLLMClient/Sources/LocalLLMClientCore/Tools/ToolArgument.swift /Users/runner/work/red-pen-ios/red-pen-ios/ios/build/SourcePackages/checkouts/LocalLLMClient/Sources/LocalLLMClientCore/Tools/ToolArgumentType.swift /Users/runner/work/red-pen-ios/red-pen-ios/ios/build/SourcePackages/checkouts/LocalLLMClient/Sources/LocalLLMClientCore/Tools/ToolExecutor.swift /Users/runner/work/red-pen-ios/red-pen-ios/ios/build/SourcePackages/checkouts/LocalLLMClient/Sources/LocalLLMClientCore/Tools/ToolOutput.swift /Users/runner/work/red-pen-ios/red-pen-ios/ios/build/SourcePackages/checkouts/LocalLLMClient/Sources/LocalLLMClientCore/Tools/ToolSchemaGeneratable.swift (in target 'LocalLLMClientCore' from project 'LocalLLMClient')

CompileSwift normal arm64 (in target 'LocalLLMClientCore' from project 'LocalLLMClient')
    cd /Users/runner/work/red-pen-ios/red-pen-ios/ios/RedPen.xcodeproj
    

SwiftDriver\ Compilation LocalLLMClientCore normal arm64 com.apple.xcode.tools.swift.compiler (in target 'LocalLLMClientCore' from project 'LocalLLMClient')
    cd /Users/runner/work/red-pen-ios/red-pen-ios/ios/RedPen.xcodeproj
    builtin-Swift-Compilation -- /Applications/Xcode_26.6.app/Contents/Developer/Toolchains/XcodeDefault.xctoolchain/usr/bin/swiftc -module-name LocalLLMClientCore -O -whole-module-optimization @/Users/runner/work/red-pen-ios/red-pen-ios/ios/build/Build/Intermediates.noindex/LocalLLMClient.build/Release-iphoneos/LocalLLMClientCore.build/Objects-normal/arm64/LocalLLMClientCore.SwiftFileList -DSWIFT_PACKAGE -DSWIFT_MODULE_RESOURCE_BUNDLE_UNAVAILABLE -DXcode -plugin-path /Applications/Xcode_26.6.app/Contents/Developer/Toolchains/XcodeDefault.xctoolchain/usr/lib/swift/host/plugins/testing -enable-experimental-feature DebugDescriptionMacro -sdk /Applications/Xcode_26.6.app/Contents/Developer/Platforms/iPhoneOS.platform/Developer/SDKs/iPhoneOS26.5.sdk -target arm64-apple-ios17.0 -g -module-cache-path /Users/runner/work/red-pen-ios/red-pen-ios/ios/build/ModuleCache.noindex -Xfrontend -serialize-debugging-options -suppress-warnings -swift-version 6 -I /Users/runner/work/red-pen-ios/red-pen-ios/ios/build/Build/Products/Release-iphoneos -Isystem /Applications/Xcode_26.6.app/Contents/Developer/Platforms/iPhoneOS.platform/Developer/usr/lib -F /Users/runner/work/red-pen-ios/red-pen-ios/ios/build/Build/Products/Release-iphoneos/PackageFrameworks -F /Users/runner/work/red-pen-ios/red-pen-ios/ios/build/Build/Products/Release-iphoneos/PackageFrameworks -F /Users/runner/work/red-pen-ios/red-pen-ios/ios/build/Build/Products/Release-iphoneos/PackageFrameworks -F /Users/runner/work/red-pen-ios/red-pen-ios/ios/build/Build/Products/Release-iphoneos/PackageFrameworks -F /Users/runner/work/red-pen-ios/red-pen-ios/ios/build/Build/Products/Release-iphoneos -F /Applications/Xcode_26.6.app/Contents/Developer/Platforms/iPhoneOS.platform/Developer/Library/Frameworks -F /Applications/Xcode_26.6.app/Contents/Developer/Platforms/iPhoneOS.platform/Developer/SDKs/iPhoneOS26.5.sdk/Developer/Library/Frameworks -c -num-threads 3 -Xcc -ivfsstatcache -Xcc /Users/runner/work/red-pen-ios/red-pen-ios/ios/build/SDKStatCaches.noindex/iphoneos26.5-23F81a-688ef53f1462e2c8f657fdc38a81448fee66e23052a0157c865c76b268046726.sdkstatcache -output-file-map /Users/runner/work/red-pen-ios/red-pen-ios/ios/build/Build/Intermediates.noindex/LocalLLMClient.build/Release-iphoneos/LocalLLMClientCore.build/Objects-normal/arm64/LocalLLMClientCore-OutputFileMap.json -use-frontend-parseable-output -save-temps -no-color-diagnostics -serialize-diagnostics -emit-dependencies -emit-module -emit-module-path /Users/runner/work/red-pen-ios/red-pen-ios/ios/build/Build/Intermediates.noindex/LocalLLMClient.build/Release-iphoneos/LocalLLMClientCore.build/Objects-normal/arm64/LocalLLMClientCore.swiftmodule -validate-clang-modules-once -clang-build-session-file /Users/runner/work/red-pen-ios/red-pen-ios/ios/build/ModuleCache.noindex/Session.modulevalidation -package-name localllmclient -Xcc -I/Users/runner/work/red-pen-ios/red-pen-ios/ios/build/Build/Intermediates.noindex/LocalLLMClient.build/Release-iphoneos/LocalLLMClientCore.build/swift-overrides.hmap -emit-const-values -Xfrontend -const-gather-protocols-file -Xfrontend /Users/runner/work/red-pen-ios/red-pen-ios/ios/build/Build/Intermediates.noindex/LocalLLMClient.build/Release-iphoneos/LocalLLMClientCore.build/Objects-normal/arm64/LocalLLMClientCore_const_extract_protocols.json -Xcc -I/Users/runner/work/red-pen-ios/red-pen-ios/ios/build/Build/Products/Release-iphoneos/include -Xcc -I/Users/runner/work/red-pen-ios/red-pen-ios/ios/build/Build/Intermediates.noindex/LocalLLMClient.build/Release-iphoneos/LocalLLMClientCore.build/DerivedSources-normal/arm64 -Xcc -I/Users/runner/work/red-pen-ios/red-pen-ios/ios/build/Build/Intermediates.noindex/LocalLLMClient.build/Release-iphoneos/LocalLLMClientCore.build/DerivedSources/arm64 -Xcc -I/Users/runner/work/red-pen-ios/red-pen-ios/ios/build/Build/Intermediates.noindex/LocalLLMClient.build/Release-iphoneos/LocalLLMClientCore.build/DerivedSources -Xcc -DSWIFT_PACKAGE -emit-objc-header -emit-objc-header-path /Users/runner/work/red-pen-ios/red-pen-ios/ios/build/Build/Intermediates.noindex/LocalLLMClient.build/Release-iphoneos/LocalLLMClientCore.build/Objects-normal/arm64/LocalLLMClientCore-Swift.h -working-directory /Users/runner/work/red-pen-ios/red-pen-ios/ios/RedPen.xcodeproj -no-emit-module-separately-wmo

ExtractAppIntentsMetadata (in target 'Jinja' from project 'Jinja')
    cd /Users/runner/work/red-pen-ios/red-pen-ios/ios/build/SourcePackages/checkouts/swift-jinja
    /Applications/Xcode_26.6.app/Contents/Developer/Toolchains/XcodeDefault.xctoolchain/usr/bin/appintentsmetadataprocessor --toolchain-dir /var/run/com.apple.security.cryptexd/mnt/com.apple.MobileAsset.MetalToolchain-v17.6.109.0.u2e75G/Metal.xctoolchain --module-name Jinja --sdk-root /Applications/Xcode_26.6.app/Contents/Developer/Platforms/iPhoneOS.platform/Developer/SDKs/iPhoneOS26.5.sdk --xcode-version 17F113 --platform-family iOS --deployment-target 16.0 --bundle-identifier swift-jinja.Jinja --output /Users/runner/work/red-pen-ios/red-pen-ios/ios/build/Build/Products/Release-iphoneos/Jinja.appintents --target-triple arm64-apple-ios16.0 --binary-file /Users/runner/work/red-pen-ios/red-pen-ios/ios/build/Build/Products/Release-iphoneos/Jinja.o --dependency-file /Users/runner/work/red-pen-ios/red-pen-ios/ios/build/Build/Intermediates.noindex/Jinja.build/Release-iphoneos/Jinja.build/Objects-normal/arm64/Jinja_dependency_info.dat --stringsdata-file /Users/runner/work/red-pen-ios/red-pen-ios/ios/build/Build/Intermediates.noindex/Jinja.build/Release-iphoneos/Jinja.build/Objects-normal/arm64/ExtractedAppShortcutsMetadata.stringsdata --source-file-list /Users/runner/work/red-pen-ios/red-pen-ios/ios/build/Build/Intermediates.noindex/Jinja.build/Release-iphoneos/Jinja.build/Objects-normal/arm64/Jinja.SwiftFileList --metadata-file-list /Users/runner/work/red-pen-ios/red-pen-ios/ios/build/Build/Intermediates.noindex/Jinja.build/Release-iphoneos/Jinja.build/Jinja.DependencyMetadataFileList --static-metadata-file-list /Users/runner/work/red-pen-ios/red-pen-ios/ios/build/Build/Intermediates.noindex/Jinja.build/Release-iphoneos/Jinja.build/Jinja.DependencyStaticMetadataFileList --swift-const-vals-list /Users/runner/work/red-pen-ios/red-pen-ios/ios/build/Build/Intermediates.noindex/Jinja.build/Release-iphoneos/Jinja.build/Objects-normal/arm64/Jinja.SwiftConstValuesFileList --force --compile-time-extraction --deployment-aware-processing --validate-assistant-intents --no-app-shortcuts-localization
2026-09-23 12:35:40.461 appintentsmetadataprocessor[7003:23703] Starting appintentsmetadataprocessor export
2026-09-23 12:35:40.481 appintentsmetadataprocessor[7003:23703] Extracted no relevant App Intents symbols, skipping writing output

RegisterExecutionPolicyException /Users/runner/work/red-pen-ios/red-pen-ios/ios/build/Build/Products/Release-iphoneos/Jinja.o (in target 'Jinja' from project 'Jinja')
    cd /Users/runner/work/red-pen-ios/red-pen-ios/ios/build/SourcePackages/checkouts/swift-jinja
    builtin-RegisterExecutionPolicyException /Users/runner/work/red-pen-ios/red-pen-ios/ios/build/Build/Products/Release-iphoneos/Jinja.o

SwiftDriverJobDiscovery normal arm64 Compiling AnyLLMClient.swift, Async+.swift, LLMClient.swift, LLMError.swift, LLMInput.swift, LLMSession.swift, PauseHandler.swift, AnyLLMTool+OpenAI.swift, AnyLLMTool.swift, DynamicLLMTool.swift, GeneratedContent.swift, LLMTool.swift, LLMToolCall.swift, StreamingChunk.swift, StreamingToolCallProcessor.swift, ToolArgument.swift, ToolArgumentType.swift, ToolExecutor.swift, ToolOutput.swift, ToolSchemaGeneratable.swift (in target 'LocalLLMClientCore' from project 'LocalLLMClient')

SwiftDriver\ Compilation\ Requirements LocalLLMClientCore normal arm64 com.apple.xcode.tools.swift.compiler (in target 'LocalLLMClientCore' from project 'LocalLLMClient')
    cd /Users/runner/work/red-pen-ios/red-pen-ios/ios/RedPen.xcodeproj
    builtin-Swift-Compilation-Requirements -- /Applications/Xcode_26.6.app/Contents/Developer/Toolchains/XcodeDefault.xctoolchain/usr/bin/swiftc -module-name LocalLLMClientCore -O -whole-module-optimization @/Users/runner/work/red-pen-ios/red-pen-ios/ios/build/Build/Intermediates.noindex/LocalLLMClient.build/Release-iphoneos/LocalLLMClientCore.build/Objects-normal/arm64/LocalLLMClientCore.SwiftFileList -DSWIFT_PACKAGE -DSWIFT_MODULE_RESOURCE_BUNDLE_UNAVAILABLE -DXcode -plugin-path /Applications/Xcode_26.6.app/Contents/Developer/Toolchains/XcodeDefault.xctoolchain/usr/lib/swift/host/plugins/testing -enable-experimental-feature DebugDescriptionMacro -sdk /Applications/Xcode_26.6.app/Contents/Developer/Platforms/iPhoneOS.platform/Developer/SDKs/iPhoneOS26.5.sdk -target arm64-apple-ios17.0 -g -module-cache-path /Users/runner/work/red-pen-ios/red-pen-ios/ios/build/ModuleCache.noindex -Xfrontend -serialize-debugging-options -suppress-warnings -swift-version 6 -I /Users/runner/work/red-pen-ios/red-pen-ios/ios/build/Build/Products/Release-iphoneos -Isystem /Applications/Xcode_26.6.app/Contents/Developer/Platforms/iPhoneOS.platform/Developer/usr/lib -F /Users/runner/work/red-pen-ios/red-pen-ios/ios/build/Build/Products/Release-iphoneos/PackageFrameworks -F /Users/runner/work/red-pen-ios/red-pen-ios/ios/build/Build/Products/Release-iphoneos/PackageFrameworks -F /Users/runner/work/red-pen-ios/red-pen-ios/ios/build/Build/Products/Release-iphoneos/PackageFrameworks -F /Users/runner/work/red-pen-ios/red-pen-ios/ios/build/Build/Products/Release-iphoneos/PackageFrameworks -F /Users/runner/work/red-pen-ios/red-pen-ios/ios/build/Build/Products/Release-iphoneos -F /Applications/Xcode_26.6.app/Contents/Developer/Platforms/iPhoneOS.platform/Developer/Library/Frameworks -F /Applications/Xcode_26.6.app/Contents/Developer/Platforms/iPhoneOS.platform/Developer/SDKs/iPhoneOS26.5.sdk/Developer/Library/Frameworks -c -num-threads 3 -Xcc -ivfsstatcache -Xcc /Users/runner/work/red-pen-ios/red-pen-ios/ios/build/SDKStatCaches.noindex/iphoneos26.5-23F81a-688ef53f1462e2c8f657fdc38a81448fee66e23052a0157c865c76b268046726.sdkstatcache -output-file-map /Users/runner/work/red-pen-ios/red-pen-ios/ios/build/Build/Intermediates.noindex/LocalLLMClient.build/Release-iphoneos/LocalLLMClientCore.build/Objects-normal/arm64/LocalLLMClientCore-OutputFileMap.json -use-frontend-parseable-output -save-temps -no-color-diagnostics -serialize-diagnostics -emit-dependencies -emit-module -emit-module-path /Users/runner/work/red-pen-ios/red-pen-ios/ios/build/Build/Intermediates.noindex/LocalLLMClient.build/Release-iphoneos/LocalLLMClientCore.build/Objects-normal/arm64/LocalLLMClientCore.swiftmodule -validate-clang-modules-once -clang-build-session-file /Users/runner/work/red-pen-ios/red-pen-ios/ios/build/ModuleCache.noindex/Session.modulevalidation -package-name localllmclient -Xcc -I/Users/runner/work/red-pen-ios/red-pen-ios/ios/build/Build/Intermediates.noindex/LocalLLMClient.build/Release-iphoneos/LocalLLMClientCore.build/swift-overrides.hmap -emit-const-values -Xfrontend -const-gather-protocols-file -Xfrontend /Users/runner/work/red-pen-ios/red-pen-ios/ios/build/Build/Intermediates.noindex/LocalLLMClient.build/Release-iphoneos/LocalLLMClientCore.build/Objects-normal/arm64/LocalLLMClientCore_const_extract_protocols.json -Xcc -I/Users/runner/work/red-pen-ios/red-pen-ios/ios/build/Build/Products/Release-iphoneos/include -Xcc -I/Users/runner/work/red-pen-ios/red-pen-ios/ios/build/Build/Intermediates.noindex/LocalLLMClient.build/Release-iphoneos/LocalLLMClientCore.build/DerivedSources-normal/arm64 -Xcc -I/Users/runner/work/red-pen-ios/red-pen-ios/ios/build/Build/Intermediates.noindex/LocalLLMClient.build/Release-iphoneos/LocalLLMClientCore.build/DerivedSources/arm64 -Xcc -I/Users/runner/work/red-pen-ios/red-pen-ios/ios/build/Build/Intermediates.noindex/LocalLLMClient.build/Release-iphoneos/LocalLLMClientCore.build/DerivedSources -Xcc -DSWIFT_PACKAGE -emit-objc-header -emit-objc-header-path /Users/runner/work/red-pen-ios/red-pen-ios/ios/build/Build/Intermediates.noindex/LocalLLMClient.build/Release-iphoneos/LocalLLMClientCore.build/Objects-normal/arm64/LocalLLMClientCore-Swift.h -working-directory /Users/runner/work/red-pen-ios/red-pen-ios/ios/RedPen.xcodeproj -no-emit-module-separately-wmo

SwiftMergeGeneratedHeaders /Users/runner/work/red-pen-ios/red-pen-ios/ios/build/Build/Intermediates.noindex/GeneratedModuleMaps-iphoneos/LocalLLMClientCore-Swift.h /Users/runner/work/red-pen-ios/red-pen-ios/ios/build/Build/Intermediates.noindex/LocalLLMClient.build/Release-iphoneos/LocalLLMClientCore.build/Objects-normal/arm64/LocalLLMClientCore-Swift.h (in target 'LocalLLMClientCore' from project 'LocalLLMClient')
    cd /Users/runner/work/red-pen-ios/red-pen-ios/ios/build/SourcePackages/checkouts/LocalLLMClient
    builtin-swiftHeaderTool -arch arm64 /Users/runner/work/red-pen-ios/red-pen-ios/ios/build/Build/Intermediates.noindex/LocalLLMClient.build/Release-iphoneos/LocalLLMClientCore.build/Objects-normal/arm64/LocalLLMClientCore-Swift.h -o /Users/runner/work/red-pen-ios/red-pen-ios/ios/build/Build/Intermediates.noindex/GeneratedModuleMaps-iphoneos/LocalLLMClientCore-Swift.h

Copy /Users/runner/work/red-pen-ios/red-pen-ios/ios/build/Build/Products/Release-iphoneos/LocalLLMClientCore.swiftmodule/arm64-apple-ios.swiftmodule /Users/runner/work/red-pen-ios/red-pen-ios/ios/build/Build/Intermediates.noindex/LocalLLMClient.build/Release-iphoneos/LocalLLMClientCore.build/Objects-normal/arm64/LocalLLMClientCore.swiftmodule (in target 'LocalLLMClientCore' from project 'LocalLLMClient')
    cd /Users/runner/work/red-pen-ios/red-pen-ios/ios/build/SourcePackages/checkouts/LocalLLMClient
    builtin-copy -exclude .DS_Store -exclude CVS -exclude .svn -exclude .git -exclude .hg -strip-unsigned-binaries -strip-deterministic -strip-tool /Applications/Xcode_26.6.app/Contents/Developer/Toolchains/XcodeDefault.xctoolchain/usr/bin/strip -resolve-src-symlinks -rename /Users/runner/work/red-pen-ios/red-pen-ios/ios/build/Build/Intermediates.noindex/LocalLLMClient.build/Release-iphoneos/LocalLLMClientCore.build/Objects-normal/arm64/LocalLLMClientCore.swiftmodule /Users/runner/work/red-pen-ios/red-pen-ios/ios/build/Build/Products/Release-iphoneos/LocalLLMClientCore.swiftmodule/arm64-apple-ios.swiftmodule

Copy /Users/runner/work/red-pen-ios/red-pen-ios/ios/build/Build/Products/Release-iphoneos/LocalLLMClientCore.swiftmodule/arm64-apple-ios.swiftdoc /Users/runner/work/red-pen-ios/red-pen-ios/ios/build/Build/Intermediates.noindex/LocalLLMClient.build/Release-iphoneos/LocalLLMClientCore.build/Objects-normal/arm64/LocalLLMClientCore.swiftdoc (in target 'LocalLLMClientCore' from project 'LocalLLMClient')
    cd /Users/runner/work/red-pen-ios/red-pen-ios/ios/build/SourcePackages/checkouts/LocalLLMClient
    builtin-copy -exclude .DS_Store -exclude CVS -exclude .svn -exclude .git -exclude .hg -strip-unsigned-binaries -strip-deterministic -strip-tool /Applications/Xcode_26.6.app/Contents/Developer/Toolchains/XcodeDefault.xctoolchain/usr/bin/strip -resolve-src-symlinks -rename /Users/runner/work/red-pen-ios/red-pen-ios/ios/build/Build/Intermediates.noindex/LocalLLMClient.build/Release-iphoneos/LocalLLMClientCore.build/Objects-normal/arm64/LocalLLMClientCore.swiftdoc /Users/runner/work/red-pen-ios/red-pen-ios/ios/build/Build/Products/Release-iphoneos/LocalLLMClientCore.swiftmodule/arm64-apple-ios.swiftdoc

Copy /Users/runner/work/red-pen-ios/red-pen-ios/ios/build/Build/Products/Release-iphoneos/LocalLLMClientCore.swiftmodule/arm64-apple-ios.abi.json /Users/runner/work/red-pen-ios/red-pen-ios/ios/build/Build/Intermediates.noindex/LocalLLMClient.build/Release-iphoneos/LocalLLMClientCore.build/Objects-normal/arm64/LocalLLMClientCore.abi.json (in target 'LocalLLMClientCore' from project 'LocalLLMClient')
    cd /Users/runner/work/red-pen-ios/red-pen-ios/ios/build/SourcePackages/checkouts/LocalLLMClient
    builtin-copy -exclude .DS_Store -exclude CVS -exclude .svn -exclude .git -exclude .hg -strip-unsigned-binaries -strip-deterministic -strip-tool /Applications/Xcode_26.6.app/Contents/Developer/Toolchains/XcodeDefault.xctoolchain/usr/bin/strip -resolve-src-symlinks -rename /Users/runner/work/red-pen-ios/red-pen-ios/ios/build/Build/Intermediates.noindex/LocalLLMClient.build/Release-iphoneos/LocalLLMClientCore.build/Objects-normal/arm64/LocalLLMClientCore.abi.json /Users/runner/work/red-pen-ios/red-pen-ios/ios/build/Build/Products/Release-iphoneos/LocalLLMClientCore.swiftmodule/arm64-apple-ios.abi.json

Copy /Users/runner/work/red-pen-ios/red-pen-ios/ios/build/Build/Products/Release-iphoneos/LocalLLMClientCore.swiftmodule/Project/arm64-apple-ios.swiftsourceinfo /Users/runner/work/red-pen-ios/red-pen-ios/ios/build/Build/Intermediates.noindex/LocalLLMClient.build/Release-iphoneos/LocalLLMClientCore.build/Objects-normal/arm64/LocalLLMClientCore.swiftsourceinfo (in target 'LocalLLMClientCore' from project 'LocalLLMClient')
    cd /Users/runner/work/red-pen-ios/red-pen-ios/ios/build/SourcePackages/checkouts/LocalLLMClient
    builtin-copy -exclude .DS_Store -exclude CVS -exclude .svn -exclude .git -exclude .hg -strip-unsigned-binaries -strip-deterministic -strip-tool /Applications/Xcode_26.6.app/Contents/Developer/Toolchains/XcodeDefault.xctoolchain/usr/bin/strip -resolve-src-symlinks -rename /Users/runner/work/red-pen-ios/red-pen-ios/ios/build/Build/Intermediates.noindex/LocalLLMClient.build/Release-iphoneos/LocalLLMClientCore.build/Objects-normal/arm64/LocalLLMClientCore.swiftsourceinfo /Users/runner/work/red-pen-ios/red-pen-ios/ios/build/Build/Products/Release-iphoneos/LocalLLMClientCore.swiftmodule/Project/arm64-apple-ios.swiftsourceinfo

Ld /Users/runner/work/red-pen-ios/red-pen-ios/ios/build/Build/Products/Release-iphoneos/LocalLLMClientCore.o normal (in target 'LocalLLMClientCore' from project 'LocalLLMClient')
    cd /Users/runner/work/red-pen-ios/red-pen-ios/ios/build/SourcePackages/checkouts/LocalLLMClient
    /Applications/Xcode_26.6.app/Contents/Developer/Toolchains/XcodeDefault.xctoolchain/usr/bin/clang -Xlinker -reproducible -target arm64-apple-ios17.0 -r -isysroot /Applications/Xcode_26.6.app/Contents/Developer/Platforms/iPhoneOS.platform/Developer/SDKs/iPhoneOS26.5.sdk -Os -w -F/Users/runner/work/red-pen-ios/red-pen-ios/ios/build/Build/Intermediates.noindex/EagerLinkingTBDs/Release-iphoneos -F/Users/runner/work/red-pen-ios/red-pen-ios/ios/build/Build/Products/Release-iphoneos/PackageFrameworks -F/Users/runner/work/red-pen-ios/red-pen-ios/ios/build/Build/Products/Release-iphoneos/PackageFrameworks -F/Users/runner/work/red-pen-ios/red-pen-ios/ios/build/Build/Products/Release-iphoneos/PackageFrameworks -F/Users/runner/work/red-pen-ios/red-pen-ios/ios/build/Build/Products/Release-iphoneos/PackageFrameworks -F/Users/runner/work/red-pen-ios/red-pen-ios/ios/build/Build/Products/Release-iphoneos -iframework /Applications/Xcode_26.6.app/Contents/Developer/Platforms/iPhoneOS.platform/Developer/Library/Frameworks -iframework /Applications/Xcode_26.6.app/Contents/Developer/Platforms/iPhoneOS.platform/Developer/SDKs/iPhoneOS26.5.sdk/Developer/Library/Frameworks -filelist /Users/runner/work/red-pen-ios/red-pen-ios/ios/build/Build/Intermediates.noindex/LocalLLMClient.build/Release-iphoneos/LocalLLMClientCore.build/Objects-normal/arm64/LocalLLMClientCore.LinkFileList -nostdlib -Xlinker -object_path_lto -Xlinker /Users/runner/work/red-pen-ios/red-pen-ios/ios/build/Build/Intermediates.noindex/LocalLLMClient.build/Release-iphoneos/LocalLLMClientCore.build/Objects-normal/arm64/LocalLLMClientCore_lto.o -Xlinker -dependency_info -Xlinker /Users/runner/work/red-pen-ios/red-pen-ios/ios/build/Build/Intermediates.noindex/LocalLLMClient.build/Release-iphoneos/LocalLLMClientCore.build/Objects-normal/arm64/LocalLLMClientCore_dependency_info.dat -fobjc-link-runtime -L/Applications/Xcode_26.6.app/Contents/Developer/Toolchains/XcodeDefault.xctoolchain/usr/lib/swift/iphoneos -L/usr/lib/swift -Xlinker -add_ast_path -Xlinker /Users/runner/work/red-pen-ios/red-pen-ios/ios/build/Build/Intermediates.noindex/LocalLLMClient.build/Release-iphoneos/LocalLLMClientCore.build/Objects-normal/arm64/LocalLLMClientCore.swiftmodule -o /Users/runner/work/red-pen-ios/red-pen-ios/ios/build/Build/Products/Release-iphoneos/LocalLLMClientCore.o

SwiftDriver LocalLLMClientLlama normal arm64 com.apple.xcode.tools.swift.compiler (in target 'LocalLLMClientLlama' from project 'LocalLLMClient')
    cd /Users/runner/work/red-pen-ios/red-pen-ios/ios/RedPen.xcodeproj
    builtin-SwiftDriver -- /Applications/Xcode_26.6.app/Contents/Developer/Toolchains/XcodeDefault.xctoolchain/usr/bin/swiftc -module-name LocalLLMClientLlama -O -whole-module-optimization @/Users/runner/work/red-pen-ios/red-pen-ios/ios/build/Build/Intermediates.noindex/LocalLLMClient.build/Release-iphoneos/LocalLLMClientLlama.build/Objects-normal/arm64/LocalLLMClientLlama.SwiftFileList -DSWIFT_PACKAGE -DSWIFT_MODULE_RESOURCE_BUNDLE_AVAILABLE -DXcode -cxx-interoperability-mode\=default -Xcc -std\=c++17 -plugin-path /Applications/Xcode_26.6.app/Contents/Developer/Toolchains/XcodeDefault.xctoolchain/usr/lib/swift/host/plugins/testing -enable-experimental-feature DebugDescriptionMacro -sdk /Applications/Xcode_26.6.app/Contents/Developer/Platforms/iPhoneOS.platform/Developer/SDKs/iPhoneOS26.5.sdk -target arm64-apple-ios17.0 -g -module-cache-path /Users/runner/work/red-pen-ios/red-pen-ios/ios/build/ModuleCache.noindex -Xfrontend -serialize-debugging-options -suppress-warnings -swift-version 6 -I /Users/runner/work/red-pen-ios/red-pen-ios/ios/build/Build/Products/Release-iphoneos -Isystem /Applications/Xcode_26.6.app/Contents/Developer/Platforms/iPhoneOS.platform/Developer/usr/lib -F /Users/runner/work/red-pen-ios/red-pen-ios/ios/build/Build/Products/Release-iphoneos/PackageFrameworks -F /Users/runner/work/red-pen-ios/red-pen-ios/ios/build/Build/Products/Release-iphoneos/PackageFrameworks -F /Users/runner/work/red-pen-ios/red-pen-ios/ios/build/Build/Products/Release-iphoneos/PackageFrameworks -F /Users/runner/work/red-pen-ios/red-pen-ios/ios/build/Build/Products/Release-iphoneos/PackageFrameworks -F /Users/runner/work/red-pen-ios/red-pen-ios/ios/build/Build/Products/Release-iphoneos/PackageFrameworks -F /Users/runner/work/red-pen-ios/red-pen-ios/ios/build/Build/Products/Release-iphoneos/PackageFrameworks -F /Users/runner/work/red-pen-ios/red-pen-ios/ios/build/Build/Products/Release-iphoneos -F /Applications/Xcode_26.6.app/Contents/Developer/Platforms/iPhoneOS.platform/Developer/Library/Frameworks -F /Applications/Xcode_26.6.app/Contents/Developer/Platforms/iPhoneOS.platform/Developer/SDKs/iPhoneOS26.5.sdk/Developer/Library/Frameworks -c -num-threads 3 -Xcc -ivfsstatcache -Xcc /Users/runner/work/red-pen-ios/red-pen-ios/ios/build/SDKStatCaches.noindex/iphoneos26.5-23F81a-688ef53f1462e2c8f657fdc38a81448fee66e23052a0157c865c76b268046726.sdkstatcache -output-file-map /Users/runner/work/red-pen-ios/red-pen-ios/ios/build/Build/Intermediates.noindex/LocalLLMClient.build/Release-iphoneos/LocalLLMClientLlama.build/Objects-normal/arm64/LocalLLMClientLlama-OutputFileMap.json -use-frontend-parseable-output -save-temps -no-color-diagnostics -serialize-diagnostics -emit-dependencies -emit-module -emit-module-path /Users/runner/work/red-pen-ios/red-pen-ios/ios/build/Build/Intermediates.noindex/LocalLLMClient.build/Release-iphoneos/LocalLLMClientLlama.build/Objects-normal/arm64/LocalLLMClientLlama.swiftmodule -validate-clang-modules-once -clang-build-session-file /Users/runner/work/red-pen-ios/red-pen-ios/ios/build/ModuleCache.noindex/Session.modulevalidation -package-name localllmclient -Xcc -I/Users/runner/work/red-pen-ios/red-pen-ios/ios/build/Build/Intermediates.noindex/LocalLLMClient.build/Release-iphoneos/LocalLLMClientLlama.build/swift-overrides.hmap -emit-const-values -Xfrontend -const-gather-protocols-file -Xfrontend /Users/runner/work/red-pen-ios/red-pen-ios/ios/build/Build/Intermediates.noindex/LocalLLMClient.build/Release-iphoneos/LocalLLMClientLlama.build/Objects-normal/arm64/LocalLLMClientLlama_const_extract_protocols.json -Xcc -I/Users/runner/work/red-pen-ios/red-pen-ios/ios/build/SourcePackages/checkouts/LocalLLMClient/Sources/LocalLLMClientLlamaC/include -Xcc -I/Users/runner/work/red-pen-ios/red-pen-ios/ios/build/Build/Products/Release-iphoneos/include -Xcc -I/Users/runner/work/red-pen-ios/red-pen-ios/ios/build/Build/Intermediates.noindex/LocalLLMClient.build/Release-iphoneos/LocalLLMClientLlama.build/DerivedSources-normal/arm64 -Xcc -I/Users/runner/work/red-pen-ios/red-pen-ios/ios/build/Build/Intermediates.noindex/LocalLLMClient.build/Release-iphoneos/LocalLLMClientLlama.build/DerivedSources/arm64 -Xcc -I/Users/runner/work/red-pen-ios/red-pen-ios/ios/build/Build/Intermediates.noindex/LocalLLMClient.build/Release-iphoneos/LocalLLMClientLlama.build/DerivedSources -Xcc -DSWIFT_PACKAGE -emit-objc-header -emit-objc-header-path /Users/runner/work/red-pen-ios/red-pen-ios/ios/build/Build/Intermediates.noindex/LocalLLMClient.build/Release-iphoneos/LocalLLMClientLlama.build/Objects-normal/arm64/LocalLLMClientLlama-Swift.h -working-directory /Users/runner/work/red-pen-ios/red-pen-ios/ios/RedPen.xcodeproj -no-emit-module-separately-wmo

SwiftDriver LocalLLMClientMacros normal arm64 com.apple.xcode.tools.swift.compiler (in target 'LocalLLMClientMacros' from project 'LocalLLMClient')
    cd /Users/runner/work/red-pen-ios/red-pen-ios/ios/RedPen.xcodeproj
    builtin-SwiftDriver -- /Applications/Xcode_26.6.app/Contents/Developer/Toolchains/XcodeDefault.xctoolchain/usr/bin/swiftc -module-name LocalLLMClientMacros -O -whole-module-optimization @/Users/runner/work/red-pen-ios/red-pen-ios/ios/build/Build/Intermediates.noindex/LocalLLMClient.build/Release-iphoneos/LocalLLMClientMacros.build/Objects-normal/arm64/LocalLLMClientMacros.SwiftFileList -DSWIFT_PACKAGE -DSWIFT_MODULE_RESOURCE_BUNDLE_UNAVAILABLE -DXcode -plugin-path /Applications/Xcode_26.6.app/Contents/Developer/Toolchains/XcodeDefault.xctoolchain/usr/lib/swift/host/plugins/testing -enable-experimental-feature DebugDescriptionMacro -sdk /Applications/Xcode_26.6.app/Contents/Developer/Platforms/iPhoneOS.platform/Developer/SDKs/iPhoneOS26.5.sdk -target arm64-apple-ios17.0 -g -module-cache-path /Users/runner/work/red-pen-ios/red-pen-ios/ios/build/ModuleCache.noindex -Xfrontend -serialize-debugging-options -suppress-warnings -swift-version 6 -I /Users/runner/work/red-pen-ios/red-pen-ios/ios/build/Build/Products/Release-iphoneos -Isystem /Applications/Xcode_26.6.app/Contents/Developer/Platforms/iPhoneOS.platform/Developer/usr/lib -F /Users/runner/work/red-pen-ios/red-pen-ios/ios/build/Build/Products/Release-iphoneos/PackageFrameworks -F /Users/runner/work/red-pen-ios/red-pen-ios/ios/build/Build/Products/Release-iphoneos/PackageFrameworks -F /Users/runner/work/red-pen-ios/red-pen-ios/ios/build/Build/Products/Release-iphoneos/PackageFrameworks -F /Users/runner/work/red-pen-ios/red-pen-ios/ios/build/Build/Products/Release-iphoneos/PackageFrameworks -F /Users/runner/work/red-pen-ios/red-pen-ios/ios/build/Build/Products/Release-iphoneos/PackageFrameworks -F /Users/runner/work/red-pen-ios/red-pen-ios/ios/build/Build/Products/Release-iphoneos -F /Applications/Xcode_26.6.app/Contents/Developer/Platforms/iPhoneOS.platform/Developer/Library/Frameworks -F /Applications/Xcode_26.6.app/Contents/Developer/Platforms/iPhoneOS.platform/Developer/SDKs/iPhoneOS26.5.sdk/Developer/Library/Frameworks -Xfrontend -load-plugin-executable -Xfrontend /Users/runner/work/red-pen-ios/red-pen-ios/ios/build/Build/Products/Release/LocalLLMClientMacrosPlugin\#LocalLLMClientMacrosPlugin -parse-as-library -c -num-threads 3 -Xcc -ivfsstatcache -Xcc /Users/runner/work/red-pen-ios/red-pen-ios/ios/build/SDKStatCaches.noindex/iphoneos26.5-23F81a-688ef53f1462e2c8f657fdc38a81448fee66e23052a0157c865c76b268046726.sdkstatcache -output-file-map /Users/runner/work/red-pen-ios/red-pen-ios/ios/build/Build/Intermediates.noindex/LocalLLMClient.build/Release-iphoneos/LocalLLMClientMacros.build/Objects-normal/arm64/LocalLLMClientMacros-OutputFileMap.json -use-frontend-parseable-output -save-temps -no-color-diagnostics -serialize-diagnostics -emit-dependencies -emit-module -emit-module-path /Users/runner/work/red-pen-ios/red-pen-ios/ios/build/Build/Intermediates.noindex/LocalLLMClient.build/Release-iphoneos/LocalLLMClientMacros.build/Objects-normal/arm64/LocalLLMClientMacros.swiftmodule -validate-clang-modules-once -clang-build-session-file /Users/runner/work/red-pen-ios/red-pen-ios/ios/build/ModuleCache.noindex/Session.modulevalidation -package-name localllmclient -Xcc -I/Users/runner/work/red-pen-ios/red-pen-ios/ios/build/Build/Intermediates.noindex/LocalLLMClient.build/Release-iphoneos/LocalLLMClientMacros.build/swift-overrides.hmap -emit-const-values -Xfrontend -const-gather-protocols-file -Xfrontend /Users/runner/work/red-pen-ios/red-pen-ios/ios/build/Build/Intermediates.noindex/LocalLLMClient.build/Release-iphoneos/LocalLLMClientMacros.build/Objects-normal/arm64/LocalLLMClientMacros_const_extract_protocols.json -Xcc -I/Users/runner/work/red-pen-ios/red-pen-ios/ios/build/Build/Products/Release-iphoneos/include -Xcc -I/Users/runner/work/red-pen-ios/red-pen-ios/ios/build/Build/Intermediates.noindex/LocalLLMClient.build/Release-iphoneos/LocalLLMClientMacros.build/DerivedSources-normal/arm64 -Xcc -I/Users/runner/work/red-pen-ios/red-pen-ios/ios/build/Build/Intermediates.noindex/LocalLLMClient.build/Release-iphoneos/LocalLLMClientMacros.build/DerivedSources/arm64 -Xcc -I/Users/runner/work/red-pen-ios/red-pen-ios/ios/build/Build/Intermediates.noindex/LocalLLMClient.build/Release-iphoneos/LocalLLMClientMacros.build/DerivedSources -Xcc -DSWIFT_PACKAGE -emit-objc-header -emit-objc-header-path /Users/runner/work/red-pen-ios/red-pen-ios/ios/build/Build/Intermediates.noindex/LocalLLMClient.build/Release-iphoneos/LocalLLMClientMacros.build/Objects-normal/arm64/LocalLLMClientMacros-Swift.h -working-directory /Users/runner/work/red-pen-ios/red-pen-ios/ios/RedPen.xcodeproj -no-emit-module-separately-wmo

SwiftCompile normal arm64 Compiling\ LocalLLMClientMacros.swift /Users/runner/work/red-pen-ios/red-pen-ios/ios/build/SourcePackages/checkouts/LocalLLMClient/Sources/LocalLLMClientMacros/LocalLLMClientMacros.swift (in target 'LocalLLMClientMacros' from project 'LocalLLMClient')

SwiftCompile normal arm64 /Users/runner/work/red-pen-ios/red-pen-ios/ios/build/SourcePackages/checkouts/LocalLLMClient/Sources/LocalLLMClientMacros/LocalLLMClientMacros.swift (in target 'LocalLLMClientMacros' from project 'LocalLLMClient')
    cd /Users/runner/work/red-pen-ios/red-pen-ios/ios/RedPen.xcodeproj
    

SwiftDriver\ Compilation LocalLLMClientMacros normal arm64 com.apple.xcode.tools.swift.compiler (in target 'LocalLLMClientMacros' from project 'LocalLLMClient')
    cd /Users/runner/work/red-pen-ios/red-pen-ios/ios/RedPen.xcodeproj
    builtin-Swift-Compilation -- /Applications/Xcode_26.6.app/Contents/Developer/Toolchains/XcodeDefault.xctoolchain/usr/bin/swiftc -module-name LocalLLMClientMacros -O -whole-module-optimization @/Users/runner/work/red-pen-ios/red-pen-ios/ios/build/Build/Intermediates.noindex/LocalLLMClient.build/Release-iphoneos/LocalLLMClientMacros.build/Objects-normal/arm64/LocalLLMClientMacros.SwiftFileList -DSWIFT_PACKAGE -DSWIFT_MODULE_RESOURCE_BUNDLE_UNAVAILABLE -DXcode -plugin-path /Applications/Xcode_26.6.app/Contents/Developer/Toolchains/XcodeDefault.xctoolchain/usr/lib/swift/host/plugins/testing -enable-experimental-feature DebugDescriptionMacro -sdk /Applications/Xcode_26.6.app/Contents/Developer/Platforms/iPhoneOS.platform/Developer/SDKs/iPhoneOS26.5.sdk -target arm64-apple-ios17.0 -g -module-cache-path /Users/runner/work/red-pen-ios/red-pen-ios/ios/build/ModuleCache.noindex -Xfrontend -serialize-debugging-options -suppress-warnings -swift-version 6 -I /Users/runner/work/red-pen-ios/red-pen-ios/ios/build/Build/Products/Release-iphoneos -Isystem /Applications/Xcode_26.6.app/Contents/Developer/Platforms/iPhoneOS.platform/Developer/usr/lib -F /Users/runner/work/red-pen-ios/red-pen-ios/ios/build/Build/Products/Release-iphoneos/PackageFrameworks -F /Users/runner/work/red-pen-ios/red-pen-ios/ios/build/Build/Products/Release-iphoneos/PackageFrameworks -F /Users/runner/work/red-pen-ios/red-pen-ios/ios/build/Build/Products/Release-iphoneos/PackageFrameworks -F /Users/runner/work/red-pen-ios/red-pen-ios/ios/build/Build/Products/Release-iphoneos/PackageFrameworks -F /Users/runner/work/red-pen-ios/red-pen-ios/ios/build/Build/Products/Release-iphoneos/PackageFrameworks -F /Users/runner/work/red-pen-ios/red-pen-ios/ios/build/Build/Products/Release-iphoneos -F /Applications/Xcode_26.6.app/Contents/Developer/Platforms/iPhoneOS.platform/Developer/Library/Frameworks -F /Applications/Xcode_26.6.app/Contents/Developer/Platforms/iPhoneOS.platform/Developer/SDKs/iPhoneOS26.5.sdk/Developer/Library/Frameworks -Xfrontend -load-plugin-executable -Xfrontend /Users/runner/work/red-pen-ios/red-pen-ios/ios/build/Build/Products/Release/LocalLLMClientMacrosPlugin\#LocalLLMClientMacrosPlugin -parse-as-library -c -num-threads 3 -Xcc -ivfsstatcache -Xcc /Users/runner/work/red-pen-ios/red-pen-ios/ios/build/SDKStatCaches.noindex/iphoneos26.5-23F81a-688ef53f1462e2c8f657fdc38a81448fee66e23052a0157c865c76b268046726.sdkstatcache -output-file-map /Users/runner/work/red-pen-ios/red-pen-ios/ios/build/Build/Intermediates.noindex/LocalLLMClient.build/Release-iphoneos/LocalLLMClientMacros.build/Objects-normal/arm64/LocalLLMClientMacros-OutputFileMap.json -use-frontend-parseable-output -save-temps -no-color-diagnostics -serialize-diagnostics -emit-dependencies -emit-module -emit-module-path /Users/runner/work/red-pen-ios/red-pen-ios/ios/build/Build/Intermediates.noindex/LocalLLMClient.build/Release-iphoneos/LocalLLMClientMacros.build/Objects-normal/arm64/LocalLLMClientMacros.swiftmodule -validate-clang-modules-once -clang-build-session-file /Users/runner/work/red-pen-ios/red-pen-ios/ios/build/ModuleCache.noindex/Session.modulevalidation -package-name localllmclient -Xcc -I/Users/runner/work/red-pen-ios/red-pen-ios/ios/build/Build/Intermediates.noindex/LocalLLMClient.build/Release-iphoneos/LocalLLMClientMacros.build/swift-overrides.hmap -emit-const-values -Xfrontend -const-gather-protocols-file -Xfrontend /Users/runner/work/red-pen-ios/red-pen-ios/ios/build/Build/Intermediates.noindex/LocalLLMClient.build/Release-iphoneos/LocalLLMClientMacros.build/Objects-normal/arm64/LocalLLMClientMacros_const_extract_protocols.json -Xcc -I/Users/runner/work/red-pen-ios/red-pen-ios/ios/build/Build/Products/Release-iphoneos/include -Xcc -I/Users/runner/work/red-pen-ios/red-pen-ios/ios/build/Build/Intermediates.noindex/LocalLLMClient.build/Release-iphoneos/LocalLLMClientMacros.build/DerivedSources-normal/arm64 -Xcc -I/Users/runner/work/red-pen-ios/red-pen-ios/ios/build/Build/Intermediates.noindex/LocalLLMClient.build/Release-iphoneos/LocalLLMClientMacros.build/DerivedSources/arm64 -Xcc -I/Users/runner/work/red-pen-ios/red-pen-ios/ios/build/Build/Intermediates.noindex/LocalLLMClient.build/Release-iphoneos/LocalLLMClientMacros.build/DerivedSources -Xcc -DSWIFT_PACKAGE -emit-objc-header -emit-objc-header-path /Users/runner/work/red-pen-ios/red-pen-ios/ios/build/Build/Intermediates.noindex/LocalLLMClient.build/Release-iphoneos/LocalLLMClientMacros.build/Objects-normal/arm64/LocalLLMClientMacros-Swift.h -working-directory /Users/runner/work/red-pen-ios/red-pen-ios/ios/RedPen.xcodeproj -no-emit-module-separately-wmo

SwiftCompile normal arm64 Compiling\ resource_bundle_accessor.swift,\ Batch.swift,\ Context.swift,\ Decoder.swift,\ Generator.swift,\ LLMSession+Llama.swift,\ LlamaClient.swift,\ LlamaToolCallParser.swift,\ Logger.swift,\ ChatTemplateRenderer.swift,\ LlamaSpecificDecoder.swift,\ MessageChunk.swift,\ MessageProcessor.swift,\ MessageTransformer.swift,\ MultimodalChunkExtractor.swift,\ ToolInstructionProcessor.swift,\ Model.swift,\ Multimodal.swift,\ Parameter.swift,\ Sampler.swift,\ Token.swift,\ ToolExecution.swift,\ Utility.swift,\ stb_image.swift /Users/runner/work/red-pen-ios/red-pen-ios/ios/build/Build/Intermediates.noindex/LocalLLMClient.build/Release-iphoneos/LocalLLMClientLlama.build/DerivedSources/resource_bundle_accessor.swift /Users/runner/work/red-pen-ios/red-pen-ios/ios/build/SourcePackages/checkouts/LocalLLMClient/Sources/LocalLLMClientLlama/Batch.swift /Users/runner/work/red-pen-ios/red-pen-ios/ios/build/SourcePackages/checkouts/LocalLLMClient/Sources/LocalLLMClientLlama/Context.swift /Users/runner/work/red-pen-ios/red-pen-ios/ios/build/SourcePackages/checkouts/LocalLLMClient/Sources/LocalLLMClientLlama/Decoder.swift /Users/runner/work/red-pen-ios/red-pen-ios/ios/build/SourcePackages/checkouts/LocalLLMClient/Sources/LocalLLMClientLlama/Generator.swift /Users/runner/work/red-pen-ios/red-pen-ios/ios/build/SourcePackages/checkouts/LocalLLMClient/Sources/LocalLLMClientLlama/LLMSession+Llama.swift /Users/runner/work/red-pen-ios/red-pen-ios/ios/build/SourcePackages/checkouts/LocalLLMClient/Sources/LocalLLMClientLlama/LlamaClient.swift /Users/runner/work/red-pen-ios/red-pen-ios/ios/build/SourcePackages/checkouts/LocalLLMClient/Sources/LocalLLMClientLlama/LlamaToolCallParser.swift /Users/runner/work/red-pen-ios/red-pen-ios/ios/build/SourcePackages/checkouts/LocalLLMClient/Sources/LocalLLMClientLlama/Logger.swift /Users/runner/work/red-pen-ios/red-pen-ios/ios/build/SourcePackages/checkouts/LocalLLMClient/Sources/LocalLLMClientLlama/MessageProcessing/ChatTemplateRenderer.swift /Users/runner/work/red-pen-ios/red-pen-ios/ios/build/SourcePackages/checkouts/LocalLLMClient/Sources/LocalLLMClientLlama/MessageProcessing/LlamaSpecificDecoder.swift /Users/runner/work/red-pen-ios/red-pen-ios/ios/build/SourcePackages/checkouts/LocalLLMClient/Sources/LocalLLMClientLlama/MessageProcessing/MessageChunk.swift /Users/runner/work/red-pen-ios/red-pen-ios/ios/build/SourcePackages/checkouts/LocalLLMClient/Sources/LocalLLMClientLlama/MessageProcessing/MessageProcessor.swift /Users/runner/work/red-pen-ios/red-pen-ios/ios/build/SourcePackages/checkouts/LocalLLMClient/Sources/LocalLLMClientLlama/MessageProcessing/MessageTransformer.swift /Users/runner/work/red-pen-ios/red-pen-ios/ios/build/SourcePackages/checkouts/LocalLLMClient/Sources/LocalLLMClientLlama/MessageProcessing/MultimodalChunkExtractor.swift /Users/runner/work/red-pen-ios/red-pen-ios/ios/build/SourcePackages/checkouts/LocalLLMClient/Sources/LocalLLMClientLlama/MessageProcessing/ToolInstructionProcessor.swift /Users/runner/work/red-pen-ios/red-pen-ios/ios/build/SourcePackages/checkouts/LocalLLMClient/Sources/LocalLLMClientLlama/Model.swift /Users/runner/work/red-pen-ios/red-pen-ios/ios/build/SourcePackages/checkouts/LocalLLMClient/Sources/LocalLLMClientLlama/Multimodal.swift /Users/runner/work/red-pen-ios/red-pen-ios/ios/build/SourcePackages/checkouts/LocalLLMClient/Sources/LocalLLMClientLlama/Parameter.swift /Users/runner/work/red-pen-ios/red-pen-ios/ios/build/SourcePackages/checkouts/LocalLLMClient/Sources/LocalLLMClientLlama/Sampler.swift /Users/runner/work/red-pen-ios/red-pen-ios/ios/build/SourcePackages/checkouts/LocalLLMClient/Sources/LocalLLMClientLlama/Token.swift /Users/runner/work/red-pen-ios/red-pen-ios/ios/build/SourcePackages/checkouts/LocalLLMClient/Sources/LocalLLMClientLlama/ToolExecution.swift /Users/runner/work/red-pen-ios/red-pen-ios/ios/build/SourcePackages/checkouts/LocalLLMClient/Sources/LocalLLMClientLlama/Utility.swift /Users/runner/work/red-pen-ios/red-pen-ios/ios/build/SourcePackages/checkouts/LocalLLMClient/Sources/LocalLLMClientLlama/stb_image.swift (in target 'LocalLLMClientLlama' from project 'LocalLLMClient')
CompileSwift normal arm64 (in target 'LocalLLMClientLlama' from project 'LocalLLMClient')
    cd /Users/runner/work/red-pen-ios/red-pen-ios/ios/RedPen.xcodeproj
    

SwiftDriver\ Compilation LocalLLMClientLlama normal arm64 com.apple.xcode.tools.swift.compiler (in target 'LocalLLMClientLlama' from project 'LocalLLMClient')
    cd /Users/runner/work/red-pen-ios/red-pen-ios/ios/RedPen.xcodeproj
    builtin-Swift-Compilation -- /Applications/Xcode_26.6.app/Contents/Developer/Toolchains/XcodeDefault.xctoolchain/usr/bin/swiftc -module-name LocalLLMClientLlama -O -whole-module-optimization @/Users/runner/work/red-pen-ios/red-pen-ios/ios/build/Build/Intermediates.noindex/LocalLLMClient.build/Release-iphoneos/LocalLLMClientLlama.build/Objects-normal/arm64/LocalLLMClientLlama.SwiftFileList -DSWIFT_PACKAGE -DSWIFT_MODULE_RESOURCE_BUNDLE_AVAILABLE -DXcode -cxx-interoperability-mode\=default -Xcc -std\=c++17 -plugin-path /Applications/Xcode_26.6.app/Contents/Developer/Toolchains/XcodeDefault.xctoolchain/usr/lib/swift/host/plugins/testing -enable-experimental-feature DebugDescriptionMacro -sdk /Applications/Xcode_26.6.app/Contents/Developer/Platforms/iPhoneOS.platform/Developer/SDKs/iPhoneOS26.5.sdk -target arm64-apple-ios17.0 -g -module-cache-path /Users/runner/work/red-pen-ios/red-pen-ios/ios/build/ModuleCache.noindex -Xfrontend -serialize-debugging-options -suppress-warnings -swift-version 6 -I /Users/runner/work/red-pen-ios/red-pen-ios/ios/build/Build/Products/Release-iphoneos -Isystem /Applications/Xcode_26.6.app/Contents/Developer/Platforms/iPhoneOS.platform/Developer/usr/lib -F /Users/runner/work/red-pen-ios/red-pen-ios/ios/build/Build/Products/Release-iphoneos/PackageFrameworks -F /Users/runner/work/red-pen-ios/red-pen-ios/ios/build/Build/Products/Release-iphoneos/PackageFrameworks -F /Users/runner/work/red-pen-ios/red-pen-ios/ios/build/Build/Products/Release-iphoneos/PackageFrameworks -F /Users/runner/work/red-pen-ios/red-pen-ios/ios/build/Build/Products/Release-iphoneos/PackageFrameworks -F /Users/runner/work/red-pen-ios/red-pen-ios/ios/build/Build/Products/Release-iphoneos/PackageFrameworks -F /Users/runner/work/red-pen-ios/red-pen-ios/ios/build/Build/Products/Release-iphoneos/PackageFrameworks -F /Users/runner/work/red-pen-ios/red-pen-ios/ios/build/Build/Products/Release-iphoneos -F /Applications/Xcode_26.6.app/Contents/Developer/Platforms/iPhoneOS.platform/Developer/Library/Frameworks -F /Applications/Xcode_26.6.app/Contents/Developer/Platforms/iPhoneOS.platform/Developer/SDKs/iPhoneOS26.5.sdk/Developer/Library/Frameworks -c -num-threads 3 -Xcc -ivfsstatcache -Xcc /Users/runner/work/red-pen-ios/red-pen-ios/ios/build/SDKStatCaches.noindex/iphoneos26.5-23F81a-688ef53f1462e2c8f657fdc38a81448fee66e23052a0157c865c76b268046726.sdkstatcache -output-file-map /Users/runner/work/red-pen-ios/red-pen-ios/ios/build/Build/Intermediates.noindex/LocalLLMClient.build/Release-iphoneos/LocalLLMClientLlama.build/Objects-normal/arm64/LocalLLMClientLlama-OutputFileMap.json -use-frontend-parseable-output -save-temps -no-color-diagnostics -serialize-diagnostics -emit-dependencies -emit-module -emit-module-path /Users/runner/work/red-pen-ios/red-pen-ios/ios/build/Build/Intermediates.noindex/LocalLLMClient.build/Release-iphoneos/LocalLLMClientLlama.build/Objects-normal/arm64/LocalLLMClientLlama.swiftmodule -validate-clang-modules-once -clang-build-session-file /Users/runner/work/red-pen-ios/red-pen-ios/ios/build/ModuleCache.noindex/Session.modulevalidation -package-name localllmclient -Xcc -I/Users/runner/work/red-pen-ios/red-pen-ios/ios/build/Build/Intermediates.noindex/LocalLLMClient.build/Release-iphoneos/LocalLLMClientLlama.build/swift-overrides.hmap -emit-const-values -Xfrontend -const-gather-protocols-file -Xfrontend /Users/runner/work/red-pen-ios/red-pen-ios/ios/build/Build/Intermediates.noindex/LocalLLMClient.build/Release-iphoneos/LocalLLMClientLlama.build/Objects-normal/arm64/LocalLLMClientLlama_const_extract_protocols.json -Xcc -I/Users/runner/work/red-pen-ios/red-pen-ios/ios/build/SourcePackages/checkouts/LocalLLMClient/Sources/LocalLLMClientLlamaC/include -Xcc -I/Users/runner/work/red-pen-ios/red-pen-ios/ios/build/Build/Products/Release-iphoneos/include -Xcc -I/Users/runner/work/red-pen-ios/red-pen-ios/ios/build/Build/Intermediates.noindex/LocalLLMClient.build/Release-iphoneos/LocalLLMClientLlama.build/DerivedSources-normal/arm64 -Xcc -I/Users/runner/work/red-pen-ios/red-pen-ios/ios/build/Build/Intermediates.noindex/LocalLLMClient.build/Release-iphoneos/LocalLLMClientLlama.build/DerivedSources/arm64 -Xcc -I/Users/runner/work/red-pen-ios/red-pen-ios/ios/build/Build/Intermediates.noindex/LocalLLMClient.build/Release-iphoneos/LocalLLMClientLlama.build/DerivedSources -Xcc -DSWIFT_PACKAGE -emit-objc-header -emit-objc-header-path /Users/runner/work/red-pen-ios/red-pen-ios/ios/build/Build/Intermediates.noindex/LocalLLMClient.build/Release-iphoneos/LocalLLMClientLlama.build/Objects-normal/arm64/LocalLLMClientLlama-Swift.h -working-directory /Users/runner/work/red-pen-ios/red-pen-ios/ios/RedPen.xcodeproj -no-emit-module-separately-wmo

ExtractAppIntentsMetadata (in target 'LocalLLMClientCore' from project 'LocalLLMClient')
    cd /Users/runner/work/red-pen-ios/red-pen-ios/ios/build/SourcePackages/checkouts/LocalLLMClient
    /Applications/Xcode_26.6.app/Contents/Developer/Toolchains/XcodeDefault.xctoolchain/usr/bin/appintentsmetadataprocessor --toolchain-dir /var/run/com.apple.security.cryptexd/mnt/com.apple.MobileAsset.MetalToolchain-v17.6.109.0.u2e75G/Metal.xctoolchain --module-name LocalLLMClientCore --sdk-root /Applications/Xcode_26.6.app/Contents/Developer/Platforms/iPhoneOS.platform/Developer/SDKs/iPhoneOS26.5.sdk --xcode-version 17F113 --platform-family iOS --deployment-target 17.0 --bundle-identifier localllmclient.LocalLLMClientCore --output /Users/runner/work/red-pen-ios/red-pen-ios/ios/build/Build/Products/Release-iphoneos/LocalLLMClientCore.appintents --target-triple arm64-apple-ios17.0 --binary-file /Users/runner/work/red-pen-ios/red-pen-ios/ios/build/Build/Products/Release-iphoneos/LocalLLMClientCore.o --dependency-file /Users/runner/work/red-pen-ios/red-pen-ios/ios/build/Build/Intermediates.noindex/LocalLLMClient.build/Release-iphoneos/LocalLLMClientCore.build/Objects-normal/arm64/LocalLLMClientCore_dependency_info.dat --stringsdata-file /Users/runner/work/red-pen-ios/red-pen-ios/ios/build/Build/Intermediates.noindex/LocalLLMClient.build/Release-iphoneos/LocalLLMClientCore.build/Objects-normal/arm64/ExtractedAppShortcutsMetadata.stringsdata --source-file-list /Users/runner/work/red-pen-ios/red-pen-ios/ios/build/Build/Intermediates.noindex/LocalLLMClient.build/Release-iphoneos/LocalLLMClientCore.build/Objects-normal/arm64/LocalLLMClientCore.SwiftFileList --metadata-file-list /Users/runner/work/red-pen-ios/red-pen-ios/ios/build/Build/Intermediates.noindex/LocalLLMClient.build/Release-iphoneos/LocalLLMClientCore.build/LocalLLMClientCore.DependencyMetadataFileList --static-metadata-file-list /Users/runner/work/red-pen-ios/red-pen-ios/ios/build/Build/Intermediates.noindex/LocalLLMClient.build/Release-iphoneos/LocalLLMClientCore.build/LocalLLMClientCore.DependencyStaticMetadataFileList --swift-const-vals-list /Users/runner/work/red-pen-ios/red-pen-ios/ios/build/Build/Intermediates.noindex/LocalLLMClient.build/Release-iphoneos/LocalLLMClientCore.build/Objects-normal/arm64/LocalLLMClientCore.SwiftConstValuesFileList --force --compile-time-extraction --deployment-aware-processing --validate-assistant-intents --no-app-shortcuts-localization
2026-09-23 12:35:50.584 appintentsmetadataprocessor[7392:24753] Starting appintentsmetadataprocessor export
2026-09-23 12:35:50.602 appintentsmetadataprocessor[7392:24753] Extracted no relevant App Intents symbols, skipping writing output

RegisterExecutionPolicyException /Users/runner/work/red-pen-ios/red-pen-ios/ios/build/Build/Products/Release-iphoneos/LocalLLMClientCore.o (in target 'LocalLLMClientCore' from project 'LocalLLMClient')
    cd /Users/runner/work/red-pen-ios/red-pen-ios/ios/build/SourcePackages/checkouts/LocalLLMClient
    builtin-RegisterExecutionPolicyException /Users/runner/work/red-pen-ios/red-pen-ios/ios/build/Build/Products/Release-iphoneos/LocalLLMClientCore.o

SwiftDriverJobDiscovery normal arm64 Compiling LocalLLMClientMacros.swift (in target 'LocalLLMClientMacros' from project 'LocalLLMClient')

SwiftDriver\ Compilation\ Requirements LocalLLMClientMacros normal arm64 com.apple.xcode.tools.swift.compiler (in target 'LocalLLMClientMacros' from project 'LocalLLMClient')
    cd /Users/runner/work/red-pen-ios/red-pen-ios/ios/RedPen.xcodeproj
    builtin-Swift-Compilation-Requirements -- /Applications/Xcode_26.6.app/Contents/Developer/Toolchains/XcodeDefault.xctoolchain/usr/bin/swiftc -module-name LocalLLMClientMacros -O -whole-module-optimization @/Users/runner/work/red-pen-ios/red-pen-ios/ios/build/Build/Intermediates.noindex/LocalLLMClient.build/Release-iphoneos/LocalLLMClientMacros.build/Objects-normal/arm64/LocalLLMClientMacros.SwiftFileList -DSWIFT_PACKAGE -DSWIFT_MODULE_RESOURCE_BUNDLE_UNAVAILABLE -DXcode -plugin-path /Applications/Xcode_26.6.app/Contents/Developer/Toolchains/XcodeDefault.xctoolchain/usr/lib/swift/host/plugins/testing -enable-experimental-feature DebugDescriptionMacro -sdk /Applications/Xcode_26.6.app/Contents/Developer/Platforms/iPhoneOS.platform/Developer/SDKs/iPhoneOS26.5.sdk -target arm64-apple-ios17.0 -g -module-cache-path /Users/runner/work/red-pen-ios/red-pen-ios/ios/build/ModuleCache.noindex -Xfrontend -serialize-debugging-options -suppress-warnings -swift-version 6 -I /Users/runner/work/red-pen-ios/red-pen-ios/ios/build/Build/Products/Release-iphoneos -Isystem /Applications/Xcode_26.6.app/Contents/Developer/Platforms/iPhoneOS.platform/Developer/usr/lib -F /Users/runner/work/red-pen-ios/red-pen-ios/ios/build/Build/Products/Release-iphoneos/PackageFrameworks -F /Users/runner/work/red-pen-ios/red-pen-ios/ios/build/Build/Products/Release-iphoneos/PackageFrameworks -F /Users/runner/work/red-pen-ios/red-pen-ios/ios/build/Build/Products/Release-iphoneos/PackageFrameworks -F /Users/runner/work/red-pen-ios/red-pen-ios/ios/build/Build/Products/Release-iphoneos/PackageFrameworks -F /Users/runner/work/red-pen-ios/red-pen-ios/ios/build/Build/Products/Release-iphoneos/PackageFrameworks -F /Users/runner/work/red-pen-ios/red-pen-ios/ios/build/Build/Products/Release-iphoneos -F /Applications/Xcode_26.6.app/Contents/Developer/Platforms/iPhoneOS.platform/Developer/Library/Frameworks -F /Applications/Xcode_26.6.app/Contents/Developer/Platforms/iPhoneOS.platform/Developer/SDKs/iPhoneOS26.5.sdk/Developer/Library/Frameworks -Xfrontend -load-plugin-executable -Xfrontend /Users/runner/work/red-pen-ios/red-pen-ios/ios/build/Build/Products/Release/LocalLLMClientMacrosPlugin\#LocalLLMClientMacrosPlugin -parse-as-library -c -num-threads 3 -Xcc -ivfsstatcache -Xcc /Users/runner/work/red-pen-ios/red-pen-ios/ios/build/SDKStatCaches.noindex/iphoneos26.5-23F81a-688ef53f1462e2c8f657fdc38a81448fee66e23052a0157c865c76b268046726.sdkstatcache -output-file-map /Users/runner/work/red-pen-ios/red-pen-ios/ios/build/Build/Intermediates.noindex/LocalLLMClient.build/Release-iphoneos/LocalLLMClientMacros.build/Objects-normal/arm64/LocalLLMClientMacros-OutputFileMap.json -use-frontend-parseable-output -save-temps -no-color-diagnostics -serialize-diagnostics -emit-dependencies -emit-module -emit-module-path /Users/runner/work/red-pen-ios/red-pen-ios/ios/build/Build/Intermediates.noindex/LocalLLMClient.build/Release-iphoneos/LocalLLMClientMacros.build/Objects-normal/arm64/LocalLLMClientMacros.swiftmodule -validate-clang-modules-once -clang-build-session-file /Users/runner/work/red-pen-ios/red-pen-ios/ios/build/ModuleCache.noindex/Session.modulevalidation -package-name localllmclient -Xcc -I/Users/runner/work/red-pen-ios/red-pen-ios/ios/build/Build/Intermediates.noindex/LocalLLMClient.build/Release-iphoneos/LocalLLMClientMacros.build/swift-overrides.hmap -emit-const-values -Xfrontend -const-gather-protocols-file -Xfrontend /Users/runner/work/red-pen-ios/red-pen-ios/ios/build/Build/Intermediates.noindex/LocalLLMClient.build/Release-iphoneos/LocalLLMClientMacros.build/Objects-normal/arm64/LocalLLMClientMacros_const_extract_protocols.json -Xcc -I/Users/runner/work/red-pen-ios/red-pen-ios/ios/build/Build/Products/Release-iphoneos/include -Xcc -I/Users/runner/work/red-pen-ios/red-pen-ios/ios/build/Build/Intermediates.noindex/LocalLLMClient.build/Release-iphoneos/LocalLLMClientMacros.build/DerivedSources-normal/arm64 -Xcc -I/Users/runner/work/red-pen-ios/red-pen-ios/ios/build/Build/Intermediates.noindex/LocalLLMClient.build/Release-iphoneos/LocalLLMClientMacros.build/DerivedSources/arm64 -Xcc -I/Users/runner/work/red-pen-ios/red-pen-ios/ios/build/Build/Intermediates.noindex/LocalLLMClient.build/Release-iphoneos/LocalLLMClientMacros.build/DerivedSources -Xcc -DSWIFT_PACKAGE -emit-objc-header -emit-objc-header-path /Users/runner/work/red-pen-ios/red-pen-ios/ios/build/Build/Intermediates.noindex/LocalLLMClient.build/Release-iphoneos/LocalLLMClientMacros.build/Objects-normal/arm64/LocalLLMClientMacros-Swift.h -working-directory /Users/runner/work/red-pen-ios/red-pen-ios/ios/RedPen.xcodeproj -no-emit-module-separately-wmo

SwiftMergeGeneratedHeaders /Users/runner/work/red-pen-ios/red-pen-ios/ios/build/Build/Intermediates.noindex/GeneratedModuleMaps-iphoneos/LocalLLMClientMacros-Swift.h /Users/runner/work/red-pen-ios/red-pen-ios/ios/build/Build/Intermediates.noindex/LocalLLMClient.build/Release-iphoneos/LocalLLMClientMacros.build/Objects-normal/arm64/LocalLLMClientMacros-Swift.h (in target 'LocalLLMClientMacros' from project 'LocalLLMClient')
    cd /Users/runner/work/red-pen-ios/red-pen-ios/ios/build/SourcePackages/checkouts/LocalLLMClient
    builtin-swiftHeaderTool -arch arm64 /Users/runner/work/red-pen-ios/red-pen-ios/ios/build/Build/Intermediates.noindex/LocalLLMClient.build/Release-iphoneos/LocalLLMClientMacros.build/Objects-normal/arm64/LocalLLMClientMacros-Swift.h -o /Users/runner/work/red-pen-ios/red-pen-ios/ios/build/Build/Intermediates.noindex/GeneratedModuleMaps-iphoneos/LocalLLMClientMacros-Swift.h

Copy /Users/runner/work/red-pen-ios/red-pen-ios/ios/build/Build/Products/Release-iphoneos/LocalLLMClientMacros.swiftmodule/arm64-apple-ios.swiftmodule /Users/runner/work/red-pen-ios/red-pen-ios/ios/build/Build/Intermediates.noindex/LocalLLMClient.build/Release-iphoneos/LocalLLMClientMacros.build/Objects-normal/arm64/LocalLLMClientMacros.swiftmodule (in target 'LocalLLMClientMacros' from project 'LocalLLMClient')
    cd /Users/runner/work/red-pen-ios/red-pen-ios/ios/build/SourcePackages/checkouts/LocalLLMClient
    builtin-copy -exclude .DS_Store -exclude CVS -exclude .svn -exclude .git -exclude .hg -strip-unsigned-binaries -strip-deterministic -strip-tool /Applications/Xcode_26.6.app/Contents/Developer/Toolchains/XcodeDefault.xctoolchain/usr/bin/strip -resolve-src-symlinks -rename /Users/runner/work/red-pen-ios/red-pen-ios/ios/build/Build/Intermediates.noindex/LocalLLMClient.build/Release-iphoneos/LocalLLMClientMacros.build/Objects-normal/arm64/LocalLLMClientMacros.swiftmodule /Users/runner/work/red-pen-ios/red-pen-ios/ios/build/Build/Products/Release-iphoneos/LocalLLMClientMacros.swiftmodule/arm64-apple-ios.swiftmodule

Copy /Users/runner/work/red-pen-ios/red-pen-ios/ios/build/Build/Products/Release-iphoneos/LocalLLMClientMacros.swiftmodule/arm64-apple-ios.swiftdoc /Users/runner/work/red-pen-ios/red-pen-ios/ios/build/Build/Intermediates.noindex/LocalLLMClient.build/Release-iphoneos/LocalLLMClientMacros.build/Objects-normal/arm64/LocalLLMClientMacros.swiftdoc (in target 'LocalLLMClientMacros' from project 'LocalLLMClient')
    cd /Users/runner/work/red-pen-ios/red-pen-ios/ios/build/SourcePackages/checkouts/LocalLLMClient
    builtin-copy -exclude .DS_Store -exclude CVS -exclude .svn -exclude .git -exclude .hg -strip-unsigned-binaries -strip-deterministic -strip-tool /Applications/Xcode_26.6.app/Contents/Developer/Toolchains/XcodeDefault.xctoolchain/usr/bin/strip -resolve-src-symlinks -rename /Users/runner/work/red-pen-ios/red-pen-ios/ios/build/Build/Intermediates.noindex/LocalLLMClient.build/Release-iphoneos/LocalLLMClientMacros.build/Objects-normal/arm64/LocalLLMClientMacros.swiftdoc /Users/runner/work/red-pen-ios/red-pen-ios/ios/build/Build/Products/Release-iphoneos/LocalLLMClientMacros.swiftmodule/arm64-apple-ios.swiftdoc

Copy /Users/runner/work/red-pen-ios/red-pen-ios/ios/build/Build/Products/Release-iphoneos/LocalLLMClientMacros.swiftmodule/arm64-apple-ios.abi.json /Users/runner/work/red-pen-ios/red-pen-ios/ios/build/Build/Intermediates.noindex/LocalLLMClient.build/Release-iphoneos/LocalLLMClientMacros.build/Objects-normal/arm64/LocalLLMClientMacros.abi.json (in target 'LocalLLMClientMacros' from project 'LocalLLMClient')
    cd /Users/runner/work/red-pen-ios/red-pen-ios/ios/build/SourcePackages/checkouts/LocalLLMClient
    builtin-copy -exclude .DS_Store -exclude CVS -exclude .svn -exclude .git -exclude .hg -strip-unsigned-binaries -strip-deterministic -strip-tool /Applications/Xcode_26.6.app/Contents/Developer/Toolchains/XcodeDefault.xctoolchain/usr/bin/strip -resolve-src-symlinks -rename /Users/runner/work/red-pen-ios/red-pen-ios/ios/build/Build/Intermediates.noindex/LocalLLMClient.build/Release-iphoneos/LocalLLMClientMacros.build/Objects-normal/arm64/LocalLLMClientMacros.abi.json /Users/runner/work/red-pen-ios/red-pen-ios/ios/build/Build/Products/Release-iphoneos/LocalLLMClientMacros.swiftmodule/arm64-apple-ios.abi.json

Copy /Users/runner/work/red-pen-ios/red-pen-ios/ios/build/Build/Products/Release-iphoneos/LocalLLMClientMacros.swiftmodule/Project/arm64-apple-ios.swiftsourceinfo /Users/runner/work/red-pen-ios/red-pen-ios/ios/build/Build/Intermediates.noindex/LocalLLMClient.build/Release-iphoneos/LocalLLMClientMacros.build/Objects-normal/arm64/LocalLLMClientMacros.swiftsourceinfo (in target 'LocalLLMClientMacros' from project 'LocalLLMClient')
    cd /Users/runner/work/red-pen-ios/red-pen-ios/ios/build/SourcePackages/checkouts/LocalLLMClient
    builtin-copy -exclude .DS_Store -exclude CVS -exclude .svn -exclude .git -exclude .hg -strip-unsigned-binaries -strip-deterministic -strip-tool /Applications/Xcode_26.6.app/Contents/Developer/Toolchains/XcodeDefault.xctoolchain/usr/bin/strip -resolve-src-symlinks -rename /Users/runner/work/red-pen-ios/red-pen-ios/ios/build/Build/Intermediates.noindex/LocalLLMClient.build/Release-iphoneos/LocalLLMClientMacros.build/Objects-normal/arm64/LocalLLMClientMacros.swiftsourceinfo /Users/runner/work/red-pen-ios/red-pen-ios/ios/build/Build/Products/Release-iphoneos/LocalLLMClientMacros.swiftmodule/Project/arm64-apple-ios.swiftsourceinfo

Ld /Users/runner/work/red-pen-ios/red-pen-ios/ios/build/Build/Products/Release-iphoneos/LocalLLMClientMacros.o normal (in target 'LocalLLMClientMacros' from project 'LocalLLMClient')
    cd /Users/runner/work/red-pen-ios/red-pen-ios/ios/build/SourcePackages/checkouts/LocalLLMClient
    /Applications/Xcode_26.6.app/Contents/Developer/Toolchains/XcodeDefault.xctoolchain/usr/bin/clang -Xlinker -reproducible -target arm64-apple-ios17.0 -r -isysroot /Applications/Xcode_26.6.app/Contents/Developer/Platforms/iPhoneOS.platform/Developer/SDKs/iPhoneOS26.5.sdk -Os -w -F/Users/runner/work/red-pen-ios/red-pen-ios/ios/build/Build/Intermediates.noindex/EagerLinkingTBDs/Release-iphoneos -F/Users/runner/work/red-pen-ios/red-pen-ios/ios/build/Build/Products/Release-iphoneos/PackageFrameworks -F/Users/runner/work/red-pen-ios/red-pen-ios/ios/build/Build/Products/Release-iphoneos/PackageFrameworks -F/Users/runner/work/red-pen-ios/red-pen-ios/ios/build/Build/Products/Release-iphoneos/PackageFrameworks -F/Users/runner/work/red-pen-ios/red-pen-ios/ios/build/Build/Products/Release-iphoneos/PackageFrameworks -F/Users/runner/work/red-pen-ios/red-pen-ios/ios/build/Build/Products/Release-iphoneos/PackageFrameworks -F/Users/runner/work/red-pen-ios/red-pen-ios/ios/build/Build/Products/Release-iphoneos -iframework /Applications/Xcode_26.6.app/Contents/Developer/Platforms/iPhoneOS.platform/Developer/Library/Frameworks -iframework /Applications/Xcode_26.6.app/Contents/Developer/Platforms/iPhoneOS.platform/Developer/SDKs/iPhoneOS26.5.sdk/Developer/Library/Frameworks -filelist /Users/runner/work/red-pen-ios/red-pen-ios/ios/build/Build/Intermediates.noindex/LocalLLMClient.build/Release-iphoneos/LocalLLMClientMacros.build/Objects-normal/arm64/LocalLLMClientMacros.LinkFileList -nostdlib -Xlinker -object_path_lto -Xlinker /Users/runner/work/red-pen-ios/red-pen-ios/ios/build/Build/Intermediates.noindex/LocalLLMClient.build/Release-iphoneos/LocalLLMClientMacros.build/Objects-normal/arm64/LocalLLMClientMacros_lto.o -Xlinker -dependency_info -Xlinker /Users/runner/work/red-pen-ios/red-pen-ios/ios/build/Build/Intermediates.noindex/LocalLLMClient.build/Release-iphoneos/LocalLLMClientMacros.build/Objects-normal/arm64/LocalLLMClientMacros_dependency_info.dat -fobjc-link-runtime -L/Applications/Xcode_26.6.app/Contents/Developer/Toolchains/XcodeDefault.xctoolchain/usr/lib/swift/iphoneos -L/usr/lib/swift -Xlinker -add_ast_path -Xlinker /Users/runner/work/red-pen-ios/red-pen-ios/ios/build/Build/Intermediates.noindex/LocalLLMClient.build/Release-iphoneos/LocalLLMClientMacros.build/Objects-normal/arm64/LocalLLMClientMacros.swiftmodule -o /Users/runner/work/red-pen-ios/red-pen-ios/ios/build/Build/Products/Release-iphoneos/LocalLLMClientMacros.o

SwiftDriver LocalLLMClient normal arm64 com.apple.xcode.tools.swift.compiler (in target 'LocalLLMClient' from project 'LocalLLMClient')
    cd /Users/runner/work/red-pen-ios/red-pen-ios/ios/RedPen.xcodeproj
    builtin-SwiftDriver -- /Applications/Xcode_26.6.app/Contents/Developer/Toolchains/XcodeDefault.xctoolchain/usr/bin/swiftc -module-name LocalLLMClient -O -whole-module-optimization @/Users/runner/work/red-pen-ios/red-pen-ios/ios/build/Build/Intermediates.noindex/LocalLLMClient.build/Release-iphoneos/LocalLLMClient.build/Objects-normal/arm64/LocalLLMClient.SwiftFileList -DSWIFT_PACKAGE -DSWIFT_MODULE_RESOURCE_BUNDLE_UNAVAILABLE -DXcode -plugin-path /Applications/Xcode_26.6.app/Contents/Developer/Toolchains/XcodeDefault.xctoolchain/usr/lib/swift/host/plugins/testing -enable-experimental-feature DebugDescriptionMacro -sdk /Applications/Xcode_26.6.app/Contents/Developer/Platforms/iPhoneOS.platform/Developer/SDKs/iPhoneOS26.5.sdk -target arm64-apple-ios17.0 -g -module-cache-path /Users/runner/work/red-pen-ios/red-pen-ios/ios/build/ModuleCache.noindex -Xfrontend -serialize-debugging-options -suppress-warnings -swift-version 6 -I /Users/runner/work/red-pen-ios/red-pen-ios/ios/build/Build/Products/Release-iphoneos -Isystem /Applications/Xcode_26.6.app/Contents/Developer/Platforms/iPhoneOS.platform/Developer/usr/lib -F /Users/runner/work/red-pen-ios/red-pen-ios/ios/build/Build/Products/Release-iphoneos/PackageFrameworks -F /Users/runner/work/red-pen-ios/red-pen-ios/ios/build/Build/Products/Release-iphoneos/PackageFrameworks -F /Users/runner/work/red-pen-ios/red-pen-ios/ios/build/Build/Products/Release-iphoneos/PackageFrameworks -F /Users/runner/work/red-pen-ios/red-pen-ios/ios/build/Build/Products/Release-iphoneos/PackageFrameworks -F /Users/runner/work/red-pen-ios/red-pen-ios/ios/build/Build/Products/Release-iphoneos/PackageFrameworks -F /Users/runner/work/red-pen-ios/red-pen-ios/ios/build/Build/Products/Release-iphoneos/PackageFrameworks -F /Users/runner/work/red-pen-ios/red-pen-ios/ios/build/Build/Products/Release-iphoneos -F /Applications/Xcode_26.6.app/Contents/Developer/Platforms/iPhoneOS.platform/Developer/Library/Frameworks -F /Applications/Xcode_26.6.app/Contents/Developer/Platforms/iPhoneOS.platform/Developer/SDKs/iPhoneOS26.5.sdk/Developer/Library/Frameworks -Xfrontend -load-plugin-executable -Xfrontend /Users/runner/work/red-pen-ios/red-pen-ios/ios/build/Build/Products/Release/LocalLLMClientMacrosPlugin\#LocalLLMClientMacrosPlugin -parse-as-library -c -num-threads 3 -Xcc -ivfsstatcache -Xcc /Users/runner/work/red-pen-ios/red-pen-ios/ios/build/SDKStatCaches.noindex/iphoneos26.5-23F81a-688ef53f1462e2c8f657fdc38a81448fee66e23052a0157c865c76b268046726.sdkstatcache -output-file-map /Users/runner/work/red-pen-ios/red-pen-ios/ios/build/Build/Intermediates.noindex/LocalLLMClient.build/Release-iphoneos/LocalLLMClient.build/Objects-normal/arm64/LocalLLMClient-OutputFileMap.json -use-frontend-parseable-output -save-temps -no-color-diagnostics -serialize-diagnostics -emit-dependencies -emit-module -emit-module-path /Users/runner/work/red-pen-ios/red-pen-ios/ios/build/Build/Intermediates.noindex/LocalLLMClient.build/Release-iphoneos/LocalLLMClient.build/Objects-normal/arm64/LocalLLMClient.swiftmodule -validate-clang-modules-once -clang-build-session-file /Users/runner/work/red-pen-ios/red-pen-ios/ios/build/ModuleCache.noindex/Session.modulevalidation -package-name localllmclient -Xcc -I/Users/runner/work/red-pen-ios/red-pen-ios/ios/build/Build/Intermediates.noindex/LocalLLMClient.build/Release-iphoneos/LocalLLMClient.build/swift-overrides.hmap -emit-const-values -Xfrontend -const-gather-protocols-file -Xfrontend /Users/runner/work/red-pen-ios/red-pen-ios/ios/build/Build/Intermediates.noindex/LocalLLMClient.build/Release-iphoneos/LocalLLMClient.build/Objects-normal/arm64/LocalLLMClient_const_extract_protocols.json -Xcc -I/Users/runner/work/red-pen-ios/red-pen-ios/ios/build/Build/Products/Release-iphoneos/include -Xcc -I/Users/runner/work/red-pen-ios/red-pen-ios/ios/build/Build/Intermediates.noindex/LocalLLMClient.build/Release-iphoneos/LocalLLMClient.build/DerivedSources-normal/arm64 -Xcc -I/Users/runner/work/red-pen-ios/red-pen-ios/ios/build/Build/Intermediates.noindex/LocalLLMClient.build/Release-iphoneos/LocalLLMClient.build/DerivedSources/arm64 -Xcc -I/Users/runner/work/red-pen-ios/red-pen-ios/ios/build/Build/Intermediates.noindex/LocalLLMClient.build/Release-iphoneos/LocalLLMClient.build/DerivedSources -Xcc -DSWIFT_PACKAGE -emit-objc-header -emit-objc-header-path /Users/runner/work/red-pen-ios/red-pen-ios/ios/build/Build/Intermediates.noindex/LocalLLMClient.build/Release-iphoneos/LocalLLMClient.build/Objects-normal/arm64/LocalLLMClient-Swift.h -working-directory /Users/runner/work/red-pen-ios/red-pen-ios/ios/RedPen.xcodeproj -no-emit-module-separately-wmo

SwiftCompile normal arm64 Compiling\ LocalLLMClient.swift /Users/runner/work/red-pen-ios/red-pen-ios/ios/build/SourcePackages/checkouts/LocalLLMClient/Sources/LocalLLMClient/LocalLLMClient.swift (in target 'LocalLLMClient' from project 'LocalLLMClient')

SwiftCompile normal arm64 /Users/runner/work/red-pen-ios/red-pen-ios/ios/build/SourcePackages/checkouts/LocalLLMClient/Sources/LocalLLMClient/LocalLLMClient.swift (in target 'LocalLLMClient' from project 'LocalLLMClient')
    cd /Users/runner/work/red-pen-ios/red-pen-ios/ios/RedPen.xcodeproj
    

SwiftDriver\ Compilation LocalLLMClient normal arm64 com.apple.xcode.tools.swift.compiler (in target 'LocalLLMClient' from project 'LocalLLMClient')
    cd /Users/runner/work/red-pen-ios/red-pen-ios/ios/RedPen.xcodeproj
    builtin-Swift-Compilation -- /Applications/Xcode_26.6.app/Contents/Developer/Toolchains/XcodeDefault.xctoolchain/usr/bin/swiftc -module-name LocalLLMClient -O -whole-module-optimization @/Users/runner/work/red-pen-ios/red-pen-ios/ios/build/Build/Intermediates.noindex/LocalLLMClient.build/Release-iphoneos/LocalLLMClient.build/Objects-normal/arm64/LocalLLMClient.SwiftFileList -DSWIFT_PACKAGE -DSWIFT_MODULE_RESOURCE_BUNDLE_UNAVAILABLE -DXcode -plugin-path /Applications/Xcode_26.6.app/Contents/Developer/Toolchains/XcodeDefault.xctoolchain/usr/lib/swift/host/plugins/testing -enable-experimental-feature DebugDescriptionMacro -sdk /Applications/Xcode_26.6.app/Contents/Developer/Platforms/iPhoneOS.platform/Developer/SDKs/iPhoneOS26.5.sdk -target arm64-apple-ios17.0 -g -module-cache-path /Users/runner/work/red-pen-ios/red-pen-ios/ios/build/ModuleCache.noindex -Xfrontend -serialize-debugging-options -suppress-warnings -swift-version 6 -I /Users/runner/work/red-pen-ios/red-pen-ios/ios/build/Build/Products/Release-iphoneos -Isystem /Applications/Xcode_26.6.app/Contents/Developer/Platforms/iPhoneOS.platform/Developer/usr/lib -F /Users/runner/work/red-pen-ios/red-pen-ios/ios/build/Build/Products/Release-iphoneos/PackageFrameworks -F /Users/runner/work/red-pen-ios/red-pen-ios/ios/build/Build/Products/Release-iphoneos/PackageFrameworks -F /Users/runner/work/red-pen-ios/red-pen-ios/ios/build/Build/Products/Release-iphoneos/PackageFrameworks -F /Users/runner/work/red-pen-ios/red-pen-ios/ios/build/Build/Products/Release-iphoneos/PackageFrameworks -F /Users/runner/work/red-pen-ios/red-pen-ios/ios/build/Build/Products/Release-iphoneos/PackageFrameworks -F /Users/runner/work/red-pen-ios/red-pen-ios/ios/build/Build/Products/Release-iphoneos/PackageFrameworks -F /Users/runner/work/red-pen-ios/red-pen-ios/ios/build/Build/Products/Release-iphoneos -F /Applications/Xcode_26.6.app/Contents/Developer/Platforms/iPhoneOS.platform/Developer/Library/Frameworks -F /Applications/Xcode_26.6.app/Contents/Developer/Platforms/iPhoneOS.platform/Developer/SDKs/iPhoneOS26.5.sdk/Developer/Library/Frameworks -Xfrontend -load-plugin-executable -Xfrontend /Users/runner/work/red-pen-ios/red-pen-ios/ios/build/Build/Products/Release/LocalLLMClientMacrosPlugin\#LocalLLMClientMacrosPlugin -parse-as-library -c -num-threads 3 -Xcc -ivfsstatcache -Xcc /Users/runner/work/red-pen-ios/red-pen-ios/ios/build/SDKStatCaches.noindex/iphoneos26.5-23F81a-688ef53f1462e2c8f657fdc38a81448fee66e23052a0157c865c76b268046726.sdkstatcache -output-file-map /Users/runner/work/red-pen-ios/red-pen-ios/ios/build/Build/Intermediates.noindex/LocalLLMClient.build/Release-iphoneos/LocalLLMClient.build/Objects-normal/arm64/LocalLLMClient-OutputFileMap.json -use-frontend-parseable-output -save-temps -no-color-diagnostics -serialize-diagnostics -emit-dependencies -emit-module -emit-module-path /Users/runner/work/red-pen-ios/red-pen-ios/ios/build/Build/Intermediates.noindex/LocalLLMClient.build/Release-iphoneos/LocalLLMClient.build/Objects-normal/arm64/LocalLLMClient.swiftmodule -validate-clang-modules-once -clang-build-session-file /Users/runner/work/red-pen-ios/red-pen-ios/ios/build/ModuleCache.noindex/Session.modulevalidation -package-name localllmclient -Xcc -I/Users/runner/work/red-pen-ios/red-pen-ios/ios/build/Build/Intermediates.noindex/LocalLLMClient.build/Release-iphoneos/LocalLLMClient.build/swift-overrides.hmap -emit-const-values -Xfrontend -const-gather-protocols-file -Xfrontend /Users/runner/work/red-pen-ios/red-pen-ios/ios/build/Build/Intermediates.noindex/LocalLLMClient.build/Release-iphoneos/LocalLLMClient.build/Objects-normal/arm64/LocalLLMClient_const_extract_protocols.json -Xcc -I/Users/runner/work/red-pen-ios/red-pen-ios/ios/build/Build/Products/Release-iphoneos/include -Xcc -I/Users/runner/work/red-pen-ios/red-pen-ios/ios/build/Build/Intermediates.noindex/LocalLLMClient.build/Release-iphoneos/LocalLLMClient.build/DerivedSources-normal/arm64 -Xcc -I/Users/runner/work/red-pen-ios/red-pen-ios/ios/build/Build/Intermediates.noindex/LocalLLMClient.build/Release-iphoneos/LocalLLMClient.build/DerivedSources/arm64 -Xcc -I/Users/runner/work/red-pen-ios/red-pen-ios/ios/build/Build/Intermediates.noindex/LocalLLMClient.build/Release-iphoneos/LocalLLMClient.build/DerivedSources -Xcc -DSWIFT_PACKAGE -emit-objc-header -emit-objc-header-path /Users/runner/work/red-pen-ios/red-pen-ios/ios/build/Build/Intermediates.noindex/LocalLLMClient.build/Release-iphoneos/LocalLLMClient.build/Objects-normal/arm64/LocalLLMClient-Swift.h -working-directory /Users/runner/work/red-pen-ios/red-pen-ios/ios/RedPen.xcodeproj -no-emit-module-separately-wmo

ExtractAppIntentsMetadata (in target 'LocalLLMClientMacros' from project 'LocalLLMClient')
    cd /Users/runner/work/red-pen-ios/red-pen-ios/ios/build/SourcePackages/checkouts/LocalLLMClient
    /Applications/Xcode_26.6.app/Contents/Developer/Toolchains/XcodeDefault.xctoolchain/usr/bin/appintentsmetadataprocessor --toolchain-dir /var/run/com.apple.security.cryptexd/mnt/com.apple.MobileAsset.MetalToolchain-v17.6.109.0.u2e75G/Metal.xctoolchain --module-name LocalLLMClientMacros --sdk-root /Applications/Xcode_26.6.app/Contents/Developer/Platforms/iPhoneOS.platform/Developer/SDKs/iPhoneOS26.5.sdk --xcode-version 17F113 --platform-family iOS --deployment-target 17.0 --bundle-identifier localllmclient.LocalLLMClientMacros --output /Users/runner/work/red-pen-ios/red-pen-ios/ios/build/Build/Products/Release-iphoneos/LocalLLMClientMacros.appintents --target-triple arm64-apple-ios17.0 --binary-file /Users/runner/work/red-pen-ios/red-pen-ios/ios/build/Build/Products/Release-iphoneos/LocalLLMClientMacros.o --dependency-file /Users/runner/work/red-pen-ios/red-pen-ios/ios/build/Build/Intermediates.noindex/LocalLLMClient.build/Release-iphoneos/LocalLLMClientMacros.build/Objects-normal/arm64/LocalLLMClientMacros_dependency_info.dat --stringsdata-file /Users/runner/work/red-pen-ios/red-pen-ios/ios/build/Build/Intermediates.noindex/LocalLLMClient.build/Release-iphoneos/LocalLLMClientMacros.build/Objects-normal/arm64/ExtractedAppShortcutsMetadata.stringsdata --source-file-list /Users/runner/work/red-pen-ios/red-pen-ios/ios/build/Build/Intermediates.noindex/LocalLLMClient.build/Release-iphoneos/LocalLLMClientMacros.build/Objects-normal/arm64/LocalLLMClientMacros.SwiftFileList --metadata-file-list /Users/runner/work/red-pen-ios/red-pen-ios/ios/build/Build/Intermediates.noindex/LocalLLMClient.build/Release-iphoneos/LocalLLMClientMacros.build/LocalLLMClientMacros.DependencyMetadataFileList --static-metadata-file-list /Users/runner/work/red-pen-ios/red-pen-ios/ios/build/Build/Intermediates.noindex/LocalLLMClient.build/Release-iphoneos/LocalLLMClientMacros.build/LocalLLMClientMacros.DependencyStaticMetadataFileList --swift-const-vals-list /Users/runner/work/red-pen-ios/red-pen-ios/ios/build/Build/Intermediates.noindex/LocalLLMClient.build/Release-iphoneos/LocalLLMClientMacros.build/Objects-normal/arm64/LocalLLMClientMacros.SwiftConstValuesFileList --force --compile-time-extraction --deployment-aware-processing --validate-assistant-intents --no-app-shortcuts-localization
2026-09-23 12:35:51.098 appintentsmetadataprocessor[7437:24868] Starting appintentsmetadataprocessor export
2026-09-23 12:35:51.116 appintentsmetadataprocessor[7437:24868] Extracted no relevant App Intents symbols, skipping writing output

RegisterExecutionPolicyException /Users/runner/work/red-pen-ios/red-pen-ios/ios/build/Build/Products/Release-iphoneos/LocalLLMClientMacros.o (in target 'LocalLLMClientMacros' from project 'LocalLLMClient')
    cd /Users/runner/work/red-pen-ios/red-pen-ios/ios/build/SourcePackages/checkouts/LocalLLMClient
    builtin-RegisterExecutionPolicyException /Users/runner/work/red-pen-ios/red-pen-ios/ios/build/Build/Products/Release-iphoneos/LocalLLMClientMacros.o

SwiftDriverJobDiscovery normal arm64 Compiling LocalLLMClient.swift (in target 'LocalLLMClient' from project 'LocalLLMClient')

SwiftDriver\ Compilation\ Requirements LocalLLMClient normal arm64 com.apple.xcode.tools.swift.compiler (in target 'LocalLLMClient' from project 'LocalLLMClient')
    cd /Users/runner/work/red-pen-ios/red-pen-ios/ios/RedPen.xcodeproj
    builtin-Swift-Compilation-Requirements -- /Applications/Xcode_26.6.app/Contents/Developer/Toolchains/XcodeDefault.xctoolchain/usr/bin/swiftc -module-name LocalLLMClient -O -whole-module-optimization @/Users/runner/work/red-pen-ios/red-pen-ios/ios/build/Build/Intermediates.noindex/LocalLLMClient.build/Release-iphoneos/LocalLLMClient.build/Objects-normal/arm64/LocalLLMClient.SwiftFileList -DSWIFT_PACKAGE -DSWIFT_MODULE_RESOURCE_BUNDLE_UNAVAILABLE -DXcode -plugin-path /Applications/Xcode_26.6.app/Contents/Developer/Toolchains/XcodeDefault.xctoolchain/usr/lib/swift/host/plugins/testing -enable-experimental-feature DebugDescriptionMacro -sdk /Applications/Xcode_26.6.app/Contents/Developer/Platforms/iPhoneOS.platform/Developer/SDKs/iPhoneOS26.5.sdk -target arm64-apple-ios17.0 -g -module-cache-path /Users/runner/work/red-pen-ios/red-pen-ios/ios/build/ModuleCache.noindex -Xfrontend -serialize-debugging-options -suppress-warnings -swift-version 6 -I /Users/runner/work/red-pen-ios/red-pen-ios/ios/build/Build/Products/Release-iphoneos -Isystem /Applications/Xcode_26.6.app/Contents/Developer/Platforms/iPhoneOS.platform/Developer/usr/lib -F /Users/runner/work/red-pen-ios/red-pen-ios/ios/build/Build/Products/Release-iphoneos/PackageFrameworks -F /Users/runner/work/red-pen-ios/red-pen-ios/ios/build/Build/Products/Release-iphoneos/PackageFrameworks -F /Users/runner/work/red-pen-ios/red-pen-ios/ios/build/Build/Products/Release-iphoneos/PackageFrameworks -F /Users/runner/work/red-pen-ios/red-pen-ios/ios/build/Build/Products/Release-iphoneos/PackageFrameworks -F /Users/runner/work/red-pen-ios/red-pen-ios/ios/build/Build/Products/Release-iphoneos/PackageFrameworks -F /Users/runner/work/red-pen-ios/red-pen-ios/ios/build/Build/Products/Release-iphoneos/PackageFrameworks -F /Users/runner/work/red-pen-ios/red-pen-ios/ios/build/Build/Products/Release-iphoneos -F /Applications/Xcode_26.6.app/Contents/Developer/Platforms/iPhoneOS.platform/Developer/Library/Frameworks -F /Applications/Xcode_26.6.app/Contents/Developer/Platforms/iPhoneOS.platform/Developer/SDKs/iPhoneOS26.5.sdk/Developer/Library/Frameworks -Xfrontend -load-plugin-executable -Xfrontend /Users/runner/work/red-pen-ios/red-pen-ios/ios/build/Build/Products/Release/LocalLLMClientMacrosPlugin\#LocalLLMClientMacrosPlugin -parse-as-library -c -num-threads 3 -Xcc -ivfsstatcache -Xcc /Users/runner/work/red-pen-ios/red-pen-ios/ios/build/SDKStatCaches.noindex/iphoneos26.5-23F81a-688ef53f1462e2c8f657fdc38a81448fee66e23052a0157c865c76b268046726.sdkstatcache -output-file-map /Users/runner/work/red-pen-ios/red-pen-ios/ios/build/Build/Intermediates.noindex/LocalLLMClient.build/Release-iphoneos/LocalLLMClient.build/Objects-normal/arm64/LocalLLMClient-OutputFileMap.json -use-frontend-parseable-output -save-temps -no-color-diagnostics -serialize-diagnostics -emit-dependencies -emit-module -emit-module-path /Users/runner/work/red-pen-ios/red-pen-ios/ios/build/Build/Intermediates.noindex/LocalLLMClient.build/Release-iphoneos/LocalLLMClient.build/Objects-normal/arm64/LocalLLMClient.swiftmodule -validate-clang-modules-once -clang-build-session-file /Users/runner/work/red-pen-ios/red-pen-ios/ios/build/ModuleCache.noindex/Session.modulevalidation -package-name localllmclient -Xcc -I/Users/runner/work/red-pen-ios/red-pen-ios/ios/build/Build/Intermediates.noindex/LocalLLMClient.build/Release-iphoneos/LocalLLMClient.build/swift-overrides.hmap -emit-const-values -Xfrontend -const-gather-protocols-file -Xfrontend /Users/runner/work/red-pen-ios/red-pen-ios/ios/build/Build/Intermediates.noindex/LocalLLMClient.build/Release-iphoneos/LocalLLMClient.build/Objects-normal/arm64/LocalLLMClient_const_extract_protocols.json -Xcc -I/Users/runner/work/red-pen-ios/red-pen-ios/ios/build/Build/Products/Release-iphoneos/include -Xcc -I/Users/runner/work/red-pen-ios/red-pen-ios/ios/build/Build/Intermediates.noindex/LocalLLMClient.build/Release-iphoneos/LocalLLMClient.build/DerivedSources-normal/arm64 -Xcc -I/Users/runner/work/red-pen-ios/red-pen-ios/ios/build/Build/Intermediates.noindex/LocalLLMClient.build/Release-iphoneos/LocalLLMClient.build/DerivedSources/arm64 -Xcc -I/Users/runner/work/red-pen-ios/red-pen-ios/ios/build/Build/Intermediates.noindex/LocalLLMClient.build/Release-iphoneos/LocalLLMClient.build/DerivedSources -Xcc -DSWIFT_PACKAGE -emit-objc-header -emit-objc-header-path /Users/runner/work/red-pen-ios/red-pen-ios/ios/build/Build/Intermediates.noindex/LocalLLMClient.build/Release-iphoneos/LocalLLMClient.build/Objects-normal/arm64/LocalLLMClient-Swift.h -working-directory /Users/runner/work/red-pen-ios/red-pen-ios/ios/RedPen.xcodeproj -no-emit-module-separately-wmo

SwiftMergeGeneratedHeaders /Users/runner/work/red-pen-ios/red-pen-ios/ios/build/Build/Intermediates.noindex/GeneratedModuleMaps-iphoneos/LocalLLMClient-Swift.h /Users/runner/work/red-pen-ios/red-pen-ios/ios/build/Build/Intermediates.noindex/LocalLLMClient.build/Release-iphoneos/LocalLLMClient.build/Objects-normal/arm64/LocalLLMClient-Swift.h (in target 'LocalLLMClient' from project 'LocalLLMClient')
    cd /Users/runner/work/red-pen-ios/red-pen-ios/ios/build/SourcePackages/checkouts/LocalLLMClient
    builtin-swiftHeaderTool -arch arm64 /Users/runner/work/red-pen-ios/red-pen-ios/ios/build/Build/Intermediates.noindex/LocalLLMClient.build/Release-iphoneos/LocalLLMClient.build/Objects-normal/arm64/LocalLLMClient-Swift.h -o /Users/runner/work/red-pen-ios/red-pen-ios/ios/build/Build/Intermediates.noindex/GeneratedModuleMaps-iphoneos/LocalLLMClient-Swift.h

Copy /Users/runner/work/red-pen-ios/red-pen-ios/ios/build/Build/Products/Release-iphoneos/LocalLLMClient.swiftmodule/arm64-apple-ios.swiftmodule /Users/runner/work/red-pen-ios/red-pen-ios/ios/build/Build/Intermediates.noindex/LocalLLMClient.build/Release-iphoneos/LocalLLMClient.build/Objects-normal/arm64/LocalLLMClient.swiftmodule (in target 'LocalLLMClient' from project 'LocalLLMClient')
    cd /Users/runner/work/red-pen-ios/red-pen-ios/ios/build/SourcePackages/checkouts/LocalLLMClient
    builtin-copy -exclude .DS_Store -exclude CVS -exclude .svn -exclude .git -exclude .hg -strip-unsigned-binaries -strip-deterministic -strip-tool /Applications/Xcode_26.6.app/Contents/Developer/Toolchains/XcodeDefault.xctoolchain/usr/bin/strip -resolve-src-symlinks -rename /Users/runner/work/red-pen-ios/red-pen-ios/ios/build/Build/Intermediates.noindex/LocalLLMClient.build/Release-iphoneos/LocalLLMClient.build/Objects-normal/arm64/LocalLLMClient.swiftmodule /Users/runner/work/red-pen-ios/red-pen-ios/ios/build/Build/Products/Release-iphoneos/LocalLLMClient.swiftmodule/arm64-apple-ios.swiftmodule

Copy /Users/runner/work/red-pen-ios/red-pen-ios/ios/build/Build/Products/Release-iphoneos/LocalLLMClient.swiftmodule/arm64-apple-ios.swiftdoc /Users/runner/work/red-pen-ios/red-pen-ios/ios/build/Build/Intermediates.noindex/LocalLLMClient.build/Release-iphoneos/LocalLLMClient.build/Objects-normal/arm64/LocalLLMClient.swiftdoc (in target 'LocalLLMClient' from project 'LocalLLMClient')
    cd /Users/runner/work/red-pen-ios/red-pen-ios/ios/build/SourcePackages/checkouts/LocalLLMClient
    builtin-copy -exclude .DS_Store -exclude CVS -exclude .svn -exclude .git -exclude .hg -strip-unsigned-binaries -strip-deterministic -strip-tool /Applications/Xcode_26.6.app/Contents/Developer/Toolchains/XcodeDefault.xctoolchain/usr/bin/strip -resolve-src-symlinks -rename /Users/runner/work/red-pen-ios/red-pen-ios/ios/build/Build/Intermediates.noindex/LocalLLMClient.build/Release-iphoneos/LocalLLMClient.build/Objects-normal/arm64/LocalLLMClient.swiftdoc /Users/runner/work/red-pen-ios/red-pen-ios/ios/build/Build/Products/Release-iphoneos/LocalLLMClient.swiftmodule/arm64-apple-ios.swiftdoc

Copy /Users/runner/work/red-pen-ios/red-pen-ios/ios/build/Build/Products/Release-iphoneos/LocalLLMClient.swiftmodule/arm64-apple-ios.abi.json /Users/runner/work/red-pen-ios/red-pen-ios/ios/build/Build/Intermediates.noindex/LocalLLMClient.build/Release-iphoneos/LocalLLMClient.build/Objects-normal/arm64/LocalLLMClient.abi.json (in target 'LocalLLMClient' from project 'LocalLLMClient')
    cd /Users/runner/work/red-pen-ios/red-pen-ios/ios/build/SourcePackages/checkouts/LocalLLMClient
    builtin-copy -exclude .DS_Store -exclude CVS -exclude .svn -exclude .git -exclude .hg -strip-unsigned-binaries -strip-deterministic -strip-tool /Applications/Xcode_26.6.app/Contents/Developer/Toolchains/XcodeDefault.xctoolchain/usr/bin/strip -resolve-src-symlinks -rename /Users/runner/work/red-pen-ios/red-pen-ios/ios/build/Build/Intermediates.noindex/LocalLLMClient.build/Release-iphoneos/LocalLLMClient.build/Objects-normal/arm64/LocalLLMClient.abi.json /Users/runner/work/red-pen-ios/red-pen-ios/ios/build/Build/Products/Release-iphoneos/LocalLLMClient.swiftmodule/arm64-apple-ios.abi.json

Copy /Users/runner/work/red-pen-ios/red-pen-ios/ios/build/Build/Products/Release-iphoneos/LocalLLMClient.swiftmodule/Project/arm64-apple-ios.swiftsourceinfo /Users/runner/work/red-pen-ios/red-pen-ios/ios/build/Build/Intermediates.noindex/LocalLLMClient.build/Release-iphoneos/LocalLLMClient.build/Objects-normal/arm64/LocalLLMClient.swiftsourceinfo (in target 'LocalLLMClient' from project 'LocalLLMClient')
    cd /Users/runner/work/red-pen-ios/red-pen-ios/ios/build/SourcePackages/checkouts/LocalLLMClient
    builtin-copy -exclude .DS_Store -exclude CVS -exclude .svn -exclude .git -exclude .hg -strip-unsigned-binaries -strip-deterministic -strip-tool /Applications/Xcode_26.6.app/Contents/Developer/Toolchains/XcodeDefault.xctoolchain/usr/bin/strip -resolve-src-symlinks -rename /Users/runner/work/red-pen-ios/red-pen-ios/ios/build/Build/Intermediates.noindex/LocalLLMClient.build/Release-iphoneos/LocalLLMClient.build/Objects-normal/arm64/LocalLLMClient.swiftsourceinfo /Users/runner/work/red-pen-ios/red-pen-ios/ios/build/Build/Products/Release-iphoneos/LocalLLMClient.swiftmodule/Project/arm64-apple-ios.swiftsourceinfo

Ld /Users/runner/work/red-pen-ios/red-pen-ios/ios/build/Build/Products/Release-iphoneos/LocalLLMClient.o normal (in target 'LocalLLMClient' from project 'LocalLLMClient')
    cd /Users/runner/work/red-pen-ios/red-pen-ios/ios/build/SourcePackages/checkouts/LocalLLMClient
    /Applications/Xcode_26.6.app/Contents/Developer/Toolchains/XcodeDefault.xctoolchain/usr/bin/clang -Xlinker -reproducible -target arm64-apple-ios17.0 -r -isysroot /Applications/Xcode_26.6.app/Contents/Developer/Platforms/iPhoneOS.platform/Developer/SDKs/iPhoneOS26.5.sdk -Os -w -F/Users/runner/work/red-pen-ios/red-pen-ios/ios/build/Build/Intermediates.noindex/EagerLinkingTBDs/Release-iphoneos -F/Users/runner/work/red-pen-ios/red-pen-ios/ios/build/Build/Products/Release-iphoneos/PackageFrameworks -F/Users/runner/work/red-pen-ios/red-pen-ios/ios/build/Build/Products/Release-iphoneos/PackageFrameworks -F/Users/runner/work/red-pen-ios/red-pen-ios/ios/build/Build/Products/Release-iphoneos/PackageFrameworks -F/Users/runner/work/red-pen-ios/red-pen-ios/ios/build/Build/Products/Release-iphoneos/PackageFrameworks -F/Users/runner/work/red-pen-ios/red-pen-ios/ios/build/Build/Products/Release-iphoneos/PackageFrameworks -F/Users/runner/work/red-pen-ios/red-pen-ios/ios/build/Build/Products/Release-iphoneos/PackageFrameworks -F/Users/runner/work/red-pen-ios/red-pen-ios/ios/build/Build/Products/Release-iphoneos -iframework /Applications/Xcode_26.6.app/Contents/Developer/Platforms/iPhoneOS.platform/Developer/Library/Frameworks -iframework /Applications/Xcode_26.6.app/Contents/Developer/Platforms/iPhoneOS.platform/Developer/SDKs/iPhoneOS26.5.sdk/Developer/Library/Frameworks -filelist /Users/runner/work/red-pen-ios/red-pen-ios/ios/build/Build/Intermediates.noindex/LocalLLMClient.build/Release-iphoneos/LocalLLMClient.build/Objects-normal/arm64/LocalLLMClient.LinkFileList -nostdlib -Xlinker -object_path_lto -Xlinker /Users/runner/work/red-pen-ios/red-pen-ios/ios/build/Build/Intermediates.noindex/LocalLLMClient.build/Release-iphoneos/LocalLLMClient.build/Objects-normal/arm64/LocalLLMClient_lto.o -Xlinker -dependency_info -Xlinker /Users/runner/work/red-pen-ios/red-pen-ios/ios/build/Build/Intermediates.noindex/LocalLLMClient.build/Release-iphoneos/LocalLLMClient.build/Objects-normal/arm64/LocalLLMClient_dependency_info.dat -fobjc-link-runtime -L/Applications/Xcode_26.6.app/Contents/Developer/Toolchains/XcodeDefault.xctoolchain/usr/lib/swift/iphoneos -L/usr/lib/swift -Xlinker -add_ast_path -Xlinker /Users/runner/work/red-pen-ios/red-pen-ios/ios/build/Build/Intermediates.noindex/LocalLLMClient.build/Release-iphoneos/LocalLLMClient.build/Objects-normal/arm64/LocalLLMClient.swiftmodule -o /Users/runner/work/red-pen-ios/red-pen-ios/ios/build/Build/Products/Release-iphoneos/LocalLLMClient.o

ExtractAppIntentsMetadata (in target 'LocalLLMClient' from project 'LocalLLMClient')
    cd /Users/runner/work/red-pen-ios/red-pen-ios/ios/build/SourcePackages/checkouts/LocalLLMClient
    /Applications/Xcode_26.6.app/Contents/Developer/Toolchains/XcodeDefault.xctoolchain/usr/bin/appintentsmetadataprocessor --toolchain-dir /var/run/com.apple.security.cryptexd/mnt/com.apple.MobileAsset.MetalToolchain-v17.6.109.0.u2e75G/Metal.xctoolchain --module-name LocalLLMClient --sdk-root /Applications/Xcode_26.6.app/Contents/Developer/Platforms/iPhoneOS.platform/Developer/SDKs/iPhoneOS26.5.sdk --xcode-version 17F113 --platform-family iOS --deployment-target 17.0 --bundle-identifier localllmclient.LocalLLMClient --output /Users/runner/work/red-pen-ios/red-pen-ios/ios/build/Build/Products/Release-iphoneos/LocalLLMClient.appintents --target-triple arm64-apple-ios17.0 --binary-file /Users/runner/work/red-pen-ios/red-pen-ios/ios/build/Build/Products/Release-iphoneos/LocalLLMClient.o --dependency-file /Users/runner/work/red-pen-ios/red-pen-ios/ios/build/Build/Intermediates.noindex/LocalLLMClient.build/Release-iphoneos/LocalLLMClient.build/Objects-normal/arm64/LocalLLMClient_dependency_info.dat --stringsdata-file /Users/runner/work/red-pen-ios/red-pen-ios/ios/build/Build/Intermediates.noindex/LocalLLMClient.build/Release-iphoneos/LocalLLMClient.build/Objects-normal/arm64/ExtractedAppShortcutsMetadata.stringsdata --source-file-list /Users/runner/work/red-pen-ios/red-pen-ios/ios/build/Build/Intermediates.noindex/LocalLLMClient.build/Release-iphoneos/LocalLLMClient.build/Objects-normal/arm64/LocalLLMClient.SwiftFileList --metadata-file-list /Users/runner/work/red-pen-ios/red-pen-ios/ios/build/Build/Intermediates.noindex/LocalLLMClient.build/Release-iphoneos/LocalLLMClient.build/LocalLLMClient.DependencyMetadataFileList --static-metadata-file-list /Users/runner/work/red-pen-ios/red-pen-ios/ios/build/Build/Intermediates.noindex/LocalLLMClient.build/Release-iphoneos/LocalLLMClient.build/LocalLLMClient.DependencyStaticMetadataFileList --swift-const-vals-list /Users/runner/work/red-pen-ios/red-pen-ios/ios/build/Build/Intermediates.noindex/LocalLLMClient.build/Release-iphoneos/LocalLLMClient.build/Objects-normal/arm64/LocalLLMClient.SwiftConstValuesFileList --force --compile-time-extraction --deployment-aware-processing --validate-assistant-intents --no-app-shortcuts-localization
2026-09-23 12:35:51.353 appintentsmetadataprocessor[7485:24981] Starting appintentsmetadataprocessor export
2026-09-23 12:35:51.369 appintentsmetadataprocessor[7485:24981] Extracted no relevant App Intents symbols, skipping writing output

RegisterExecutionPolicyException /Users/runner/work/red-pen-ios/red-pen-ios/ios/build/Build/Products/Release-iphoneos/LocalLLMClient.o (in target 'LocalLLMClient' from project 'LocalLLMClient')
    cd /Users/runner/work/red-pen-ios/red-pen-ios/ios/build/SourcePackages/checkouts/LocalLLMClient
    builtin-RegisterExecutionPolicyException /Users/runner/work/red-pen-ios/red-pen-ios/ios/build/Build/Products/Release-iphoneos/LocalLLMClient.o

SwiftDriverJobDiscovery normal arm64 Compiling resource_bundle_accessor.swift, Batch.swift, Context.swift, Decoder.swift, Generator.swift, LLMSession+Llama.swift, LlamaClient.swift, LlamaToolCallParser.swift, Logger.swift, ChatTemplateRenderer.swift, LlamaSpecificDecoder.swift, MessageChunk.swift, MessageProcessor.swift, MessageTransformer.swift, MultimodalChunkExtractor.swift, ToolInstructionProcessor.swift, Model.swift, Multimodal.swift, Parameter.swift, Sampler.swift, Token.swift, ToolExecution.swift, Utility.swift, stb_image.swift (in target 'LocalLLMClientLlama' from project 'LocalLLMClient')

SwiftDriver\ Compilation\ Requirements LocalLLMClientLlama normal arm64 com.apple.xcode.tools.swift.compiler (in target 'LocalLLMClientLlama' from project 'LocalLLMClient')
    cd /Users/runner/work/red-pen-ios/red-pen-ios/ios/RedPen.xcodeproj
    builtin-Swift-Compilation-Requirements -- /Applications/Xcode_26.6.app/Contents/Developer/Toolchains/XcodeDefault.xctoolchain/usr/bin/swiftc -module-name LocalLLMClientLlama -O -whole-module-optimization @/Users/runner/work/red-pen-ios/red-pen-ios/ios/build/Build/Intermediates.noindex/LocalLLMClient.build/Release-iphoneos/LocalLLMClientLlama.build/Objects-normal/arm64/LocalLLMClientLlama.SwiftFileList -DSWIFT_PACKAGE -DSWIFT_MODULE_RESOURCE_BUNDLE_AVAILABLE -DXcode -cxx-interoperability-mode\=default -Xcc -std\=c++17 -plugin-path /Applications/Xcode_26.6.app/Contents/Developer/Toolchains/XcodeDefault.xctoolchain/usr/lib/swift/host/plugins/testing -enable-experimental-feature DebugDescriptionMacro -sdk /Applications/Xcode_26.6.app/Contents/Developer/Platforms/iPhoneOS.platform/Developer/SDKs/iPhoneOS26.5.sdk -target arm64-apple-ios17.0 -g -module-cache-path /Users/runner/work/red-pen-ios/red-pen-ios/ios/build/ModuleCache.noindex -Xfrontend -serialize-debugging-options -suppress-warnings -swift-version 6 -I /Users/runner/work/red-pen-ios/red-pen-ios/ios/build/Build/Products/Release-iphoneos -Isystem /Applications/Xcode_26.6.app/Contents/Developer/Platforms/iPhoneOS.platform/Developer/usr/lib -F /Users/runner/work/red-pen-ios/red-pen-ios/ios/build/Build/Products/Release-iphoneos/PackageFrameworks -F /Users/runner/work/red-pen-ios/red-pen-ios/ios/build/Build/Products/Release-iphoneos/PackageFrameworks -F /Users/runner/work/red-pen-ios/red-pen-ios/ios/build/Build/Products/Release-iphoneos/PackageFrameworks -F /Users/runner/work/red-pen-ios/red-pen-ios/ios/build/Build/Products/Release-iphoneos/PackageFrameworks -F /Users/runner/work/red-pen-ios/red-pen-ios/ios/build/Build/Products/Release-iphoneos/PackageFrameworks -F /Users/runner/work/red-pen-ios/red-pen-ios/ios/build/Build/Products/Release-iphoneos/PackageFrameworks -F /Users/runner/work/red-pen-ios/red-pen-ios/ios/build/Build/Products/Release-iphoneos -F /Applications/Xcode_26.6.app/Contents/Developer/Platforms/iPhoneOS.platform/Developer/Library/Frameworks -F /Applications/Xcode_26.6.app/Contents/Developer/Platforms/iPhoneOS.platform/Developer/SDKs/iPhoneOS26.5.sdk/Developer/Library/Frameworks -c -num-threads 3 -Xcc -ivfsstatcache -Xcc /Users/runner/work/red-pen-ios/red-pen-ios/ios/build/SDKStatCaches.noindex/iphoneos26.5-23F81a-688ef53f1462e2c8f657fdc38a81448fee66e23052a0157c865c76b268046726.sdkstatcache -output-file-map /Users/runner/work/red-pen-ios/red-pen-ios/ios/build/Build/Intermediates.noindex/LocalLLMClient.build/Release-iphoneos/LocalLLMClientLlama.build/Objects-normal/arm64/LocalLLMClientLlama-OutputFileMap.json -use-frontend-parseable-output -save-temps -no-color-diagnostics -serialize-diagnostics -emit-dependencies -emit-module -emit-module-path /Users/runner/work/red-pen-ios/red-pen-ios/ios/build/Build/Intermediates.noindex/LocalLLMClient.build/Release-iphoneos/LocalLLMClientLlama.build/Objects-normal/arm64/LocalLLMClientLlama.swiftmodule -validate-clang-modules-once -clang-build-session-file /Users/runner/work/red-pen-ios/red-pen-ios/ios/build/ModuleCache.noindex/Session.modulevalidation -package-name localllmclient -Xcc -I/Users/runner/work/red-pen-ios/red-pen-ios/ios/build/Build/Intermediates.noindex/LocalLLMClient.build/Release-iphoneos/LocalLLMClientLlama.build/swift-overrides.hmap -emit-const-values -Xfrontend -const-gather-protocols-file -Xfrontend /Users/runner/work/red-pen-ios/red-pen-ios/ios/build/Build/Intermediates.noindex/LocalLLMClient.build/Release-iphoneos/LocalLLMClientLlama.build/Objects-normal/arm64/LocalLLMClientLlama_const_extract_protocols.json -Xcc -I/Users/runner/work/red-pen-ios/red-pen-ios/ios/build/SourcePackages/checkouts/LocalLLMClient/Sources/LocalLLMClientLlamaC/include -Xcc -I/Users/runner/work/red-pen-ios/red-pen-ios/ios/build/Build/Products/Release-iphoneos/include -Xcc -I/Users/runner/work/red-pen-ios/red-pen-ios/ios/build/Build/Intermediates.noindex/LocalLLMClient.build/Release-iphoneos/LocalLLMClientLlama.build/DerivedSources-normal/arm64 -Xcc -I/Users/runner/work/red-pen-ios/red-pen-ios/ios/build/Build/Intermediates.noindex/LocalLLMClient.build/Release-iphoneos/LocalLLMClientLlama.build/DerivedSources/arm64 -Xcc -I/Users/runner/work/red-pen-ios/red-pen-ios/ios/build/Build/Intermediates.noindex/LocalLLMClient.build/Release-iphoneos/LocalLLMClientLlama.build/DerivedSources -Xcc -DSWIFT_PACKAGE -emit-objc-header -emit-objc-header-path /Users/runner/work/red-pen-ios/red-pen-ios/ios/build/Build/Intermediates.noindex/LocalLLMClient.build/Release-iphoneos/LocalLLMClientLlama.build/Objects-normal/arm64/LocalLLMClientLlama-Swift.h -working-directory /Users/runner/work/red-pen-ios/red-pen-ios/ios/RedPen.xcodeproj -no-emit-module-separately-wmo

SwiftMergeGeneratedHeaders /Users/runner/work/red-pen-ios/red-pen-ios/ios/build/Build/Intermediates.noindex/GeneratedModuleMaps-iphoneos/LocalLLMClientLlama-Swift.h /Users/runner/work/red-pen-ios/red-pen-ios/ios/build/Build/Intermediates.noindex/LocalLLMClient.build/Release-iphoneos/LocalLLMClientLlama.build/Objects-normal/arm64/LocalLLMClientLlama-Swift.h (in target 'LocalLLMClientLlama' from project 'LocalLLMClient')
    cd /Users/runner/work/red-pen-ios/red-pen-ios/ios/build/SourcePackages/checkouts/LocalLLMClient
    builtin-swiftHeaderTool -arch arm64 /Users/runner/work/red-pen-ios/red-pen-ios/ios/build/Build/Intermediates.noindex/LocalLLMClient.build/Release-iphoneos/LocalLLMClientLlama.build/Objects-normal/arm64/LocalLLMClientLlama-Swift.h -o /Users/runner/work/red-pen-ios/red-pen-ios/ios/build/Build/Intermediates.noindex/GeneratedModuleMaps-iphoneos/LocalLLMClientLlama-Swift.h

Copy /Users/runner/work/red-pen-ios/red-pen-ios/ios/build/Build/Products/Release-iphoneos/LocalLLMClientLlama.swiftmodule/arm64-apple-ios.swiftmodule /Users/runner/work/red-pen-ios/red-pen-ios/ios/build/Build/Intermediates.noindex/LocalLLMClient.build/Release-iphoneos/LocalLLMClientLlama.build/Objects-normal/arm64/LocalLLMClientLlama.swiftmodule (in target 'LocalLLMClientLlama' from project 'LocalLLMClient')
    cd /Users/runner/work/red-pen-ios/red-pen-ios/ios/build/SourcePackages/checkouts/LocalLLMClient
    builtin-copy -exclude .DS_Store -exclude CVS -exclude .svn -exclude .git -exclude .hg -strip-unsigned-binaries -strip-deterministic -strip-tool /Applications/Xcode_26.6.app/Contents/Developer/Toolchains/XcodeDefault.xctoolchain/usr/bin/strip -resolve-src-symlinks -rename /Users/runner/work/red-pen-ios/red-pen-ios/ios/build/Build/Intermediates.noindex/LocalLLMClient.build/Release-iphoneos/LocalLLMClientLlama.build/Objects-normal/arm64/LocalLLMClientLlama.swiftmodule /Users/runner/work/red-pen-ios/red-pen-ios/ios/build/Build/Products/Release-iphoneos/LocalLLMClientLlama.swiftmodule/arm64-apple-ios.swiftmodule

Copy /Users/runner/work/red-pen-ios/red-pen-ios/ios/build/Build/Products/Release-iphoneos/LocalLLMClientLlama.swiftmodule/arm64-apple-ios.swiftdoc /Users/runner/work/red-pen-ios/red-pen-ios/ios/build/Build/Intermediates.noindex/LocalLLMClient.build/Release-iphoneos/LocalLLMClientLlama.build/Objects-normal/arm64/LocalLLMClientLlama.swiftdoc (in target 'LocalLLMClientLlama' from project 'LocalLLMClient')
    cd /Users/runner/work/red-pen-ios/red-pen-ios/ios/build/SourcePackages/checkouts/LocalLLMClient
    builtin-copy -exclude .DS_Store -exclude CVS -exclude .svn -exclude .git -exclude .hg -strip-unsigned-binaries -strip-deterministic -strip-tool /Applications/Xcode_26.6.app/Contents/Developer/Toolchains/XcodeDefault.xctoolchain/usr/bin/strip -resolve-src-symlinks -rename /Users/runner/work/red-pen-ios/red-pen-ios/ios/build/Build/Intermediates.noindex/LocalLLMClient.build/Release-iphoneos/LocalLLMClientLlama.build/Objects-normal/arm64/LocalLLMClientLlama.swiftdoc /Users/runner/work/red-pen-ios/red-pen-ios/ios/build/Build/Products/Release-iphoneos/LocalLLMClientLlama.swiftmodule/arm64-apple-ios.swiftdoc

Copy /Users/runner/work/red-pen-ios/red-pen-ios/ios/build/Build/Products/Release-iphoneos/LocalLLMClientLlama.swiftmodule/arm64-apple-ios.abi.json /Users/runner/work/red-pen-ios/red-pen-ios/ios/build/Build/Intermediates.noindex/LocalLLMClient.build/Release-iphoneos/LocalLLMClientLlama.build/Objects-normal/arm64/LocalLLMClientLlama.abi.json (in target 'LocalLLMClientLlama' from project 'LocalLLMClient')
    cd /Users/runner/work/red-pen-ios/red-pen-ios/ios/build/SourcePackages/checkouts/LocalLLMClient
    builtin-copy -exclude .DS_Store -exclude CVS -exclude .svn -exclude .git -exclude .hg -strip-unsigned-binaries -strip-deterministic -strip-tool /Applications/Xcode_26.6.app/Contents/Developer/Toolchains/XcodeDefault.xctoolchain/usr/bin/strip -resolve-src-symlinks -rename /Users/runner/work/red-pen-ios/red-pen-ios/ios/build/Build/Intermediates.noindex/LocalLLMClient.build/Release-iphoneos/LocalLLMClientLlama.build/Objects-normal/arm64/LocalLLMClientLlama.abi.json /Users/runner/work/red-pen-ios/red-pen-ios/ios/build/Build/Products/Release-iphoneos/LocalLLMClientLlama.swiftmodule/arm64-apple-ios.abi.json

Copy /Users/runner/work/red-pen-ios/red-pen-ios/ios/build/Build/Products/Release-iphoneos/LocalLLMClientLlama.swiftmodule/Project/arm64-apple-ios.swiftsourceinfo /Users/runner/work/red-pen-ios/red-pen-ios/ios/build/Build/Intermediates.noindex/LocalLLMClient.build/Release-iphoneos/LocalLLMClientLlama.build/Objects-normal/arm64/LocalLLMClientLlama.swiftsourceinfo (in target 'LocalLLMClientLlama' from project 'LocalLLMClient')
    cd /Users/runner/work/red-pen-ios/red-pen-ios/ios/build/SourcePackages/checkouts/LocalLLMClient
    builtin-copy -exclude .DS_Store -exclude CVS -exclude .svn -exclude .git -exclude .hg -strip-unsigned-binaries -strip-deterministic -strip-tool /Applications/Xcode_26.6.app/Contents/Developer/Toolchains/XcodeDefault.xctoolchain/usr/bin/strip -resolve-src-symlinks -rename /Users/runner/work/red-pen-ios/red-pen-ios/ios/build/Build/Intermediates.noindex/LocalLLMClient.build/Release-iphoneos/LocalLLMClientLlama.build/Objects-normal/arm64/LocalLLMClientLlama.swiftsourceinfo /Users/runner/work/red-pen-ios/red-pen-ios/ios/build/Build/Products/Release-iphoneos/LocalLLMClientLlama.swiftmodule/Project/arm64-apple-ios.swiftsourceinfo

Ld /Users/runner/work/red-pen-ios/red-pen-ios/ios/build/Build/Products/Release-iphoneos/LocalLLMClientLlama.o normal (in target 'LocalLLMClientLlama' from project 'LocalLLMClient')
    cd /Users/runner/work/red-pen-ios/red-pen-ios/ios/build/SourcePackages/checkouts/LocalLLMClient
    /Applications/Xcode_26.6.app/Contents/Developer/Toolchains/XcodeDefault.xctoolchain/usr/bin/clang -Xlinker -reproducible -target arm64-apple-ios17.0 -r -isysroot /Applications/Xcode_26.6.app/Contents/Developer/Platforms/iPhoneOS.platform/Developer/SDKs/iPhoneOS26.5.sdk -Os -w -F/Users/runner/work/red-pen-ios/red-pen-ios/ios/build/Build/Intermediates.noindex/EagerLinkingTBDs/Release-iphoneos -F/Users/runner/work/red-pen-ios/red-pen-ios/ios/build/Build/Products/Release-iphoneos/PackageFrameworks -F/Users/runner/work/red-pen-ios/red-pen-ios/ios/build/Build/Products/Release-iphoneos/PackageFrameworks -F/Users/runner/work/red-pen-ios/red-pen-ios/ios/build/Build/Products/Release-iphoneos/PackageFrameworks -F/Users/runner/work/red-pen-ios/red-pen-ios/ios/build/Build/Products/Release-iphoneos/PackageFrameworks -F/Users/runner/work/red-pen-ios/red-pen-ios/ios/build/Build/Products/Release-iphoneos/PackageFrameworks -F/Users/runner/work/red-pen-ios/red-pen-ios/ios/build/Build/Products/Release-iphoneos/PackageFrameworks -F/Users/runner/work/red-pen-ios/red-pen-ios/ios/build/Build/Products/Release-iphoneos -iframework /Applications/Xcode_26.6.app/Contents/Developer/Platforms/iPhoneOS.platform/Developer/Library/Frameworks -iframework /Applications/Xcode_26.6.app/Contents/Developer/Platforms/iPhoneOS.platform/Developer/SDKs/iPhoneOS26.5.sdk/Developer/Library/Frameworks -filelist /Users/runner/work/red-pen-ios/red-pen-ios/ios/build/Build/Intermediates.noindex/LocalLLMClient.build/Release-iphoneos/LocalLLMClientLlama.build/Objects-normal/arm64/LocalLLMClientLlama.LinkFileList -nostdlib -Xlinker -object_path_lto -Xlinker /Users/runner/work/red-pen-ios/red-pen-ios/ios/build/Build/Intermediates.noindex/LocalLLMClient.build/Release-iphoneos/LocalLLMClientLlama.build/Objects-normal/arm64/LocalLLMClientLlama_lto.o -Xlinker -dependency_info -Xlinker /Users/runner/work/red-pen-ios/red-pen-ios/ios/build/Build/Intermediates.noindex/LocalLLMClient.build/Release-iphoneos/LocalLLMClientLlama.build/Objects-normal/arm64/LocalLLMClientLlama_dependency_info.dat -fobjc-link-runtime -L/Applications/Xcode_26.6.app/Contents/Developer/Toolchains/XcodeDefault.xctoolchain/usr/lib/swift/iphoneos -L/usr/lib/swift -Xlinker -add_ast_path -Xlinker /Users/runner/work/red-pen-ios/red-pen-ios/ios/build/Build/Intermediates.noindex/LocalLLMClient.build/Release-iphoneos/LocalLLMClientLlama.build/Objects-normal/arm64/LocalLLMClientLlama.swiftmodule -o /Users/runner/work/red-pen-ios/red-pen-ios/ios/build/Build/Products/Release-iphoneos/LocalLLMClientLlama.o

MkDir /Users/runner/work/red-pen-ios/red-pen-ios/ios/build/Build/Intermediates.noindex/RedPen.build/Release-iphoneos/RedPen.build/assetcatalog_output/thinned (in target 'RedPen' from project 'RedPen')
    cd /Users/runner/work/red-pen-ios/red-pen-ios/ios
    /bin/mkdir -p /Users/runner/work/red-pen-ios/red-pen-ios/ios/build/Build/Intermediates.noindex/RedPen.build/Release-iphoneos/RedPen.build/assetcatalog_output/thinned

MkDir /Users/runner/work/red-pen-ios/red-pen-ios/ios/build/Build/Intermediates.noindex/RedPen.build/Release-iphoneos/RedPen.build/assetcatalog_output/unthinned (in target 'RedPen' from project 'RedPen')
    cd /Users/runner/work/red-pen-ios/red-pen-ios/ios
    /bin/mkdir -p /Users/runner/work/red-pen-ios/red-pen-ios/ios/build/Build/Intermediates.noindex/RedPen.build/Release-iphoneos/RedPen.build/assetcatalog_output/unthinned

GenerateAssetSymbols /Users/runner/work/red-pen-ios/red-pen-ios/ios/RedPen/Assets.xcassets (in target 'RedPen' from project 'RedPen')
    cd /Users/runner/work/red-pen-ios/red-pen-ios/ios
    /Applications/Xcode_26.6.app/Contents/Developer/usr/bin/actool /Users/runner/work/red-pen-ios/red-pen-ios/ios/RedPen/Assets.xcassets --compile /Users/runner/work/red-pen-ios/red-pen-ios/ios/build/Build/Products/Release-iphoneos/RedPen.app --output-format human-readable-text --notices --warnings --export-dependency-info /Users/runner/work/red-pen-ios/red-pen-ios/ios/build/Build/Intermediates.noindex/RedPen.build/Release-iphoneos/RedPen.build/assetcatalog_dependencies --output-partial-info-plist /Users/runner/work/red-pen-ios/red-pen-ios/ios/build/Build/Intermediates.noindex/RedPen.build/Release-iphoneos/RedPen.build/assetcatalog_generated_info.plist --app-icon AppIcon --compress-pngs --enable-on-demand-resources YES --development-region en --target-device iphone --target-device ipad --minimum-deployment-target 26.0 --platform iphoneos --bundle-identifier com.cramdown.app --generate-swift-asset-symbol-extensions NO --generate-swift-asset-symbols /Users/runner/work/red-pen-ios/red-pen-ios/ios/build/Build/Intermediates.noindex/RedPen.build/Release-iphoneos/RedPen.build/DerivedSources/GeneratedAssetSymbols.swift --generate-objc-asset-symbols /Users/runner/work/red-pen-ios/red-pen-ios/ios/build/Build/Intermediates.noindex/RedPen.build/Release-iphoneos/RedPen.build/DerivedSources/GeneratedAssetSymbols.h --generate-asset-symbol-index /Users/runner/work/red-pen-ios/red-pen-ios/ios/build/Build/Intermediates.noindex/RedPen.build/Release-iphoneos/RedPen.build/DerivedSources/GeneratedAssetSymbols-Index.plist
/* com.apple.actool.compilation-results */
/Users/runner/work/red-pen-ios/red-pen-ios/ios/build/Build/Intermediates.noindex/RedPen.build/Release-iphoneos/RedPen.build/DerivedSources/GeneratedAssetSymbols-Index.plist
/Users/runner/work/red-pen-ios/red-pen-ios/ios/build/Build/Intermediates.noindex/RedPen.build/Release-iphoneos/RedPen.build/DerivedSources/GeneratedAssetSymbols.h
/Users/runner/work/red-pen-ios/red-pen-ios/ios/build/Build/Intermediates.noindex/RedPen.build/Release-iphoneos/RedPen.build/DerivedSources/GeneratedAssetSymbols.swift


CompileAssetCatalogVariant thinned /Users/runner/work/red-pen-ios/red-pen-ios/ios/build/Build/Products/Release-iphoneos/RedPen.app /Users/runner/work/red-pen-ios/red-pen-ios/ios/RedPen/Assets.xcassets (in target 'RedPen' from project 'RedPen')
    cd /Users/runner/work/red-pen-ios/red-pen-ios/ios
    /Applications/Xcode_26.6.app/Contents/Developer/usr/bin/actool /Users/runner/work/red-pen-ios/red-pen-ios/ios/RedPen/Assets.xcassets --compile /Users/runner/work/red-pen-ios/red-pen-ios/ios/build/Build/Intermediates.noindex/RedPen.build/Release-iphoneos/RedPen.build/assetcatalog_output/thinned --output-format human-readable-text --notices --warnings --export-dependency-info /Users/runner/work/red-pen-ios/red-pen-ios/ios/build/Build/Intermediates.noindex/RedPen.build/Release-iphoneos/RedPen.build/assetcatalog_dependencies_thinned --output-partial-info-plist /Users/runner/work/red-pen-ios/red-pen-ios/ios/build/Build/Intermediates.noindex/RedPen.build/Release-iphoneos/RedPen.build/assetcatalog_generated_info.plist_thinned --app-icon AppIcon --compress-pngs --enable-on-demand-resources YES --development-region en --target-device iphone --target-device ipad --minimum-deployment-target 26.0 --platform iphoneos
/* com.apple.actool.compilation-results */
/Users/runner/work/red-pen-ios/red-pen-ios/ios/build/Build/Intermediates.noindex/RedPen.build/Release-iphoneos/RedPen.build/assetcatalog_generated_info.plist_thinned
/Users/runner/work/red-pen-ios/red-pen-ios/ios/build/Build/Intermediates.noindex/RedPen.build/Release-iphoneos/RedPen.build/assetcatalog_output/thinned/AppIcon60x60@2x.png
/Users/runner/work/red-pen-ios/red-pen-ios/ios/build/Build/Intermediates.noindex/RedPen.build/Release-iphoneos/RedPen.build/assetcatalog_output/thinned/AppIcon76x76@2x~ipad.png
/Users/runner/work/red-pen-ios/red-pen-ios/ios/build/Build/Intermediates.noindex/RedPen.build/Release-iphoneos/RedPen.build/assetcatalog_output/thinned/Assets.car


ExtractAppIntentsMetadata (in target 'LocalLLMClientLlama' from project 'LocalLLMClient')
    cd /Users/runner/work/red-pen-ios/red-pen-ios/ios/build/SourcePackages/checkouts/LocalLLMClient
    /Applications/Xcode_26.6.app/Contents/Developer/Toolchains/XcodeDefault.xctoolchain/usr/bin/appintentsmetadataprocessor --toolchain-dir /var/run/com.apple.security.cryptexd/mnt/com.apple.MobileAsset.MetalToolchain-v17.6.109.0.u2e75G/Metal.xctoolchain --module-name LocalLLMClientLlama --sdk-root /Applications/Xcode_26.6.app/Contents/Developer/Platforms/iPhoneOS.platform/Developer/SDKs/iPhoneOS26.5.sdk --xcode-version 17F113 --platform-family iOS --deployment-target 17.0 --bundle-identifier localllmclient.LocalLLMClientLlama --output /Users/runner/work/red-pen-ios/red-pen-ios/ios/build/Build/Products/Release-iphoneos/LocalLLMClientLlama.appintents --target-triple arm64-apple-ios17.0 --binary-file /Users/runner/work/red-pen-ios/red-pen-ios/ios/build/Build/Products/Release-iphoneos/LocalLLMClientLlama.o --dependency-file /Users/runner/work/red-pen-ios/red-pen-ios/ios/build/Build/Intermediates.noindex/LocalLLMClient.build/Release-iphoneos/LocalLLMClientLlama.build/Objects-normal/arm64/LocalLLMClientLlama_dependency_info.dat --stringsdata-file /Users/runner/work/red-pen-ios/red-pen-ios/ios/build/Build/Intermediates.noindex/LocalLLMClient.build/Release-iphoneos/LocalLLMClientLlama.build/Objects-normal/arm64/ExtractedAppShortcutsMetadata.stringsdata --source-file-list /Users/runner/work/red-pen-ios/red-pen-ios/ios/build/Build/Intermediates.noindex/LocalLLMClient.build/Release-iphoneos/LocalLLMClientLlama.build/Objects-normal/arm64/LocalLLMClientLlama.SwiftFileList --metadata-file-list /Users/runner/work/red-pen-ios/red-pen-ios/ios/build/Build/Intermediates.noindex/LocalLLMClient.build/Release-iphoneos/LocalLLMClientLlama.build/LocalLLMClientLlama.DependencyMetadataFileList --static-metadata-file-list /Users/runner/work/red-pen-ios/red-pen-ios/ios/build/Build/Intermediates.noindex/LocalLLMClient.build/Release-iphoneos/LocalLLMClientLlama.build/LocalLLMClientLlama.DependencyStaticMetadataFileList --swift-const-vals-list /Users/runner/work/red-pen-ios/red-pen-ios/ios/build/Build/Intermediates.noindex/LocalLLMClient.build/Release-iphoneos/LocalLLMClientLlama.build/Objects-normal/arm64/LocalLLMClientLlama.SwiftConstValuesFileList --force --compile-time-extraction --deployment-aware-processing --validate-assistant-intents --no-app-shortcuts-localization
2026-09-23 12:36:17.452 appintentsmetadataprocessor[8474:27699] Starting appintentsmetadataprocessor export
2026-09-23 12:36:17.477 appintentsmetadataprocessor[8474:27699] Extracted no relevant App Intents symbols, skipping writing output

RegisterExecutionPolicyException /Users/runner/work/red-pen-ios/red-pen-ios/ios/build/Build/Products/Release-iphoneos/LocalLLMClientLlama.o (in target 'LocalLLMClientLlama' from project 'LocalLLMClient')
    cd /Users/runner/work/red-pen-ios/red-pen-ios/ios/build/SourcePackages/checkouts/LocalLLMClient
    builtin-RegisterExecutionPolicyException /Users/runner/work/red-pen-ios/red-pen-ios/ios/build/Build/Products/Release-iphoneos/LocalLLMClientLlama.o

CpResource /Users/runner/work/red-pen-ios/red-pen-ios/ios/build/Build/Products/Release-iphoneos/RedPen.app/RedPen.storekit /Users/runner/work/red-pen-ios/red-pen-ios/ios/RedPen/RedPen.storekit (in target 'RedPen' from project 'RedPen')
    cd /Users/runner/work/red-pen-ios/red-pen-ios/ios
    builtin-copy -exclude .DS_Store -exclude CVS -exclude .svn -exclude .git -exclude .hg -resolve-src-symlinks /Users/runner/work/red-pen-ios/red-pen-ios/ios/RedPen/RedPen.storekit /Users/runner/work/red-pen-ios/red-pen-ios/ios/build/Build/Products/Release-iphoneos/RedPen.app

Copy /Users/runner/work/red-pen-ios/red-pen-ios/ios/build/Build/Products/Release-iphoneos/RedPen.app/LocalLLMClient_LocalLLMClientLlama.bundle /Users/runner/work/red-pen-ios/red-pen-ios/ios/build/Build/Products/Release-iphoneos/LocalLLMClient_LocalLLMClientLlama.bundle (in target 'RedPen' from project 'RedPen')
    cd /Users/runner/work/red-pen-ios/red-pen-ios/ios
    builtin-copy -exclude .DS_Store -exclude CVS -exclude .svn -exclude .git -exclude .hg -resolve-src-symlinks /Users/runner/work/red-pen-ios/red-pen-ios/ios/build/Build/Products/Release-iphoneos/LocalLLMClient_LocalLLMClientLlama.bundle /Users/runner/work/red-pen-ios/red-pen-ios/ios/build/Build/Products/Release-iphoneos/RedPen.app

Copy /Users/runner/work/red-pen-ios/red-pen-ios/ios/build/Build/Products/Release-iphoneos/RedPen.app/Frameworks/llama.framework /Users/runner/work/red-pen-ios/red-pen-ios/ios/build/SourcePackages/artifacts/localllmclient/LocalLLMClientLlamaFramework/llama.xcframework/ios-arm64/llama.framework (in target 'RedPen' from project 'RedPen')
    cd /Users/runner/work/red-pen-ios/red-pen-ios/ios
    builtin-copy -exclude .DS_Store -exclude CVS -exclude .svn -exclude .git -exclude .hg -exclude Headers -exclude PrivateHeaders -exclude Modules -exclude \*.tbd -bitcode-strip all -bitcode-strip-tool /Applications/Xcode_26.6.app/Contents/Developer/Toolchains/XcodeDefault.xctoolchain/usr/bin/bitcode_strip -resolve-src-symlinks -remove-static-executable /Users/runner/work/red-pen-ios/red-pen-ios/ios/build/SourcePackages/artifacts/localllmclient/LocalLLMClientLlamaFramework/llama.xcframework/ios-arm64/llama.framework /Users/runner/work/red-pen-ios/red-pen-ios/ios/build/Build/Products/Release-iphoneos/RedPen.app/Frameworks
/Applications/Xcode_26.6.app/Contents/Developer/Toolchains/XcodeDefault.xctoolchain/usr/bin/bitcode_strip /Users/runner/work/red-pen-ios/red-pen-ios/ios/build/SourcePackages/artifacts/localllmclient/LocalLLMClientLlamaFramework/llama.xcframework/ios-arm64/llama.framework/llama -r -o /Users/runner/work/red-pen-ios/red-pen-ios/ios/build/Build/Products/Release-iphoneos/RedPen.app/Frameworks/llama.framework/llama

SwiftDriver RedPen normal arm64 com.apple.xcode.tools.swift.compiler (in target 'RedPen' from project 'RedPen')
    cd /Users/runner/work/red-pen-ios/red-pen-ios/ios
    builtin-SwiftDriver -- /Applications/Xcode_26.6.app/Contents/Developer/Toolchains/XcodeDefault.xctoolchain/usr/bin/swiftc -module-name RedPen -O -whole-module-optimization @/Users/runner/work/red-pen-ios/red-pen-ios/ios/build/Build/Intermediates.noindex/RedPen.build/Release-iphoneos/RedPen.build/Objects-normal/arm64/RedPen.SwiftFileList -cxx-interoperability-mode\=default -enable-bare-slash-regex -enable-experimental-feature DebugDescriptionMacro -sdk /Applications/Xcode_26.6.app/Contents/Developer/Platforms/iPhoneOS.platform/Developer/SDKs/iPhoneOS26.5.sdk -target arm64-apple-ios26.0 -g -module-cache-path /Users/runner/work/red-pen-ios/red-pen-ios/ios/build/ModuleCache.noindex -Xfrontend -serialize-debugging-options -swift-version 5 -I /Users/runner/work/red-pen-ios/red-pen-ios/ios/build/Build/Products/Release-iphoneos -F /Users/runner/work/red-pen-ios/red-pen-ios/ios/build/Build/Products/Release-iphoneos/PackageFrameworks -F /Users/runner/work/red-pen-ios/red-pen-ios/ios/build/Build/Products/Release-iphoneos/PackageFrameworks -F /Users/runner/work/red-pen-ios/red-pen-ios/ios/build/Build/Products/Release-iphoneos/PackageFrameworks -F /Users/runner/work/red-pen-ios/red-pen-ios/ios/build/Build/Products/Release-iphoneos/PackageFrameworks -F /Users/runner/work/red-pen-ios/red-pen-ios/ios/build/Build/Products/Release-iphoneos/PackageFrameworks -F /Users/runner/work/red-pen-ios/red-pen-ios/ios/build/Build/Products/Release-iphoneos/PackageFrameworks -F /Users/runner/work/red-pen-ios/red-pen-ios/ios/build/Build/Products/Release-iphoneos/PackageFrameworks -F /Users/runner/work/red-pen-ios/red-pen-ios/ios/build/Build/Products/Release-iphoneos/PackageFrameworks -F /Users/runner/work/red-pen-ios/red-pen-ios/ios/build/Build/Products/Release-iphoneos/PackageFrameworks -F /Users/runner/work/red-pen-ios/red-pen-ios/ios/build/Build/Products/Release-iphoneos -Xfrontend -load-plugin-executable -Xfrontend /Users/runner/work/red-pen-ios/red-pen-ios/ios/build/Build/Products/Release/LocalLLMClientMacrosPlugin\#LocalLLMClientMacrosPlugin -c -num-threads 3 -Xcc -ivfsstatcache -Xcc /Users/runner/work/red-pen-ios/red-pen-ios/ios/build/SDKStatCaches.noindex/iphoneos26.5-23F81a-688ef53f1462e2c8f657fdc38a81448fee66e23052a0157c865c76b268046726.sdkstatcache -output-file-map /Users/runner/work/red-pen-ios/red-pen-ios/ios/build/Build/Intermediates.noindex/RedPen.build/Release-iphoneos/RedPen.build/Objects-normal/arm64/RedPen-OutputFileMap.json -use-frontend-parseable-output -save-temps -no-color-diagnostics -serialize-diagnostics -emit-dependencies -emit-module -emit-module-path /Users/runner/work/red-pen-ios/red-pen-ios/ios/build/Build/Intermediates.noindex/RedPen.build/Release-iphoneos/RedPen.build/Objects-normal/arm64/RedPen.swiftmodule -validate-clang-modules-once -clang-build-session-file /Users/runner/work/red-pen-ios/red-pen-ios/ios/build/ModuleCache.noindex/Session.modulevalidation -Xcc -I/Users/runner/work/red-pen-ios/red-pen-ios/ios/build/Build/Intermediates.noindex/RedPen.build/Release-iphoneos/RedPen.build/swift-overrides.hmap -emit-const-values -Xfrontend -const-gather-protocols-file -Xfrontend /Users/runner/work/red-pen-ios/red-pen-ios/ios/build/Build/Intermediates.noindex/RedPen.build/Release-iphoneos/RedPen.build/Objects-normal/arm64/RedPen_const_extract_protocols.json -Xcc -iquote -Xcc /Users/runner/work/red-pen-ios/red-pen-ios/ios/build/Build/Intermediates.noindex/RedPen.build/Release-iphoneos/RedPen.build/RedPen-generated-files.hmap -Xcc -I/Users/runner/work/red-pen-ios/red-pen-ios/ios/build/Build/Intermediates.noindex/RedPen.build/Release-iphoneos/RedPen.build/RedPen-own-target-headers.hmap -Xcc -I/Users/runner/work/red-pen-ios/red-pen-ios/ios/build/Build/Intermediates.noindex/RedPen.build/Release-iphoneos/RedPen.build/RedPen-all-non-framework-target-headers.hmap -Xcc -ivfsoverlay -Xcc /Users/runner/work/red-pen-ios/red-pen-ios/ios/build/Build/Intermediates.noindex/RedPen.build/Release-iphoneos/RedPen-599707e14dd5256a6604c828c0c573bf-VFS-iphoneos/all-product-headers.yaml -Xcc -iquote -Xcc /Users/runner/work/red-pen-ios/red-pen-ios/ios/build/Build/Intermediates.noindex/RedPen.build/Release-iphoneos/RedPen.build/RedPen-project-headers.hmap -Xcc -I/Users/runner/work/red-pen-ios/red-pen-ios/ios/build/SourcePackages/checkouts/LocalLLMClient/Sources/LocalLLMClientLlamaC/include -Xcc -I/Users/runner/work/red-pen-ios/red-pen-ios/ios/build/Build/Products/Release-iphoneos/include -Xcc -I/Users/runner/work/red-pen-ios/red-pen-ios/ios/build/Build/Intermediates.noindex/RedPen.build/Release-iphoneos/RedPen.build/DerivedSources-normal/arm64 -Xcc -I/Users/runner/work/red-pen-ios/red-pen-ios/ios/build/Build/Intermediates.noindex/RedPen.build/Release-iphoneos/RedPen.build/DerivedSources/arm64 -Xcc -I/Users/runner/work/red-pen-ios/red-pen-ios/ios/build/Build/Intermediates.noindex/RedPen.build/Release-iphoneos/RedPen.build/DerivedSources -emit-objc-header -emit-objc-header-path /Users/runner/work/red-pen-ios/red-pen-ios/ios/build/Build/Intermediates.noindex/RedPen.build/Release-iphoneos/RedPen.build/Objects-normal/arm64/RedPen-Swift.h -working-directory /Users/runner/work/red-pen-ios/red-pen-ios/ios -no-emit-module-separately-wmo

SwiftCompile normal arm64 Compiling\ Account.swift,\ AccountStore.swift,\ AccountView.swift,\ AccuracyCheckSheet.swift,\ AccuracyChecker.swift,\ AnkiCard.swift,\ AnkiCardFace.swift,\ AnkiReviewView.swift,\ AnkiScheduler.swift,\ ApkgExporter.swift,\ AuthAPI.swift,\ AuthRules.swift,\ BlobCache.swift,\ BlobRefs.swift,\ BookPages.swift,\ BookReaderView.swift,\ Brand.swift,\ CardEditSheets.swift,\ CardQuality.swift,\ CardsEditorView.swift,\ CaseChatView.swift,\ CaseSimulator.swift,\ Corrections.swift,\ DeckCard.swift,\ DeckExportIntents.swift,\ DeckPDF.swift,\ DeckPDFBlocks.swift,\ DeckPDFPages.swift,\ DeckPalette.swift,\ DocxText.swift,\ DueTodayView.swift,\ Entitlement.swift,\ Explanation.swift,\ FigureFinder.swift,\ FigureGrid.swift,\ FixWordSheet.swift,\ GemmaDownload.swift,\ GemmaGenerate.swift,\ GemmaModel.swift,\ Highlight.swift,\ HostedLLMClient.swift,\ ImageSpoiler.swift,\ Keychain.swift,\ LLMParsing.swift,\ LectureAudio.swift,\ LectureImporter.swift,\ LecturePDFSection.swift,\ LecturePlayer.swift,\ LectureTranscriber.swift,\ LectureWriterSection.swift,\ LibraryChrome.swift,\ LibraryRows.swift,\ LibrarySheets.swift,\ LibraryView.swift,\ LiquidGlass.swift,\ LocalLLMService.swift,\ MCQCoverage.swift,\ MCQEdit.swift,\ MCQGenerateForm.swift,\ MCQGenerator.swift,\ MCQPrompt.swift,\ MCQQuestion.swift,\ MCQQuizView.swift,\ MCQSummaryView.swift,\ MedicalGenerate.swift,\ MedicalModelCatalog.swift,\ ModeTabs.swift,\ ModelSettingsView.swift,\ NarrateAudioBar.swift,\ NarrateReading.swift,\ NarrateReviewView.swift,\ NarrateSegment.swift,\ NarrateWordFlow.swift,\ NewSetView.swift,\ OfficeIngest.swift,\ OnDeviceLearning.swift,\ OsceChecklist.swift,\ OsceGenerateSection.swift,\ OsceGenerator.swift,\ OsceReviewView.swift,\ OsceStations.swift,\ PDFExporter.swift,\ PDFOcclusion.swift,\ PaywallView.swift,\ PlainTextImport.swift,\ PptxText.swift,\ PreviewAccount.swift,\ PreviewExtras.swift,\ PreviewLaunch.swift,\ PronunciationLibrary.swift,\ PronunciationStore.swift,\ Provenance.swift,\ QACard.swift,\ QACardsView.swift,\ QuizFromCards.swift,\ RedPenApp.swift,\ RedPenOCR.swift,\ ReviewPlan.swift,\ ReviewStore.swift,\ ShareSheet.swift,\ SignInView.swift,\ SocialSignIn.swift,\ SoundKey.swift,\ SourceDoc.swift,\ SourceFiles.swift,\ SourceIngest.swift,\ SourcePageReader.swift,\ SourcePreviewView.swift,\ SourceSearch.swift,\ SourceText.swift,\ Store.swift,\ StoreSync.swift,\ StudySet.swift,\ SubscriptionStore.swift,\ SupportCenter.swift,\ SyncAPI.swift,\ SyncDoc.swift,\ SyncDocuments.swift,\ SyncEngine.swift,\ SyncMerge.swift,\ SyncPush.swift,\ SyncState.swift,\ Theme.swift,\ WordTiming.swift,\ Zip.swift,\ GeneratedAssetSymbols.swift /Users/runner/work/red-pen-ios/red-pen-ios/ios/RedPen/Models/Account.swift /Users/runner/work/red-pen-ios/red-pen-ios/ios/RedPen/Persistence/AccountStore.swift /Users/runner/work/red-pen-ios/red-pen-ios/ios/RedPen/Features/Auth/AccountView.swift /Users/runner/work/red-pen-ios/red-pen-ios/ios/RedPen/Features/Support/AccuracyCheckSheet.swift /Users/runner/work/red-pen-ios/red-pen-ios/ios/RedPen/Shared/LLM/AccuracyChecker.swift /Users/runner/work/red-pen-ios/red-pen-ios/ios/RedPen/Models/AnkiCard.swift /Users/runner/work/red-pen-ios/red-pen-ios/ios/RedPen/Features/Anki/AnkiCardFace.swift /Users/runner/work/red-pen-ios/red-pen-ios/ios/RedPen/Features/Anki/AnkiReviewView.swift /Users/runner/work/red-pen-ios/red-pen-ios/ios/RedPen/Features/Anki/AnkiScheduler.swift /Users/runner/work/red-pen-ios/red-pen-ios/ios/RedPen/Shared/ApkgExporter.swift /Users/runner/work/red-pen-ios/red-pen-ios/ios/RedPen/Shared/AuthAPI.swift /Users/runner/work/red-pen-ios/red-pen-ios/ios/RedPen/Shared/AuthRules.swift /Users/runner/work/red-pen-ios/red-pen-ios/ios/RedPen/Persistence/BlobCache.swift /Users/runner/work/red-pen-ios/red-pen-ios/ios/RedPen/Shared/BlobRefs.swift /Users/runner/work/red-pen-ios/red-pen-ios/ios/RedPen/Shared/BookPages.swift /Users/runner/work/red-pen-ios/red-pen-ios/ios/RedPen/Features/Book/BookReaderView.swift /Users/runner/work/red-pen-ios/red-pen-ios/ios/RedPen/Shared/Brand.swift /Users/runner/work/red-pen-ios/red-pen-ios/ios/RedPen/Features/Library/CardEditSheets.swift /Users/runner/work/red-pen-ios/red-pen-ios/ios/RedPen/Shared/CardQuality.swift /Users/runner/work/red-pen-ios/red-pen-ios/ios/RedPen/Features/Library/CardsEditorView.swift /Users/runner/work/red-pen-ios/red-pen-ios/ios/RedPen/Features/Cases/CaseChatView.swift /Users/runner/work/red-pen-ios/red-pen-ios/ios/RedPen/Shared/CaseSimulator.swift /Users/runner/work/red-pen-ios/red-pen-ios/ios/RedPen/Shared/Corrections.swift /Users/runner/work/red-pen-ios/red-pen-ios/ios/RedPen/Shared/DeckCard.swift /Users/runner/work/red-pen-ios/red-pen-ios/ios/RedPen/Features/Library/DeckExportIntents.swift /Users/runner/work/red-pen-ios/red-pen-ios/ios/RedPen/Shared/DeckPDF.swift /Users/runner/work/red-pen-ios/red-pen-ios/ios/RedPen/Shared/DeckPDFBlocks.swift /Users/runner/work/red-pen-ios/red-pen-ios/ios/RedPen/Shared/DeckPDFPages.swift /Users/runner/work/red-pen-ios/red-pen-ios/ios/RedPen/Shared/DeckPalette.swift /Users/runner/work/red-pen-ios/red-pen-ios/ios/RedPen/Shared/DocxText.swift /Users/runner/work/red-pen-ios/red-pen-ios/ios/RedPen/Features/Anki/DueTodayView.swift /Users/runner/work/red-pen-ios/red-pen-ios/ios/RedPen/Shared/Entitlement.swift /Users/runner/work/red-pen-ios/red-pen-ios/ios/RedPen/Shared/Explanation.swift /Users/runner/work/red-pen-ios/red-pen-ios/ios/RedPen/Shared/FigureFinder.swift /Users/runner/work/red-pen-ios/red-pen-ios/ios/RedPen/Shared/FigureGrid.swift /Users/runner/work/red-pen-ios/red-pen-ios/ios/RedPen/Features/Narrate/FixWordSheet.swift /Users/runner/work/red-pen-ios/red-pen-ios/ios/RedPen/Shared/GemmaDownload.swift /Users/runner/work/red-pen-ios/red-pen-ios/ios/RedPen/Shared/GemmaGenerate.swift /Users/runner/work/red-pen-ios/red-pen-ios/ios/RedPen/Shared/GemmaModel.swift /Users/runner/work/red-pen-ios/red-pen-ios/ios/RedPen/Shared/Highlight.swift /Users/runner/work/red-pen-ios/red-pen-ios/ios/RedPen/Shared/LLM/HostedLLMClient.swift /Users/runner/work/red-pen-ios/red-pen-ios/ios/RedPen/Shared/ImageSpoiler.swift /Users/runner/work/red-pen-ios/red-pen-ios/ios/RedPen/Persistence/Keychain.swift /Users/runner/work/red-pen-ios/red-pen-ios/ios/RedPen/Shared/LLM/LLMParsing.swift /Users/runner/work/red-pen-ios/red-pen-ios/ios/RedPen/Shared/LectureAudio.swift /Users/runner/work/red-pen-ios/red-pen-ios/ios/RedPen/Features/Narrate/LectureImporter.swift /Users/runner/work/red-pen-ios/red-pen-ios/ios/RedPen/Features/Library/LecturePDFSection.swift /Users/runner/work/red-pen-ios/red-pen-ios/ios/RedPen/Shared/LecturePlayer.swift /Users/runner/work/red-pen-ios/red-pen-ios/ios/RedPen/Shared/LectureTranscriber.swift /Users/runner/work/red-pen-ios/red-pen-ios/ios/RedPen/Features/Library/LectureWriterSection.swift /Users/runner/work/red-pen-ios/red-pen-ios/ios/RedPen/Features/Library/LibraryChrome.swift /Users/runner/work/red-pen-ios/red-pen-ios/ios/RedPen/Features/Library/LibraryRows.swift /Users/runner/work/red-pen-ios/red-pen-ios/ios/RedPen/Features/Library/LibrarySheets.swift /Users/runner/work/red-pen-ios/red-pen-ios/ios/RedPen/Features/Library/LibraryView.swift /Users/runner/work/red-pen-ios/red-pen-ios/ios/RedPen/Shared/LiquidGlass.swift /Users/runner/work/red-pen-ios/red-pen-ios/ios/RedPen/Shared/LLM/LocalLLMService.swift /Users/runner/work/red-pen-ios/red-pen-ios/ios/RedPen/Shared/MCQCoverage.swift /Users/runner/work/red-pen-ios/red-pen-ios/ios/RedPen/Shared/MCQEdit.swift /Users/runner/work/red-pen-ios/red-pen-ios/ios/RedPen/Features/Library/MCQGenerateForm.swift /Users/runner/work/red-pen-ios/red-pen-ios/ios/RedPen/Shared/MCQGenerator.swift /Users/runner/work/red-pen-ios/red-pen-ios/ios/RedPen/Shared/MCQPrompt.swift /Users/runner/work/red-pen-ios/red-pen-ios/ios/RedPen/Models/MCQQuestion.swift /Users/runner/work/red-pen-ios/red-pen-ios/ios/RedPen/Features/MCQ/MCQQuizView.swift /Users/runner/work/red-pen-ios/red-pen-ios/ios/RedPen/Features/MCQ/MCQSummaryView.swift /Users/runner/work/red-pen-ios/red-pen-ios/ios/RedPen/Shared/LLM/MedicalGenerate.swift /Users/runner/work/red-pen-ios/red-pen-ios/ios/RedPen/Shared/LLM/MedicalModelCatalog.swift /Users/runner/work/red-pen-ios/red-pen-ios/ios/RedPen/Features/Library/ModeTabs.swift /Users/runner/work/red-pen-ios/red-pen-ios/ios/RedPen/Features/Support/ModelSettingsView.swift /Users/runner/work/red-pen-ios/red-pen-ios/ios/RedPen/Features/Narrate/NarrateAudioBar.swift /Users/runner/work/red-pen-ios/red-pen-ios/ios/RedPen/Features/Narrate/NarrateReading.swift /Users/runner/work/red-pen-ios/red-pen-ios/ios/RedPen/Features/Narrate/NarrateReviewView.swift /Users/runner/work/red-pen-ios/red-pen-ios/ios/RedPen/Models/NarrateSegment.swift /Users/runner/work/red-pen-ios/red-pen-ios/ios/RedPen/Features/Narrate/NarrateWordFlow.swift /Users/runner/work/red-pen-ios/red-pen-ios/ios/RedPen/Features/Library/NewSetView.swift /Users/runner/work/red-pen-ios/red-pen-ios/ios/RedPen/Shared/OfficeIngest.swift /Users/runner/work/red-pen-ios/red-pen-ios/ios/RedPen/Shared/OnDeviceLearning.swift /Users/runner/work/red-pen-ios/red-pen-ios/ios/RedPen/Models/OsceChecklist.swift /Users/runner/work/red-pen-ios/red-pen-ios/ios/RedPen/Features/OSCE/OsceGenerateSection.swift /Users/runner/work/red-pen-ios/red-pen-ios/ios/RedPen/Shared/OsceGenerator.swift /Users/runner/work/red-pen-ios/red-pen-ios/ios/RedPen/Features/OSCE/OsceReviewView.swift /Users/runner/work/red-pen-ios/red-pen-ios/ios/RedPen/Shared/OsceStations.swift /Users/runner/work/red-pen-ios/red-pen-ios/ios/RedPen/Shared/PDFExporter.swift /Users/runner/work/red-pen-ios/red-pen-ios/ios/RedPen/Shared/PDFOcclusion.swift /Users/runner/work/red-pen-ios/red-pen-ios/ios/RedPen/Features/Paywall/PaywallView.swift /Users/runner/work/red-pen-ios/red-pen-ios/ios/RedPen/Shared/PlainTextImport.swift /Users/runner/work/red-pen-ios/red-pen-ios/ios/RedPen/Shared/PptxText.swift /Users/runner/work/red-pen-ios/red-pen-ios/ios/RedPen/Shared/PreviewAccount.swift /Users/runner/work/red-pen-ios/red-pen-ios/ios/RedPen/Shared/PreviewExtras.swift /Users/runner/work/red-pen-ios/red-pen-ios/ios/RedPen/Shared/PreviewLaunch.swift /Users/runner/work/red-pen-ios/red-pen-ios/ios/RedPen/Shared/PronunciationLibrary.swift /Users/runner/work/red-pen-ios/red-pen-ios/ios/RedPen/Shared/PronunciationStore.swift /Users/runner/work/red-pen-ios/red-pen-ios/ios/RedPen/Shared/Provenance.swift /Users/runner/work/red-pen-ios/red-pen-ios/ios/RedPen/Models/QACard.swift /Users/runner/work/red-pen-ios/red-pen-ios/ios/RedPen/Features/QA/QACardsView.swift /Users/runner/work/red-pen-ios/red-pen-ios/ios/RedPen/Shared/QuizFromCards.swift /Users/runner/work/red-pen-ios/red-pen-ios/ios/RedPen/RedPenApp.swift /Users/runner/work/red-pen-ios/red-pen-ios/ios/RedPen/Shared/RedPenOCR.swift /Users/runner/work/red-pen-ios/red-pen-ios/ios/RedPen/Shared/ReviewPlan.swift /Users/runner/work/red-pen-ios/red-pen-ios/ios/RedPen/Persistence/ReviewStore.swift /Users/runner/work/red-pen-ios/red-pen-ios/ios/RedPen/Shared/ShareSheet.swift /Users/runner/work/red-pen-ios/red-pen-ios/ios/RedPen/Features/Auth/SignInView.swift /Users/runner/work/red-pen-ios/red-pen-ios/ios/RedPen/Shared/SocialSignIn.swift /Users/runner/work/red-pen-ios/red-pen-ios/ios/RedPen/Shared/SoundKey.swift /Users/runner/work/red-pen-ios/red-pen-ios/ios/RedPen/Models/SourceDoc.swift /Users/runner/work/red-pen-ios/red-pen-ios/ios/RedPen/Persistence/SourceFiles.swift /Users/runner/work/red-pen-ios/red-pen-ios/ios/RedPen/Shared/SourceIngest.swift /Users/runner/work/red-pen-ios/red-pen-ios/ios/RedPen/Features/Sources/SourcePageReader.swift /Users/runner/work/red-pen-ios/red-pen-ios/ios/RedPen/Features/Sources/SourcePreviewView.swift /Users/runner/work/red-pen-ios/red-pen-ios/ios/RedPen/Shared/SourceSearch.swift /Users/runner/work/red-pen-ios/red-pen-ios/ios/RedPen/Shared/SourceText.swift /Users/runner/work/red-pen-ios/red-pen-ios/ios/RedPen/Persistence/Store.swift /Users/runner/work/red-pen-ios/red-pen-ios/ios/RedPen/Persistence/StoreSync.swift /Users/runner/work/red-pen-ios/red-pen-ios/ios/RedPen/Models/StudySet.swift /Users/runner/work/red-pen-ios/red-pen-ios/ios/RedPen/Shared/SubscriptionStore.swift /Users/runner/work/red-pen-ios/red-pen-ios/ios/RedPen/Features/Support/SupportCenter.swift /Users/runner/work/red-pen-ios/red-pen-ios/ios/RedPen/Shared/SyncAPI.swift /Users/runner/work/red-pen-ios/red-pen-ios/ios/RedPen/Models/SyncDoc.swift /Users/runner/work/red-pen-ios/red-pen-ios/ios/RedPen/Shared/SyncDocuments.swift /Users/runner/work/red-pen-ios/red-pen-ios/ios/RedPen/Persistence/SyncEngine.swift /Users/runner/work/red-pen-ios/red-pen-ios/ios/RedPen/Shared/SyncMerge.swift /Users/runner/work/red-pen-ios/red-pen-ios/ios/RedPen/Persistence/SyncPush.swift /Users/runner/work/red-pen-ios/red-pen-ios/ios/RedPen/Persistence/SyncState.swift /Users/runner/work/red-pen-ios/red-pen-ios/ios/RedPen/Shared/Theme.swift /Users/runner/work/red-pen-ios/red-pen-ios/ios/RedPen/Shared/WordTiming.swift /Users/runner/work/red-pen-ios/red-pen-ios/ios/RedPen/Shared/Zip.swift /Users/runner/work/red-pen-ios/red-pen-ios/ios/build/Build/Intermediates.noindex/RedPen.build/Release-iphoneos/RedPen.build/DerivedSources/GeneratedAssetSymbols.swift (in target 'RedPen' from project 'RedPen')
CompileSwift normal arm64 (in target 'RedPen' from project 'RedPen')
    cd /Users/runner/work/red-pen-ios/red-pen-ios/ios
    
/Users/runner/work/red-pen-ios/red-pen-ios/ios/RedPen/Shared/CardQuality.swift:119:13: warning: initialization of immutable value 'why' was never used; consider replacing with assignment to '_' or removing it
        let why = card.why.trimmingCharacters(in: .whitespacesAndNewlines)
        ~~~~^~~
        _
/Users/runner/work/red-pen-ios/red-pen-ios/ios/RedPen/Shared/GemmaGenerate.swift:73:44: warning: no 'async' operations occur within 'await' expression
                for try await chunk in try await llm.textStream(from: input) {
                                           ^
/Users/runner/work/red-pen-ios/red-pen-ios/ios/RedPen/Shared/GemmaGenerate.swift:108:36: warning: no 'async' operations occur within 'await' expression
        for try await chunk in try await llm.textStream(from: input) {
                                   ^
/Users/runner/work/red-pen-ios/red-pen-ios/ios/RedPen/Shared/GemmaModel.swift:76:22: warning: left side of nil coalescing operator '??' has non-optional type 'Int64', so the right side is never used
        return (size ?? 0) > Int64(Double(approxSize) * 0.9)
                ~~~~~^~~~
                    
/Users/runner/work/red-pen-ios/red-pen-ios/ios/RedPen/Shared/LLM/LocalLLMService.swift:311:36: warning: no 'async' operations occur within 'await' expression
        for try await chunk in try await client.textStream(from: input) {
                                   ^
/Users/runner/work/red-pen-ios/red-pen-ios/ios/RedPen/Shared/LLM/MedicalModelCatalog.swift:99:22: warning: left side of nil coalescing operator '??' has non-optional type 'Int64', so the right side is never used
        return (size ?? 0) > Int64(Double(variant.bytes) * 0.9)
                ~~~~~^~~~
                    
/Users/runner/work/red-pen-ios/red-pen-ios/ios/RedPen/Shared/PreviewLaunch.swift:66:22: warning: 'interfaceOrientation' was deprecated in iOS 26.0: Use effectiveGeometry.interfaceOrientation instead.
            if scene.interfaceOrientation.isLandscape {
                     ^
/Users/runner/work/red-pen-ios/red-pen-ios/ios/RedPen/Shared/PreviewLaunch.swift:74:22: warning: 'interfaceOrientation' was deprecated in iOS 26.0: Use effectiveGeometry.interfaceOrientation instead.
            if scene.interfaceOrientation.isLandscape {
                     ^
/Users/runner/work/red-pen-ios/red-pen-ios/ios/RedPen/Shared/SocialSignIn.swift:79:72: warning: 'init()' was deprecated in iOS 26.0: Use init(windowScene:) instead.
            .compactMap { ($0 as? UIWindowScene)?.keyWindow }.first ?? ASPresentationAnchor()
                                                                       ^
/Users/runner/work/red-pen-ios/red-pen-ios/ios/RedPen/Features/Sources/SourcePreviewView.swift:237:76: warning: '+' was deprecated in iOS 26.0: Use string interpolation on `Text` instead: `Text("Hello \(name)")`
        return Text(before) + Text(match).bold().foregroundColor(modeTint) + Text(after)
                                                                           ^
/Users/runner/work/red-pen-ios/red-pen-ios/ios/RedPen/Features/Sources/SourcePreviewView.swift:237:29: warning: '+' was deprecated in iOS 26.0: Use string interpolation on `Text` instead: `Text("Hello \(name)")`
        return Text(before) + Text(match).bold().foregroundColor(modeTint) + Text(after)
                            ^

SwiftDriver\ Compilation RedPen normal arm64 com.apple.xcode.tools.swift.compiler (in target 'RedPen' from project 'RedPen')
    cd /Users/runner/work/red-pen-ios/red-pen-ios/ios
    builtin-Swift-Compilation -- /Applications/Xcode_26.6.app/Contents/Developer/Toolchains/XcodeDefault.xctoolchain/usr/bin/swiftc -module-name RedPen -O -whole-module-optimization @/Users/runner/work/red-pen-ios/red-pen-ios/ios/build/Build/Intermediates.noindex/RedPen.build/Release-iphoneos/RedPen.build/Objects-normal/arm64/RedPen.SwiftFileList -cxx-interoperability-mode\=default -enable-bare-slash-regex -enable-experimental-feature DebugDescriptionMacro -sdk /Applications/Xcode_26.6.app/Contents/Developer/Platforms/iPhoneOS.platform/Developer/SDKs/iPhoneOS26.5.sdk -target arm64-apple-ios26.0 -g -module-cache-path /Users/runner/work/red-pen-ios/red-pen-ios/ios/build/ModuleCache.noindex -Xfrontend -serialize-debugging-options -swift-version 5 -I /Users/runner/work/red-pen-ios/red-pen-ios/ios/build/Build/Products/Release-iphoneos -F /Users/runner/work/red-pen-ios/red-pen-ios/ios/build/Build/Products/Release-iphoneos/PackageFrameworks -F /Users/runner/work/red-pen-ios/red-pen-ios/ios/build/Build/Products/Release-iphoneos/PackageFrameworks -F /Users/runner/work/red-pen-ios/red-pen-ios/ios/build/Build/Products/Release-iphoneos/PackageFrameworks -F /Users/runner/work/red-pen-ios/red-pen-ios/ios/build/Build/Products/Release-iphoneos/PackageFrameworks -F /Users/runner/work/red-pen-ios/red-pen-ios/ios/build/Build/Products/Release-iphoneos/PackageFrameworks -F /Users/runner/work/red-pen-ios/red-pen-ios/ios/build/Build/Products/Release-iphoneos/PackageFrameworks -F /Users/runner/work/red-pen-ios/red-pen-ios/ios/build/Build/Products/Release-iphoneos/PackageFrameworks -F /Users/runner/work/red-pen-ios/red-pen-ios/ios/build/Build/Products/Release-iphoneos/PackageFrameworks -F /Users/runner/work/red-pen-ios/red-pen-ios/ios/build/Build/Products/Release-iphoneos/PackageFrameworks -F /Users/runner/work/red-pen-ios/red-pen-ios/ios/build/Build/Products/Release-iphoneos -Xfrontend -load-plugin-executable -Xfrontend /Users/runner/work/red-pen-ios/red-pen-ios/ios/build/Build/Products/Release/LocalLLMClientMacrosPlugin\#LocalLLMClientMacrosPlugin -c -num-threads 3 -Xcc -ivfsstatcache -Xcc /Users/runner/work/red-pen-ios/red-pen-ios/ios/build/SDKStatCaches.noindex/iphoneos26.5-23F81a-688ef53f1462e2c8f657fdc38a81448fee66e23052a0157c865c76b268046726.sdkstatcache -output-file-map /Users/runner/work/red-pen-ios/red-pen-ios/ios/build/Build/Intermediates.noindex/RedPen.build/Release-iphoneos/RedPen.build/Objects-normal/arm64/RedPen-OutputFileMap.json -use-frontend-parseable-output -save-temps -no-color-diagnostics -serialize-diagnostics -emit-dependencies -emit-module -emit-module-path /Users/runner/work/red-pen-ios/red-pen-ios/ios/build/Build/Intermediates.noindex/RedPen.build/Release-iphoneos/RedPen.build/Objects-normal/arm64/RedPen.swiftmodule -validate-clang-modules-once -clang-build-session-file /Users/runner/work/red-pen-ios/red-pen-ios/ios/build/ModuleCache.noindex/Session.modulevalidation -Xcc -I/Users/runner/work/red-pen-ios/red-pen-ios/ios/build/Build/Intermediates.noindex/RedPen.build/Release-iphoneos/RedPen.build/swift-overrides.hmap -emit-const-values -Xfrontend -const-gather-protocols-file -Xfrontend /Users/runner/work/red-pen-ios/red-pen-ios/ios/build/Build/Intermediates.noindex/RedPen.build/Release-iphoneos/RedPen.build/Objects-normal/arm64/RedPen_const_extract_protocols.json -Xcc -iquote -Xcc /Users/runner/work/red-pen-ios/red-pen-ios/ios/build/Build/Intermediates.noindex/RedPen.build/Release-iphoneos/RedPen.build/RedPen-generated-files.hmap -Xcc -I/Users/runner/work/red-pen-ios/red-pen-ios/ios/build/Build/Intermediates.noindex/RedPen.build/Release-iphoneos/RedPen.build/RedPen-own-target-headers.hmap -Xcc -I/Users/runner/work/red-pen-ios/red-pen-ios/ios/build/Build/Intermediates.noindex/RedPen.build/Release-iphoneos/RedPen.build/RedPen-all-non-framework-target-headers.hmap -Xcc -ivfsoverlay -Xcc /Users/runner/work/red-pen-ios/red-pen-ios/ios/build/Build/Intermediates.noindex/RedPen.build/Release-iphoneos/RedPen-599707e14dd5256a6604c828c0c573bf-VFS-iphoneos/all-product-headers.yaml -Xcc -iquote -Xcc /Users/runner/work/red-pen-ios/red-pen-ios/ios/build/Build/Intermediates.noindex/RedPen.build/Release-iphoneos/RedPen.build/RedPen-project-headers.hmap -Xcc -I/Users/runner/work/red-pen-ios/red-pen-ios/ios/build/SourcePackages/checkouts/LocalLLMClient/Sources/LocalLLMClientLlamaC/include -Xcc -I/Users/runner/work/red-pen-ios/red-pen-ios/ios/build/Build/Products/Release-iphoneos/include -Xcc -I/Users/runner/work/red-pen-ios/red-pen-ios/ios/build/Build/Intermediates.noindex/RedPen.build/Release-iphoneos/RedPen.build/DerivedSources-normal/arm64 -Xcc -I/Users/runner/work/red-pen-ios/red-pen-ios/ios/build/Build/Intermediates.noindex/RedPen.build/Release-iphoneos/RedPen.build/DerivedSources/arm64 -Xcc -I/Users/runner/work/red-pen-ios/red-pen-ios/ios/build/Build/Intermediates.noindex/RedPen.build/Release-iphoneos/RedPen.build/DerivedSources -emit-objc-header -emit-objc-header-path /Users/runner/work/red-pen-ios/red-pen-ios/ios/build/Build/Intermediates.noindex/RedPen.build/Release-iphoneos/RedPen.build/Objects-normal/arm64/RedPen-Swift.h -working-directory /Users/runner/work/red-pen-ios/red-pen-ios/ios -no-emit-module-separately-wmo

LinkAssetCatalog /Users/runner/work/red-pen-ios/red-pen-ios/ios/RedPen/Assets.xcassets (in target 'RedPen' from project 'RedPen')
    cd /Users/runner/work/red-pen-ios/red-pen-ios/ios
    builtin-linkAssetCatalog --thinned /Users/runner/work/red-pen-ios/red-pen-ios/ios/build/Build/Intermediates.noindex/RedPen.build/Release-iphoneos/RedPen.build/assetcatalog_output/thinned --thinned-dependencies /Users/runner/work/red-pen-ios/red-pen-ios/ios/build/Build/Intermediates.noindex/RedPen.build/Release-iphoneos/RedPen.build/assetcatalog_dependencies_thinned --thinned-info-plist-content /Users/runner/work/red-pen-ios/red-pen-ios/ios/build/Build/Intermediates.noindex/RedPen.build/Release-iphoneos/RedPen.build/assetcatalog_generated_info.plist_thinned --unthinned /Users/runner/work/red-pen-ios/red-pen-ios/ios/build/Build/Intermediates.noindex/RedPen.build/Release-iphoneos/RedPen.build/assetcatalog_output/unthinned --unthinned-dependencies /Users/runner/work/red-pen-ios/red-pen-ios/ios/build/Build/Intermediates.noindex/RedPen.build/Release-iphoneos/RedPen.build/assetcatalog_dependencies_unthinned --unthinned-info-plist-content /Users/runner/work/red-pen-ios/red-pen-ios/ios/build/Build/Intermediates.noindex/RedPen.build/Release-iphoneos/RedPen.build/assetcatalog_generated_info.plist_unthinned --output /Users/runner/work/red-pen-ios/red-pen-ios/ios/build/Build/Products/Release-iphoneos/RedPen.app --plist-output /Users/runner/work/red-pen-ios/red-pen-ios/ios/build/Build/Intermediates.noindex/RedPen.build/Release-iphoneos/RedPen.build/assetcatalog_generated_info.plist
note: Emplaced /Users/runner/work/red-pen-ios/red-pen-ios/ios/build/Build/Products/Release-iphoneos/RedPen.app/Assets.car (in target 'RedPen' from project 'RedPen')
note: Emplaced /Users/runner/work/red-pen-ios/red-pen-ios/ios/build/Build/Products/Release-iphoneos/RedPen.app/AppIcon60x60@2x.png (in target 'RedPen' from project 'RedPen')
note: Emplaced /Users/runner/work/red-pen-ios/red-pen-ios/ios/build/Build/Products/Release-iphoneos/RedPen.app/AppIcon76x76@2x~ipad.png (in target 'RedPen' from project 'RedPen')

ProcessInfoPlistFile /Users/runner/work/red-pen-ios/red-pen-ios/ios/build/Build/Products/Release-iphoneos/RedPen.app/Info.plist /Users/runner/work/red-pen-ios/red-pen-ios/ios/RedPen/Info.plist (in target 'RedPen' from project 'RedPen')
    cd /Users/runner/work/red-pen-ios/red-pen-ios/ios
    builtin-infoPlistUtility /Users/runner/work/red-pen-ios/red-pen-ios/ios/RedPen/Info.plist -producttype com.apple.product-type.application -genpkginfo /Users/runner/work/red-pen-ios/red-pen-ios/ios/build/Build/Products/Release-iphoneos/RedPen.app/PkgInfo -expandbuildsettings -format binary -platform iphoneos -additionalcontentfile /Users/runner/work/red-pen-ios/red-pen-ios/ios/build/Build/Intermediates.noindex/RedPen.build/Release-iphoneos/RedPen.build/assetcatalog_generated_info.plist -scanforprivacyfile /Users/runner/work/red-pen-ios/red-pen-ios/ios/build/Build/Products/Release-iphoneos/RedPen.app/Frameworks/llama.framework -scanforprivacyfile /Users/runner/work/red-pen-ios/red-pen-ios/ios/build/Build/Products/Release-iphoneos/RedPen.app/LocalLLMClient_LocalLLMClientLlama.bundle -requiredArchitecture arm64 -o /Users/runner/work/red-pen-ios/red-pen-ios/ios/build/Build/Products/Release-iphoneos/RedPen.app/Info.plist

SwiftDriverJobDiscovery normal arm64 Compiling Account.swift, AccountStore.swift, AccountView.swift, AccuracyCheckSheet.swift, AccuracyChecker.swift, AnkiCard.swift, AnkiCardFace.swift, AnkiReviewView.swift, AnkiScheduler.swift, ApkgExporter.swift, AuthAPI.swift, AuthRules.swift, BlobCache.swift, BlobRefs.swift, BookPages.swift, BookReaderView.swift, Brand.swift, CardEditSheets.swift, CardQuality.swift, CardsEditorView.swift, CaseChatView.swift, CaseSimulator.swift, Corrections.swift, DeckCard.swift, DeckExportIntents.swift, DeckPDF.swift, DeckPDFBlocks.swift, DeckPDFPages.swift, DeckPalette.swift, DocxText.swift, DueTodayView.swift, Entitlement.swift, Explanation.swift, FigureFinder.swift, FigureGrid.swift, FixWordSheet.swift, GemmaDownload.swift, GemmaGenerate.swift, GemmaModel.swift, Highlight.swift, HostedLLMClient.swift, ImageSpoiler.swift, Keychain.swift, LLMParsing.swift, LectureAudio.swift, LectureImporter.swift, LecturePDFSection.swift, LecturePlayer.swift, LectureTranscriber.swift, LectureWriterSection.swift, LibraryChrome.swift, LibraryRows.swift, LibrarySheets.swift, LibraryView.swift, LiquidGlass.swift, LocalLLMService.swift, MCQCoverage.swift, MCQEdit.swift, MCQGenerateForm.swift, MCQGenerator.swift, MCQPrompt.swift, MCQQuestion.swift, MCQQuizView.swift, MCQSummaryView.swift, MedicalGenerate.swift, MedicalModelCatalog.swift, ModeTabs.swift, ModelSettingsView.swift, NarrateAudioBar.swift, NarrateReading.swift, NarrateReviewView.swift, NarrateSegment.swift, NarrateWordFlow.swift, NewSetView.swift, OfficeIngest.swift, OnDeviceLearning.swift, OsceChecklist.swift, OsceGenerateSection.swift, OsceGenerator.swift, OsceReviewView.swift, OsceStations.swift, PDFExporter.swift, PDFOcclusion.swift, PaywallView.swift, PlainTextImport.swift, PptxText.swift, PreviewAccount.swift, PreviewExtras.swift, PreviewLaunch.swift, PronunciationLibrary.swift, PronunciationStore.swift, Provenance.swift, QACard.swift, QACardsView.swift, QuizFromCards.swift, RedPenApp.swift, RedPenOCR.swift, ReviewPlan.swift, ReviewStore.swift, ShareSheet.swift, SignInView.swift, SocialSignIn.swift, SoundKey.swift, SourceDoc.swift, SourceFiles.swift, SourceIngest.swift, SourcePageReader.swift, SourcePreviewView.swift, SourceSearch.swift, SourceText.swift, Store.swift, StoreSync.swift, StudySet.swift, SubscriptionStore.swift, SupportCenter.swift, SyncAPI.swift, SyncDoc.swift, SyncDocuments.swift, SyncEngine.swift, SyncMerge.swift, SyncPush.swift, SyncState.swift, Theme.swift, WordTiming.swift, Zip.swift, GeneratedAssetSymbols.swift (in target 'RedPen' from project 'RedPen')

SwiftDriver\ Compilation\ Requirements RedPen normal arm64 com.apple.xcode.tools.swift.compiler (in target 'RedPen' from project 'RedPen')
    cd /Users/runner/work/red-pen-ios/red-pen-ios/ios
    builtin-Swift-Compilation-Requirements -- /Applications/Xcode_26.6.app/Contents/Developer/Toolchains/XcodeDefault.xctoolchain/usr/bin/swiftc -module-name RedPen -O -whole-module-optimization @/Users/runner/work/red-pen-ios/red-pen-ios/ios/build/Build/Intermediates.noindex/RedPen.build/Release-iphoneos/RedPen.build/Objects-normal/arm64/RedPen.SwiftFileList -cxx-interoperability-mode\=default -enable-bare-slash-regex -enable-experimental-feature DebugDescriptionMacro -sdk /Applications/Xcode_26.6.app/Contents/Developer/Platforms/iPhoneOS.platform/Developer/SDKs/iPhoneOS26.5.sdk -target arm64-apple-ios26.0 -g -module-cache-path /Users/runner/work/red-pen-ios/red-pen-ios/ios/build/ModuleCache.noindex -Xfrontend -serialize-debugging-options -swift-version 5 -I /Users/runner/work/red-pen-ios/red-pen-ios/ios/build/Build/Products/Release-iphoneos -F /Users/runner/work/red-pen-ios/red-pen-ios/ios/build/Build/Products/Release-iphoneos/PackageFrameworks -F /Users/runner/work/red-pen-ios/red-pen-ios/ios/build/Build/Products/Release-iphoneos/PackageFrameworks -F /Users/runner/work/red-pen-ios/red-pen-ios/ios/build/Build/Products/Release-iphoneos/PackageFrameworks -F /Users/runner/work/red-pen-ios/red-pen-ios/ios/build/Build/Products/Release-iphoneos/PackageFrameworks -F /Users/runner/work/red-pen-ios/red-pen-ios/ios/build/Build/Products/Release-iphoneos/PackageFrameworks -F /Users/runner/work/red-pen-ios/red-pen-ios/ios/build/Build/Products/Release-iphoneos/PackageFrameworks -F /Users/runner/work/red-pen-ios/red-pen-ios/ios/build/Build/Products/Release-iphoneos/PackageFrameworks -F /Users/runner/work/red-pen-ios/red-pen-ios/ios/build/Build/Products/Release-iphoneos/PackageFrameworks -F /Users/runner/work/red-pen-ios/red-pen-ios/ios/build/Build/Products/Release-iphoneos/PackageFrameworks -F /Users/runner/work/red-pen-ios/red-pen-ios/ios/build/Build/Products/Release-iphoneos -Xfrontend -load-plugin-executable -Xfrontend /Users/runner/work/red-pen-ios/red-pen-ios/ios/build/Build/Products/Release/LocalLLMClientMacrosPlugin\#LocalLLMClientMacrosPlugin -c -num-threads 3 -Xcc -ivfsstatcache -Xcc /Users/runner/work/red-pen-ios/red-pen-ios/ios/build/SDKStatCaches.noindex/iphoneos26.5-23F81a-688ef53f1462e2c8f657fdc38a81448fee66e23052a0157c865c76b268046726.sdkstatcache -output-file-map /Users/runner/work/red-pen-ios/red-pen-ios/ios/build/Build/Intermediates.noindex/RedPen.build/Release-iphoneos/RedPen.build/Objects-normal/arm64/RedPen-OutputFileMap.json -use-frontend-parseable-output -save-temps -no-color-diagnostics -serialize-diagnostics -emit-dependencies -emit-module -emit-module-path /Users/runner/work/red-pen-ios/red-pen-ios/ios/build/Build/Intermediates.noindex/RedPen.build/Release-iphoneos/RedPen.build/Objects-normal/arm64/RedPen.swiftmodule -validate-clang-modules-once -clang-build-session-file /Users/runner/work/red-pen-ios/red-pen-ios/ios/build/ModuleCache.noindex/Session.modulevalidation -Xcc -I/Users/runner/work/red-pen-ios/red-pen-ios/ios/build/Build/Intermediates.noindex/RedPen.build/Release-iphoneos/RedPen.build/swift-overrides.hmap -emit-const-values -Xfrontend -const-gather-protocols-file -Xfrontend /Users/runner/work/red-pen-ios/red-pen-ios/ios/build/Build/Intermediates.noindex/RedPen.build/Release-iphoneos/RedPen.build/Objects-normal/arm64/RedPen_const_extract_protocols.json -Xcc -iquote -Xcc /Users/runner/work/red-pen-ios/red-pen-ios/ios/build/Build/Intermediates.noindex/RedPen.build/Release-iphoneos/RedPen.build/RedPen-generated-files.hmap -Xcc -I/Users/runner/work/red-pen-ios/red-pen-ios/ios/build/Build/Intermediates.noindex/RedPen.build/Release-iphoneos/RedPen.build/RedPen-own-target-headers.hmap -Xcc -I/Users/runner/work/red-pen-ios/red-pen-ios/ios/build/Build/Intermediates.noindex/RedPen.build/Release-iphoneos/RedPen.build/RedPen-all-non-framework-target-headers.hmap -Xcc -ivfsoverlay -Xcc /Users/runner/work/red-pen-ios/red-pen-ios/ios/build/Build/Intermediates.noindex/RedPen.build/Release-iphoneos/RedPen-599707e14dd5256a6604c828c0c573bf-VFS-iphoneos/all-product-headers.yaml -Xcc -iquote -Xcc /Users/runner/work/red-pen-ios/red-pen-ios/ios/build/Build/Intermediates.noindex/RedPen.build/Release-iphoneos/RedPen.build/RedPen-project-headers.hmap -Xcc -I/Users/runner/work/red-pen-ios/red-pen-ios/ios/build/SourcePackages/checkouts/LocalLLMClient/Sources/LocalLLMClientLlamaC/include -Xcc -I/Users/runner/work/red-pen-ios/red-pen-ios/ios/build/Build/Products/Release-iphoneos/include -Xcc -I/Users/runner/work/red-pen-ios/red-pen-ios/ios/build/Build/Intermediates.noindex/RedPen.build/Release-iphoneos/RedPen.build/DerivedSources-normal/arm64 -Xcc -I/Users/runner/work/red-pen-ios/red-pen-ios/ios/build/Build/Intermediates.noindex/RedPen.build/Release-iphoneos/RedPen.build/DerivedSources/arm64 -Xcc -I/Users/runner/work/red-pen-ios/red-pen-ios/ios/build/Build/Intermediates.noindex/RedPen.build/Release-iphoneos/RedPen.build/DerivedSources -emit-objc-header -emit-objc-header-path /Users/runner/work/red-pen-ios/red-pen-ios/ios/build/Build/Intermediates.noindex/RedPen.build/Release-iphoneos/RedPen.build/Objects-normal/arm64/RedPen-Swift.h -working-directory /Users/runner/work/red-pen-ios/red-pen-ios/ios -no-emit-module-separately-wmo

SwiftMergeGeneratedHeaders /Users/runner/work/red-pen-ios/red-pen-ios/ios/build/Build/Intermediates.noindex/RedPen.build/Release-iphoneos/RedPen.build/DerivedSources/RedPen-Swift.h /Users/runner/work/red-pen-ios/red-pen-ios/ios/build/Build/Intermediates.noindex/RedPen.build/Release-iphoneos/RedPen.build/Objects-normal/arm64/RedPen-Swift.h (in target 'RedPen' from project 'RedPen')
    cd /Users/runner/work/red-pen-ios/red-pen-ios/ios
    builtin-swiftHeaderTool -arch arm64 /Users/runner/work/red-pen-ios/red-pen-ios/ios/build/Build/Intermediates.noindex/RedPen.build/Release-iphoneos/RedPen.build/Objects-normal/arm64/RedPen-Swift.h -o /Users/runner/work/red-pen-ios/red-pen-ios/ios/build/Build/Intermediates.noindex/RedPen.build/Release-iphoneos/RedPen.build/DerivedSources/RedPen-Swift.h

Copy /Users/runner/work/red-pen-ios/red-pen-ios/ios/build/Build/Products/Release-iphoneos/RedPen.swiftmodule/arm64-apple-ios.swiftmodule /Users/runner/work/red-pen-ios/red-pen-ios/ios/build/Build/Intermediates.noindex/RedPen.build/Release-iphoneos/RedPen.build/Objects-normal/arm64/RedPen.swiftmodule (in target 'RedPen' from project 'RedPen')
    cd /Users/runner/work/red-pen-ios/red-pen-ios/ios
    builtin-copy -exclude .DS_Store -exclude CVS -exclude .svn -exclude .git -exclude .hg -resolve-src-symlinks -rename /Users/runner/work/red-pen-ios/red-pen-ios/ios/build/Build/Intermediates.noindex/RedPen.build/Release-iphoneos/RedPen.build/Objects-normal/arm64/RedPen.swiftmodule /Users/runner/work/red-pen-ios/red-pen-ios/ios/build/Build/Products/Release-iphoneos/RedPen.swiftmodule/arm64-apple-ios.swiftmodule

Copy /Users/runner/work/red-pen-ios/red-pen-ios/ios/build/Build/Products/Release-iphoneos/RedPen.swiftmodule/arm64-apple-ios.swiftdoc /Users/runner/work/red-pen-ios/red-pen-ios/ios/build/Build/Intermediates.noindex/RedPen.build/Release-iphoneos/RedPen.build/Objects-normal/arm64/RedPen.swiftdoc (in target 'RedPen' from project 'RedPen')
    cd /Users/runner/work/red-pen-ios/red-pen-ios/ios
    builtin-copy -exclude .DS_Store -exclude CVS -exclude .svn -exclude .git -exclude .hg -resolve-src-symlinks -rename /Users/runner/work/red-pen-ios/red-pen-ios/ios/build/Build/Intermediates.noindex/RedPen.build/Release-iphoneos/RedPen.build/Objects-normal/arm64/RedPen.swiftdoc /Users/runner/work/red-pen-ios/red-pen-ios/ios/build/Build/Products/Release-iphoneos/RedPen.swiftmodule/arm64-apple-ios.swiftdoc

Copy /Users/runner/work/red-pen-ios/red-pen-ios/ios/build/Build/Products/Release-iphoneos/RedPen.swiftmodule/arm64-apple-ios.abi.json /Users/runner/work/red-pen-ios/red-pen-ios/ios/build/Build/Intermediates.noindex/RedPen.build/Release-iphoneos/RedPen.build/Objects-normal/arm64/RedPen.abi.json (in target 'RedPen' from project 'RedPen')
    cd /Users/runner/work/red-pen-ios/red-pen-ios/ios
    builtin-copy -exclude .DS_Store -exclude CVS -exclude .svn -exclude .git -exclude .hg -resolve-src-symlinks -rename /Users/runner/work/red-pen-ios/red-pen-ios/ios/build/Build/Intermediates.noindex/RedPen.build/Release-iphoneos/RedPen.build/Objects-normal/arm64/RedPen.abi.json /Users/runner/work/red-pen-ios/red-pen-ios/ios/build/Build/Products/Release-iphoneos/RedPen.swiftmodule/arm64-apple-ios.abi.json

Copy /Users/runner/work/red-pen-ios/red-pen-ios/ios/build/Build/Products/Release-iphoneos/RedPen.swiftmodule/Project/arm64-apple-ios.swiftsourceinfo /Users/runner/work/red-pen-ios/red-pen-ios/ios/build/Build/Intermediates.noindex/RedPen.build/Release-iphoneos/RedPen.build/Objects-normal/arm64/RedPen.swiftsourceinfo (in target 'RedPen' from project 'RedPen')
    cd /Users/runner/work/red-pen-ios/red-pen-ios/ios
    builtin-copy -exclude .DS_Store -exclude CVS -exclude .svn -exclude .git -exclude .hg -resolve-src-symlinks -rename /Users/runner/work/red-pen-ios/red-pen-ios/ios/build/Build/Intermediates.noindex/RedPen.build/Release-iphoneos/RedPen.build/Objects-normal/arm64/RedPen.swiftsourceinfo /Users/runner/work/red-pen-ios/red-pen-ios/ios/build/Build/Products/Release-iphoneos/RedPen.swiftmodule/Project/arm64-apple-ios.swiftsourceinfo

Ld /Users/runner/work/red-pen-ios/red-pen-ios/ios/build/Build/Products/Release-iphoneos/RedPen.app/RedPen normal (in target 'RedPen' from project 'RedPen')
    cd /Users/runner/work/red-pen-ios/red-pen-ios/ios
    /Applications/Xcode_26.6.app/Contents/Developer/Toolchains/XcodeDefault.xctoolchain/usr/bin/clang -Xlinker -reproducible -target arm64-apple-ios26.0 -isysroot /Applications/Xcode_26.6.app/Contents/Developer/Platforms/iPhoneOS.platform/Developer/SDKs/iPhoneOS26.5.sdk -Os -L/Users/runner/work/red-pen-ios/red-pen-ios/ios/build/Build/Intermediates.noindex/EagerLinkingTBDs/Release-iphoneos -L/Users/runner/work/red-pen-ios/red-pen-ios/ios/build/Build/Products/Release-iphoneos -F/Users/runner/work/red-pen-ios/red-pen-ios/ios/build/Build/Intermediates.noindex/EagerLinkingTBDs/Release-iphoneos -F/Users/runner/work/red-pen-ios/red-pen-ios/ios/build/Build/Products/Release-iphoneos/PackageFrameworks -F/Users/runner/work/red-pen-ios/red-pen-ios/ios/build/Build/Products/Release-iphoneos/PackageFrameworks -F/Users/runner/work/red-pen-ios/red-pen-ios/ios/build/Build/Products/Release-iphoneos/PackageFrameworks -F/Users/runner/work/red-pen-ios/red-pen-ios/ios/build/Build/Products/Release-iphoneos/PackageFrameworks -F/Users/runner/work/red-pen-ios/red-pen-ios/ios/build/Build/Products/Release-iphoneos/PackageFrameworks -F/Users/runner/work/red-pen-ios/red-pen-ios/ios/build/Build/Products/Release-iphoneos/PackageFrameworks -F/Users/runner/work/red-pen-ios/red-pen-ios/ios/build/Build/Products/Release-iphoneos/PackageFrameworks -F/Users/runner/work/red-pen-ios/red-pen-ios/ios/build/Build/Products/Release-iphoneos/PackageFrameworks -F/Users/runner/work/red-pen-ios/red-pen-ios/ios/build/Build/Products/Release-iphoneos/PackageFrameworks -F/Users/runner/work/red-pen-ios/red-pen-ios/ios/build/Build/Products/Release-iphoneos -filelist /Users/runner/work/red-pen-ios/red-pen-ios/ios/build/Build/Intermediates.noindex/RedPen.build/Release-iphoneos/RedPen.build/Objects-normal/arm64/RedPen.LinkFileList -Xlinker -rpath -Xlinker @executable_path/Frameworks -Xlinker -dead_strip -Xlinker -object_path_lto -Xlinker /Users/runner/work/red-pen-ios/red-pen-ios/ios/build/Build/Intermediates.noindex/RedPen.build/Release-iphoneos/RedPen.build/Objects-normal/arm64/RedPen_lto.o -Xlinker -dependency_info -Xlinker /Users/runner/work/red-pen-ios/red-pen-ios/ios/build/Build/Intermediates.noindex/RedPen.build/Release-iphoneos/RedPen.build/Objects-normal/arm64/RedPen_dependency_info.dat -fobjc-link-runtime -L/Applications/Xcode_26.6.app/Contents/Developer/Toolchains/XcodeDefault.xctoolchain/usr/lib/swift/iphoneos -L/usr/lib/swift -Xlinker -add_ast_path -Xlinker /Users/runner/work/red-pen-ios/red-pen-ios/ios/build/Build/Intermediates.noindex/RedPen.build/Release-iphoneos/RedPen.build/Objects-normal/arm64/RedPen.swiftmodule -Wl,-no_warn_duplicate_libraries -Wl,-no_warn_duplicate_libraries -Wl,-no_warn_duplicate_libraries -Wl,-no_warn_duplicate_libraries -Wl,-no_warn_duplicate_libraries -lc++ -Wl,-no_warn_duplicate_libraries -Wl,-no_warn_duplicate_libraries -Wl,-no_warn_duplicate_libraries -Wl,-no_warn_duplicate_libraries -framework llama -o /Users/runner/work/red-pen-ios/red-pen-ios/ios/build/Build/Products/Release-iphoneos/RedPen.app/RedPen -Xlinker -add_ast_path -Xlinker /Users/runner/work/red-pen-ios/red-pen-ios/ios/build/Build/Intermediates.noindex/LocalLLMClient.build/Release-iphoneos/LocalLLMClient.build/Objects-normal/arm64/LocalLLMClient.swiftmodule -Xlinker -add_ast_path -Xlinker /Users/runner/work/red-pen-ios/red-pen-ios/ios/build/Build/Intermediates.noindex/LocalLLMClient.build/Release-iphoneos/LocalLLMClientUtility.build/Objects-normal/arm64/LocalLLMClientUtility.swiftmodule -Xlinker -add_ast_path -Xlinker /Users/runner/work/red-pen-ios/red-pen-ios/ios/build/Build/Intermediates.noindex/Jinja.build/Release-iphoneos/Jinja.build/Objects-normal/arm64/Jinja.swiftmodule -Xlinker -add_ast_path -Xlinker /Users/runner/work/red-pen-ios/red-pen-ios/ios/build/Build/Intermediates.noindex/swift-collections.build/Release-iphoneos/OrderedCollections.build/Objects-normal/arm64/OrderedCollections.swiftmodule -Xlinker -add_ast_path -Xlinker /Users/runner/work/red-pen-ios/red-pen-ios/ios/build/Build/Intermediates.noindex/swift-collections.build/Release-iphoneos/InternalCollectionsUtilities.build/Objects-normal/arm64/InternalCollectionsUtilities.swiftmodule -Xlinker -add_ast_path -Xlinker /Users/runner/work/red-pen-ios/red-pen-ios/ios/build/Build/Intermediates.noindex/LocalLLMClient.build/Release-iphoneos/LocalLLMClientCore.build/Objects-normal/arm64/LocalLLMClientCore.swiftmodule -Xlinker -add_ast_path -Xlinker /Users/runner/work/red-pen-ios/red-pen-ios/ios/build/Build/Intermediates.noindex/LocalLLMClient.build/Release-iphoneos/LocalLLMClientMacros.build/Objects-normal/arm64/LocalLLMClientMacros.swiftmodule -Xlinker -add_ast_path -Xlinker /Users/runner/work/red-pen-ios/red-pen-ios/ios/build/Build/Intermediates.noindex/LocalLLMClient.build/Release-iphoneos/LocalLLMClientLlama.build/Objects-normal/arm64/LocalLLMClientLlama.swiftmodule

CopySwiftLibs /Users/runner/work/red-pen-ios/red-pen-ios/ios/build/Build/Products/Release-iphoneos/RedPen.app (in target 'RedPen' from project 'RedPen')
    cd /Users/runner/work/red-pen-ios/red-pen-ios/ios
    builtin-swiftStdLibTool --copy --verbose --scan-executable /Users/runner/work/red-pen-ios/red-pen-ios/ios/build/Build/Products/Release-iphoneos/RedPen.app/RedPen --scan-folder /Users/runner/work/red-pen-ios/red-pen-ios/ios/build/Build/Products/Release-iphoneos/RedPen.app/Frameworks --scan-folder /Users/runner/work/red-pen-ios/red-pen-ios/ios/build/Build/Products/Release-iphoneos/RedPen.app/PlugIns --scan-folder /Users/runner/work/red-pen-ios/red-pen-ios/ios/build/Build/Products/Release-iphoneos/RedPen.app/SystemExtensions --scan-folder /Users/runner/work/red-pen-ios/red-pen-ios/ios/build/Build/Products/Release-iphoneos/RedPen.app/Extensions --platform iphoneos --toolchain /var/run/com.apple.security.cryptexd/mnt/com.apple.MobileAsset.MetalToolchain-v17.6.109.0.u2e75G/Metal.xctoolchain --toolchain /Applications/Xcode_26.6.app/Contents/Developer/Toolchains/XcodeDefault.xctoolchain --destination /Users/runner/work/red-pen-ios/red-pen-ios/ios/build/Build/Products/Release-iphoneos/RedPen.app/Frameworks --strip-bitcode --strip-bitcode-tool /Applications/Xcode_26.6.app/Contents/Developer/Toolchains/XcodeDefault.xctoolchain/usr/bin/bitcode_strip --emit-dependency-info /Users/runner/work/red-pen-ios/red-pen-ios/ios/build/Build/Intermediates.noindex/RedPen.build/Release-iphoneos/RedPen.build/SwiftStdLibToolInputDependencies.dep --filter-for-swift-os
Ignoring --strip-bitcode because --sign was not passed

ExtractAppIntentsMetadata (in target 'RedPen' from project 'RedPen')
    cd /Users/runner/work/red-pen-ios/red-pen-ios/ios
    /Applications/Xcode_26.6.app/Contents/Developer/Toolchains/XcodeDefault.xctoolchain/usr/bin/appintentsmetadataprocessor --toolchain-dir /var/run/com.apple.security.cryptexd/mnt/com.apple.MobileAsset.MetalToolchain-v17.6.109.0.u2e75G/Metal.xctoolchain --module-name RedPen --sdk-root /Applications/Xcode_26.6.app/Contents/Developer/Platforms/iPhoneOS.platform/Developer/SDKs/iPhoneOS26.5.sdk --xcode-version 17F113 --platform-family iOS --deployment-target 26.0 --bundle-identifier com.cramdown.app --output /Users/runner/work/red-pen-ios/red-pen-ios/ios/build/Build/Products/Release-iphoneos/RedPen.app --target-triple arm64-apple-ios26.0 --binary-file /Users/runner/work/red-pen-ios/red-pen-ios/ios/build/Build/Products/Release-iphoneos/RedPen.app/RedPen --dependency-file /Users/runner/work/red-pen-ios/red-pen-ios/ios/build/Build/Intermediates.noindex/RedPen.build/Release-iphoneos/RedPen.build/Objects-normal/arm64/RedPen_dependency_info.dat --stringsdata-file /Users/runner/work/red-pen-ios/red-pen-ios/ios/build/Build/Intermediates.noindex/RedPen.build/Release-iphoneos/RedPen.build/Objects-normal/arm64/ExtractedAppShortcutsMetadata.stringsdata --source-file-list /Users/runner/work/red-pen-ios/red-pen-ios/ios/build/Build/Intermediates.noindex/RedPen.build/Release-iphoneos/RedPen.build/Objects-normal/arm64/RedPen.SwiftFileList --metadata-file-list /Users/runner/work/red-pen-ios/red-pen-ios/ios/build/Build/Intermediates.noindex/RedPen.build/Release-iphoneos/RedPen.build/RedPen.DependencyMetadataFileList --static-metadata-file-list /Users/runner/work/red-pen-ios/red-pen-ios/ios/build/Build/Intermediates.noindex/RedPen.build/Release-iphoneos/RedPen.build/RedPen.DependencyStaticMetadataFileList --swift-const-vals-list /Users/runner/work/red-pen-ios/red-pen-ios/ios/build/Build/Intermediates.noindex/RedPen.build/Release-iphoneos/RedPen.build/Objects-normal/arm64/RedPen.SwiftConstValuesFileList --compile-time-extraction --deployment-aware-processing --validate-assistant-intents --no-app-shortcuts-localization
2026-09-23 12:37:57.694 appintentsmetadataprocessor[11607:36879] Starting appintentsmetadataprocessor export
2026-09-23 12:37:57.764 appintentsmetadataprocessor[11607:36879] Writing Metadata.appintents
2026-09-23 12:37:57.764 appintentsmetadataprocessor[11607:36879] Metadata root: /Users/runner/work/red-pen-ios/red-pen-ios/ios/build/Build/Products/Release-iphoneos/RedPen.app/Metadata.appintents

GenerateDSYMFile /Users/runner/work/red-pen-ios/red-pen-ios/ios/build/Build/Products/Release-iphoneos/RedPen.app.dSYM /Users/runner/work/red-pen-ios/red-pen-ios/ios/build/Build/Products/Release-iphoneos/RedPen.app/RedPen (in target 'RedPen' from project 'RedPen')
    cd /Users/runner/work/red-pen-ios/red-pen-ios/ios
    /Applications/Xcode_26.6.app/Contents/Developer/Toolchains/XcodeDefault.xctoolchain/usr/bin/dsymutil /Users/runner/work/red-pen-ios/red-pen-ios/ios/build/Build/Products/Release-iphoneos/RedPen.app/RedPen -o /Users/runner/work/red-pen-ios/red-pen-ios/ios/build/Build/Products/Release-iphoneos/RedPen.app.dSYM

AppIntentsSSUTraining (in target 'RedPen' from project 'RedPen')
    cd /Users/runner/work/red-pen-ios/red-pen-ios/ios
    /Applications/Xcode_26.6.app/Contents/Developer/Toolchains/XcodeDefault.xctoolchain/usr/bin/appintentsnltrainingprocessor --infoplist-path /Users/runner/work/red-pen-ios/red-pen-ios/ios/build/Build/Products/Release-iphoneos/RedPen.app/Info.plist --temp-dir-path /Users/runner/work/red-pen-ios/red-pen-ios/ios/build/Build/Intermediates.noindex/RedPen.build/Release-iphoneos/RedPen.build/ssu --bundle-id com.cramdown.app --product-path /Users/runner/work/red-pen-ios/red-pen-ios/ios/build/Build/Products/Release-iphoneos/RedPen.app --extracted-metadata-path /Users/runner/work/red-pen-ios/red-pen-ios/ios/build/Build/Products/Release-iphoneos/RedPen.app/Metadata.appintents --metadata-file-list /Users/runner/work/red-pen-ios/red-pen-ios/ios/build/Build/Intermediates.noindex/RedPen.build/Release-iphoneos/RedPen.build/RedPen.DependencyMetadataFileList --source-file /Users/runner/work/red-pen-ios/red-pen-ios/ios/build/Build/Products/Release-iphoneos/RedPen.app/Info.plist --archive-ssu-assets
2026-09-23 12:37:57.825 appintentsnltrainingprocessor[11618:36923] Parsing options for appintentsnltrainingprocessor
2026-09-23 12:37:57.826 appintentsnltrainingprocessor[11618:36923] Starting AppIntents SSU YAML Generation
2026-09-23 12:37:57.864 appintentsnltrainingprocessor[11618:36923] Training 'Export a deck from ${+applicationName}|Make a ${+applicationName} deck' for en
2026-09-23 12:37:57.864 appintentsnltrainingprocessor[11618:36923] Training 'Export every ${+applicationName} deck' for en
2026-09-23 12:37:57.864 appintentsnltrainingprocessor[11618:36923] Training Negative Phrases '' for en
2026-09-23 12:37:57.864 appintentsnltrainingprocessor[11618:36923] Application name 'CramDown' for en
2026-09-23 12:37:57.890 appintentsnltrainingprocessor[11618:36923] Generated AppIntents SSU YAML files in file:///Users/runner/work/red-pen-ios/red-pen-ios/ios/build/Build/Intermediates.noindex/RedPen.build/Release-iphoneos/RedPen.build/ssu/
2026-09-23 12:37:57.891 appintentsnltrainingprocessor[11618:36923] Copied AppIntents SSU YAML files to file:///Users/runner/work/red-pen-ios/red-pen-ios/ios/build/Build/Products/Release-iphoneos/RedPen.app/Metadata.appintents/
Archiving all locales.
[------------------------------------------------------------] 0% archiving en[🁢🁢🁢🁢🁢🁢🁢🁢🁢🁢🁢🁢🁢🁢🁢🁢🁢🁢🁢🁢🁢🁢🁢🁢🁢🁢🁢🁢🁢🁢🁢🁢🁢🁢🁢🁢🁢🁢🁢🁢🁢🁢🁢🁢🁢🁢🁢🁢🁢🁢🁢🁢🁢🁢🁢🁢🁢🁢🁢🁢] 100% archived en[🁢🁢🁢🁢🁢🁢🁢🁢🁢🁢🁢🁢🁢🁢🁢🁢🁢🁢🁢🁢🁢🁢🁢🁢🁢🁢🁢🁢🁢🁢🁢🁢🁢🁢🁢🁢🁢🁢🁢🁢🁢🁢🁢🁢🁢🁢🁢🁢🁢🁢🁢🁢🁢🁢🁢🁢🁢🁢🁢🁢] 100% archived 1 locales/Users/runner/work/red-pen-ios/red-pen-ios/ios/build/Build/Products/Release-iphoneos/RedPen.app/Metadata.appintents/nlu
/Users/runner/work/red-pen-ios/red-pen-ios/ios/build/Build/Products/Release-iphoneos/RedPen.app/Metadata.appintents/nlu/dd5c923a972702ac102591f23a122f9e.version


RegisterExecutionPolicyException /Users/runner/work/red-pen-ios/red-pen-ios/ios/build/Build/Products/Release-iphoneos/RedPen.app (in target 'RedPen' from project 'RedPen')
    cd /Users/runner/work/red-pen-ios/red-pen-ios/ios
    builtin-RegisterExecutionPolicyException /Users/runner/work/red-pen-ios/red-pen-ios/ios/build/Build/Products/Release-iphoneos/RedPen.app

Validate /Users/runner/work/red-pen-ios/red-pen-ios/ios/build/Build/Products/Release-iphoneos/RedPen.app (in target 'RedPen' from project 'RedPen')
    cd /Users/runner/work/red-pen-ios/red-pen-ios/ios
    builtin-validationUtility /Users/runner/work/red-pen-ios/red-pen-ios/ios/build/Build/Products/Release-iphoneos/RedPen.app -shallow-bundle -infoplist-subpath Info.plist

Touch /Users/runner/work/red-pen-ios/red-pen-ios/ios/build/Build/Products/Release-iphoneos/RedPen.app (in target 'RedPen' from project 'RedPen')
    cd /Users/runner/work/red-pen-ios/red-pen-ios/ios
    /usr/bin/touch -c /Users/runner/work/red-pen-ios/red-pen-ios/ios/build/Build/Products/Release-iphoneos/RedPen.app

** BUILD SUCCEEDED **

