Command line invocation:
    /Applications/Xcode_26.6.app/Contents/Developer/usr/bin/xcodebuild -project RedPen.xcodeproj -scheme RedPen -configuration Debug -destination id=A2011F14-88A1-46AA-999A-FD6FEDCD870B -derivedDataPath build -skipMacroValidation -skipPackagePluginValidation SWIFT_ENABLE_EXPLICIT_MODULES=NO CLANG_ENABLE_EXPLICIT_MODULES=NO CODE_SIGNING_ALLOWED=NO build

Build settings from command line:
    CLANG_ENABLE_EXPLICIT_MODULES = NO
    CODE_SIGNING_ALLOWED = NO
    SWIFT_ENABLE_EXPLICIT_MODULES = NO

Resolve Package Graph

Fetching from https://github.com/tattn/LocalLLMClient.git

Fetching from https://github.com/ml-explore/mlx-swift-lm

Fetching from https://github.com/huggingface/swift-transformers

Fetching from https://github.com/swiftlang/swift-syntax

Fetching from https://github.com/huggingface/swift-jinja

Fetching from https://github.com/ml-explore/mlx-swift

Fetching from https://github.com/apple/swift-numerics

Fetching from https://github.com/apple/swift-argument-parser

Fetching from https://github.com/apple/swift-crypto.git

Fetching from https://github.com/ibireme/yyjson.git

Fetching from https://github.com/apple/swift-collections.git

Fetching from https://github.com/huggingface/swift-huggingface.git

Fetching from https://github.com/mattt/EventSource.git

Fetching from https://github.com/apple/swift-asn1.git

Creating working copy of package ‘swift-syntax’

Checking out 603.0.2 of package ‘swift-syntax’

Creating working copy of package ‘swift-asn1’

Checking out 1.7.3 of package ‘swift-asn1’

Creating working copy of package ‘swift-numerics’

Checking out 1.1.1 of package ‘swift-numerics’

Creating working copy of package ‘swift-crypto’

Checking out 4.5.2 of package ‘swift-crypto’

Creating working copy of package ‘LocalLLMClient’

Checking out main (b68f712) of package ‘LocalLLMClient’

Creating working copy of package ‘swift-huggingface’

Checking out 0.10.2 of package ‘swift-huggingface’

Creating working copy of package ‘swift-argument-parser’

Checking out 1.8.2 of package ‘swift-argument-parser’

Creating working copy of package ‘swift-collections’

Checking out 1.6.0 of package ‘swift-collections’

Creating working copy of package ‘mlx-swift’

Checking out 0.31.6 of package ‘mlx-swift’

Creating working copy of package ‘swift-jinja’

Checking out 2.5.1 of package ‘swift-jinja’

Creating working copy of package ‘swift-transformers’

Checking out 1.3.4 of package ‘swift-transformers’

Creating working copy of package ‘EventSource’

Checking out 1.5.1 of package ‘EventSource’

Creating working copy of package ‘mlx-swift-lm’

Checking out 3.31.4 of package ‘mlx-swift-lm’

Creating working copy of package ‘yyjson’

Checking out 0.12.0 of package ‘yyjson’

Downloading package prebuilt https://download.swift.org/prebuilts/swift-syntax/603.0.2/swiftlang-6.3.3.1.3-macosx26.5-MacroSupport.zip


Resolved source packages:
  swift-crypto: https://github.com/apple/swift-crypto.git @ 4.5.2
  swift-transformers: https://github.com/huggingface/swift-transformers @ 1.3.4
  swift-collections: https://github.com/apple/swift-collections.git @ 1.6.0
  swift-syntax: https://github.com/swiftlang/swift-syntax @ 603.0.2
  swift-numerics: https://github.com/apple/swift-numerics @ 1.1.1
  swift-asn1: https://github.com/apple/swift-asn1.git @ 1.7.3
  mlx-swift-lm: https://github.com/ml-explore/mlx-swift-lm @ 3.31.4
  LocalLLMClient: https://github.com/tattn/LocalLLMClient.git @ main (b68f712)
  Jinja: https://github.com/huggingface/swift-jinja @ 2.5.1
  yyjson: https://github.com/ibireme/yyjson.git @ 0.12.0
  EventSource: https://github.com/mattt/EventSource.git @ 1.5.1
  mlx-swift: https://github.com/ml-explore/mlx-swift @ 0.31.6
  swift-huggingface: https://github.com/huggingface/swift-huggingface.git @ 0.10.2
  swift-argument-parser: https://github.com/apple/swift-argument-parser @ 1.8.2

--- xcodebuild: WARNING: Using the first of multiple matching destinations:
{ platform:iOS Simulator, arch:arm64, id:A2011F14-88A1-46AA-999A-FD6FEDCD870B, OS:26.5, name:iPad Pro 13-inch (M5) }
{ platform:iOS Simulator, arch:x86_64, id:A2011F14-88A1-46AA-999A-FD6FEDCD870B, OS:26.5, name:iPad Pro 13-inch (M5) }
ComputePackagePrebuildTargetDependencyGraph

Prepare packages

CreateBuildRequest

SendProjectDescription

CreateBuildOperation

ComputeTargetDependencyGraph
note: Building targets in dependency order
note: Target dependency graph (16 targets)
    Target 'RedPen' in project 'RedPen'
        ➜ Explicit dependency on target 'LocalLLMClient' in project 'LocalLLMClient'
        ➜ Explicit dependency on target 'LocalLLMClientLlama' in project 'LocalLLMClient'
    Target 'LocalLLMClientLlama' in project 'LocalLLMClient'
        ➜ Explicit dependency on target 'LocalLLMClientLlama' in project 'LocalLLMClient'
        ➜ Explicit dependency on target 'LocalLLMClient_LocalLLMClientLlama' in project 'LocalLLMClient'
        ➜ Explicit dependency on target 'LocalLLMClientUtility' in project 'LocalLLMClient'
        ➜ Explicit dependency on target 'LocalLLMClientCore' in project 'LocalLLMClient'
        ➜ Explicit dependency on target 'LocalLLMClientLlamaC' in project 'LocalLLMClient'
        ➜ Explicit dependency on target 'Jinja' in project 'Jinja'
    Target 'LocalLLMClientLlama' in project 'LocalLLMClient'
        ➜ Explicit dependency on target 'LocalLLMClient_LocalLLMClientLlama' in project 'LocalLLMClient'
        ➜ Explicit dependency on target 'LocalLLMClientUtility' in project 'LocalLLMClient'
        ➜ Explicit dependency on target 'LocalLLMClientCore' in project 'LocalLLMClient'
        ➜ Explicit dependency on target 'LocalLLMClientLlamaC' in project 'LocalLLMClient'
        ➜ Explicit dependency on target 'Jinja' in project 'Jinja'
    Target 'LocalLLMClientLlamaC' in project 'LocalLLMClient' (no dependencies)
    Target 'LocalLLMClient_LocalLLMClientLlama' in project 'LocalLLMClient' (no dependencies)
    Target 'LocalLLMClient' in project 'LocalLLMClient'
        ➜ Explicit dependency on target 'LocalLLMClient' in project 'LocalLLMClient'
        ➜ Explicit dependency on target 'LocalLLMClientUtility' in project 'LocalLLMClient'
        ➜ Explicit dependency on target 'LocalLLMClientCore' in project 'LocalLLMClient'
        ➜ Explicit dependency on target 'LocalLLMClientMacrosPlugin' in project 'LocalLLMClient'
        ➜ Explicit dependency on target 'LocalLLMClientMacros' in project 'LocalLLMClient'
        ➜ Explicit dependency on target 'Jinja' in project 'Jinja'
    Target 'LocalLLMClient' in project 'LocalLLMClient'
        ➜ Explicit dependency on target 'LocalLLMClientUtility' in project 'LocalLLMClient'
        ➜ Explicit dependency on target 'LocalLLMClientCore' in project 'LocalLLMClient'
        ➜ Explicit dependency on target 'LocalLLMClientMacrosPlugin' in project 'LocalLLMClient'
        ➜ Explicit dependency on target 'LocalLLMClientMacros' in project 'LocalLLMClient'
        ➜ Explicit dependency on target 'Jinja' in project 'Jinja'
    Target 'LocalLLMClientMacros' in project 'LocalLLMClient'
        ➜ Explicit dependency on target 'LocalLLMClientMacrosPlugin' in project 'LocalLLMClient'
        ➜ Explicit dependency on target 'LocalLLMClientUtility' in project 'LocalLLMClient'
        ➜ Explicit dependency on target 'LocalLLMClientCore' in project 'LocalLLMClient'
        ➜ Explicit dependency on target 'Jinja' in project 'Jinja'
    Target 'LocalLLMClientMacrosPlugin' in project 'LocalLLMClient' (no dependencies)
    Target 'LocalLLMClientCore' in project 'LocalLLMClient'
        ➜ Explicit dependency on target 'LocalLLMClientUtility' in project 'LocalLLMClient'
        ➜ Explicit dependency on target 'Jinja' in project 'Jinja'
    Target 'Jinja' in project 'Jinja'
        ➜ Explicit dependency on target 'Jinja' in project 'Jinja'
        ➜ Explicit dependency on target 'OrderedCollections' in project 'swift-collections'
    Target 'Jinja' in project 'Jinja'
        ➜ Explicit dependency on target 'OrderedCollections' in project 'swift-collections'
    Target 'OrderedCollections' in project 'swift-collections'
        ➜ Explicit dependency on target 'OrderedCollections' in project 'swift-collections'
        ➜ Explicit dependency on target 'InternalCollectionsUtilities' in project 'swift-collections'
    Target 'OrderedCollections' in project 'swift-collections'
        ➜ Explicit dependency on target 'InternalCollectionsUtilities' in project 'swift-collections'
    Target 'InternalCollectionsUtilities' in project 'swift-collections' (no dependencies)
    Target 'LocalLLMClientUtility' in project 'LocalLLMClient' (no dependencies)

GatherProvisioningInputs

CreateBuildDescription

ExecuteExternalTool /Applications/Xcode_26.6.app/Contents/Developer/Toolchains/XcodeDefault.xctoolchain/usr/bin/swiftc --version

ExecuteExternalTool /Applications/Xcode_26.6.app/Contents/Developer/Toolchains/XcodeDefault.xctoolchain/usr/bin/clang -v -E -dM -arch arm64 -isysroot /Applications/Xcode_26.6.app/Contents/Developer/Platforms/iPhoneSimulator.platform/Developer/SDKs/iPhoneSimulator26.5.sdk -x c++ -c /dev/null

ExecuteExternalTool /Applications/Xcode_26.6.app/Contents/Developer/usr/bin/actool --print-asset-tag-combinations --output-format xml1 /Users/runner/work/red-pen-ios/red-pen-ios/ios/RedPen/Assets.xcassets

ExecuteExternalTool /Applications/Xcode_26.6.app/Contents/Developer/Toolchains/XcodeDefault.xctoolchain/usr/bin/clang -v -E -dM -isysroot /Applications/Xcode_26.6.app/Contents/Developer/Platforms/iPhoneSimulator.platform/Developer/SDKs/iPhoneSimulator26.5.sdk -x c -c /dev/null

ExecuteExternalTool /Applications/Xcode_26.6.app/Contents/Developer/Toolchains/XcodeDefault.xctoolchain/usr/bin/clang -v -E -dM -isysroot /Applications/Xcode_26.6.app/Contents/Developer/Platforms/MacOSX.platform/Developer/SDKs/MacOSX26.5.sdk -x c -c /dev/null

ExecuteExternalTool /Applications/Xcode_26.6.app/Contents/Developer/Toolchains/XcodeDefault.xctoolchain/usr/bin/clang -v -E -dM -arch arm64 -isysroot /Applications/Xcode_26.6.app/Contents/Developer/Platforms/iPhoneSimulator.platform/Developer/SDKs/iPhoneSimulator26.5.sdk -x c -c /dev/null

ExecuteExternalTool /Applications/Xcode_26.6.app/Contents/Developer/Toolchains/XcodeDefault.xctoolchain/usr/bin/ld -version_details

ReadFileContents /Applications/Xcode_26.6.app/Contents/Developer/Toolchains/XcodeDefault.xctoolchain/usr/share/docc/features.json

ExecuteExternalTool /Applications/Xcode_26.6.app/Contents/Developer/usr/bin/actool --version --output-format xml1

Build description signature: 564e344dc46a60fe1040d6b5b5cf8633
Build description path: /Users/runner/work/red-pen-ios/red-pen-ios/ios/build/Build/Intermediates.noindex/XCBuildData/564e344dc46a60fe1040d6b5b5cf8633.xcbuilddata
ClangStatCache /Applications/Xcode_26.6.app/Contents/Developer/Toolchains/XcodeDefault.xctoolchain/usr/bin/clang-stat-cache /Applications/Xcode_26.6.app/Contents/Developer/Platforms/iPhoneSimulator.platform/Developer/SDKs/iPhoneSimulator26.5.sdk /Users/runner/work/red-pen-ios/red-pen-ios/ios/build/SDKStatCaches.noindex/iphonesimulator26.5-23F81a-688ef53f1462e2c8f657fdc38a81448ff45c64a1807a658693f2a61704f17a36.sdkstatcache
    cd /Users/runner/work/red-pen-ios/red-pen-ios/ios/RedPen.xcodeproj
    /Applications/Xcode_26.6.app/Contents/Developer/Toolchains/XcodeDefault.xctoolchain/usr/bin/clang-stat-cache /Applications/Xcode_26.6.app/Contents/Developer/Platforms/iPhoneSimulator.platform/Developer/SDKs/iPhoneSimulator26.5.sdk -o /Users/runner/work/red-pen-ios/red-pen-ios/ios/build/SDKStatCaches.noindex/iphonesimulator26.5-23F81a-688ef53f1462e2c8f657fdc38a81448ff45c64a1807a658693f2a61704f17a36.sdkstatcache

ClangStatCache /Applications/Xcode_26.6.app/Contents/Developer/Toolchains/XcodeDefault.xctoolchain/usr/bin/clang-stat-cache /Applications/Xcode_26.6.app/Contents/Developer/Platforms/MacOSX.platform/Developer/SDKs/MacOSX26.5.sdk /Users/runner/work/red-pen-ios/red-pen-ios/ios/build/SDKStatCaches.noindex/macosx26.5-25F70-688ef53f1462e2c8f657fdc38a81448fee0e6409aa6676c5e6c013d148225433.sdkstatcache
    cd /Users/runner/work/red-pen-ios/red-pen-ios/ios/RedPen.xcodeproj
    /Applications/Xcode_26.6.app/Contents/Developer/Toolchains/XcodeDefault.xctoolchain/usr/bin/clang-stat-cache /Applications/Xcode_26.6.app/Contents/Developer/Platforms/MacOSX.platform/Developer/SDKs/MacOSX26.5.sdk -o /Users/runner/work/red-pen-ios/red-pen-ios/ios/build/SDKStatCaches.noindex/macosx26.5-25F70-688ef53f1462e2c8f657fdc38a81448fee0e6409aa6676c5e6c013d148225433.sdkstatcache

CreateBuildDirectory /Users/runner/work/red-pen-ios/red-pen-ios/ios/build/Build/Products
    cd /Users/runner/work/red-pen-ios/red-pen-ios/ios/RedPen.xcodeproj
    builtin-create-build-directory /Users/runner/work/red-pen-ios/red-pen-ios/ios/build/Build/Products

CreateBuildDirectory /Users/runner/work/red-pen-ios/red-pen-ios/ios/build/Build/Intermediates.noindex
    cd /Users/runner/work/red-pen-ios/red-pen-ios/ios/RedPen.xcodeproj
    builtin-create-build-directory /Users/runner/work/red-pen-ios/red-pen-ios/ios/build/Build/Intermediates.noindex

WriteAuxiliaryFile /Users/runner/work/red-pen-ios/red-pen-ios/ios/build/Build/Intermediates.noindex/RedPen.build/Debug-iphonesimulator/RedPen-599707e14dd5256a6604c828c0c573bf-VFS-iphonesimulator/all-product-headers.yaml
    cd /Users/runner/work/red-pen-ios/red-pen-ios/ios/RedPen.xcodeproj
    write-file /Users/runner/work/red-pen-ios/red-pen-ios/ios/build/Build/Intermediates.noindex/RedPen.build/Debug-iphonesimulator/RedPen-599707e14dd5256a6604c828c0c573bf-VFS-iphonesimulator/all-product-headers.yaml

CreateBuildDirectory /Users/runner/work/red-pen-ios/red-pen-ios/ios/build/Build/Products/Debug-iphonesimulator
    cd /Users/runner/work/red-pen-ios/red-pen-ios/ios/RedPen.xcodeproj
    builtin-create-build-directory /Users/runner/work/red-pen-ios/red-pen-ios/ios/build/Build/Products/Debug-iphonesimulator

CreateBuildDirectory /Users/runner/work/red-pen-ios/red-pen-ios/ios/build/Build/Products/Debug
    cd /Users/runner/work/red-pen-ios/red-pen-ios/ios/RedPen.xcodeproj
    builtin-create-build-directory /Users/runner/work/red-pen-ios/red-pen-ios/ios/build/Build/Products/Debug

ProcessXCFramework /Users/runner/work/red-pen-ios/red-pen-ios/ios/build/SourcePackages/artifacts/localllmclient/LocalLLMClientLlamaFramework/llama.xcframework /Users/runner/work/red-pen-ios/red-pen-ios/ios/build/Build/Products/Debug-iphonesimulator/llama.framework ios simulator
    cd /Users/runner/work/red-pen-ios/red-pen-ios/ios/RedPen.xcodeproj
    builtin-process-xcframework --xcframework /Users/runner/work/red-pen-ios/red-pen-ios/ios/build/SourcePackages/artifacts/localllmclient/LocalLLMClientLlamaFramework/llama.xcframework --platform ios --environment simulator --target-path /Users/runner/work/red-pen-ios/red-pen-ios/ios/build/Build/Products/Debug-iphonesimulator

CreateBuildDirectory /Users/runner/work/red-pen-ios/red-pen-ios/ios/build/Build/Products/Debug/PackageFrameworks
    cd /Users/runner/work/red-pen-ios/red-pen-ios/ios/RedPen.xcodeproj
    builtin-create-build-directory /Users/runner/work/red-pen-ios/red-pen-ios/ios/build/Build/Products/Debug/PackageFrameworks

CreateBuildDirectory /Users/runner/work/red-pen-ios/red-pen-ios/ios/build/Build/Products/Debug-iphonesimulator/PackageFrameworks
    cd /Users/runner/work/red-pen-ios/red-pen-ios/ios/RedPen.xcodeproj
    builtin-create-build-directory /Users/runner/work/red-pen-ios/red-pen-ios/ios/build/Build/Products/Debug-iphonesimulator/PackageFrameworks

CreateBuildDirectory /Users/runner/work/red-pen-ios/red-pen-ios/ios/build/Build/Intermediates.noindex/SwiftExplicitPrecompiledModules
    cd /Users/runner/work/red-pen-ios/red-pen-ios/ios/RedPen.xcodeproj
    builtin-create-build-directory /Users/runner/work/red-pen-ios/red-pen-ios/ios/build/Build/Intermediates.noindex/SwiftExplicitPrecompiledModules

CreateBuildDirectory /Users/runner/work/red-pen-ios/red-pen-ios/ios/build/Build/Intermediates.noindex/ExplicitPrecompiledModules
    cd /Users/runner/work/red-pen-ios/red-pen-ios/ios/RedPen.xcodeproj
    builtin-create-build-directory /Users/runner/work/red-pen-ios/red-pen-ios/ios/build/Build/Intermediates.noindex/ExplicitPrecompiledModules

CreateBuildDirectory /Users/runner/work/red-pen-ios/red-pen-ios/ios/build/Build/Intermediates.noindex/EagerLinkingTBDs/Debug-iphonesimulator
    cd /Users/runner/work/red-pen-ios/red-pen-ios/ios/RedPen.xcodeproj
    builtin-create-build-directory /Users/runner/work/red-pen-ios/red-pen-ios/ios/build/Build/Intermediates.noindex/EagerLinkingTBDs/Debug-iphonesimulator

CreateBuildDirectory /Users/runner/work/red-pen-ios/red-pen-ios/ios/build/Build/Intermediates.noindex/EagerLinkingTBDs/Debug
    cd /Users/runner/work/red-pen-ios/red-pen-ios/ios/RedPen.xcodeproj
    builtin-create-build-directory /Users/runner/work/red-pen-ios/red-pen-ios/ios/build/Build/Intermediates.noindex/EagerLinkingTBDs/Debug

WriteAuxiliaryFile /Users/runner/work/red-pen-ios/red-pen-ios/ios/build/Build/Intermediates.noindex/RedPen.build/Debug-iphonesimulator/RedPen.build/RedPen.hmap (in target 'RedPen' from project 'RedPen')
    cd /Users/runner/work/red-pen-ios/red-pen-ios/ios
    write-file /Users/runner/work/red-pen-ios/red-pen-ios/ios/build/Build/Intermediates.noindex/RedPen.build/Debug-iphonesimulator/RedPen.build/RedPen.hmap

WriteAuxiliaryFile /Users/runner/work/red-pen-ios/red-pen-ios/ios/build/Build/Intermediates.noindex/RedPen.build/Debug-iphonesimulator/RedPen.build/RedPen.DependencyStaticMetadataFileList (in target 'RedPen' from project 'RedPen')
    cd /Users/runner/work/red-pen-ios/red-pen-ios/ios
    write-file /Users/runner/work/red-pen-ios/red-pen-ios/ios/build/Build/Intermediates.noindex/RedPen.build/Debug-iphonesimulator/RedPen.build/RedPen.DependencyStaticMetadataFileList

WriteAuxiliaryFile /Users/runner/work/red-pen-ios/red-pen-ios/ios/build/Build/Intermediates.noindex/RedPen.build/Debug-iphonesimulator/RedPen.build/RedPen.DependencyMetadataFileList (in target 'RedPen' from project 'RedPen')
    cd /Users/runner/work/red-pen-ios/red-pen-ios/ios
    write-file /Users/runner/work/red-pen-ios/red-pen-ios/ios/build/Build/Intermediates.noindex/RedPen.build/Debug-iphonesimulator/RedPen.build/RedPen.DependencyMetadataFileList

WriteAuxiliaryFile /Users/runner/work/red-pen-ios/red-pen-ios/ios/build/Build/Intermediates.noindex/RedPen.build/Debug-iphonesimulator/RedPen.build/RedPen-project-headers.hmap (in target 'RedPen' from project 'RedPen')
    cd /Users/runner/work/red-pen-ios/red-pen-ios/ios
    write-file /Users/runner/work/red-pen-ios/red-pen-ios/ios/build/Build/Intermediates.noindex/RedPen.build/Debug-iphonesimulator/RedPen.build/RedPen-project-headers.hmap

WriteAuxiliaryFile /Users/runner/work/red-pen-ios/red-pen-ios/ios/build/Build/Intermediates.noindex/RedPen.build/Debug-iphonesimulator/RedPen.build/RedPen-own-target-headers.hmap (in target 'RedPen' from project 'RedPen')
    cd /Users/runner/work/red-pen-ios/red-pen-ios/ios
    write-file /Users/runner/work/red-pen-ios/red-pen-ios/ios/build/Build/Intermediates.noindex/RedPen.build/Debug-iphonesimulator/RedPen.build/RedPen-own-target-headers.hmap

WriteAuxiliaryFile /Users/runner/work/red-pen-ios/red-pen-ios/ios/build/Build/Intermediates.noindex/RedPen.build/Debug-iphonesimulator/RedPen.build/RedPen-generated-files.hmap (in target 'RedPen' from project 'RedPen')
    cd /Users/runner/work/red-pen-ios/red-pen-ios/ios
    write-file /Users/runner/work/red-pen-ios/red-pen-ios/ios/build/Build/Intermediates.noindex/RedPen.build/Debug-iphonesimulator/RedPen.build/RedPen-generated-files.hmap

WriteAuxiliaryFile /Users/runner/work/red-pen-ios/red-pen-ios/ios/build/Build/Intermediates.noindex/RedPen.build/Debug-iphonesimulator/RedPen.build/RedPen-all-target-headers.hmap (in target 'RedPen' from project 'RedPen')
    cd /Users/runner/work/red-pen-ios/red-pen-ios/ios
    write-file /Users/runner/work/red-pen-ios/red-pen-ios/ios/build/Build/Intermediates.noindex/RedPen.build/Debug-iphonesimulator/RedPen.build/RedPen-all-target-headers.hmap

WriteAuxiliaryFile /Users/runner/work/red-pen-ios/red-pen-ios/ios/build/Build/Intermediates.noindex/RedPen.build/Debug-iphonesimulator/RedPen.build/RedPen-all-non-framework-target-headers.hmap (in target 'RedPen' from project 'RedPen')
    cd /Users/runner/work/red-pen-ios/red-pen-ios/ios
    write-file /Users/runner/work/red-pen-ios/red-pen-ios/ios/build/Build/Intermediates.noindex/RedPen.build/Debug-iphonesimulator/RedPen.build/RedPen-all-non-framework-target-headers.hmap

WriteAuxiliaryFile /Users/runner/work/red-pen-ios/red-pen-ios/ios/build/Build/Intermediates.noindex/RedPen.build/Debug-iphonesimulator/RedPen.build/RedPen-DebugDylibPath-normal-arm64.txt (in target 'RedPen' from project 'RedPen')
    cd /Users/runner/work/red-pen-ios/red-pen-ios/ios
    write-file /Users/runner/work/red-pen-ios/red-pen-ios/ios/build/Build/Intermediates.noindex/RedPen.build/Debug-iphonesimulator/RedPen.build/RedPen-DebugDylibPath-normal-arm64.txt

WriteAuxiliaryFile /Users/runner/work/red-pen-ios/red-pen-ios/ios/build/Build/Intermediates.noindex/RedPen.build/Debug-iphonesimulator/RedPen.build/RedPen-DebugDylibInstallName-normal-arm64.txt (in target 'RedPen' from project 'RedPen')
    cd /Users/runner/work/red-pen-ios/red-pen-ios/ios
    write-file /Users/runner/work/red-pen-ios/red-pen-ios/ios/build/Build/Intermediates.noindex/RedPen.build/Debug-iphonesimulator/RedPen.build/RedPen-DebugDylibInstallName-normal-arm64.txt

WriteAuxiliaryFile /Users/runner/work/red-pen-ios/red-pen-ios/ios/build/Build/Intermediates.noindex/RedPen.build/Debug-iphonesimulator/RedPen.build/Objects-normal/arm64/RedPen_const_extract_protocols.json (in target 'RedPen' from project 'RedPen')
    cd /Users/runner/work/red-pen-ios/red-pen-ios/ios
    write-file /Users/runner/work/red-pen-ios/red-pen-ios/ios/build/Build/Intermediates.noindex/RedPen.build/Debug-iphonesimulator/RedPen.build/Objects-normal/arm64/RedPen_const_extract_protocols.json

WriteAuxiliaryFile /Users/runner/work/red-pen-ios/red-pen-ios/ios/build/Build/Intermediates.noindex/RedPen.build/Debug-iphonesimulator/RedPen.build/Objects-normal/arm64/RedPen.SwiftFileList (in target 'RedPen' from project 'RedPen')
    cd /Users/runner/work/red-pen-ios/red-pen-ios/ios
    write-file /Users/runner/work/red-pen-ios/red-pen-ios/ios/build/Build/Intermediates.noindex/RedPen.build/Debug-iphonesimulator/RedPen.build/Objects-normal/arm64/RedPen.SwiftFileList

WriteAuxiliaryFile /Users/runner/work/red-pen-ios/red-pen-ios/ios/build/Build/Intermediates.noindex/RedPen.build/Debug-iphonesimulator/RedPen.build/Objects-normal/arm64/RedPen.SwiftConstValuesFileList (in target 'RedPen' from project 'RedPen')
    cd /Users/runner/work/red-pen-ios/red-pen-ios/ios
    write-file /Users/runner/work/red-pen-ios/red-pen-ios/ios/build/Build/Intermediates.noindex/RedPen.build/Debug-iphonesimulator/RedPen.build/Objects-normal/arm64/RedPen.SwiftConstValuesFileList

WriteAuxiliaryFile /Users/runner/work/red-pen-ios/red-pen-ios/ios/build/Build/Intermediates.noindex/RedPen.build/Debug-iphonesimulator/RedPen.build/Objects-normal/arm64/RedPen.LinkFileList (in target 'RedPen' from project 'RedPen')
    cd /Users/runner/work/red-pen-ios/red-pen-ios/ios
    write-file /Users/runner/work/red-pen-ios/red-pen-ios/ios/build/Build/Intermediates.noindex/RedPen.build/Debug-iphonesimulator/RedPen.build/Objects-normal/arm64/RedPen.LinkFileList

WriteAuxiliaryFile /Users/runner/work/red-pen-ios/red-pen-ios/ios/build/Build/Intermediates.noindex/RedPen.build/Debug-iphonesimulator/RedPen.build/Objects-normal/arm64/RedPen-OutputFileMap.json (in target 'RedPen' from project 'RedPen')
    cd /Users/runner/work/red-pen-ios/red-pen-ios/ios
    write-file /Users/runner/work/red-pen-ios/red-pen-ios/ios/build/Build/Intermediates.noindex/RedPen.build/Debug-iphonesimulator/RedPen.build/Objects-normal/arm64/RedPen-OutputFileMap.json

WriteAuxiliaryFile /Users/runner/work/red-pen-ios/red-pen-ios/ios/build/Build/Intermediates.noindex/swift-collections.build/Debug-iphonesimulator/OrderedCollections.build/OrderedCollections.modulemap (in target 'OrderedCollections' from project 'swift-collections')
    cd /Users/runner/work/red-pen-ios/red-pen-ios/ios/build/SourcePackages/checkouts/swift-collections
    write-file /Users/runner/work/red-pen-ios/red-pen-ios/ios/build/Build/Intermediates.noindex/swift-collections.build/Debug-iphonesimulator/OrderedCollections.build/OrderedCollections.modulemap

WriteAuxiliaryFile /Users/runner/work/red-pen-ios/red-pen-ios/ios/build/Build/Intermediates.noindex/swift-collections.build/Debug-iphonesimulator/OrderedCollections.build/OrderedCollections.DependencyStaticMetadataFileList (in target 'OrderedCollections' from project 'swift-collections')
    cd /Users/runner/work/red-pen-ios/red-pen-ios/ios/build/SourcePackages/checkouts/swift-collections
    write-file /Users/runner/work/red-pen-ios/red-pen-ios/ios/build/Build/Intermediates.noindex/swift-collections.build/Debug-iphonesimulator/OrderedCollections.build/OrderedCollections.DependencyStaticMetadataFileList

WriteAuxiliaryFile /Users/runner/work/red-pen-ios/red-pen-ios/ios/build/Build/Intermediates.noindex/swift-collections.build/Debug-iphonesimulator/OrderedCollections.build/OrderedCollections.DependencyMetadataFileList (in target 'OrderedCollections' from project 'swift-collections')
    cd /Users/runner/work/red-pen-ios/red-pen-ios/ios/build/SourcePackages/checkouts/swift-collections
    write-file /Users/runner/work/red-pen-ios/red-pen-ios/ios/build/Build/Intermediates.noindex/swift-collections.build/Debug-iphonesimulator/OrderedCollections.build/OrderedCollections.DependencyMetadataFileList

WriteAuxiliaryFile /Users/runner/work/red-pen-ios/red-pen-ios/ios/build/Build/Intermediates.noindex/swift-collections.build/Debug-iphonesimulator/OrderedCollections.build/Objects-normal/arm64/OrderedCollections_const_extract_protocols.json (in target 'OrderedCollections' from project 'swift-collections')
    cd /Users/runner/work/red-pen-ios/red-pen-ios/ios/build/SourcePackages/checkouts/swift-collections
    write-file /Users/runner/work/red-pen-ios/red-pen-ios/ios/build/Build/Intermediates.noindex/swift-collections.build/Debug-iphonesimulator/OrderedCollections.build/Objects-normal/arm64/OrderedCollections_const_extract_protocols.json

WriteAuxiliaryFile /Users/runner/work/red-pen-ios/red-pen-ios/ios/build/Build/Intermediates.noindex/swift-collections.build/Debug-iphonesimulator/OrderedCollections.build/Objects-normal/arm64/OrderedCollections.SwiftFileList (in target 'OrderedCollections' from project 'swift-collections')
    cd /Users/runner/work/red-pen-ios/red-pen-ios/ios/build/SourcePackages/checkouts/swift-collections
    write-file /Users/runner/work/red-pen-ios/red-pen-ios/ios/build/Build/Intermediates.noindex/swift-collections.build/Debug-iphonesimulator/OrderedCollections.build/Objects-normal/arm64/OrderedCollections.SwiftFileList

WriteAuxiliaryFile /Users/runner/work/red-pen-ios/red-pen-ios/ios/build/Build/Intermediates.noindex/swift-collections.build/Debug-iphonesimulator/OrderedCollections.build/Objects-normal/arm64/OrderedCollections.SwiftConstValuesFileList (in target 'OrderedCollections' from project 'swift-collections')
    cd /Users/runner/work/red-pen-ios/red-pen-ios/ios/build/SourcePackages/checkouts/swift-collections
    write-file /Users/runner/work/red-pen-ios/red-pen-ios/ios/build/Build/Intermediates.noindex/swift-collections.build/Debug-iphonesimulator/OrderedCollections.build/Objects-normal/arm64/OrderedCollections.SwiftConstValuesFileList

WriteAuxiliaryFile /Users/runner/work/red-pen-ios/red-pen-ios/ios/build/Build/Intermediates.noindex/swift-collections.build/Debug-iphonesimulator/OrderedCollections.build/Objects-normal/arm64/OrderedCollections.LinkFileList (in target 'OrderedCollections' from project 'swift-collections')
    cd /Users/runner/work/red-pen-ios/red-pen-ios/ios/build/SourcePackages/checkouts/swift-collections
    write-file /Users/runner/work/red-pen-ios/red-pen-ios/ios/build/Build/Intermediates.noindex/swift-collections.build/Debug-iphonesimulator/OrderedCollections.build/Objects-normal/arm64/OrderedCollections.LinkFileList

WriteAuxiliaryFile /Users/runner/work/red-pen-ios/red-pen-ios/ios/build/Build/Intermediates.noindex/swift-collections.build/Debug-iphonesimulator/OrderedCollections.build/Objects-normal/arm64/OrderedCollections-OutputFileMap.json (in target 'OrderedCollections' from project 'swift-collections')
    cd /Users/runner/work/red-pen-ios/red-pen-ios/ios/build/SourcePackages/checkouts/swift-collections
    write-file /Users/runner/work/red-pen-ios/red-pen-ios/ios/build/Build/Intermediates.noindex/swift-collections.build/Debug-iphonesimulator/OrderedCollections.build/Objects-normal/arm64/OrderedCollections-OutputFileMap.json

Copy /Users/runner/work/red-pen-ios/red-pen-ios/ios/build/Build/Intermediates.noindex/GeneratedModuleMaps-iphonesimulator/OrderedCollections.modulemap /Users/runner/work/red-pen-ios/red-pen-ios/ios/build/Build/Intermediates.noindex/swift-collections.build/Debug-iphonesimulator/OrderedCollections.build/OrderedCollections.modulemap (in target 'OrderedCollections' from project 'swift-collections')
    cd /Users/runner/work/red-pen-ios/red-pen-ios/ios/build/SourcePackages/checkouts/swift-collections
    builtin-copy -exclude .DS_Store -exclude CVS -exclude .svn -exclude .git -exclude .hg -resolve-src-symlinks /Users/runner/work/red-pen-ios/red-pen-ios/ios/build/Build/Intermediates.noindex/swift-collections.build/Debug-iphonesimulator/OrderedCollections.build/OrderedCollections.modulemap /Users/runner/work/red-pen-ios/red-pen-ios/ios/build/Build/Intermediates.noindex/GeneratedModuleMaps-iphonesimulator

MkDir /Users/runner/work/red-pen-ios/red-pen-ios/ios/build/Build/Products/Debug-iphonesimulator/RedPen.app/Frameworks (in target 'RedPen' from project 'RedPen')
    cd /Users/runner/work/red-pen-ios/red-pen-ios/ios
    /bin/mkdir -p /Users/runner/work/red-pen-ios/red-pen-ios/ios/build/Build/Products/Debug-iphonesimulator/RedPen.app/Frameworks

MkDir /Users/runner/work/red-pen-ios/red-pen-ios/ios/build/Build/Products/Debug-iphonesimulator/RedPen.app (in target 'RedPen' from project 'RedPen')
    cd /Users/runner/work/red-pen-ios/red-pen-ios/ios
    /bin/mkdir -p /Users/runner/work/red-pen-ios/red-pen-ios/ios/build/Build/Products/Debug-iphonesimulator/RedPen.app

WriteAuxiliaryFile /Users/runner/work/red-pen-ios/red-pen-ios/ios/build/Build/Intermediates.noindex/LocalLLMClient.build/Debug-iphonesimulator/LocalLLMClient_LocalLLMClientLlama.build/empty-LocalLLMClient_LocalLLMClientLlama.plist (in target 'LocalLLMClient_LocalLLMClientLlama' from project 'LocalLLMClient')
    cd /Users/runner/work/red-pen-ios/red-pen-ios/ios/build/SourcePackages/checkouts/LocalLLMClient
    write-file /Users/runner/work/red-pen-ios/red-pen-ios/ios/build/Build/Intermediates.noindex/LocalLLMClient.build/Debug-iphonesimulator/LocalLLMClient_LocalLLMClientLlama.build/empty-LocalLLMClient_LocalLLMClientLlama.plist

WriteAuxiliaryFile /Users/runner/work/red-pen-ios/red-pen-ios/ios/build/Build/Intermediates.noindex/LocalLLMClient.build/Debug-iphonesimulator/LocalLLMClient_LocalLLMClientLlama.build/LocalLLMClient_LocalLLMClientLlama.DependencyStaticMetadataFileList (in target 'LocalLLMClient_LocalLLMClientLlama' from project 'LocalLLMClient')
    cd /Users/runner/work/red-pen-ios/red-pen-ios/ios/build/SourcePackages/checkouts/LocalLLMClient
    write-file /Users/runner/work/red-pen-ios/red-pen-ios/ios/build/Build/Intermediates.noindex/LocalLLMClient.build/Debug-iphonesimulator/LocalLLMClient_LocalLLMClientLlama.build/LocalLLMClient_LocalLLMClientLlama.DependencyStaticMetadataFileList

WriteAuxiliaryFile /Users/runner/work/red-pen-ios/red-pen-ios/ios/build/Build/Intermediates.noindex/LocalLLMClient.build/Debug-iphonesimulator/LocalLLMClient_LocalLLMClientLlama.build/LocalLLMClient_LocalLLMClientLlama.DependencyMetadataFileList (in target 'LocalLLMClient_LocalLLMClientLlama' from project 'LocalLLMClient')
    cd /Users/runner/work/red-pen-ios/red-pen-ios/ios/build/SourcePackages/checkouts/LocalLLMClient
    write-file /Users/runner/work/red-pen-ios/red-pen-ios/ios/build/Build/Intermediates.noindex/LocalLLMClient.build/Debug-iphonesimulator/LocalLLMClient_LocalLLMClientLlama.build/LocalLLMClient_LocalLLMClientLlama.DependencyMetadataFileList

MkDir /Users/runner/work/red-pen-ios/red-pen-ios/ios/build/Build/Products/Debug-iphonesimulator/LocalLLMClient_LocalLLMClientLlama.bundle (in target 'LocalLLMClient_LocalLLMClientLlama' from project 'LocalLLMClient')
    cd /Users/runner/work/red-pen-ios/red-pen-ios/ios/build/SourcePackages/checkouts/LocalLLMClient
    /bin/mkdir -p /Users/runner/work/red-pen-ios/red-pen-ios/ios/build/Build/Products/Debug-iphonesimulator/LocalLLMClient_LocalLLMClientLlama.bundle

WriteAuxiliaryFile /Users/runner/work/red-pen-ios/red-pen-ios/ios/build/Build/Intermediates.noindex/LocalLLMClient.build/Debug-iphonesimulator/LocalLLMClientUtility.build/Objects-normal/arm64/LocalLLMClientUtility_const_extract_protocols.json (in target 'LocalLLMClientUtility' from project 'LocalLLMClient')
    cd /Users/runner/work/red-pen-ios/red-pen-ios/ios/build/SourcePackages/checkouts/LocalLLMClient
    write-file /Users/runner/work/red-pen-ios/red-pen-ios/ios/build/Build/Intermediates.noindex/LocalLLMClient.build/Debug-iphonesimulator/LocalLLMClientUtility.build/Objects-normal/arm64/LocalLLMClientUtility_const_extract_protocols.json

WriteAuxiliaryFile /Users/runner/work/red-pen-ios/red-pen-ios/ios/build/Build/Intermediates.noindex/LocalLLMClient.build/Debug-iphonesimulator/LocalLLMClientUtility.build/Objects-normal/arm64/LocalLLMClientUtility.SwiftFileList (in target 'LocalLLMClientUtility' from project 'LocalLLMClient')
    cd /Users/runner/work/red-pen-ios/red-pen-ios/ios/build/SourcePackages/checkouts/LocalLLMClient
    write-file /Users/runner/work/red-pen-ios/red-pen-ios/ios/build/Build/Intermediates.noindex/LocalLLMClient.build/Debug-iphonesimulator/LocalLLMClientUtility.build/Objects-normal/arm64/LocalLLMClientUtility.SwiftFileList

WriteAuxiliaryFile /Users/runner/work/red-pen-ios/red-pen-ios/ios/build/Build/Intermediates.noindex/LocalLLMClient.build/Debug-iphonesimulator/LocalLLMClientUtility.build/Objects-normal/arm64/LocalLLMClientUtility.SwiftConstValuesFileList (in target 'LocalLLMClientUtility' from project 'LocalLLMClient')
    cd /Users/runner/work/red-pen-ios/red-pen-ios/ios/build/SourcePackages/checkouts/LocalLLMClient
    write-file /Users/runner/work/red-pen-ios/red-pen-ios/ios/build/Build/Intermediates.noindex/LocalLLMClient.build/Debug-iphonesimulator/LocalLLMClientUtility.build/Objects-normal/arm64/LocalLLMClientUtility.SwiftConstValuesFileList

WriteAuxiliaryFile /Users/runner/work/red-pen-ios/red-pen-ios/ios/build/Build/Intermediates.noindex/LocalLLMClient.build/Debug-iphonesimulator/LocalLLMClientUtility.build/Objects-normal/arm64/LocalLLMClientUtility.LinkFileList (in target 'LocalLLMClientUtility' from project 'LocalLLMClient')
    cd /Users/runner/work/red-pen-ios/red-pen-ios/ios/build/SourcePackages/checkouts/LocalLLMClient
    write-file /Users/runner/work/red-pen-ios/red-pen-ios/ios/build/Build/Intermediates.noindex/LocalLLMClient.build/Debug-iphonesimulator/LocalLLMClientUtility.build/Objects-normal/arm64/LocalLLMClientUtility.LinkFileList

WriteAuxiliaryFile /Users/runner/work/red-pen-ios/red-pen-ios/ios/build/Build/Intermediates.noindex/LocalLLMClient.build/Debug-iphonesimulator/LocalLLMClientUtility.build/Objects-normal/arm64/LocalLLMClientUtility-OutputFileMap.json (in target 'LocalLLMClientUtility' from project 'LocalLLMClient')
    cd /Users/runner/work/red-pen-ios/red-pen-ios/ios/build/SourcePackages/checkouts/LocalLLMClient
    write-file /Users/runner/work/red-pen-ios/red-pen-ios/ios/build/Build/Intermediates.noindex/LocalLLMClient.build/Debug-iphonesimulator/LocalLLMClientUtility.build/Objects-normal/arm64/LocalLLMClientUtility-OutputFileMap.json

WriteAuxiliaryFile /Users/runner/work/red-pen-ios/red-pen-ios/ios/build/Build/Intermediates.noindex/LocalLLMClient.build/Debug-iphonesimulator/LocalLLMClientUtility.build/LocalLLMClientUtility.modulemap (in target 'LocalLLMClientUtility' from project 'LocalLLMClient')
    cd /Users/runner/work/red-pen-ios/red-pen-ios/ios/build/SourcePackages/checkouts/LocalLLMClient
    write-file /Users/runner/work/red-pen-ios/red-pen-ios/ios/build/Build/Intermediates.noindex/LocalLLMClient.build/Debug-iphonesimulator/LocalLLMClientUtility.build/LocalLLMClientUtility.modulemap

WriteAuxiliaryFile /Users/runner/work/red-pen-ios/red-pen-ios/ios/build/Build/Intermediates.noindex/LocalLLMClient.build/Debug-iphonesimulator/LocalLLMClientUtility.build/LocalLLMClientUtility.DependencyStaticMetadataFileList (in target 'LocalLLMClientUtility' from project 'LocalLLMClient')
    cd /Users/runner/work/red-pen-ios/red-pen-ios/ios/build/SourcePackages/checkouts/LocalLLMClient
    write-file /Users/runner/work/red-pen-ios/red-pen-ios/ios/build/Build/Intermediates.noindex/LocalLLMClient.build/Debug-iphonesimulator/LocalLLMClientUtility.build/LocalLLMClientUtility.DependencyStaticMetadataFileList

WriteAuxiliaryFile /Users/runner/work/red-pen-ios/red-pen-ios/ios/build/Build/Intermediates.noindex/LocalLLMClient.build/Debug-iphonesimulator/LocalLLMClientUtility.build/LocalLLMClientUtility.DependencyMetadataFileList (in target 'LocalLLMClientUtility' from project 'LocalLLMClient')
    cd /Users/runner/work/red-pen-ios/red-pen-ios/ios/build/SourcePackages/checkouts/LocalLLMClient
    write-file /Users/runner/work/red-pen-ios/red-pen-ios/ios/build/Build/Intermediates.noindex/LocalLLMClient.build/Debug-iphonesimulator/LocalLLMClientUtility.build/LocalLLMClientUtility.DependencyMetadataFileList

Copy /Users/runner/work/red-pen-ios/red-pen-ios/ios/build/Build/Intermediates.noindex/GeneratedModuleMaps-iphonesimulator/LocalLLMClientUtility.modulemap /Users/runner/work/red-pen-ios/red-pen-ios/ios/build/Build/Intermediates.noindex/LocalLLMClient.build/Debug-iphonesimulator/LocalLLMClientUtility.build/LocalLLMClientUtility.modulemap (in target 'LocalLLMClientUtility' from project 'LocalLLMClient')
    cd /Users/runner/work/red-pen-ios/red-pen-ios/ios/build/SourcePackages/checkouts/LocalLLMClient
    builtin-copy -exclude .DS_Store -exclude CVS -exclude .svn -exclude .git -exclude .hg -resolve-src-symlinks /Users/runner/work/red-pen-ios/red-pen-ios/ios/build/Build/Intermediates.noindex/LocalLLMClient.build/Debug-iphonesimulator/LocalLLMClientUtility.build/LocalLLMClientUtility.modulemap /Users/runner/work/red-pen-ios/red-pen-ios/ios/build/Build/Intermediates.noindex/GeneratedModuleMaps-iphonesimulator

WriteAuxiliaryFile /Users/runner/work/red-pen-ios/red-pen-ios/ios/build/Build/Intermediates.noindex/LocalLLMClient.build/Debug/LocalLLMClientMacrosPlugin.build/Objects-normal/arm64/LocalLLMClientMacrosPlugin_const_extract_protocols.json (in target 'LocalLLMClientMacrosPlugin' from project 'LocalLLMClient')
    cd /Users/runner/work/red-pen-ios/red-pen-ios/ios/build/SourcePackages/checkouts/LocalLLMClient
    write-file /Users/runner/work/red-pen-ios/red-pen-ios/ios/build/Build/Intermediates.noindex/LocalLLMClient.build/Debug/LocalLLMClientMacrosPlugin.build/Objects-normal/arm64/LocalLLMClientMacrosPlugin_const_extract_protocols.json

WriteAuxiliaryFile /Users/runner/work/red-pen-ios/red-pen-ios/ios/build/Build/Intermediates.noindex/LocalLLMClient.build/Debug/LocalLLMClientMacrosPlugin.build/Objects-normal/arm64/LocalLLMClientMacrosPlugin.SwiftFileList (in target 'LocalLLMClientMacrosPlugin' from project 'LocalLLMClient')
    cd /Users/runner/work/red-pen-ios/red-pen-ios/ios/build/SourcePackages/checkouts/LocalLLMClient
    write-file /Users/runner/work/red-pen-ios/red-pen-ios/ios/build/Build/Intermediates.noindex/LocalLLMClient.build/Debug/LocalLLMClientMacrosPlugin.build/Objects-normal/arm64/LocalLLMClientMacrosPlugin.SwiftFileList

WriteAuxiliaryFile /Users/runner/work/red-pen-ios/red-pen-ios/ios/build/Build/Intermediates.noindex/LocalLLMClient.build/Debug/LocalLLMClientMacrosPlugin.build/Objects-normal/arm64/LocalLLMClientMacrosPlugin.LinkFileList (in target 'LocalLLMClientMacrosPlugin' from project 'LocalLLMClient')
    cd /Users/runner/work/red-pen-ios/red-pen-ios/ios/build/SourcePackages/checkouts/LocalLLMClient
    write-file /Users/runner/work/red-pen-ios/red-pen-ios/ios/build/Build/Intermediates.noindex/LocalLLMClient.build/Debug/LocalLLMClientMacrosPlugin.build/Objects-normal/arm64/LocalLLMClientMacrosPlugin.LinkFileList

WriteAuxiliaryFile /Users/runner/work/red-pen-ios/red-pen-ios/ios/build/Build/Intermediates.noindex/LocalLLMClient.build/Debug/LocalLLMClientMacrosPlugin.build/Objects-normal/arm64/LocalLLMClientMacrosPlugin-OutputFileMap.json (in target 'LocalLLMClientMacrosPlugin' from project 'LocalLLMClient')
    cd /Users/runner/work/red-pen-ios/red-pen-ios/ios/build/SourcePackages/checkouts/LocalLLMClient
    write-file /Users/runner/work/red-pen-ios/red-pen-ios/ios/build/Build/Intermediates.noindex/LocalLLMClient.build/Debug/LocalLLMClientMacrosPlugin.build/Objects-normal/arm64/LocalLLMClientMacrosPlugin-OutputFileMap.json

WriteAuxiliaryFile /Users/runner/work/red-pen-ios/red-pen-ios/ios/build/Build/Intermediates.noindex/LocalLLMClient.build/Debug/LocalLLMClientMacrosPlugin.build/LocalLLMClientMacrosPlugin.DependencyStaticMetadataFileList (in target 'LocalLLMClientMacrosPlugin' from project 'LocalLLMClient')
    cd /Users/runner/work/red-pen-ios/red-pen-ios/ios/build/SourcePackages/checkouts/LocalLLMClient
    write-file /Users/runner/work/red-pen-ios/red-pen-ios/ios/build/Build/Intermediates.noindex/LocalLLMClient.build/Debug/LocalLLMClientMacrosPlugin.build/LocalLLMClientMacrosPlugin.DependencyStaticMetadataFileList

WriteAuxiliaryFile /Users/runner/work/red-pen-ios/red-pen-ios/ios/build/Build/Intermediates.noindex/LocalLLMClient.build/Debug/LocalLLMClientMacrosPlugin.build/LocalLLMClientMacrosPlugin.DependencyMetadataFileList (in target 'LocalLLMClientMacrosPlugin' from project 'LocalLLMClient')
    cd /Users/runner/work/red-pen-ios/red-pen-ios/ios/build/SourcePackages/checkouts/LocalLLMClient
    write-file /Users/runner/work/red-pen-ios/red-pen-ios/ios/build/Build/Intermediates.noindex/LocalLLMClient.build/Debug/LocalLLMClientMacrosPlugin.build/LocalLLMClientMacrosPlugin.DependencyMetadataFileList

WriteAuxiliaryFile /Users/runner/work/red-pen-ios/red-pen-ios/ios/build/Build/Intermediates.noindex/LocalLLMClient.build/Debug-iphonesimulator/LocalLLMClientMacros.build/Objects-normal/arm64/LocalLLMClientMacros_const_extract_protocols.json (in target 'LocalLLMClientMacros' from project 'LocalLLMClient')
    cd /Users/runner/work/red-pen-ios/red-pen-ios/ios/build/SourcePackages/checkouts/LocalLLMClient
    write-file /Users/runner/work/red-pen-ios/red-pen-ios/ios/build/Build/Intermediates.noindex/LocalLLMClient.build/Debug-iphonesimulator/LocalLLMClientMacros.build/Objects-normal/arm64/LocalLLMClientMacros_const_extract_protocols.json

WriteAuxiliaryFile /Users/runner/work/red-pen-ios/red-pen-ios/ios/build/Build/Intermediates.noindex/LocalLLMClient.build/Debug-iphonesimulator/LocalLLMClientMacros.build/Objects-normal/arm64/LocalLLMClientMacros.SwiftFileList (in target 'LocalLLMClientMacros' from project 'LocalLLMClient')
    cd /Users/runner/work/red-pen-ios/red-pen-ios/ios/build/SourcePackages/checkouts/LocalLLMClient
    write-file /Users/runner/work/red-pen-ios/red-pen-ios/ios/build/Build/Intermediates.noindex/LocalLLMClient.build/Debug-iphonesimulator/LocalLLMClientMacros.build/Objects-normal/arm64/LocalLLMClientMacros.SwiftFileList

WriteAuxiliaryFile /Users/runner/work/red-pen-ios/red-pen-ios/ios/build/Build/Intermediates.noindex/LocalLLMClient.build/Debug-iphonesimulator/LocalLLMClientMacros.build/Objects-normal/arm64/LocalLLMClientMacros.SwiftConstValuesFileList (in target 'LocalLLMClientMacros' from project 'LocalLLMClient')
    cd /Users/runner/work/red-pen-ios/red-pen-ios/ios/build/SourcePackages/checkouts/LocalLLMClient
    write-file /Users/runner/work/red-pen-ios/red-pen-ios/ios/build/Build/Intermediates.noindex/LocalLLMClient.build/Debug-iphonesimulator/LocalLLMClientMacros.build/Objects-normal/arm64/LocalLLMClientMacros.SwiftConstValuesFileList

WriteAuxiliaryFile /Users/runner/work/red-pen-ios/red-pen-ios/ios/build/Build/Intermediates.noindex/LocalLLMClient.build/Debug-iphonesimulator/LocalLLMClientMacros.build/Objects-normal/arm64/LocalLLMClientMacros.LinkFileList (in target 'LocalLLMClientMacros' from project 'LocalLLMClient')
    cd /Users/runner/work/red-pen-ios/red-pen-ios/ios/build/SourcePackages/checkouts/LocalLLMClient
    write-file /Users/runner/work/red-pen-ios/red-pen-ios/ios/build/Build/Intermediates.noindex/LocalLLMClient.build/Debug-iphonesimulator/LocalLLMClientMacros.build/Objects-normal/arm64/LocalLLMClientMacros.LinkFileList

WriteAuxiliaryFile /Users/runner/work/red-pen-ios/red-pen-ios/ios/build/Build/Intermediates.noindex/LocalLLMClient.build/Debug-iphonesimulator/LocalLLMClientMacros.build/Objects-normal/arm64/LocalLLMClientMacros-OutputFileMap.json (in target 'LocalLLMClientMacros' from project 'LocalLLMClient')
    cd /Users/runner/work/red-pen-ios/red-pen-ios/ios/build/SourcePackages/checkouts/LocalLLMClient
    write-file /Users/runner/work/red-pen-ios/red-pen-ios/ios/build/Build/Intermediates.noindex/LocalLLMClient.build/Debug-iphonesimulator/LocalLLMClientMacros.build/Objects-normal/arm64/LocalLLMClientMacros-OutputFileMap.json

WriteAuxiliaryFile /Users/runner/work/red-pen-ios/red-pen-ios/ios/build/Build/Intermediates.noindex/LocalLLMClient.build/Debug-iphonesimulator/LocalLLMClientMacros.build/LocalLLMClientMacros.modulemap (in target 'LocalLLMClientMacros' from project 'LocalLLMClient')
    cd /Users/runner/work/red-pen-ios/red-pen-ios/ios/build/SourcePackages/checkouts/LocalLLMClient
    write-file /Users/runner/work/red-pen-ios/red-pen-ios/ios/build/Build/Intermediates.noindex/LocalLLMClient.build/Debug-iphonesimulator/LocalLLMClientMacros.build/LocalLLMClientMacros.modulemap

WriteAuxiliaryFile /Users/runner/work/red-pen-ios/red-pen-ios/ios/build/Build/Intermediates.noindex/LocalLLMClient.build/Debug-iphonesimulator/LocalLLMClientMacros.build/LocalLLMClientMacros.DependencyStaticMetadataFileList (in target 'LocalLLMClientMacros' from project 'LocalLLMClient')
    cd /Users/runner/work/red-pen-ios/red-pen-ios/ios/build/SourcePackages/checkouts/LocalLLMClient
    write-file /Users/runner/work/red-pen-ios/red-pen-ios/ios/build/Build/Intermediates.noindex/LocalLLMClient.build/Debug-iphonesimulator/LocalLLMClientMacros.build/LocalLLMClientMacros.DependencyStaticMetadataFileList

WriteAuxiliaryFile /Users/runner/work/red-pen-ios/red-pen-ios/ios/build/Build/Intermediates.noindex/LocalLLMClient.build/Debug-iphonesimulator/LocalLLMClientMacros.build/LocalLLMClientMacros.DependencyMetadataFileList (in target 'LocalLLMClientMacros' from project 'LocalLLMClient')
    cd /Users/runner/work/red-pen-ios/red-pen-ios/ios/build/SourcePackages/checkouts/LocalLLMClient
    write-file /Users/runner/work/red-pen-ios/red-pen-ios/ios/build/Build/Intermediates.noindex/LocalLLMClient.build/Debug-iphonesimulator/LocalLLMClientMacros.build/LocalLLMClientMacros.DependencyMetadataFileList

Copy /Users/runner/work/red-pen-ios/red-pen-ios/ios/build/Build/Intermediates.noindex/GeneratedModuleMaps-iphonesimulator/LocalLLMClientMacros.modulemap /Users/runner/work/red-pen-ios/red-pen-ios/ios/build/Build/Intermediates.noindex/LocalLLMClient.build/Debug-iphonesimulator/LocalLLMClientMacros.build/LocalLLMClientMacros.modulemap (in target 'LocalLLMClientMacros' from project 'LocalLLMClient')
    cd /Users/runner/work/red-pen-ios/red-pen-ios/ios/build/SourcePackages/checkouts/LocalLLMClient
    builtin-copy -exclude .DS_Store -exclude CVS -exclude .svn -exclude .git -exclude .hg -resolve-src-symlinks /Users/runner/work/red-pen-ios/red-pen-ios/ios/build/Build/Intermediates.noindex/LocalLLMClient.build/Debug-iphonesimulator/LocalLLMClientMacros.build/LocalLLMClientMacros.modulemap /Users/runner/work/red-pen-ios/red-pen-ios/ios/build/Build/Intermediates.noindex/GeneratedModuleMaps-iphonesimulator

WriteAuxiliaryFile /Users/runner/work/red-pen-ios/red-pen-ios/ios/build/Build/Intermediates.noindex/LocalLLMClient.build/Debug-iphonesimulator/LocalLLMClientLlamaC.build/Objects-normal/arm64/LocalLLMClientLlamaC.LinkFileList (in target 'LocalLLMClientLlamaC' from project 'LocalLLMClient')
    cd /Users/runner/work/red-pen-ios/red-pen-ios/ios/build/SourcePackages/checkouts/LocalLLMClient
    write-file /Users/runner/work/red-pen-ios/red-pen-ios/ios/build/Build/Intermediates.noindex/LocalLLMClient.build/Debug-iphonesimulator/LocalLLMClientLlamaC.build/Objects-normal/arm64/LocalLLMClientLlamaC.LinkFileList

WriteAuxiliaryFile /Users/runner/work/red-pen-ios/red-pen-ios/ios/build/Build/Intermediates.noindex/LocalLLMClient.build/Debug-iphonesimulator/LocalLLMClientLlamaC.build/Objects-normal/arm64/82b82416624d2658e5098eb0a28c15c5-common-args.resp (in target 'LocalLLMClientLlamaC' from project 'LocalLLMClient')
    cd /Users/runner/work/red-pen-ios/red-pen-ios/ios/build/SourcePackages/checkouts/LocalLLMClient
    write-file /Users/runner/work/red-pen-ios/red-pen-ios/ios/build/Build/Intermediates.noindex/LocalLLMClient.build/Debug-iphonesimulator/LocalLLMClientLlamaC.build/Objects-normal/arm64/82b82416624d2658e5098eb0a28c15c5-common-args.resp
'-std=c++17' -fmodules -fno-cxx-modules -gmodules '-fmodules-cache-path=/Users/runner/work/red-pen-ios/red-pen-ios/ios/build/ModuleCache.noindex' '-fmodule-name=LocalLLMClientLlamaC' '-D_LIBCPP_HARDENING_MODE=_LIBCPP_HARDENING_MODE_DEBUG' -fpascal-strings -O0 -DSWIFT_PACKAGE '-DDEBUG=1' '-DLLAMA_BUILD_NUMBER=8851' '-DLLAMA_BUILD_NUMBER=8851' -g -fvisibility-inlines-hidden -I/Users/runner/work/red-pen-ios/red-pen-ios/ios/build/Build/Products/Debug-iphonesimulator/include -I/Users/runner/work/red-pen-ios/red-pen-ios/ios/build/SourcePackages/checkouts/LocalLLMClient/Sources/LocalLLMClientLlamaC/include -I/Users/runner/work/red-pen-ios/red-pen-ios/ios/build/SourcePackages/checkouts/LocalLLMClient/Sources/LocalLLMClientLlamaC -I/Users/runner/work/red-pen-ios/red-pen-ios/ios/build/SourcePackages/checkouts/LocalLLMClient/Sources/LocalLLMClientLlamaC/common -I/Users/runner/work/red-pen-ios/red-pen-ios/ios/build/SourcePackages/checkouts/LocalLLMClient/Sources/LocalLLMClientLlamaC -I/Users/runner/work/red-pen-ios/red-pen-ios/ios/build/SourcePackages/checkouts/LocalLLMClient/Sources/LocalLLMClientLlamaC/common -I/Users/runner/work/red-pen-ios/red-pen-ios/ios/build/Build/Intermediates.noindex/LocalLLMClient.build/Debug-iphonesimulator/LocalLLMClientLlamaC.build/DerivedSources-normal/arm64 -I/Users/runner/work/red-pen-ios/red-pen-ios/ios/build/Build/Intermediates.noindex/LocalLLMClient.build/Debug-iphonesimulator/LocalLLMClientLlamaC.build/DerivedSources/arm64 -I/Users/runner/work/red-pen-ios/red-pen-ios/ios/build/Build/Intermediates.noindex/LocalLLMClient.build/Debug-iphonesimulator/LocalLLMClientLlamaC.build/DerivedSources -F/Users/runner/work/red-pen-ios/red-pen-ios/ios/build/Build/Products/Debug-iphonesimulator -iframework /Applications/Xcode_26.6.app/Contents/Developer/Platforms/iPhoneSimulator.platform/Developer/Library/Frameworks -iframework /Applications/Xcode_26.6.app/Contents/Developer/Platforms/iPhoneSimulator.platform/Developer/SDKs/iPhoneSimulator26.5.sdk/Developer/Library/Frameworks -DXcode -UDEBUG

WriteAuxiliaryFile /Users/runner/work/red-pen-ios/red-pen-ios/ios/build/Build/Intermediates.noindex/LocalLLMClient.build/Debug-iphonesimulator/LocalLLMClientLlamaC.build/LocalLLMClientLlamaC.DependencyStaticMetadataFileList (in target 'LocalLLMClientLlamaC' from project 'LocalLLMClient')
    cd /Users/runner/work/red-pen-ios/red-pen-ios/ios/build/SourcePackages/checkouts/LocalLLMClient
    write-file /Users/runner/work/red-pen-ios/red-pen-ios/ios/build/Build/Intermediates.noindex/LocalLLMClient.build/Debug-iphonesimulator/LocalLLMClientLlamaC.build/LocalLLMClientLlamaC.DependencyStaticMetadataFileList

WriteAuxiliaryFile /Users/runner/work/red-pen-ios/red-pen-ios/ios/build/Build/Intermediates.noindex/LocalLLMClient.build/Debug-iphonesimulator/LocalLLMClientLlamaC.build/LocalLLMClientLlamaC.DependencyMetadataFileList (in target 'LocalLLMClientLlamaC' from project 'LocalLLMClient')
    cd /Users/runner/work/red-pen-ios/red-pen-ios/ios/build/SourcePackages/checkouts/LocalLLMClient
    write-file /Users/runner/work/red-pen-ios/red-pen-ios/ios/build/Build/Intermediates.noindex/LocalLLMClient.build/Debug-iphonesimulator/LocalLLMClientLlamaC.build/LocalLLMClientLlamaC.DependencyMetadataFileList

WriteAuxiliaryFile /Users/runner/work/red-pen-ios/red-pen-ios/ios/build/Build/Intermediates.noindex/LocalLLMClient.build/Debug-iphonesimulator/LocalLLMClientLlama.build/Objects-normal/arm64/LocalLLMClientLlama_const_extract_protocols.json (in target 'LocalLLMClientLlama' from project 'LocalLLMClient')
    cd /Users/runner/work/red-pen-ios/red-pen-ios/ios/build/SourcePackages/checkouts/LocalLLMClient
    write-file /Users/runner/work/red-pen-ios/red-pen-ios/ios/build/Build/Intermediates.noindex/LocalLLMClient.build/Debug-iphonesimulator/LocalLLMClientLlama.build/Objects-normal/arm64/LocalLLMClientLlama_const_extract_protocols.json

WriteAuxiliaryFile /Users/runner/work/red-pen-ios/red-pen-ios/ios/build/Build/Intermediates.noindex/LocalLLMClient.build/Debug-iphonesimulator/LocalLLMClientLlama.build/Objects-normal/arm64/LocalLLMClientLlama.SwiftFileList (in target 'LocalLLMClientLlama' from project 'LocalLLMClient')
    cd /Users/runner/work/red-pen-ios/red-pen-ios/ios/build/SourcePackages/checkouts/LocalLLMClient
    write-file /Users/runner/work/red-pen-ios/red-pen-ios/ios/build/Build/Intermediates.noindex/LocalLLMClient.build/Debug-iphonesimulator/LocalLLMClientLlama.build/Objects-normal/arm64/LocalLLMClientLlama.SwiftFileList

WriteAuxiliaryFile /Users/runner/work/red-pen-ios/red-pen-ios/ios/build/Build/Intermediates.noindex/LocalLLMClient.build/Debug-iphonesimulator/LocalLLMClientLlama.build/Objects-normal/arm64/LocalLLMClientLlama.SwiftConstValuesFileList (in target 'LocalLLMClientLlama' from project 'LocalLLMClient')
    cd /Users/runner/work/red-pen-ios/red-pen-ios/ios/build/SourcePackages/checkouts/LocalLLMClient
    write-file /Users/runner/work/red-pen-ios/red-pen-ios/ios/build/Build/Intermediates.noindex/LocalLLMClient.build/Debug-iphonesimulator/LocalLLMClientLlama.build/Objects-normal/arm64/LocalLLMClientLlama.SwiftConstValuesFileList

WriteAuxiliaryFile /Users/runner/work/red-pen-ios/red-pen-ios/ios/build/Build/Intermediates.noindex/LocalLLMClient.build/Debug-iphonesimulator/LocalLLMClientLlama.build/Objects-normal/arm64/LocalLLMClientLlama.LinkFileList (in target 'LocalLLMClientLlama' from project 'LocalLLMClient')
    cd /Users/runner/work/red-pen-ios/red-pen-ios/ios/build/SourcePackages/checkouts/LocalLLMClient
    write-file /Users/runner/work/red-pen-ios/red-pen-ios/ios/build/Build/Intermediates.noindex/LocalLLMClient.build/Debug-iphonesimulator/LocalLLMClientLlama.build/Objects-normal/arm64/LocalLLMClientLlama.LinkFileList

WriteAuxiliaryFile /Users/runner/work/red-pen-ios/red-pen-ios/ios/build/Build/Intermediates.noindex/LocalLLMClient.build/Debug-iphonesimulator/LocalLLMClientLlama.build/Objects-normal/arm64/LocalLLMClientLlama-OutputFileMap.json (in target 'LocalLLMClientLlama' from project 'LocalLLMClient')
    cd /Users/runner/work/red-pen-ios/red-pen-ios/ios/build/SourcePackages/checkouts/LocalLLMClient
    write-file /Users/runner/work/red-pen-ios/red-pen-ios/ios/build/Build/Intermediates.noindex/LocalLLMClient.build/Debug-iphonesimulator/LocalLLMClientLlama.build/Objects-normal/arm64/LocalLLMClientLlama-OutputFileMap.json

WriteAuxiliaryFile /Users/runner/work/red-pen-ios/red-pen-ios/ios/build/Build/Intermediates.noindex/LocalLLMClient.build/Debug-iphonesimulator/LocalLLMClientLlama.build/LocalLLMClientLlama.modulemap (in target 'LocalLLMClientLlama' from project 'LocalLLMClient')
    cd /Users/runner/work/red-pen-ios/red-pen-ios/ios/build/SourcePackages/checkouts/LocalLLMClient
    write-file /Users/runner/work/red-pen-ios/red-pen-ios/ios/build/Build/Intermediates.noindex/LocalLLMClient.build/Debug-iphonesimulator/LocalLLMClientLlama.build/LocalLLMClientLlama.modulemap

WriteAuxiliaryFile /Users/runner/work/red-pen-ios/red-pen-ios/ios/build/Build/Intermediates.noindex/LocalLLMClient.build/Debug-iphonesimulator/LocalLLMClientLlama.build/LocalLLMClientLlama.DependencyStaticMetadataFileList (in target 'LocalLLMClientLlama' from project 'LocalLLMClient')
    cd /Users/runner/work/red-pen-ios/red-pen-ios/ios/build/SourcePackages/checkouts/LocalLLMClient
    write-file /Users/runner/work/red-pen-ios/red-pen-ios/ios/build/Build/Intermediates.noindex/LocalLLMClient.build/Debug-iphonesimulator/LocalLLMClientLlama.build/LocalLLMClientLlama.DependencyStaticMetadataFileList

WriteAuxiliaryFile /Users/runner/work/red-pen-ios/red-pen-ios/ios/build/Build/Intermediates.noindex/LocalLLMClient.build/Debug-iphonesimulator/LocalLLMClientLlama.build/LocalLLMClientLlama.DependencyMetadataFileList (in target 'LocalLLMClientLlama' from project 'LocalLLMClient')
    cd /Users/runner/work/red-pen-ios/red-pen-ios/ios/build/SourcePackages/checkouts/LocalLLMClient
    write-file /Users/runner/work/red-pen-ios/red-pen-ios/ios/build/Build/Intermediates.noindex/LocalLLMClient.build/Debug-iphonesimulator/LocalLLMClientLlama.build/LocalLLMClientLlama.DependencyMetadataFileList

WriteAuxiliaryFile /Users/runner/work/red-pen-ios/red-pen-ios/ios/build/Build/Intermediates.noindex/LocalLLMClient.build/Debug-iphonesimulator/LocalLLMClientLlama.build/DerivedSources/resource_bundle_accessor.swift (in target 'LocalLLMClientLlama' from project 'LocalLLMClient')
    cd /Users/runner/work/red-pen-ios/red-pen-ios/ios/build/SourcePackages/checkouts/LocalLLMClient
    write-file /Users/runner/work/red-pen-ios/red-pen-ios/ios/build/Build/Intermediates.noindex/LocalLLMClient.build/Debug-iphonesimulator/LocalLLMClientLlama.build/DerivedSources/resource_bundle_accessor.swift

Copy /Users/runner/work/red-pen-ios/red-pen-ios/ios/build/Build/Intermediates.noindex/GeneratedModuleMaps-iphonesimulator/LocalLLMClientLlama.modulemap /Users/runner/work/red-pen-ios/red-pen-ios/ios/build/Build/Intermediates.noindex/LocalLLMClient.build/Debug-iphonesimulator/LocalLLMClientLlama.build/LocalLLMClientLlama.modulemap (in target 'LocalLLMClientLlama' from project 'LocalLLMClient')
    cd /Users/runner/work/red-pen-ios/red-pen-ios/ios/build/SourcePackages/checkouts/LocalLLMClient
    builtin-copy -exclude .DS_Store -exclude CVS -exclude .svn -exclude .git -exclude .hg -resolve-src-symlinks /Users/runner/work/red-pen-ios/red-pen-ios/ios/build/Build/Intermediates.noindex/LocalLLMClient.build/Debug-iphonesimulator/LocalLLMClientLlama.build/LocalLLMClientLlama.modulemap /Users/runner/work/red-pen-ios/red-pen-ios/ios/build/Build/Intermediates.noindex/GeneratedModuleMaps-iphonesimulator

WriteAuxiliaryFile /Users/runner/work/red-pen-ios/red-pen-ios/ios/build/Build/Intermediates.noindex/LocalLLMClient.build/Debug-iphonesimulator/LocalLLMClientCore.build/Objects-normal/arm64/LocalLLMClientCore_const_extract_protocols.json (in target 'LocalLLMClientCore' from project 'LocalLLMClient')
    cd /Users/runner/work/red-pen-ios/red-pen-ios/ios/build/SourcePackages/checkouts/LocalLLMClient
    write-file /Users/runner/work/red-pen-ios/red-pen-ios/ios/build/Build/Intermediates.noindex/LocalLLMClient.build/Debug-iphonesimulator/LocalLLMClientCore.build/Objects-normal/arm64/LocalLLMClientCore_const_extract_protocols.json

WriteAuxiliaryFile /Users/runner/work/red-pen-ios/red-pen-ios/ios/build/Build/Intermediates.noindex/LocalLLMClient.build/Debug-iphonesimulator/LocalLLMClientCore.build/Objects-normal/arm64/LocalLLMClientCore.SwiftFileList (in target 'LocalLLMClientCore' from project 'LocalLLMClient')
    cd /Users/runner/work/red-pen-ios/red-pen-ios/ios/build/SourcePackages/checkouts/LocalLLMClient
    write-file /Users/runner/work/red-pen-ios/red-pen-ios/ios/build/Build/Intermediates.noindex/LocalLLMClient.build/Debug-iphonesimulator/LocalLLMClientCore.build/Objects-normal/arm64/LocalLLMClientCore.SwiftFileList

WriteAuxiliaryFile /Users/runner/work/red-pen-ios/red-pen-ios/ios/build/Build/Intermediates.noindex/LocalLLMClient.build/Debug-iphonesimulator/LocalLLMClientCore.build/Objects-normal/arm64/LocalLLMClientCore.SwiftConstValuesFileList (in target 'LocalLLMClientCore' from project 'LocalLLMClient')
    cd /Users/runner/work/red-pen-ios/red-pen-ios/ios/build/SourcePackages/checkouts/LocalLLMClient
    write-file /Users/runner/work/red-pen-ios/red-pen-ios/ios/build/Build/Intermediates.noindex/LocalLLMClient.build/Debug-iphonesimulator/LocalLLMClientCore.build/Objects-normal/arm64/LocalLLMClientCore.SwiftConstValuesFileList

WriteAuxiliaryFile /Users/runner/work/red-pen-ios/red-pen-ios/ios/build/Build/Intermediates.noindex/LocalLLMClient.build/Debug-iphonesimulator/LocalLLMClientCore.build/Objects-normal/arm64/LocalLLMClientCore.LinkFileList (in target 'LocalLLMClientCore' from project 'LocalLLMClient')
    cd /Users/runner/work/red-pen-ios/red-pen-ios/ios/build/SourcePackages/checkouts/LocalLLMClient
    write-file /Users/runner/work/red-pen-ios/red-pen-ios/ios/build/Build/Intermediates.noindex/LocalLLMClient.build/Debug-iphonesimulator/LocalLLMClientCore.build/Objects-normal/arm64/LocalLLMClientCore.LinkFileList

WriteAuxiliaryFile /Users/runner/work/red-pen-ios/red-pen-ios/ios/build/Build/Intermediates.noindex/LocalLLMClient.build/Debug-iphonesimulator/LocalLLMClientCore.build/Objects-normal/arm64/LocalLLMClientCore-OutputFileMap.json (in target 'LocalLLMClientCore' from project 'LocalLLMClient')
    cd /Users/runner/work/red-pen-ios/red-pen-ios/ios/build/SourcePackages/checkouts/LocalLLMClient
    write-file /Users/runner/work/red-pen-ios/red-pen-ios/ios/build/Build/Intermediates.noindex/LocalLLMClient.build/Debug-iphonesimulator/LocalLLMClientCore.build/Objects-normal/arm64/LocalLLMClientCore-OutputFileMap.json

WriteAuxiliaryFile /Users/runner/work/red-pen-ios/red-pen-ios/ios/build/Build/Intermediates.noindex/LocalLLMClient.build/Debug-iphonesimulator/LocalLLMClientCore.build/LocalLLMClientCore.modulemap (in target 'LocalLLMClientCore' from project 'LocalLLMClient')
    cd /Users/runner/work/red-pen-ios/red-pen-ios/ios/build/SourcePackages/checkouts/LocalLLMClient
    write-file /Users/runner/work/red-pen-ios/red-pen-ios/ios/build/Build/Intermediates.noindex/LocalLLMClient.build/Debug-iphonesimulator/LocalLLMClientCore.build/LocalLLMClientCore.modulemap

WriteAuxiliaryFile /Users/runner/work/red-pen-ios/red-pen-ios/ios/build/Build/Intermediates.noindex/LocalLLMClient.build/Debug-iphonesimulator/LocalLLMClientCore.build/LocalLLMClientCore.DependencyStaticMetadataFileList (in target 'LocalLLMClientCore' from project 'LocalLLMClient')
    cd /Users/runner/work/red-pen-ios/red-pen-ios/ios/build/SourcePackages/checkouts/LocalLLMClient
    write-file /Users/runner/work/red-pen-ios/red-pen-ios/ios/build/Build/Intermediates.noindex/LocalLLMClient.build/Debug-iphonesimulator/LocalLLMClientCore.build/LocalLLMClientCore.DependencyStaticMetadataFileList

WriteAuxiliaryFile /Users/runner/work/red-pen-ios/red-pen-ios/ios/build/Build/Intermediates.noindex/LocalLLMClient.build/Debug-iphonesimulator/LocalLLMClientCore.build/LocalLLMClientCore.DependencyMetadataFileList (in target 'LocalLLMClientCore' from project 'LocalLLMClient')
    cd /Users/runner/work/red-pen-ios/red-pen-ios/ios/build/SourcePackages/checkouts/LocalLLMClient
    write-file /Users/runner/work/red-pen-ios/red-pen-ios/ios/build/Build/Intermediates.noindex/LocalLLMClient.build/Debug-iphonesimulator/LocalLLMClientCore.build/LocalLLMClientCore.DependencyMetadataFileList

Copy /Users/runner/work/red-pen-ios/red-pen-ios/ios/build/Build/Intermediates.noindex/GeneratedModuleMaps-iphonesimulator/LocalLLMClientCore.modulemap /Users/runner/work/red-pen-ios/red-pen-ios/ios/build/Build/Intermediates.noindex/LocalLLMClient.build/Debug-iphonesimulator/LocalLLMClientCore.build/LocalLLMClientCore.modulemap (in target 'LocalLLMClientCore' from project 'LocalLLMClient')
    cd /Users/runner/work/red-pen-ios/red-pen-ios/ios/build/SourcePackages/checkouts/LocalLLMClient
    builtin-copy -exclude .DS_Store -exclude CVS -exclude .svn -exclude .git -exclude .hg -resolve-src-symlinks /Users/runner/work/red-pen-ios/red-pen-ios/ios/build/Build/Intermediates.noindex/LocalLLMClient.build/Debug-iphonesimulator/LocalLLMClientCore.build/LocalLLMClientCore.modulemap /Users/runner/work/red-pen-ios/red-pen-ios/ios/build/Build/Intermediates.noindex/GeneratedModuleMaps-iphonesimulator

WriteAuxiliaryFile /Users/runner/work/red-pen-ios/red-pen-ios/ios/build/Build/Intermediates.noindex/LocalLLMClient.build/Debug-iphonesimulator/LocalLLMClient.build/Objects-normal/arm64/LocalLLMClient_const_extract_protocols.json (in target 'LocalLLMClient' from project 'LocalLLMClient')
    cd /Users/runner/work/red-pen-ios/red-pen-ios/ios/build/SourcePackages/checkouts/LocalLLMClient
    write-file /Users/runner/work/red-pen-ios/red-pen-ios/ios/build/Build/Intermediates.noindex/LocalLLMClient.build/Debug-iphonesimulator/LocalLLMClient.build/Objects-normal/arm64/LocalLLMClient_const_extract_protocols.json

WriteAuxiliaryFile /Users/runner/work/red-pen-ios/red-pen-ios/ios/build/Build/Intermediates.noindex/LocalLLMClient.build/Debug-iphonesimulator/LocalLLMClient.build/Objects-normal/arm64/LocalLLMClient.SwiftFileList (in target 'LocalLLMClient' from project 'LocalLLMClient')
    cd /Users/runner/work/red-pen-ios/red-pen-ios/ios/build/SourcePackages/checkouts/LocalLLMClient
    write-file /Users/runner/work/red-pen-ios/red-pen-ios/ios/build/Build/Intermediates.noindex/LocalLLMClient.build/Debug-iphonesimulator/LocalLLMClient.build/Objects-normal/arm64/LocalLLMClient.SwiftFileList

WriteAuxiliaryFile /Users/runner/work/red-pen-ios/red-pen-ios/ios/build/Build/Intermediates.noindex/LocalLLMClient.build/Debug-iphonesimulator/LocalLLMClient.build/Objects-normal/arm64/LocalLLMClient.SwiftConstValuesFileList (in target 'LocalLLMClient' from project 'LocalLLMClient')
    cd /Users/runner/work/red-pen-ios/red-pen-ios/ios/build/SourcePackages/checkouts/LocalLLMClient
    write-file /Users/runner/work/red-pen-ios/red-pen-ios/ios/build/Build/Intermediates.noindex/LocalLLMClient.build/Debug-iphonesimulator/LocalLLMClient.build/Objects-normal/arm64/LocalLLMClient.SwiftConstValuesFileList

WriteAuxiliaryFile /Users/runner/work/red-pen-ios/red-pen-ios/ios/build/Build/Intermediates.noindex/LocalLLMClient.build/Debug-iphonesimulator/LocalLLMClient.build/Objects-normal/arm64/LocalLLMClient.LinkFileList (in target 'LocalLLMClient' from project 'LocalLLMClient')
    cd /Users/runner/work/red-pen-ios/red-pen-ios/ios/build/SourcePackages/checkouts/LocalLLMClient
    write-file /Users/runner/work/red-pen-ios/red-pen-ios/ios/build/Build/Intermediates.noindex/LocalLLMClient.build/Debug-iphonesimulator/LocalLLMClient.build/Objects-normal/arm64/LocalLLMClient.LinkFileList

WriteAuxiliaryFile /Users/runner/work/red-pen-ios/red-pen-ios/ios/build/Build/Intermediates.noindex/LocalLLMClient.build/Debug-iphonesimulator/LocalLLMClient.build/Objects-normal/arm64/LocalLLMClient-OutputFileMap.json (in target 'LocalLLMClient' from project 'LocalLLMClient')
    cd /Users/runner/work/red-pen-ios/red-pen-ios/ios/build/SourcePackages/checkouts/LocalLLMClient
    write-file /Users/runner/work/red-pen-ios/red-pen-ios/ios/build/Build/Intermediates.noindex/LocalLLMClient.build/Debug-iphonesimulator/LocalLLMClient.build/Objects-normal/arm64/LocalLLMClient-OutputFileMap.json

WriteAuxiliaryFile /Users/runner/work/red-pen-ios/red-pen-ios/ios/build/Build/Intermediates.noindex/LocalLLMClient.build/Debug-iphonesimulator/LocalLLMClient.build/LocalLLMClient.modulemap (in target 'LocalLLMClient' from project 'LocalLLMClient')
    cd /Users/runner/work/red-pen-ios/red-pen-ios/ios/build/SourcePackages/checkouts/LocalLLMClient
    write-file /Users/runner/work/red-pen-ios/red-pen-ios/ios/build/Build/Intermediates.noindex/LocalLLMClient.build/Debug-iphonesimulator/LocalLLMClient.build/LocalLLMClient.modulemap

WriteAuxiliaryFile /Users/runner/work/red-pen-ios/red-pen-ios/ios/build/Build/Intermediates.noindex/LocalLLMClient.build/Debug-iphonesimulator/LocalLLMClient.build/LocalLLMClient.DependencyStaticMetadataFileList (in target 'LocalLLMClient' from project 'LocalLLMClient')
    cd /Users/runner/work/red-pen-ios/red-pen-ios/ios/build/SourcePackages/checkouts/LocalLLMClient
    write-file /Users/runner/work/red-pen-ios/red-pen-ios/ios/build/Build/Intermediates.noindex/LocalLLMClient.build/Debug-iphonesimulator/LocalLLMClient.build/LocalLLMClient.DependencyStaticMetadataFileList

WriteAuxiliaryFile /Users/runner/work/red-pen-ios/red-pen-ios/ios/build/Build/Intermediates.noindex/LocalLLMClient.build/Debug-iphonesimulator/LocalLLMClient.build/LocalLLMClient.DependencyMetadataFileList (in target 'LocalLLMClient' from project 'LocalLLMClient')
    cd /Users/runner/work/red-pen-ios/red-pen-ios/ios/build/SourcePackages/checkouts/LocalLLMClient
    write-file /Users/runner/work/red-pen-ios/red-pen-ios/ios/build/Build/Intermediates.noindex/LocalLLMClient.build/Debug-iphonesimulator/LocalLLMClient.build/LocalLLMClient.DependencyMetadataFileList

Copy /Users/runner/work/red-pen-ios/red-pen-ios/ios/build/Build/Intermediates.noindex/GeneratedModuleMaps-iphonesimulator/LocalLLMClient.modulemap /Users/runner/work/red-pen-ios/red-pen-ios/ios/build/Build/Intermediates.noindex/LocalLLMClient.build/Debug-iphonesimulator/LocalLLMClient.build/LocalLLMClient.modulemap (in target 'LocalLLMClient' from project 'LocalLLMClient')
    cd /Users/runner/work/red-pen-ios/red-pen-ios/ios/build/SourcePackages/checkouts/LocalLLMClient
    builtin-copy -exclude .DS_Store -exclude CVS -exclude .svn -exclude .git -exclude .hg -resolve-src-symlinks /Users/runner/work/red-pen-ios/red-pen-ios/ios/build/Build/Intermediates.noindex/LocalLLMClient.build/Debug-iphonesimulator/LocalLLMClient.build/LocalLLMClient.modulemap /Users/runner/work/red-pen-ios/red-pen-ios/ios/build/Build/Intermediates.noindex/GeneratedModuleMaps-iphonesimulator

WriteAuxiliaryFile /Users/runner/work/red-pen-ios/red-pen-ios/ios/build/Build/Intermediates.noindex/Jinja.build/Debug-iphonesimulator/Jinja.build/Objects-normal/arm64/Jinja_const_extract_protocols.json (in target 'Jinja' from project 'Jinja')
    cd /Users/runner/work/red-pen-ios/red-pen-ios/ios/build/SourcePackages/checkouts/swift-jinja
    write-file /Users/runner/work/red-pen-ios/red-pen-ios/ios/build/Build/Intermediates.noindex/Jinja.build/Debug-iphonesimulator/Jinja.build/Objects-normal/arm64/Jinja_const_extract_protocols.json

WriteAuxiliaryFile /Users/runner/work/red-pen-ios/red-pen-ios/ios/build/Build/Intermediates.noindex/Jinja.build/Debug-iphonesimulator/Jinja.build/Objects-normal/arm64/Jinja.SwiftFileList (in target 'Jinja' from project 'Jinja')
    cd /Users/runner/work/red-pen-ios/red-pen-ios/ios/build/SourcePackages/checkouts/swift-jinja
    write-file /Users/runner/work/red-pen-ios/red-pen-ios/ios/build/Build/Intermediates.noindex/Jinja.build/Debug-iphonesimulator/Jinja.build/Objects-normal/arm64/Jinja.SwiftFileList

WriteAuxiliaryFile /Users/runner/work/red-pen-ios/red-pen-ios/ios/build/Build/Intermediates.noindex/Jinja.build/Debug-iphonesimulator/Jinja.build/Objects-normal/arm64/Jinja.SwiftConstValuesFileList (in target 'Jinja' from project 'Jinja')
    cd /Users/runner/work/red-pen-ios/red-pen-ios/ios/build/SourcePackages/checkouts/swift-jinja
    write-file /Users/runner/work/red-pen-ios/red-pen-ios/ios/build/Build/Intermediates.noindex/Jinja.build/Debug-iphonesimulator/Jinja.build/Objects-normal/arm64/Jinja.SwiftConstValuesFileList

WriteAuxiliaryFile /Users/runner/work/red-pen-ios/red-pen-ios/ios/build/Build/Intermediates.noindex/Jinja.build/Debug-iphonesimulator/Jinja.build/Objects-normal/arm64/Jinja.LinkFileList (in target 'Jinja' from project 'Jinja')
    cd /Users/runner/work/red-pen-ios/red-pen-ios/ios/build/SourcePackages/checkouts/swift-jinja
    write-file /Users/runner/work/red-pen-ios/red-pen-ios/ios/build/Build/Intermediates.noindex/Jinja.build/Debug-iphonesimulator/Jinja.build/Objects-normal/arm64/Jinja.LinkFileList

WriteAuxiliaryFile /Users/runner/work/red-pen-ios/red-pen-ios/ios/build/Build/Intermediates.noindex/Jinja.build/Debug-iphonesimulator/Jinja.build/Objects-normal/arm64/Jinja-OutputFileMap.json (in target 'Jinja' from project 'Jinja')
    cd /Users/runner/work/red-pen-ios/red-pen-ios/ios/build/SourcePackages/checkouts/swift-jinja
    write-file /Users/runner/work/red-pen-ios/red-pen-ios/ios/build/Build/Intermediates.noindex/Jinja.build/Debug-iphonesimulator/Jinja.build/Objects-normal/arm64/Jinja-OutputFileMap.json

WriteAuxiliaryFile /Users/runner/work/red-pen-ios/red-pen-ios/ios/build/Build/Intermediates.noindex/Jinja.build/Debug-iphonesimulator/Jinja.build/Jinja.modulemap (in target 'Jinja' from project 'Jinja')
    cd /Users/runner/work/red-pen-ios/red-pen-ios/ios/build/SourcePackages/checkouts/swift-jinja
    write-file /Users/runner/work/red-pen-ios/red-pen-ios/ios/build/Build/Intermediates.noindex/Jinja.build/Debug-iphonesimulator/Jinja.build/Jinja.modulemap

WriteAuxiliaryFile /Users/runner/work/red-pen-ios/red-pen-ios/ios/build/Build/Intermediates.noindex/Jinja.build/Debug-iphonesimulator/Jinja.build/Jinja.DependencyStaticMetadataFileList (in target 'Jinja' from project 'Jinja')
    cd /Users/runner/work/red-pen-ios/red-pen-ios/ios/build/SourcePackages/checkouts/swift-jinja
    write-file /Users/runner/work/red-pen-ios/red-pen-ios/ios/build/Build/Intermediates.noindex/Jinja.build/Debug-iphonesimulator/Jinja.build/Jinja.DependencyStaticMetadataFileList

WriteAuxiliaryFile /Users/runner/work/red-pen-ios/red-pen-ios/ios/build/Build/Intermediates.noindex/Jinja.build/Debug-iphonesimulator/Jinja.build/Jinja.DependencyMetadataFileList (in target 'Jinja' from project 'Jinja')
    cd /Users/runner/work/red-pen-ios/red-pen-ios/ios/build/SourcePackages/checkouts/swift-jinja
    write-file /Users/runner/work/red-pen-ios/red-pen-ios/ios/build/Build/Intermediates.noindex/Jinja.build/Debug-iphonesimulator/Jinja.build/Jinja.DependencyMetadataFileList

Copy /Users/runner/work/red-pen-ios/red-pen-ios/ios/build/Build/Intermediates.noindex/GeneratedModuleMaps-iphonesimulator/Jinja.modulemap /Users/runner/work/red-pen-ios/red-pen-ios/ios/build/Build/Intermediates.noindex/Jinja.build/Debug-iphonesimulator/Jinja.build/Jinja.modulemap (in target 'Jinja' from project 'Jinja')
    cd /Users/runner/work/red-pen-ios/red-pen-ios/ios/build/SourcePackages/checkouts/swift-jinja
    builtin-copy -exclude .DS_Store -exclude CVS -exclude .svn -exclude .git -exclude .hg -resolve-src-symlinks /Users/runner/work/red-pen-ios/red-pen-ios/ios/build/Build/Intermediates.noindex/Jinja.build/Debug-iphonesimulator/Jinja.build/Jinja.modulemap /Users/runner/work/red-pen-ios/red-pen-ios/ios/build/Build/Intermediates.noindex/GeneratedModuleMaps-iphonesimulator

WriteAuxiliaryFile /Users/runner/work/red-pen-ios/red-pen-ios/ios/build/Build/Intermediates.noindex/swift-collections.build/Debug-iphonesimulator/InternalCollectionsUtilities.build/Objects-normal/arm64/InternalCollectionsUtilities_const_extract_protocols.json (in target 'InternalCollectionsUtilities' from project 'swift-collections')
    cd /Users/runner/work/red-pen-ios/red-pen-ios/ios/build/SourcePackages/checkouts/swift-collections
    write-file /Users/runner/work/red-pen-ios/red-pen-ios/ios/build/Build/Intermediates.noindex/swift-collections.build/Debug-iphonesimulator/InternalCollectionsUtilities.build/Objects-normal/arm64/InternalCollectionsUtilities_const_extract_protocols.json

WriteAuxiliaryFile /Users/runner/work/red-pen-ios/red-pen-ios/ios/build/Build/Intermediates.noindex/swift-collections.build/Debug-iphonesimulator/InternalCollectionsUtilities.build/Objects-normal/arm64/InternalCollectionsUtilities.SwiftFileList (in target 'InternalCollectionsUtilities' from project 'swift-collections')
    cd /Users/runner/work/red-pen-ios/red-pen-ios/ios/build/SourcePackages/checkouts/swift-collections
    write-file /Users/runner/work/red-pen-ios/red-pen-ios/ios/build/Build/Intermediates.noindex/swift-collections.build/Debug-iphonesimulator/InternalCollectionsUtilities.build/Objects-normal/arm64/InternalCollectionsUtilities.SwiftFileList

WriteAuxiliaryFile /Users/runner/work/red-pen-ios/red-pen-ios/ios/build/Build/Intermediates.noindex/swift-collections.build/Debug-iphonesimulator/InternalCollectionsUtilities.build/Objects-normal/arm64/InternalCollectionsUtilities.SwiftConstValuesFileList (in target 'InternalCollectionsUtilities' from project 'swift-collections')
    cd /Users/runner/work/red-pen-ios/red-pen-ios/ios/build/SourcePackages/checkouts/swift-collections
    write-file /Users/runner/work/red-pen-ios/red-pen-ios/ios/build/Build/Intermediates.noindex/swift-collections.build/Debug-iphonesimulator/InternalCollectionsUtilities.build/Objects-normal/arm64/InternalCollectionsUtilities.SwiftConstValuesFileList

WriteAuxiliaryFile /Users/runner/work/red-pen-ios/red-pen-ios/ios/build/Build/Intermediates.noindex/swift-collections.build/Debug-iphonesimulator/InternalCollectionsUtilities.build/Objects-normal/arm64/InternalCollectionsUtilities.LinkFileList (in target 'InternalCollectionsUtilities' from project 'swift-collections')
    cd /Users/runner/work/red-pen-ios/red-pen-ios/ios/build/SourcePackages/checkouts/swift-collections
    write-file /Users/runner/work/red-pen-ios/red-pen-ios/ios/build/Build/Intermediates.noindex/swift-collections.build/Debug-iphonesimulator/InternalCollectionsUtilities.build/Objects-normal/arm64/InternalCollectionsUtilities.LinkFileList

WriteAuxiliaryFile /Users/runner/work/red-pen-ios/red-pen-ios/ios/build/Build/Intermediates.noindex/swift-collections.build/Debug-iphonesimulator/InternalCollectionsUtilities.build/Objects-normal/arm64/InternalCollectionsUtilities-OutputFileMap.json (in target 'InternalCollectionsUtilities' from project 'swift-collections')
    cd /Users/runner/work/red-pen-ios/red-pen-ios/ios/build/SourcePackages/checkouts/swift-collections
    write-file /Users/runner/work/red-pen-ios/red-pen-ios/ios/build/Build/Intermediates.noindex/swift-collections.build/Debug-iphonesimulator/InternalCollectionsUtilities.build/Objects-normal/arm64/InternalCollectionsUtilities-OutputFileMap.json

WriteAuxiliaryFile /Users/runner/work/red-pen-ios/red-pen-ios/ios/build/Build/Intermediates.noindex/swift-collections.build/Debug-iphonesimulator/InternalCollectionsUtilities.build/InternalCollectionsUtilities.modulemap (in target 'InternalCollectionsUtilities' from project 'swift-collections')
    cd /Users/runner/work/red-pen-ios/red-pen-ios/ios/build/SourcePackages/checkouts/swift-collections
    write-file /Users/runner/work/red-pen-ios/red-pen-ios/ios/build/Build/Intermediates.noindex/swift-collections.build/Debug-iphonesimulator/InternalCollectionsUtilities.build/InternalCollectionsUtilities.modulemap

WriteAuxiliaryFile /Users/runner/work/red-pen-ios/red-pen-ios/ios/build/Build/Intermediates.noindex/swift-collections.build/Debug-iphonesimulator/InternalCollectionsUtilities.build/InternalCollectionsUtilities.DependencyStaticMetadataFileList (in target 'InternalCollectionsUtilities' from project 'swift-collections')
    cd /Users/runner/work/red-pen-ios/red-pen-ios/ios/build/SourcePackages/checkouts/swift-collections
    write-file /Users/runner/work/red-pen-ios/red-pen-ios/ios/build/Build/Intermediates.noindex/swift-collections.build/Debug-iphonesimulator/InternalCollectionsUtilities.build/InternalCollectionsUtilities.DependencyStaticMetadataFileList

WriteAuxiliaryFile /Users/runner/work/red-pen-ios/red-pen-ios/ios/build/Build/Intermediates.noindex/swift-collections.build/Debug-iphonesimulator/InternalCollectionsUtilities.build/InternalCollectionsUtilities.DependencyMetadataFileList (in target 'InternalCollectionsUtilities' from project 'swift-collections')
    cd /Users/runner/work/red-pen-ios/red-pen-ios/ios/build/SourcePackages/checkouts/swift-collections
    write-file /Users/runner/work/red-pen-ios/red-pen-ios/ios/build/Build/Intermediates.noindex/swift-collections.build/Debug-iphonesimulator/InternalCollectionsUtilities.build/InternalCollectionsUtilities.DependencyMetadataFileList

Copy /Users/runner/work/red-pen-ios/red-pen-ios/ios/build/Build/Intermediates.noindex/GeneratedModuleMaps-iphonesimulator/InternalCollectionsUtilities.modulemap /Users/runner/work/red-pen-ios/red-pen-ios/ios/build/Build/Intermediates.noindex/swift-collections.build/Debug-iphonesimulator/InternalCollectionsUtilities.build/InternalCollectionsUtilities.modulemap (in target 'InternalCollectionsUtilities' from project 'swift-collections')
    cd /Users/runner/work/red-pen-ios/red-pen-ios/ios/build/SourcePackages/checkouts/swift-collections
    builtin-copy -exclude .DS_Store -exclude CVS -exclude .svn -exclude .git -exclude .hg -resolve-src-symlinks /Users/runner/work/red-pen-ios/red-pen-ios/ios/build/Build/Intermediates.noindex/swift-collections.build/Debug-iphonesimulator/InternalCollectionsUtilities.build/InternalCollectionsUtilities.modulemap /Users/runner/work/red-pen-ios/red-pen-ios/ios/build/Build/Intermediates.noindex/GeneratedModuleMaps-iphonesimulator

ProcessInfoPlistFile /Users/runner/work/red-pen-ios/red-pen-ios/ios/build/Build/Products/Debug-iphonesimulator/LocalLLMClient_LocalLLMClientLlama.bundle/Info.plist /Users/runner/work/red-pen-ios/red-pen-ios/ios/build/Build/Intermediates.noindex/LocalLLMClient.build/Debug-iphonesimulator/LocalLLMClient_LocalLLMClientLlama.build/empty-LocalLLMClient_LocalLLMClientLlama.plist (in target 'LocalLLMClient_LocalLLMClientLlama' from project 'LocalLLMClient')
    cd /Users/runner/work/red-pen-ios/red-pen-ios/ios/build/SourcePackages/checkouts/LocalLLMClient
    builtin-infoPlistUtility /Users/runner/work/red-pen-ios/red-pen-ios/ios/build/Build/Intermediates.noindex/LocalLLMClient.build/Debug-iphonesimulator/LocalLLMClient_LocalLLMClientLlama.build/empty-LocalLLMClient_LocalLLMClientLlama.plist -producttype com.apple.product-type.bundle -expandbuildsettings -format binary -platform iphonesimulator -o /Users/runner/work/red-pen-ios/red-pen-ios/ios/build/Build/Products/Debug-iphonesimulator/LocalLLMClient_LocalLLMClientLlama.bundle/Info.plist

CpResource /Users/runner/work/red-pen-ios/red-pen-ios/ios/build/Build/Products/Debug-iphonesimulator/LocalLLMClient_LocalLLMClientLlama.bundle/json.gbnf /Users/runner/work/red-pen-ios/red-pen-ios/ios/build/SourcePackages/checkouts/LocalLLMClient/Sources/LocalLLMClientLlama/Resources/Grammars/json.gbnf (in target 'LocalLLMClient_LocalLLMClientLlama' from project 'LocalLLMClient')
    cd /Users/runner/work/red-pen-ios/red-pen-ios/ios/build/SourcePackages/checkouts/LocalLLMClient
    builtin-copy -exclude .DS_Store -exclude CVS -exclude .svn -exclude .git -exclude .hg -resolve-src-symlinks /Users/runner/work/red-pen-ios/red-pen-ios/ios/build/SourcePackages/checkouts/LocalLLMClient/Sources/LocalLLMClientLlama/Resources/Grammars/json.gbnf /Users/runner/work/red-pen-ios/red-pen-ios/ios/build/Build/Products/Debug-iphonesimulator/LocalLLMClient_LocalLLMClientLlama.bundle

RegisterExecutionPolicyException /Users/runner/work/red-pen-ios/red-pen-ios/ios/build/Build/Products/Debug-iphonesimulator/LocalLLMClient_LocalLLMClientLlama.bundle (in target 'LocalLLMClient_LocalLLMClientLlama' from project 'LocalLLMClient')
    cd /Users/runner/work/red-pen-ios/red-pen-ios/ios/build/SourcePackages/checkouts/LocalLLMClient
    builtin-RegisterExecutionPolicyException /Users/runner/work/red-pen-ios/red-pen-ios/ios/build/Build/Products/Debug-iphonesimulator/LocalLLMClient_LocalLLMClientLlama.bundle

Touch /Users/runner/work/red-pen-ios/red-pen-ios/ios/build/Build/Products/Debug-iphonesimulator/LocalLLMClient_LocalLLMClientLlama.bundle (in target 'LocalLLMClient_LocalLLMClientLlama' from project 'LocalLLMClient')
    cd /Users/runner/work/red-pen-ios/red-pen-ios/ios/build/SourcePackages/checkouts/LocalLLMClient
    /usr/bin/touch -c /Users/runner/work/red-pen-ios/red-pen-ios/ios/build/Build/Products/Debug-iphonesimulator/LocalLLMClient_LocalLLMClientLlama.bundle

CompileC /Users/runner/work/red-pen-ios/red-pen-ios/ios/build/Build/Intermediates.noindex/LocalLLMClient.build/Debug-iphonesimulator/LocalLLMClientLlamaC.build/Objects-normal/arm64/whisper-enc.o /Users/runner/work/red-pen-ios/red-pen-ios/ios/build/SourcePackages/checkouts/LocalLLMClient/Sources/LocalLLMClientLlamaC/models/whisper-enc.cpp normal arm64 c++ com.apple.compilers.llvm.clang.1_0.compiler (in target 'LocalLLMClientLlamaC' from project 'LocalLLMClient')
    cd /Users/runner/work/red-pen-ios/red-pen-ios/ios/RedPen.xcodeproj
    
    Using response file: /Users/runner/work/red-pen-ios/red-pen-ios/ios/build/Build/Intermediates.noindex/LocalLLMClient.build/Debug-iphonesimulator/LocalLLMClientLlamaC.build/Objects-normal/arm64/82b82416624d2658e5098eb0a28c15c5-common-args.resp
    
    /Applications/Xcode_26.6.app/Contents/Developer/Toolchains/XcodeDefault.xctoolchain/usr/bin/clang -x c++ -ivfsstatcache /Users/runner/work/red-pen-ios/red-pen-ios/ios/build/SDKStatCaches.noindex/iphonesimulator26.5-23F81a-688ef53f1462e2c8f657fdc38a81448ff45c64a1807a658693f2a61704f17a36.sdkstatcache -target arm64-apple-ios17.0-simulator -fmessage-length\=0 -fdiagnostics-show-note-include-stack -fmacro-backtrace-limit\=0 -fno-color-diagnostics -fmodules-prune-interval\=86400 -fmodules-prune-after\=345600 -fbuild-session-file\=/Users/runner/work/red-pen-ios/red-pen-ios/ios/build/ModuleCache.noindex/Session.modulevalidation -fmodules-validate-once-per-build-session -Wnon-modular-include-in-framework-module -Werror\=non-modular-include-in-framework-module -Wno-trigraphs -Wno-missing-field-initializers -Wno-missing-prototypes -Wno-return-type -Wno-non-virtual-dtor -Wno-overloaded-virtual -Wno-exit-time-destructors -Wno-missing-braces -Wparentheses -Wswitch -Wno-unused-function -Wno-unused-label -Wno-unused-parameter -Wno-unused-variable -Wunused-value -Wno-empty-body -Wno-uninitialized -Wno-unknown-pragmas -w -Wno-shadow -Wno-four-char-constants -Wno-conversion -Wno-constant-conversion -Wno-int-conversion -Wno-bool-conversion -Wno-enum-conversion -Wno-float-conversion -Wno-non-literal-null-conversion -Wno-objc-literal-conversion -Wshorten-64-to-32 -Wno-newline-eof -Wno-c++11-extensions -Wno-implicit-fallthrough -isysroot /Applications/Xcode_26.6.app/Contents/Developer/Platforms/iPhoneSimulator.platform/Developer/SDKs/iPhoneSimulator26.5.sdk -fstrict-aliasing -Wdeprecated-declarations -Winvalid-offsetof -Wno-sign-conversion -Wno-infinite-recursion -Wno-move -Wno-comma -Wno-block-capture-autoreleasing -Wno-strict-prototypes -Wno-range-loop-analysis -Wno-semicolon-before-method-body -index-store-path /Users/runner/work/red-pen-ios/red-pen-ios/ios/build/Index.noindex/DataStore -w @/Users/runner/work/red-pen-ios/red-pen-ios/ios/build/Build/Intermediates.noindex/LocalLLMClient.build/Debug-iphonesimulator/LocalLLMClientLlamaC.build/Objects-normal/arm64/82b82416624d2658e5098eb0a28c15c5-common-args.resp -MMD -MT dependencies -MF /Users/runner/work/red-pen-ios/red-pen-ios/ios/build/Build/Intermediates.noindex/LocalLLMClient.build/Debug-iphonesimulator/LocalLLMClientLlamaC.build/Objects-normal/arm64/whisper-enc.d --serialize-diagnostics /Users/runner/work/red-pen-ios/red-pen-ios/ios/build/Build/Intermediates.noindex/LocalLLMClient.build/Debug-iphonesimulator/LocalLLMClientLlamaC.build/Objects-normal/arm64/whisper-enc.dia -c /Users/runner/work/red-pen-ios/red-pen-ios/ios/build/SourcePackages/checkouts/LocalLLMClient/Sources/LocalLLMClientLlamaC/models/whisper-enc.cpp -o /Users/runner/work/red-pen-ios/red-pen-ios/ios/build/Build/Intermediates.noindex/LocalLLMClient.build/Debug-iphonesimulator/LocalLLMClientLlamaC.build/Objects-normal/arm64/whisper-enc.o -index-unit-output-path /LocalLLMClient.build/Debug-iphonesimulator/LocalLLMClientLlamaC.build/Objects-normal/arm64/whisper-enc.o

CompileC /Users/runner/work/red-pen-ios/red-pen-ios/ios/build/Build/Intermediates.noindex/LocalLLMClient.build/Debug-iphonesimulator/LocalLLMClientLlamaC.build/Objects-normal/arm64/youtuvl.o /Users/runner/work/red-pen-ios/red-pen-ios/ios/build/SourcePackages/checkouts/LocalLLMClient/Sources/LocalLLMClientLlamaC/models/youtuvl.cpp normal arm64 c++ com.apple.compilers.llvm.clang.1_0.compiler (in target 'LocalLLMClientLlamaC' from project 'LocalLLMClient')
    cd /Users/runner/work/red-pen-ios/red-pen-ios/ios/RedPen.xcodeproj
    
    Using response file: /Users/runner/work/red-pen-ios/red-pen-ios/ios/build/Build/Intermediates.noindex/LocalLLMClient.build/Debug-iphonesimulator/LocalLLMClientLlamaC.build/Objects-normal/arm64/82b82416624d2658e5098eb0a28c15c5-common-args.resp
    
    /Applications/Xcode_26.6.app/Contents/Developer/Toolchains/XcodeDefault.xctoolchain/usr/bin/clang -x c++ -ivfsstatcache /Users/runner/work/red-pen-ios/red-pen-ios/ios/build/SDKStatCaches.noindex/iphonesimulator26.5-23F81a-688ef53f1462e2c8f657fdc38a81448ff45c64a1807a658693f2a61704f17a36.sdkstatcache -target arm64-apple-ios17.0-simulator -fmessage-length\=0 -fdiagnostics-show-note-include-stack -fmacro-backtrace-limit\=0 -fno-color-diagnostics -fmodules-prune-interval\=86400 -fmodules-prune-after\=345600 -fbuild-session-file\=/Users/runner/work/red-pen-ios/red-pen-ios/ios/build/ModuleCache.noindex/Session.modulevalidation -fmodules-validate-once-per-build-session -Wnon-modular-include-in-framework-module -Werror\=non-modular-include-in-framework-module -Wno-trigraphs -Wno-missing-field-initializers -Wno-missing-prototypes -Wno-return-type -Wno-non-virtual-dtor -Wno-overloaded-virtual -Wno-exit-time-destructors -Wno-missing-braces -Wparentheses -Wswitch -Wno-unused-function -Wno-unused-label -Wno-unused-parameter -Wno-unused-variable -Wunused-value -Wno-empty-body -Wno-uninitialized -Wno-unknown-pragmas -w -Wno-shadow -Wno-four-char-constants -Wno-conversion -Wno-constant-conversion -Wno-int-conversion -Wno-bool-conversion -Wno-enum-conversion -Wno-float-conversion -Wno-non-literal-null-conversion -Wno-objc-literal-conversion -Wshorten-64-to-32 -Wno-newline-eof -Wno-c++11-extensions -Wno-implicit-fallthrough -isysroot /Applications/Xcode_26.6.app/Contents/Developer/Platforms/iPhoneSimulator.platform/Developer/SDKs/iPhoneSimulator26.5.sdk -fstrict-aliasing -Wdeprecated-declarations -Winvalid-offsetof -Wno-sign-conversion -Wno-infinite-recursion -Wno-move -Wno-comma -Wno-block-capture-autoreleasing -Wno-strict-prototypes -Wno-range-loop-analysis -Wno-semicolon-before-method-body -index-store-path /Users/runner/work/red-pen-ios/red-pen-ios/ios/build/Index.noindex/DataStore -w @/Users/runner/work/red-pen-ios/red-pen-ios/ios/build/Build/Intermediates.noindex/LocalLLMClient.build/Debug-iphonesimulator/LocalLLMClientLlamaC.build/Objects-normal/arm64/82b82416624d2658e5098eb0a28c15c5-common-args.resp -MMD -MT dependencies -MF /Users/runner/work/red-pen-ios/red-pen-ios/ios/build/Build/Intermediates.noindex/LocalLLMClient.build/Debug-iphonesimulator/LocalLLMClientLlamaC.build/Objects-normal/arm64/youtuvl.d --serialize-diagnostics /Users/runner/work/red-pen-ios/red-pen-ios/ios/build/Build/Intermediates.noindex/LocalLLMClient.build/Debug-iphonesimulator/LocalLLMClientLlamaC.build/Objects-normal/arm64/youtuvl.dia -c /Users/runner/work/red-pen-ios/red-pen-ios/ios/build/SourcePackages/checkouts/LocalLLMClient/Sources/LocalLLMClientLlamaC/models/youtuvl.cpp -o /Users/runner/work/red-pen-ios/red-pen-ios/ios/build/Build/Intermediates.noindex/LocalLLMClient.build/Debug-iphonesimulator/LocalLLMClientLlamaC.build/Objects-normal/arm64/youtuvl.o -index-unit-output-path /LocalLLMClient.build/Debug-iphonesimulator/LocalLLMClientLlamaC.build/Objects-normal/arm64/youtuvl.o

SwiftDriver LocalLLMClientUtility normal arm64 com.apple.xcode.tools.swift.compiler (in target 'LocalLLMClientUtility' from project 'LocalLLMClient')
    cd /Users/runner/work/red-pen-ios/red-pen-ios/ios/RedPen.xcodeproj
    builtin-SwiftDriver -- /Applications/Xcode_26.6.app/Contents/Developer/Toolchains/XcodeDefault.xctoolchain/usr/bin/swiftc -module-name LocalLLMClientUtility -Onone @/Users/runner/work/red-pen-ios/red-pen-ios/ios/build/Build/Intermediates.noindex/LocalLLMClient.build/Debug-iphonesimulator/LocalLLMClientUtility.build/Objects-normal/arm64/LocalLLMClientUtility.SwiftFileList -DSWIFT_PACKAGE -DDEBUG -DSWIFT_MODULE_RESOURCE_BUNDLE_UNAVAILABLE -DXcode -plugin-path /Applications/Xcode_26.6.app/Contents/Developer/Toolchains/XcodeDefault.xctoolchain/usr/lib/swift/host/plugins/testing -enable-experimental-feature DebugDescriptionMacro -sdk /Applications/Xcode_26.6.app/Contents/Developer/Platforms/iPhoneSimulator.platform/Developer/SDKs/iPhoneSimulator26.5.sdk -target arm64-apple-ios17.0-simulator -g -module-cache-path /Users/runner/work/red-pen-ios/red-pen-ios/ios/build/ModuleCache.noindex -Xfrontend -serialize-debugging-options -enable-testing -suppress-warnings -index-store-path /Users/runner/work/red-pen-ios/red-pen-ios/ios/build/Index.noindex/DataStore -Xcc -D_LIBCPP_HARDENING_MODE\=_LIBCPP_HARDENING_MODE_DEBUG -swift-version 6 -I /Users/runner/work/red-pen-ios/red-pen-ios/ios/build/Build/Products/Debug-iphonesimulator -Isystem /Applications/Xcode_26.6.app/Contents/Developer/Platforms/iPhoneSimulator.platform/Developer/usr/lib -F /Users/runner/work/red-pen-ios/red-pen-ios/ios/build/Build/Products/Debug-iphonesimulator -F /Applications/Xcode_26.6.app/Contents/Developer/Platforms/iPhoneSimulator.platform/Developer/Library/Frameworks -F /Applications/Xcode_26.6.app/Contents/Developer/Platforms/iPhoneSimulator.platform/Developer/SDKs/iPhoneSimulator26.5.sdk/Developer/Library/Frameworks -c -j3 -enable-batch-mode -incremental -Xcc -ivfsstatcache -Xcc /Users/runner/work/red-pen-ios/red-pen-ios/ios/build/SDKStatCaches.noindex/iphonesimulator26.5-23F81a-688ef53f1462e2c8f657fdc38a81448ff45c64a1807a658693f2a61704f17a36.sdkstatcache -output-file-map /Users/runner/work/red-pen-ios/red-pen-ios/ios/build/Build/Intermediates.noindex/LocalLLMClient.build/Debug-iphonesimulator/LocalLLMClientUtility.build/Objects-normal/arm64/LocalLLMClientUtility-OutputFileMap.json -use-frontend-parseable-output -save-temps -no-color-diagnostics -serialize-diagnostics -emit-dependencies -emit-module -emit-module-path /Users/runner/work/red-pen-ios/red-pen-ios/ios/build/Build/Intermediates.noindex/LocalLLMClient.build/Debug-iphonesimulator/LocalLLMClientUtility.build/Objects-normal/arm64/LocalLLMClientUtility.swiftmodule -validate-clang-modules-once -clang-build-session-file /Users/runner/work/red-pen-ios/red-pen-ios/ios/build/ModuleCache.noindex/Session.modulevalidation -package-name localllmclient -Xcc -I/Users/runner/work/red-pen-ios/red-pen-ios/ios/build/Build/Intermediates.noindex/LocalLLMClient.build/Debug-iphonesimulator/LocalLLMClientUtility.build/swift-overrides.hmap -emit-const-values -Xfrontend -const-gather-protocols-file -Xfrontend /Users/runner/work/red-pen-ios/red-pen-ios/ios/build/Build/Intermediates.noindex/LocalLLMClient.build/Debug-iphonesimulator/LocalLLMClientUtility.build/Objects-normal/arm64/LocalLLMClientUtility_const_extract_protocols.json -Xcc -I/Users/runner/work/red-pen-ios/red-pen-ios/ios/build/Build/Products/Debug-iphonesimulator/include -Xcc -I/Users/runner/work/red-pen-ios/red-pen-ios/ios/build/Build/Intermediates.noindex/LocalLLMClient.build/Debug-iphonesimulator/LocalLLMClientUtility.build/DerivedSources-normal/arm64 -Xcc -I/Users/runner/work/red-pen-ios/red-pen-ios/ios/build/Build/Intermediates.noindex/LocalLLMClient.build/Debug-iphonesimulator/LocalLLMClientUtility.build/DerivedSources/arm64 -Xcc -I/Users/runner/work/red-pen-ios/red-pen-ios/ios/build/Build/Intermediates.noindex/LocalLLMClient.build/Debug-iphonesimulator/LocalLLMClientUtility.build/DerivedSources -Xcc -DSWIFT_PACKAGE -Xcc -DDEBUG\=1 -emit-objc-header -emit-objc-header-path /Users/runner/work/red-pen-ios/red-pen-ios/ios/build/Build/Intermediates.noindex/LocalLLMClient.build/Debug-iphonesimulator/LocalLLMClientUtility.build/Objects-normal/arm64/LocalLLMClientUtility-Swift.h -working-directory /Users/runner/work/red-pen-ios/red-pen-ios/ios/RedPen.xcodeproj -experimental-emit-module-separately -disable-cmo

SwiftDriver InternalCollectionsUtilities normal arm64 com.apple.xcode.tools.swift.compiler (in target 'InternalCollectionsUtilities' from project 'swift-collections')
    cd /Users/runner/work/red-pen-ios/red-pen-ios/ios/RedPen.xcodeproj
    builtin-SwiftDriver -- /Applications/Xcode_26.6.app/Contents/Developer/Toolchains/XcodeDefault.xctoolchain/usr/bin/swiftc -module-name InternalCollectionsUtilities -Onone @/Users/runner/work/red-pen-ios/red-pen-ios/ios/build/Build/Intermediates.noindex/swift-collections.build/Debug-iphonesimulator/InternalCollectionsUtilities.build/Objects-normal/arm64/InternalCollectionsUtilities.SwiftFileList -DSWIFT_PACKAGE -DDEBUG -DSWIFT_MODULE_RESOURCE_BUNDLE_UNAVAILABLE -DCOLLECTIONS_RANDOMIZED_TESTING -DXcode -enable-experimental-feature AvailabilityMacro\=SwiftStdlib\ 5.0:\ macOS\ 10.14.4,\ iOS\ 12.2,\ watchOS\ 5.2,\ tvOS\ 12.2 -enable-experimental-feature AvailabilityMacro\=SwiftStdlib\ 5.1:\ macOS\ 10.15,\ iOS\ 13.0,\ watchOS\ 6.0,\ tvOS\ 13.0 -enable-experimental-feature AvailabilityMacro\=SwiftStdlib\ 5.6:\ macOS\ 12.3,\ iOS\ 15.4,\ watchOS\ 8.5,\ tvOS\ 15.4 -enable-experimental-feature AvailabilityMacro\=SwiftStdlib\ 5.7:\ macOS\ 13.0,\ iOS\ 16.0,\ watchOS\ 9.0,\ tvOS\ 16.0 -enable-experimental-feature AvailabilityMacro\=SwiftStdlib\ 5.8:\ macOS\ 13.3,\ iOS\ 16.4,\ watchOS\ 9.4,\ tvOS\ 16.4 -enable-experimental-feature AvailabilityMacro\=SwiftStdlib\ 5.9:\ macOS\ 14.0,\ iOS\ 17.0,\ watchOS\ 10.0,\ tvOS\ 17.0 -enable-experimental-feature AvailabilityMacro\=SwiftStdlib\ 5.10:\ macOS\ 14.4,\ iOS\ 17.4,\ watchOS\ 10.4,\ tvOS\ 17.4,\ visionOS\ 1.1 -enable-experimental-feature AvailabilityMacro\=SwiftStdlib\ 6.0:\ macOS\ 15.0,\ iOS\ 18.0,\ watchOS\ 11.0,\ tvOS\ 18.0,\ visionOS\ 2.0 -enable-experimental-feature AvailabilityMacro\=SwiftStdlib\ 6.1:\ macOS\ 15.4,\ iOS\ 18.4,\ watchOS\ 11.4,\ tvOS\ 18.4,\ visionOS\ 2.4 -enable-experimental-feature AvailabilityMacro\=SwiftStdlib\ 6.2:\ macOS\ 26.0,\ iOS\ 26.0,\ watchOS\ 26.0,\ tvOS\ 26.0,\ visionOS\ 26.0 -enable-experimental-feature AvailabilityMacro\=SwiftStdlib\ 6.3:\ macOS\ 26.4,\ iOS\ 26.4,\ watchOS\ 26.4,\ tvOS\ 26.4,\ visionOS\ 26.4 -enable-experimental-feature AvailabilityMacro\=SwiftStdlib\ 6.4:\ macOS\ 9999,\ iOS\ 9999,\ watchOS\ 9999,\ tvOS\ 9999,\ visionOS\ 9999 -enable-experimental-feature AvailabilityMacro\=SwiftStdlib\ 6.5:\ macOS\ 9999,\ iOS\ 9999,\ watchOS\ 9999,\ tvOS\ 9999,\ visionOS\ 9999 -enable-upcoming-feature MemberImportVisibility -enable-experimental-feature BuiltinModule -enable-experimental-feature Lifetimes -enable-experimental-feature InoutLifetimeDependence -enable-experimental-feature AddressableParameters -enable-experimental-feature AddressableTypes -enable-experimental-feature SuppressedAssociatedTypesWithDefaults -plugin-path /Applications/Xcode_26.6.app/Contents/Developer/Toolchains/XcodeDefault.xctoolchain/usr/lib/swift/host/plugins/testing -enable-experimental-feature DebugDescriptionMacro -sdk /Applications/Xcode_26.6.app/Contents/Developer/Platforms/iPhoneSimulator.platform/Developer/SDKs/iPhoneSimulator26.5.sdk -target arm64-apple-ios12.0-simulator -g -module-cache-path /Users/runner/work/red-pen-ios/red-pen-ios/ios/build/ModuleCache.noindex -Xfrontend -serialize-debugging-options -enable-testing -suppress-warnings -index-store-path /Users/runner/work/red-pen-ios/red-pen-ios/ios/build/Index.noindex/DataStore -Xcc -D_LIBCPP_HARDENING_MODE\=_LIBCPP_HARDENING_MODE_DEBUG -swift-version 6 -I /Users/runner/work/red-pen-ios/red-pen-ios/ios/build/Build/Products/Debug-iphonesimulator -Isystem /Applications/Xcode_26.6.app/Contents/Developer/Platforms/iPhoneSimulator.platform/Developer/usr/lib -F /Users/runner/work/red-pen-ios/red-pen-ios/ios/build/Build/Products/Debug-iphonesimulator -F /Applications/Xcode_26.6.app/Contents/Developer/Platforms/iPhoneSimulator.platform/Developer/Library/Frameworks -F /Applications/Xcode_26.6.app/Contents/Developer/Platforms/iPhoneSimulator.platform/Developer/SDKs/iPhoneSimulator26.5.sdk/Developer/Library/Frameworks -c -j3 -enable-batch-mode -incremental -Xcc -ivfsstatcache -Xcc /Users/runner/work/red-pen-ios/red-pen-ios/ios/build/SDKStatCaches.noindex/iphonesimulator26.5-23F81a-688ef53f1462e2c8f657fdc38a81448ff45c64a1807a658693f2a61704f17a36.sdkstatcache -output-file-map /Users/runner/work/red-pen-ios/red-pen-ios/ios/build/Build/Intermediates.noindex/swift-collections.build/Debug-iphonesimulator/InternalCollectionsUtilities.build/Objects-normal/arm64/InternalCollectionsUtilities-OutputFileMap.json -use-frontend-parseable-output -save-temps -no-color-diagnostics -serialize-diagnostics -emit-dependencies -emit-module -emit-module-path /Users/runner/work/red-pen-ios/red-pen-ios/ios/build/Build/Intermediates.noindex/swift-collections.build/Debug-iphonesimulator/InternalCollectionsUtilities.build/Objects-normal/arm64/InternalCollectionsUtilities.swiftmodule -user-module-version 1.6.0 -validate-clang-modules-once -clang-build-session-file /Users/runner/work/red-pen-ios/red-pen-ios/ios/build/ModuleCache.noindex/Session.modulevalidation -package-name swift_collections -Xcc -I/Users/runner/work/red-pen-ios/red-pen-ios/ios/build/Build/Intermediates.noindex/swift-collections.build/Debug-iphonesimulator/InternalCollectionsUtilities.build/swift-overrides.hmap -emit-const-values -Xfrontend -const-gather-protocols-file -Xfrontend /Users/runner/work/red-pen-ios/red-pen-ios/ios/build/Build/Intermediates.noindex/swift-collections.build/Debug-iphonesimulator/InternalCollectionsUtilities.build/Objects-normal/arm64/InternalCollectionsUtilities_const_extract_protocols.json -Xcc -I/Users/runner/work/red-pen-ios/red-pen-ios/ios/build/Build/Products/Debug-iphonesimulator/include -Xcc -I/Users/runner/work/red-pen-ios/red-pen-ios/ios/build/Build/Intermediates.noindex/swift-collections.build/Debug-iphonesimulator/InternalCollectionsUtilities.build/DerivedSources-normal/arm64 -Xcc -I/Users/runner/work/red-pen-ios/red-pen-ios/ios/build/Build/Intermediates.noindex/swift-collections.build/Debug-iphonesimulator/InternalCollectionsUtilities.build/DerivedSources/arm64 -Xcc -I/Users/runner/work/red-pen-ios/red-pen-ios/ios/build/Build/Intermediates.noindex/swift-collections.build/Debug-iphonesimulator/InternalCollectionsUtilities.build/DerivedSources -Xcc -DSWIFT_PACKAGE -Xcc -DDEBUG\=1 -emit-objc-header -emit-objc-header-path /Users/runner/work/red-pen-ios/red-pen-ios/ios/build/Build/Intermediates.noindex/swift-collections.build/Debug-iphonesimulator/InternalCollectionsUtilities.build/Objects-normal/arm64/InternalCollectionsUtilities-Swift.h -working-directory /Users/runner/work/red-pen-ios/red-pen-ios/ios/RedPen.xcodeproj -experimental-emit-module-separately -disable-cmo

CompileC /Users/runner/work/red-pen-ios/red-pen-ios/ios/build/Build/Intermediates.noindex/LocalLLMClient.build/Debug-iphonesimulator/LocalLLMClientLlamaC.build/Objects-normal/arm64/value.o /Users/runner/work/red-pen-ios/red-pen-ios/ios/build/SourcePackages/checkouts/LocalLLMClient/Sources/LocalLLMClientLlamaC/include/jinja/value.cpp normal arm64 c++ com.apple.compilers.llvm.clang.1_0.compiler (in target 'LocalLLMClientLlamaC' from project 'LocalLLMClient')
    cd /Users/runner/work/red-pen-ios/red-pen-ios/ios/RedPen.xcodeproj
    
    Using response file: /Users/runner/work/red-pen-ios/red-pen-ios/ios/build/Build/Intermediates.noindex/LocalLLMClient.build/Debug-iphonesimulator/LocalLLMClientLlamaC.build/Objects-normal/arm64/82b82416624d2658e5098eb0a28c15c5-common-args.resp
    
    /Applications/Xcode_26.6.app/Contents/Developer/Toolchains/XcodeDefault.xctoolchain/usr/bin/clang -x c++ -ivfsstatcache /Users/runner/work/red-pen-ios/red-pen-ios/ios/build/SDKStatCaches.noindex/iphonesimulator26.5-23F81a-688ef53f1462e2c8f657fdc38a81448ff45c64a1807a658693f2a61704f17a36.sdkstatcache -target arm64-apple-ios17.0-simulator -fmessage-length\=0 -fdiagnostics-show-note-include-stack -fmacro-backtrace-limit\=0 -fno-color-diagnostics -fmodules-prune-interval\=86400 -fmodules-prune-after\=345600 -fbuild-session-file\=/Users/runner/work/red-pen-ios/red-pen-ios/ios/build/ModuleCache.noindex/Session.modulevalidation -fmodules-validate-once-per-build-session -Wnon-modular-include-in-framework-module -Werror\=non-modular-include-in-framework-module -Wno-trigraphs -Wno-missing-field-initializers -Wno-missing-prototypes -Wno-return-type -Wno-non-virtual-dtor -Wno-overloaded-virtual -Wno-exit-time-destructors -Wno-missing-braces -Wparentheses -Wswitch -Wno-unused-function -Wno-unused-label -Wno-unused-parameter -Wno-unused-variable -Wunused-value -Wno-empty-body -Wno-uninitialized -Wno-unknown-pragmas -w -Wno-shadow -Wno-four-char-constants -Wno-conversion -Wno-constant-conversion -Wno-int-conversion -Wno-bool-conversion -Wno-enum-conversion -Wno-float-conversion -Wno-non-literal-null-conversion -Wno-objc-literal-conversion -Wshorten-64-to-32 -Wno-newline-eof -Wno-c++11-extensions -Wno-implicit-fallthrough -isysroot /Applications/Xcode_26.6.app/Contents/Developer/Platforms/iPhoneSimulator.platform/Developer/SDKs/iPhoneSimulator26.5.sdk -fstrict-aliasing -Wdeprecated-declarations -Winvalid-offsetof -Wno-sign-conversion -Wno-infinite-recursion -Wno-move -Wno-comma -Wno-block-capture-autoreleasing -Wno-strict-prototypes -Wno-range-loop-analysis -Wno-semicolon-before-method-body -index-store-path /Users/runner/work/red-pen-ios/red-pen-ios/ios/build/Index.noindex/DataStore -w @/Users/runner/work/red-pen-ios/red-pen-ios/ios/build/Build/Intermediates.noindex/LocalLLMClient.build/Debug-iphonesimulator/LocalLLMClientLlamaC.build/Objects-normal/arm64/82b82416624d2658e5098eb0a28c15c5-common-args.resp -MMD -MT dependencies -MF /Users/runner/work/red-pen-ios/red-pen-ios/ios/build/Build/Intermediates.noindex/LocalLLMClient.build/Debug-iphonesimulator/LocalLLMClientLlamaC.build/Objects-normal/arm64/value.d --serialize-diagnostics /Users/runner/work/red-pen-ios/red-pen-ios/ios/build/Build/Intermediates.noindex/LocalLLMClient.build/Debug-iphonesimulator/LocalLLMClientLlamaC.build/Objects-normal/arm64/value.dia -c /Users/runner/work/red-pen-ios/red-pen-ios/ios/build/SourcePackages/checkouts/LocalLLMClient/Sources/LocalLLMClientLlamaC/include/jinja/value.cpp -o /Users/runner/work/red-pen-ios/red-pen-ios/ios/build/Build/Intermediates.noindex/LocalLLMClient.build/Debug-iphonesimulator/LocalLLMClientLlamaC.build/Objects-normal/arm64/value.o -index-unit-output-path /LocalLLMClient.build/Debug-iphonesimulator/LocalLLMClientLlamaC.build/Objects-normal/arm64/value.o

SwiftEmitModule normal arm64 Emitting\ module\ for\ LocalLLMClientUtility (in target 'LocalLLMClientUtility' from project 'LocalLLMClient')

EmitSwiftModule normal arm64 (in target 'LocalLLMClientUtility' from project 'LocalLLMClient')
    cd /Users/runner/work/red-pen-ios/red-pen-ios/ios/RedPen.xcodeproj
    

SwiftEmitModule normal arm64 Emitting\ module\ for\ InternalCollectionsUtilities (in target 'InternalCollectionsUtilities' from project 'swift-collections')

EmitSwiftModule normal arm64 (in target 'InternalCollectionsUtilities' from project 'swift-collections')
    cd /Users/runner/work/red-pen-ios/red-pen-ios/ios/RedPen.xcodeproj
    

SwiftDriver LocalLLMClientMacrosPlugin normal arm64 com.apple.xcode.tools.swift.compiler (in target 'LocalLLMClientMacrosPlugin' from project 'LocalLLMClient')
    cd /Users/runner/work/red-pen-ios/red-pen-ios/ios/RedPen.xcodeproj
    builtin-SwiftDriver -- /Applications/Xcode_26.6.app/Contents/Developer/Toolchains/XcodeDefault.xctoolchain/usr/bin/swiftc -module-name LocalLLMClientMacrosPlugin -Onone @/Users/runner/work/red-pen-ios/red-pen-ios/ios/build/Build/Intermediates.noindex/LocalLLMClient.build/Debug/LocalLLMClientMacrosPlugin.build/Objects-normal/arm64/LocalLLMClientMacrosPlugin.SwiftFileList -DSWIFT_PACKAGE -DDEBUG -DXcode -I /Users/runner/work/red-pen-ios/red-pen-ios/ios/build/SourcePackages/prebuilts/swift-syntax/603.0.2/swiftlang-6.3.3.1.3-macosx26.5-MacroSupport/Modules -I /Users/runner/work/red-pen-ios/red-pen-ios/ios/build/SourcePackages/checkouts/swift-syntax/Sources/_SwiftLibraryPluginProviderCShims/include -I /Users/runner/work/red-pen-ios/red-pen-ios/ios/build/SourcePackages/checkouts/swift-syntax/Sources/_SwiftSyntaxCShims/include -plugin-path /Applications/Xcode_26.6.app/Contents/Developer/Toolchains/XcodeDefault.xctoolchain/usr/lib/swift/host/plugins/testing -enable-experimental-feature DebugDescriptionMacro -sdk /Applications/Xcode_26.6.app/Contents/Developer/Platforms/MacOSX.platform/Developer/SDKs/MacOSX26.5.sdk -target arm64-apple-macos14.0 -g -module-cache-path /Users/runner/work/red-pen-ios/red-pen-ios/ios/build/ModuleCache.noindex -Xfrontend -serialize-debugging-options -enable-testing -suppress-warnings -index-store-path /Users/runner/work/red-pen-ios/red-pen-ios/ios/build/Index.noindex/DataStore -Xcc -D_LIBCPP_HARDENING_MODE\=_LIBCPP_HARDENING_MODE_DEBUG -swift-version 6 -I /Users/runner/work/red-pen-ios/red-pen-ios/ios/build/Build/Products/Debug -Isystem /Applications/Xcode_26.6.app/Contents/Developer/Platforms/MacOSX.platform/Developer/usr/lib -F /Users/runner/work/red-pen-ios/red-pen-ios/ios/build/Build/Products/Debug -F /Applications/Xcode_26.6.app/Contents/Developer/Platforms/MacOSX.platform/Developer/Library/Frameworks -c -j3 -enable-batch-mode -incremental -Xcc -ivfsstatcache -Xcc /Users/runner/work/red-pen-ios/red-pen-ios/ios/build/SDKStatCaches.noindex/macosx26.5-25F70-688ef53f1462e2c8f657fdc38a81448fee0e6409aa6676c5e6c013d148225433.sdkstatcache -output-file-map /Users/runner/work/red-pen-ios/red-pen-ios/ios/build/Build/Intermediates.noindex/LocalLLMClient.build/Debug/LocalLLMClientMacrosPlugin.build/Objects-normal/arm64/LocalLLMClientMacrosPlugin-OutputFileMap.json -use-frontend-parseable-output -save-temps -no-color-diagnostics -serialize-diagnostics -emit-dependencies -emit-module -emit-module-path /Users/runner/work/red-pen-ios/red-pen-ios/ios/build/Build/Intermediates.noindex/LocalLLMClient.build/Debug/LocalLLMClientMacrosPlugin.build/Objects-normal/arm64/LocalLLMClientMacrosPlugin.swiftmodule -validate-clang-modules-once -clang-build-session-file /Users/runner/work/red-pen-ios/red-pen-ios/ios/build/ModuleCache.noindex/Session.modulevalidation -package-name localllmclient -emit-const-values -Xfrontend -const-gather-protocols-file -Xfrontend /Users/runner/work/red-pen-ios/red-pen-ios/ios/build/Build/Intermediates.noindex/LocalLLMClient.build/Debug/LocalLLMClientMacrosPlugin.build/Objects-normal/arm64/LocalLLMClientMacrosPlugin_const_extract_protocols.json -Xcc -I/Users/runner/work/red-pen-ios/red-pen-ios/ios/build/Build/Products/Debug/include -Xcc -I/Users/runner/work/red-pen-ios/red-pen-ios/ios/build/Build/Intermediates.noindex/LocalLLMClient.build/Debug/LocalLLMClientMacrosPlugin.build/DerivedSources-normal/arm64 -Xcc -I/Users/runner/work/red-pen-ios/red-pen-ios/ios/build/Build/Intermediates.noindex/LocalLLMClient.build/Debug/LocalLLMClientMacrosPlugin.build/DerivedSources/arm64 -Xcc -I/Users/runner/work/red-pen-ios/red-pen-ios/ios/build/Build/Intermediates.noindex/LocalLLMClient.build/Debug/LocalLLMClientMacrosPlugin.build/DerivedSources -Xcc -DSWIFT_PACKAGE -Xcc -DDEBUG\=1 -working-directory /Users/runner/work/red-pen-ios/red-pen-ios/ios/RedPen.xcodeproj -experimental-emit-module-separately -disable-cmo

SwiftDriverJobDiscovery normal arm64 Emitting module for LocalLLMClientUtility (in target 'LocalLLMClientUtility' from project 'LocalLLMClient')

SwiftDriver\ Compilation\ Requirements LocalLLMClientUtility normal arm64 com.apple.xcode.tools.swift.compiler (in target 'LocalLLMClientUtility' from project 'LocalLLMClient')
    cd /Users/runner/work/red-pen-ios/red-pen-ios/ios/RedPen.xcodeproj
    builtin-Swift-Compilation-Requirements -- /Applications/Xcode_26.6.app/Contents/Developer/Toolchains/XcodeDefault.xctoolchain/usr/bin/swiftc -module-name LocalLLMClientUtility -Onone @/Users/runner/work/red-pen-ios/red-pen-ios/ios/build/Build/Intermediates.noindex/LocalLLMClient.build/Debug-iphonesimulator/LocalLLMClientUtility.build/Objects-normal/arm64/LocalLLMClientUtility.SwiftFileList -DSWIFT_PACKAGE -DDEBUG -DSWIFT_MODULE_RESOURCE_BUNDLE_UNAVAILABLE -DXcode -plugin-path /Applications/Xcode_26.6.app/Contents/Developer/Toolchains/XcodeDefault.xctoolchain/usr/lib/swift/host/plugins/testing -enable-experimental-feature DebugDescriptionMacro -sdk /Applications/Xcode_26.6.app/Contents/Developer/Platforms/iPhoneSimulator.platform/Developer/SDKs/iPhoneSimulator26.5.sdk -target arm64-apple-ios17.0-simulator -g -module-cache-path /Users/runner/work/red-pen-ios/red-pen-ios/ios/build/ModuleCache.noindex -Xfrontend -serialize-debugging-options -enable-testing -suppress-warnings -index-store-path /Users/runner/work/red-pen-ios/red-pen-ios/ios/build/Index.noindex/DataStore -Xcc -D_LIBCPP_HARDENING_MODE\=_LIBCPP_HARDENING_MODE_DEBUG -swift-version 6 -I /Users/runner/work/red-pen-ios/red-pen-ios/ios/build/Build/Products/Debug-iphonesimulator -Isystem /Applications/Xcode_26.6.app/Contents/Developer/Platforms/iPhoneSimulator.platform/Developer/usr/lib -F /Users/runner/work/red-pen-ios/red-pen-ios/ios/build/Build/Products/Debug-iphonesimulator -F /Applications/Xcode_26.6.app/Contents/Developer/Platforms/iPhoneSimulator.platform/Developer/Library/Frameworks -F /Applications/Xcode_26.6.app/Contents/Developer/Platforms/iPhoneSimulator.platform/Developer/SDKs/iPhoneSimulator26.5.sdk/Developer/Library/Frameworks -c -j3 -enable-batch-mode -incremental -Xcc -ivfsstatcache -Xcc /Users/runner/work/red-pen-ios/red-pen-ios/ios/build/SDKStatCaches.noindex/iphonesimulator26.5-23F81a-688ef53f1462e2c8f657fdc38a81448ff45c64a1807a658693f2a61704f17a36.sdkstatcache -output-file-map /Users/runner/work/red-pen-ios/red-pen-ios/ios/build/Build/Intermediates.noindex/LocalLLMClient.build/Debug-iphonesimulator/LocalLLMClientUtility.build/Objects-normal/arm64/LocalLLMClientUtility-OutputFileMap.json -use-frontend-parseable-output -save-temps -no-color-diagnostics -serialize-diagnostics -emit-dependencies -emit-module -emit-module-path /Users/runner/work/red-pen-ios/red-pen-ios/ios/build/Build/Intermediates.noindex/LocalLLMClient.build/Debug-iphonesimulator/LocalLLMClientUtility.build/Objects-normal/arm64/LocalLLMClientUtility.swiftmodule -validate-clang-modules-once -clang-build-session-file /Users/runner/work/red-pen-ios/red-pen-ios/ios/build/ModuleCache.noindex/Session.modulevalidation -package-name localllmclient -Xcc -I/Users/runner/work/red-pen-ios/red-pen-ios/ios/build/Build/Intermediates.noindex/LocalLLMClient.build/Debug-iphonesimulator/LocalLLMClientUtility.build/swift-overrides.hmap -emit-const-values -Xfrontend -const-gather-protocols-file -Xfrontend /Users/runner/work/red-pen-ios/red-pen-ios/ios/build/Build/Intermediates.noindex/LocalLLMClient.build/Debug-iphonesimulator/LocalLLMClientUtility.build/Objects-normal/arm64/LocalLLMClientUtility_const_extract_protocols.json -Xcc -I/Users/runner/work/red-pen-ios/red-pen-ios/ios/build/Build/Products/Debug-iphonesimulator/include -Xcc -I/Users/runner/work/red-pen-ios/red-pen-ios/ios/build/Build/Intermediates.noindex/LocalLLMClient.build/Debug-iphonesimulator/LocalLLMClientUtility.build/DerivedSources-normal/arm64 -Xcc -I/Users/runner/work/red-pen-ios/red-pen-ios/ios/build/Build/Intermediates.noindex/LocalLLMClient.build/Debug-iphonesimulator/LocalLLMClientUtility.build/DerivedSources/arm64 -Xcc -I/Users/runner/work/red-pen-ios/red-pen-ios/ios/build/Build/Intermediates.noindex/LocalLLMClient.build/Debug-iphonesimulator/LocalLLMClientUtility.build/DerivedSources -Xcc -DSWIFT_PACKAGE -Xcc -DDEBUG\=1 -emit-objc-header -emit-objc-header-path /Users/runner/work/red-pen-ios/red-pen-ios/ios/build/Build/Intermediates.noindex/LocalLLMClient.build/Debug-iphonesimulator/LocalLLMClientUtility.build/Objects-normal/arm64/LocalLLMClientUtility-Swift.h -working-directory /Users/runner/work/red-pen-ios/red-pen-ios/ios/RedPen.xcodeproj -experimental-emit-module-separately -disable-cmo

SwiftEmitModule normal arm64 Emitting\ module\ for\ LocalLLMClientMacrosPlugin (in target 'LocalLLMClientMacrosPlugin' from project 'LocalLLMClient')
EmitSwiftModule normal arm64 (in target 'LocalLLMClientMacrosPlugin' from project 'LocalLLMClient')
    cd /Users/runner/work/red-pen-ios/red-pen-ios/ios/RedPen.xcodeproj
    

SwiftMergeGeneratedHeaders /Users/runner/work/red-pen-ios/red-pen-ios/ios/build/Build/Intermediates.noindex/GeneratedModuleMaps-iphonesimulator/LocalLLMClientUtility-Swift.h /Users/runner/work/red-pen-ios/red-pen-ios/ios/build/Build/Intermediates.noindex/LocalLLMClient.build/Debug-iphonesimulator/LocalLLMClientUtility.build/Objects-normal/arm64/LocalLLMClientUtility-Swift.h (in target 'LocalLLMClientUtility' from project 'LocalLLMClient')
    cd /Users/runner/work/red-pen-ios/red-pen-ios/ios/build/SourcePackages/checkouts/LocalLLMClient
    builtin-swiftHeaderTool -arch arm64 /Users/runner/work/red-pen-ios/red-pen-ios/ios/build/Build/Intermediates.noindex/LocalLLMClient.build/Debug-iphonesimulator/LocalLLMClientUtility.build/Objects-normal/arm64/LocalLLMClientUtility-Swift.h -o /Users/runner/work/red-pen-ios/red-pen-ios/ios/build/Build/Intermediates.noindex/GeneratedModuleMaps-iphonesimulator/LocalLLMClientUtility-Swift.h

SwiftDriverJobDiscovery normal arm64 Emitting module for InternalCollectionsUtilities (in target 'InternalCollectionsUtilities' from project 'swift-collections')

Copy /Users/runner/work/red-pen-ios/red-pen-ios/ios/build/Build/Products/Debug-iphonesimulator/LocalLLMClientUtility.swiftmodule/arm64-apple-ios-simulator.swiftmodule /Users/runner/work/red-pen-ios/red-pen-ios/ios/build/Build/Intermediates.noindex/LocalLLMClient.build/Debug-iphonesimulator/LocalLLMClientUtility.build/Objects-normal/arm64/LocalLLMClientUtility.swiftmodule (in target 'LocalLLMClientUtility' from project 'LocalLLMClient')
    cd /Users/runner/work/red-pen-ios/red-pen-ios/ios/build/SourcePackages/checkouts/LocalLLMClient
    builtin-copy -exclude .DS_Store -exclude CVS -exclude .svn -exclude .git -exclude .hg -resolve-src-symlinks -rename /Users/runner/work/red-pen-ios/red-pen-ios/ios/build/Build/Intermediates.noindex/LocalLLMClient.build/Debug-iphonesimulator/LocalLLMClientUtility.build/Objects-normal/arm64/LocalLLMClientUtility.swiftmodule /Users/runner/work/red-pen-ios/red-pen-ios/ios/build/Build/Products/Debug-iphonesimulator/LocalLLMClientUtility.swiftmodule/arm64-apple-ios-simulator.swiftmodule

Copy /Users/runner/work/red-pen-ios/red-pen-ios/ios/build/Build/Products/Debug-iphonesimulator/LocalLLMClientUtility.swiftmodule/arm64-apple-ios-simulator.swiftdoc /Users/runner/work/red-pen-ios/red-pen-ios/ios/build/Build/Intermediates.noindex/LocalLLMClient.build/Debug-iphonesimulator/LocalLLMClientUtility.build/Objects-normal/arm64/LocalLLMClientUtility.swiftdoc (in target 'LocalLLMClientUtility' from project 'LocalLLMClient')
    cd /Users/runner/work/red-pen-ios/red-pen-ios/ios/build/SourcePackages/checkouts/LocalLLMClient
    builtin-copy -exclude .DS_Store -exclude CVS -exclude .svn -exclude .git -exclude .hg -resolve-src-symlinks -rename /Users/runner/work/red-pen-ios/red-pen-ios/ios/build/Build/Intermediates.noindex/LocalLLMClient.build/Debug-iphonesimulator/LocalLLMClientUtility.build/Objects-normal/arm64/LocalLLMClientUtility.swiftdoc /Users/runner/work/red-pen-ios/red-pen-ios/ios/build/Build/Products/Debug-iphonesimulator/LocalLLMClientUtility.swiftmodule/arm64-apple-ios-simulator.swiftdoc

Copy /Users/runner/work/red-pen-ios/red-pen-ios/ios/build/Build/Products/Debug-iphonesimulator/LocalLLMClientUtility.swiftmodule/arm64-apple-ios-simulator.abi.json /Users/runner/work/red-pen-ios/red-pen-ios/ios/build/Build/Intermediates.noindex/LocalLLMClient.build/Debug-iphonesimulator/LocalLLMClientUtility.build/Objects-normal/arm64/LocalLLMClientUtility.abi.json (in target 'LocalLLMClientUtility' from project 'LocalLLMClient')
    cd /Users/runner/work/red-pen-ios/red-pen-ios/ios/build/SourcePackages/checkouts/LocalLLMClient
    builtin-copy -exclude .DS_Store -exclude CVS -exclude .svn -exclude .git -exclude .hg -resolve-src-symlinks -rename /Users/runner/work/red-pen-ios/red-pen-ios/ios/build/Build/Intermediates.noindex/LocalLLMClient.build/Debug-iphonesimulator/LocalLLMClientUtility.build/Objects-normal/arm64/LocalLLMClientUtility.abi.json /Users/runner/work/red-pen-ios/red-pen-ios/ios/build/Build/Products/Debug-iphonesimulator/LocalLLMClientUtility.swiftmodule/arm64-apple-ios-simulator.abi.json

Copy /Users/runner/work/red-pen-ios/red-pen-ios/ios/build/Build/Products/Debug-iphonesimulator/LocalLLMClientUtility.swiftmodule/Project/arm64-apple-ios-simulator.swiftsourceinfo /Users/runner/work/red-pen-ios/red-pen-ios/ios/build/Build/Intermediates.noindex/LocalLLMClient.build/Debug-iphonesimulator/LocalLLMClientUtility.build/Objects-normal/arm64/LocalLLMClientUtility.swiftsourceinfo (in target 'LocalLLMClientUtility' from project 'LocalLLMClient')
    cd /Users/runner/work/red-pen-ios/red-pen-ios/ios/build/SourcePackages/checkouts/LocalLLMClient
    builtin-copy -exclude .DS_Store -exclude CVS -exclude .svn -exclude .git -exclude .hg -resolve-src-symlinks -rename /Users/runner/work/red-pen-ios/red-pen-ios/ios/build/Build/Intermediates.noindex/LocalLLMClient.build/Debug-iphonesimulator/LocalLLMClientUtility.build/Objects-normal/arm64/LocalLLMClientUtility.swiftsourceinfo /Users/runner/work/red-pen-ios/red-pen-ios/ios/build/Build/Products/Debug-iphonesimulator/LocalLLMClientUtility.swiftmodule/Project/arm64-apple-ios-simulator.swiftsourceinfo

SwiftDriver\ Compilation\ Requirements InternalCollectionsUtilities normal arm64 com.apple.xcode.tools.swift.compiler (in target 'InternalCollectionsUtilities' from project 'swift-collections')
    cd /Users/runner/work/red-pen-ios/red-pen-ios/ios/RedPen.xcodeproj
    builtin-Swift-Compilation-Requirements -- /Applications/Xcode_26.6.app/Contents/Developer/Toolchains/XcodeDefault.xctoolchain/usr/bin/swiftc -module-name InternalCollectionsUtilities -Onone @/Users/runner/work/red-pen-ios/red-pen-ios/ios/build/Build/Intermediates.noindex/swift-collections.build/Debug-iphonesimulator/InternalCollectionsUtilities.build/Objects-normal/arm64/InternalCollectionsUtilities.SwiftFileList -DSWIFT_PACKAGE -DDEBUG -DSWIFT_MODULE_RESOURCE_BUNDLE_UNAVAILABLE -DCOLLECTIONS_RANDOMIZED_TESTING -DXcode -enable-experimental-feature AvailabilityMacro\=SwiftStdlib\ 5.0:\ macOS\ 10.14.4,\ iOS\ 12.2,\ watchOS\ 5.2,\ tvOS\ 12.2 -enable-experimental-feature AvailabilityMacro\=SwiftStdlib\ 5.1:\ macOS\ 10.15,\ iOS\ 13.0,\ watchOS\ 6.0,\ tvOS\ 13.0 -enable-experimental-feature AvailabilityMacro\=SwiftStdlib\ 5.6:\ macOS\ 12.3,\ iOS\ 15.4,\ watchOS\ 8.5,\ tvOS\ 15.4 -enable-experimental-feature AvailabilityMacro\=SwiftStdlib\ 5.7:\ macOS\ 13.0,\ iOS\ 16.0,\ watchOS\ 9.0,\ tvOS\ 16.0 -enable-experimental-feature AvailabilityMacro\=SwiftStdlib\ 5.8:\ macOS\ 13.3,\ iOS\ 16.4,\ watchOS\ 9.4,\ tvOS\ 16.4 -enable-experimental-feature AvailabilityMacro\=SwiftStdlib\ 5.9:\ macOS\ 14.0,\ iOS\ 17.0,\ watchOS\ 10.0,\ tvOS\ 17.0 -enable-experimental-feature AvailabilityMacro\=SwiftStdlib\ 5.10:\ macOS\ 14.4,\ iOS\ 17.4,\ watchOS\ 10.4,\ tvOS\ 17.4,\ visionOS\ 1.1 -enable-experimental-feature AvailabilityMacro\=SwiftStdlib\ 6.0:\ macOS\ 15.0,\ iOS\ 18.0,\ watchOS\ 11.0,\ tvOS\ 18.0,\ visionOS\ 2.0 -enable-experimental-feature AvailabilityMacro\=SwiftStdlib\ 6.1:\ macOS\ 15.4,\ iOS\ 18.4,\ watchOS\ 11.4,\ tvOS\ 18.4,\ visionOS\ 2.4 -enable-experimental-feature AvailabilityMacro\=SwiftStdlib\ 6.2:\ macOS\ 26.0,\ iOS\ 26.0,\ watchOS\ 26.0,\ tvOS\ 26.0,\ visionOS\ 26.0 -enable-experimental-feature AvailabilityMacro\=SwiftStdlib\ 6.3:\ macOS\ 26.4,\ iOS\ 26.4,\ watchOS\ 26.4,\ tvOS\ 26.4,\ visionOS\ 26.4 -enable-experimental-feature AvailabilityMacro\=SwiftStdlib\ 6.4:\ macOS\ 9999,\ iOS\ 9999,\ watchOS\ 9999,\ tvOS\ 9999,\ visionOS\ 9999 -enable-experimental-feature AvailabilityMacro\=SwiftStdlib\ 6.5:\ macOS\ 9999,\ iOS\ 9999,\ watchOS\ 9999,\ tvOS\ 9999,\ visionOS\ 9999 -enable-upcoming-feature MemberImportVisibility -enable-experimental-feature BuiltinModule -enable-experimental-feature Lifetimes -enable-experimental-feature InoutLifetimeDependence -enable-experimental-feature AddressableParameters -enable-experimental-feature AddressableTypes -enable-experimental-feature SuppressedAssociatedTypesWithDefaults -plugin-path /Applications/Xcode_26.6.app/Contents/Developer/Toolchains/XcodeDefault.xctoolchain/usr/lib/swift/host/plugins/testing -enable-experimental-feature DebugDescriptionMacro -sdk /Applications/Xcode_26.6.app/Contents/Developer/Platforms/iPhoneSimulator.platform/Developer/SDKs/iPhoneSimulator26.5.sdk -target arm64-apple-ios12.0-simulator -g -module-cache-path /Users/runner/work/red-pen-ios/red-pen-ios/ios/build/ModuleCache.noindex -Xfrontend -serialize-debugging-options -enable-testing -suppress-warnings -index-store-path /Users/runner/work/red-pen-ios/red-pen-ios/ios/build/Index.noindex/DataStore -Xcc -D_LIBCPP_HARDENING_MODE\=_LIBCPP_HARDENING_MODE_DEBUG -swift-version 6 -I /Users/runner/work/red-pen-ios/red-pen-ios/ios/build/Build/Products/Debug-iphonesimulator -Isystem /Applications/Xcode_26.6.app/Contents/Developer/Platforms/iPhoneSimulator.platform/Developer/usr/lib -F /Users/runner/work/red-pen-ios/red-pen-ios/ios/build/Build/Products/Debug-iphonesimulator -F /Applications/Xcode_26.6.app/Contents/Developer/Platforms/iPhoneSimulator.platform/Developer/Library/Frameworks -F /Applications/Xcode_26.6.app/Contents/Developer/Platforms/iPhoneSimulator.platform/Developer/SDKs/iPhoneSimulator26.5.sdk/Developer/Library/Frameworks -c -j3 -enable-batch-mode -incremental -Xcc -ivfsstatcache -Xcc /Users/runner/work/red-pen-ios/red-pen-ios/ios/build/SDKStatCaches.noindex/iphonesimulator26.5-23F81a-688ef53f1462e2c8f657fdc38a81448ff45c64a1807a658693f2a61704f17a36.sdkstatcache -output-file-map /Users/runner/work/red-pen-ios/red-pen-ios/ios/build/Build/Intermediates.noindex/swift-collections.build/Debug-iphonesimulator/InternalCollectionsUtilities.build/Objects-normal/arm64/InternalCollectionsUtilities-OutputFileMap.json -use-frontend-parseable-output -save-temps -no-color-diagnostics -serialize-diagnostics -emit-dependencies -emit-module -emit-module-path /Users/runner/work/red-pen-ios/red-pen-ios/ios/build/Build/Intermediates.noindex/swift-collections.build/Debug-iphonesimulator/InternalCollectionsUtilities.build/Objects-normal/arm64/InternalCollectionsUtilities.swiftmodule -user-module-version 1.6.0 -validate-clang-modules-once -clang-build-session-file /Users/runner/work/red-pen-ios/red-pen-ios/ios/build/ModuleCache.noindex/Session.modulevalidation -package-name swift_collections -Xcc -I/Users/runner/work/red-pen-ios/red-pen-ios/ios/build/Build/Intermediates.noindex/swift-collections.build/Debug-iphonesimulator/InternalCollectionsUtilities.build/swift-overrides.hmap -emit-const-values -Xfrontend -const-gather-protocols-file -Xfrontend /Users/runner/work/red-pen-ios/red-pen-ios/ios/build/Build/Intermediates.noindex/swift-collections.build/Debug-iphonesimulator/InternalCollectionsUtilities.build/Objects-normal/arm64/InternalCollectionsUtilities_const_extract_protocols.json -Xcc -I/Users/runner/work/red-pen-ios/red-pen-ios/ios/build/Build/Products/Debug-iphonesimulator/include -Xcc -I/Users/runner/work/red-pen-ios/red-pen-ios/ios/build/Build/Intermediates.noindex/swift-collections.build/Debug-iphonesimulator/InternalCollectionsUtilities.build/DerivedSources-normal/arm64 -Xcc -I/Users/runner/work/red-pen-ios/red-pen-ios/ios/build/Build/Intermediates.noindex/swift-collections.build/Debug-iphonesimulator/InternalCollectionsUtilities.build/DerivedSources/arm64 -Xcc -I/Users/runner/work/red-pen-ios/red-pen-ios/ios/build/Build/Intermediates.noindex/swift-collections.build/Debug-iphonesimulator/InternalCollectionsUtilities.build/DerivedSources -Xcc -DSWIFT_PACKAGE -Xcc -DDEBUG\=1 -emit-objc-header -emit-objc-header-path /Users/runner/work/red-pen-ios/red-pen-ios/ios/build/Build/Intermediates.noindex/swift-collections.build/Debug-iphonesimulator/InternalCollectionsUtilities.build/Objects-normal/arm64/InternalCollectionsUtilities-Swift.h -working-directory /Users/runner/work/red-pen-ios/red-pen-ios/ios/RedPen.xcodeproj -experimental-emit-module-separately -disable-cmo

CompileC /Users/runner/work/red-pen-ios/red-pen-ios/ios/build/Build/Intermediates.noindex/LocalLLMClient.build/Debug-iphonesimulator/LocalLLMClientLlamaC.build/Objects-normal/arm64/utils.o /Users/runner/work/red-pen-ios/red-pen-ios/ios/build/SourcePackages/checkouts/LocalLLMClient/Sources/LocalLLMClientLlamaC/utils.cpp normal arm64 c++ com.apple.compilers.llvm.clang.1_0.compiler (in target 'LocalLLMClientLlamaC' from project 'LocalLLMClient')
    cd /Users/runner/work/red-pen-ios/red-pen-ios/ios/RedPen.xcodeproj
    
    Using response file: /Users/runner/work/red-pen-ios/red-pen-ios/ios/build/Build/Intermediates.noindex/LocalLLMClient.build/Debug-iphonesimulator/LocalLLMClientLlamaC.build/Objects-normal/arm64/82b82416624d2658e5098eb0a28c15c5-common-args.resp
    
    /Applications/Xcode_26.6.app/Contents/Developer/Toolchains/XcodeDefault.xctoolchain/usr/bin/clang -x c++ -ivfsstatcache /Users/runner/work/red-pen-ios/red-pen-ios/ios/build/SDKStatCaches.noindex/iphonesimulator26.5-23F81a-688ef53f1462e2c8f657fdc38a81448ff45c64a1807a658693f2a61704f17a36.sdkstatcache -target arm64-apple-ios17.0-simulator -fmessage-length\=0 -fdiagnostics-show-note-include-stack -fmacro-backtrace-limit\=0 -fno-color-diagnostics -fmodules-prune-interval\=86400 -fmodules-prune-after\=345600 -fbuild-session-file\=/Users/runner/work/red-pen-ios/red-pen-ios/ios/build/ModuleCache.noindex/Session.modulevalidation -fmodules-validate-once-per-build-session -Wnon-modular-include-in-framework-module -Werror\=non-modular-include-in-framework-module -Wno-trigraphs -Wno-missing-field-initializers -Wno-missing-prototypes -Wno-return-type -Wno-non-virtual-dtor -Wno-overloaded-virtual -Wno-exit-time-destructors -Wno-missing-braces -Wparentheses -Wswitch -Wno-unused-function -Wno-unused-label -Wno-unused-parameter -Wno-unused-variable -Wunused-value -Wno-empty-body -Wno-uninitialized -Wno-unknown-pragmas -w -Wno-shadow -Wno-four-char-constants -Wno-conversion -Wno-constant-conversion -Wno-int-conversion -Wno-bool-conversion -Wno-enum-conversion -Wno-float-conversion -Wno-non-literal-null-conversion -Wno-objc-literal-conversion -Wshorten-64-to-32 -Wno-newline-eof -Wno-c++11-extensions -Wno-implicit-fallthrough -isysroot /Applications/Xcode_26.6.app/Contents/Developer/Platforms/iPhoneSimulator.platform/Developer/SDKs/iPhoneSimulator26.5.sdk -fstrict-aliasing -Wdeprecated-declarations -Winvalid-offsetof -Wno-sign-conversion -Wno-infinite-recursion -Wno-move -Wno-comma -Wno-block-capture-autoreleasing -Wno-strict-prototypes -Wno-range-loop-analysis -Wno-semicolon-before-method-body -index-store-path /Users/runner/work/red-pen-ios/red-pen-ios/ios/build/Index.noindex/DataStore -w @/Users/runner/work/red-pen-ios/red-pen-ios/ios/build/Build/Intermediates.noindex/LocalLLMClient.build/Debug-iphonesimulator/LocalLLMClientLlamaC.build/Objects-normal/arm64/82b82416624d2658e5098eb0a28c15c5-common-args.resp -MMD -MT dependencies -MF /Users/runner/work/red-pen-ios/red-pen-ios/ios/build/Build/Intermediates.noindex/LocalLLMClient.build/Debug-iphonesimulator/LocalLLMClientLlamaC.build/Objects-normal/arm64/utils.d --serialize-diagnostics /Users/runner/work/red-pen-ios/red-pen-ios/ios/build/Build/Intermediates.noindex/LocalLLMClient.build/Debug-iphonesimulator/LocalLLMClientLlamaC.build/Objects-normal/arm64/utils.dia -c /Users/runner/work/red-pen-ios/red-pen-ios/ios/build/SourcePackages/checkouts/LocalLLMClient/Sources/LocalLLMClientLlamaC/utils.cpp -o /Users/runner/work/red-pen-ios/red-pen-ios/ios/build/Build/Intermediates.noindex/LocalLLMClient.build/Debug-iphonesimulator/LocalLLMClientLlamaC.build/Objects-normal/arm64/utils.o -index-unit-output-path /LocalLLMClient.build/Debug-iphonesimulator/LocalLLMClientLlamaC.build/Objects-normal/arm64/utils.o

SwiftMergeGeneratedHeaders /Users/runner/work/red-pen-ios/red-pen-ios/ios/build/Build/Intermediates.noindex/GeneratedModuleMaps-iphonesimulator/InternalCollectionsUtilities-Swift.h /Users/runner/work/red-pen-ios/red-pen-ios/ios/build/Build/Intermediates.noindex/swift-collections.build/Debug-iphonesimulator/InternalCollectionsUtilities.build/Objects-normal/arm64/InternalCollectionsUtilities-Swift.h (in target 'InternalCollectionsUtilities' from project 'swift-collections')
    cd /Users/runner/work/red-pen-ios/red-pen-ios/ios/build/SourcePackages/checkouts/swift-collections
    builtin-swiftHeaderTool -arch arm64 /Users/runner/work/red-pen-ios/red-pen-ios/ios/build/Build/Intermediates.noindex/swift-collections.build/Debug-iphonesimulator/InternalCollectionsUtilities.build/Objects-normal/arm64/InternalCollectionsUtilities-Swift.h -o /Users/runner/work/red-pen-ios/red-pen-ios/ios/build/Build/Intermediates.noindex/GeneratedModuleMaps-iphonesimulator/InternalCollectionsUtilities-Swift.h

Copy /Users/runner/work/red-pen-ios/red-pen-ios/ios/build/Build/Products/Debug-iphonesimulator/InternalCollectionsUtilities.swiftmodule/arm64-apple-ios-simulator.swiftmodule /Users/runner/work/red-pen-ios/red-pen-ios/ios/build/Build/Intermediates.noindex/swift-collections.build/Debug-iphonesimulator/InternalCollectionsUtilities.build/Objects-normal/arm64/InternalCollectionsUtilities.swiftmodule (in target 'InternalCollectionsUtilities' from project 'swift-collections')
    cd /Users/runner/work/red-pen-ios/red-pen-ios/ios/build/SourcePackages/checkouts/swift-collections
    builtin-copy -exclude .DS_Store -exclude CVS -exclude .svn -exclude .git -exclude .hg -resolve-src-symlinks -rename /Users/runner/work/red-pen-ios/red-pen-ios/ios/build/Build/Intermediates.noindex/swift-collections.build/Debug-iphonesimulator/InternalCollectionsUtilities.build/Objects-normal/arm64/InternalCollectionsUtilities.swiftmodule /Users/runner/work/red-pen-ios/red-pen-ios/ios/build/Build/Products/Debug-iphonesimulator/InternalCollectionsUtilities.swiftmodule/arm64-apple-ios-simulator.swiftmodule

Copy /Users/runner/work/red-pen-ios/red-pen-ios/ios/build/Build/Products/Debug-iphonesimulator/InternalCollectionsUtilities.swiftmodule/arm64-apple-ios-simulator.swiftdoc /Users/runner/work/red-pen-ios/red-pen-ios/ios/build/Build/Intermediates.noindex/swift-collections.build/Debug-iphonesimulator/InternalCollectionsUtilities.build/Objects-normal/arm64/InternalCollectionsUtilities.swiftdoc (in target 'InternalCollectionsUtilities' from project 'swift-collections')
    cd /Users/runner/work/red-pen-ios/red-pen-ios/ios/build/SourcePackages/checkouts/swift-collections
    builtin-copy -exclude .DS_Store -exclude CVS -exclude .svn -exclude .git -exclude .hg -resolve-src-symlinks -rename /Users/runner/work/red-pen-ios/red-pen-ios/ios/build/Build/Intermediates.noindex/swift-collections.build/Debug-iphonesimulator/InternalCollectionsUtilities.build/Objects-normal/arm64/InternalCollectionsUtilities.swiftdoc /Users/runner/work/red-pen-ios/red-pen-ios/ios/build/Build/Products/Debug-iphonesimulator/InternalCollectionsUtilities.swiftmodule/arm64-apple-ios-simulator.swiftdoc

Copy /Users/runner/work/red-pen-ios/red-pen-ios/ios/build/Build/Products/Debug-iphonesimulator/InternalCollectionsUtilities.swiftmodule/arm64-apple-ios-simulator.abi.json /Users/runner/work/red-pen-ios/red-pen-ios/ios/build/Build/Intermediates.noindex/swift-collections.build/Debug-iphonesimulator/InternalCollectionsUtilities.build/Objects-normal/arm64/InternalCollectionsUtilities.abi.json (in target 'InternalCollectionsUtilities' from project 'swift-collections')
    cd /Users/runner/work/red-pen-ios/red-pen-ios/ios/build/SourcePackages/checkouts/swift-collections
    builtin-copy -exclude .DS_Store -exclude CVS -exclude .svn -exclude .git -exclude .hg -resolve-src-symlinks -rename /Users/runner/work/red-pen-ios/red-pen-ios/ios/build/Build/Intermediates.noindex/swift-collections.build/Debug-iphonesimulator/InternalCollectionsUtilities.build/Objects-normal/arm64/InternalCollectionsUtilities.abi.json /Users/runner/work/red-pen-ios/red-pen-ios/ios/build/Build/Products/Debug-iphonesimulator/InternalCollectionsUtilities.swiftmodule/arm64-apple-ios-simulator.abi.json

Copy /Users/runner/work/red-pen-ios/red-pen-ios/ios/build/Build/Products/Debug-iphonesimulator/InternalCollectionsUtilities.swiftmodule/Project/arm64-apple-ios-simulator.swiftsourceinfo /Users/runner/work/red-pen-ios/red-pen-ios/ios/build/Build/Intermediates.noindex/swift-collections.build/Debug-iphonesimulator/InternalCollectionsUtilities.build/Objects-normal/arm64/InternalCollectionsUtilities.swiftsourceinfo (in target 'InternalCollectionsUtilities' from project 'swift-collections')
    cd /Users/runner/work/red-pen-ios/red-pen-ios/ios/build/SourcePackages/checkouts/swift-collections
    builtin-copy -exclude .DS_Store -exclude CVS -exclude .svn -exclude .git -exclude .hg -resolve-src-symlinks -rename /Users/runner/work/red-pen-ios/red-pen-ios/ios/build/Build/Intermediates.noindex/swift-collections.build/Debug-iphonesimulator/InternalCollectionsUtilities.build/Objects-normal/arm64/InternalCollectionsUtilities.swiftsourceinfo /Users/runner/work/red-pen-ios/red-pen-ios/ios/build/Build/Products/Debug-iphonesimulator/InternalCollectionsUtilities.swiftmodule/Project/arm64-apple-ios-simulator.swiftsourceinfo

CompileC /Users/runner/work/red-pen-ios/red-pen-ios/ios/build/Build/Intermediates.noindex/LocalLLMClient.build/Debug-iphonesimulator/LocalLLMClientLlamaC.build/Objects-normal/arm64/unicode.o /Users/runner/work/red-pen-ios/red-pen-ios/ios/build/SourcePackages/checkouts/LocalLLMClient/Sources/LocalLLMClientLlamaC/common/unicode.cpp normal arm64 c++ com.apple.compilers.llvm.clang.1_0.compiler (in target 'LocalLLMClientLlamaC' from project 'LocalLLMClient')
    cd /Users/runner/work/red-pen-ios/red-pen-ios/ios/RedPen.xcodeproj
    
    Using response file: /Users/runner/work/red-pen-ios/red-pen-ios/ios/build/Build/Intermediates.noindex/LocalLLMClient.build/Debug-iphonesimulator/LocalLLMClientLlamaC.build/Objects-normal/arm64/82b82416624d2658e5098eb0a28c15c5-common-args.resp
    
    /Applications/Xcode_26.6.app/Contents/Developer/Toolchains/XcodeDefault.xctoolchain/usr/bin/clang -x c++ -ivfsstatcache /Users/runner/work/red-pen-ios/red-pen-ios/ios/build/SDKStatCaches.noindex/iphonesimulator26.5-23F81a-688ef53f1462e2c8f657fdc38a81448ff45c64a1807a658693f2a61704f17a36.sdkstatcache -target arm64-apple-ios17.0-simulator -fmessage-length\=0 -fdiagnostics-show-note-include-stack -fmacro-backtrace-limit\=0 -fno-color-diagnostics -fmodules-prune-interval\=86400 -fmodules-prune-after\=345600 -fbuild-session-file\=/Users/runner/work/red-pen-ios/red-pen-ios/ios/build/ModuleCache.noindex/Session.modulevalidation -fmodules-validate-once-per-build-session -Wnon-modular-include-in-framework-module -Werror\=non-modular-include-in-framework-module -Wno-trigraphs -Wno-missing-field-initializers -Wno-missing-prototypes -Wno-return-type -Wno-non-virtual-dtor -Wno-overloaded-virtual -Wno-exit-time-destructors -Wno-missing-braces -Wparentheses -Wswitch -Wno-unused-function -Wno-unused-label -Wno-unused-parameter -Wno-unused-variable -Wunused-value -Wno-empty-body -Wno-uninitialized -Wno-unknown-pragmas -w -Wno-shadow -Wno-four-char-constants -Wno-conversion -Wno-constant-conversion -Wno-int-conversion -Wno-bool-conversion -Wno-enum-conversion -Wno-float-conversion -Wno-non-literal-null-conversion -Wno-objc-literal-conversion -Wshorten-64-to-32 -Wno-newline-eof -Wno-c++11-extensions -Wno-implicit-fallthrough -isysroot /Applications/Xcode_26.6.app/Contents/Developer/Platforms/iPhoneSimulator.platform/Developer/SDKs/iPhoneSimulator26.5.sdk -fstrict-aliasing -Wdeprecated-declarations -Winvalid-offsetof -Wno-sign-conversion -Wno-infinite-recursion -Wno-move -Wno-comma -Wno-block-capture-autoreleasing -Wno-strict-prototypes -Wno-range-loop-analysis -Wno-semicolon-before-method-body -index-store-path /Users/runner/work/red-pen-ios/red-pen-ios/ios/build/Index.noindex/DataStore -w @/Users/runner/work/red-pen-ios/red-pen-ios/ios/build/Build/Intermediates.noindex/LocalLLMClient.build/Debug-iphonesimulator/LocalLLMClientLlamaC.build/Objects-normal/arm64/82b82416624d2658e5098eb0a28c15c5-common-args.resp -MMD -MT dependencies -MF /Users/runner/work/red-pen-ios/red-pen-ios/ios/build/Build/Intermediates.noindex/LocalLLMClient.build/Debug-iphonesimulator/LocalLLMClientLlamaC.build/Objects-normal/arm64/unicode.d --serialize-diagnostics /Users/runner/work/red-pen-ios/red-pen-ios/ios/build/Build/Intermediates.noindex/LocalLLMClient.build/Debug-iphonesimulator/LocalLLMClientLlamaC.build/Objects-normal/arm64/unicode.dia -c /Users/runner/work/red-pen-ios/red-pen-ios/ios/build/SourcePackages/checkouts/LocalLLMClient/Sources/LocalLLMClientLlamaC/common/unicode.cpp -o /Users/runner/work/red-pen-ios/red-pen-ios/ios/build/Build/Intermediates.noindex/LocalLLMClient.build/Debug-iphonesimulator/LocalLLMClientLlamaC.build/Objects-normal/arm64/unicode.o -index-unit-output-path /LocalLLMClient.build/Debug-iphonesimulator/LocalLLMClientLlamaC.build/Objects-normal/arm64/unicode.o

CompileC /Users/runner/work/red-pen-ios/red-pen-ios/ios/build/Build/Intermediates.noindex/LocalLLMClient.build/Debug-iphonesimulator/LocalLLMClientLlamaC.build/Objects-normal/arm64/string.o /Users/runner/work/red-pen-ios/red-pen-ios/ios/build/SourcePackages/checkouts/LocalLLMClient/Sources/LocalLLMClientLlamaC/include/jinja/string.cpp normal arm64 c++ com.apple.compilers.llvm.clang.1_0.compiler (in target 'LocalLLMClientLlamaC' from project 'LocalLLMClient')
    cd /Users/runner/work/red-pen-ios/red-pen-ios/ios/RedPen.xcodeproj
    
    Using response file: /Users/runner/work/red-pen-ios/red-pen-ios/ios/build/Build/Intermediates.noindex/LocalLLMClient.build/Debug-iphonesimulator/LocalLLMClientLlamaC.build/Objects-normal/arm64/82b82416624d2658e5098eb0a28c15c5-common-args.resp
    
    /Applications/Xcode_26.6.app/Contents/Developer/Toolchains/XcodeDefault.xctoolchain/usr/bin/clang -x c++ -ivfsstatcache /Users/runner/work/red-pen-ios/red-pen-ios/ios/build/SDKStatCaches.noindex/iphonesimulator26.5-23F81a-688ef53f1462e2c8f657fdc38a81448ff45c64a1807a658693f2a61704f17a36.sdkstatcache -target arm64-apple-ios17.0-simulator -fmessage-length\=0 -fdiagnostics-show-note-include-stack -fmacro-backtrace-limit\=0 -fno-color-diagnostics -fmodules-prune-interval\=86400 -fmodules-prune-after\=345600 -fbuild-session-file\=/Users/runner/work/red-pen-ios/red-pen-ios/ios/build/ModuleCache.noindex/Session.modulevalidation -fmodules-validate-once-per-build-session -Wnon-modular-include-in-framework-module -Werror\=non-modular-include-in-framework-module -Wno-trigraphs -Wno-missing-field-initializers -Wno-missing-prototypes -Wno-return-type -Wno-non-virtual-dtor -Wno-overloaded-virtual -Wno-exit-time-destructors -Wno-missing-braces -Wparentheses -Wswitch -Wno-unused-function -Wno-unused-label -Wno-unused-parameter -Wno-unused-variable -Wunused-value -Wno-empty-body -Wno-uninitialized -Wno-unknown-pragmas -w -Wno-shadow -Wno-four-char-constants -Wno-conversion -Wno-constant-conversion -Wno-int-conversion -Wno-bool-conversion -Wno-enum-conversion -Wno-float-conversion -Wno-non-literal-null-conversion -Wno-objc-literal-conversion -Wshorten-64-to-32 -Wno-newline-eof -Wno-c++11-extensions -Wno-implicit-fallthrough -isysroot /Applications/Xcode_26.6.app/Contents/Developer/Platforms/iPhoneSimulator.platform/Developer/SDKs/iPhoneSimulator26.5.sdk -fstrict-aliasing -Wdeprecated-declarations -Winvalid-offsetof -Wno-sign-conversion -Wno-infinite-recursion -Wno-move -Wno-comma -Wno-block-capture-autoreleasing -Wno-strict-prototypes -Wno-range-loop-analysis -Wno-semicolon-before-method-body -index-store-path /Users/runner/work/red-pen-ios/red-pen-ios/ios/build/Index.noindex/DataStore -w @/Users/runner/work/red-pen-ios/red-pen-ios/ios/build/Build/Intermediates.noindex/LocalLLMClient.build/Debug-iphonesimulator/LocalLLMClientLlamaC.build/Objects-normal/arm64/82b82416624d2658e5098eb0a28c15c5-common-args.resp -MMD -MT dependencies -MF /Users/runner/work/red-pen-ios/red-pen-ios/ios/build/Build/Intermediates.noindex/LocalLLMClient.build/Debug-iphonesimulator/LocalLLMClientLlamaC.build/Objects-normal/arm64/string.d --serialize-diagnostics /Users/runner/work/red-pen-ios/red-pen-ios/ios/build/Build/Intermediates.noindex/LocalLLMClient.build/Debug-iphonesimulator/LocalLLMClientLlamaC.build/Objects-normal/arm64/string.dia -c /Users/runner/work/red-pen-ios/red-pen-ios/ios/build/SourcePackages/checkouts/LocalLLMClient/Sources/LocalLLMClientLlamaC/include/jinja/string.cpp -o /Users/runner/work/red-pen-ios/red-pen-ios/ios/build/Build/Intermediates.noindex/LocalLLMClient.build/Debug-iphonesimulator/LocalLLMClientLlamaC.build/Objects-normal/arm64/string.o -index-unit-output-path /LocalLLMClient.build/Debug-iphonesimulator/LocalLLMClientLlamaC.build/Objects-normal/arm64/string.o

CompileC /Users/runner/work/red-pen-ios/red-pen-ios/ios/build/Build/Intermediates.noindex/LocalLLMClient.build/Debug-iphonesimulator/LocalLLMClientLlamaC.build/Objects-normal/arm64/step3vl.o /Users/runner/work/red-pen-ios/red-pen-ios/ios/build/SourcePackages/checkouts/LocalLLMClient/Sources/LocalLLMClientLlamaC/models/step3vl.cpp normal arm64 c++ com.apple.compilers.llvm.clang.1_0.compiler (in target 'LocalLLMClientLlamaC' from project 'LocalLLMClient')
    cd /Users/runner/work/red-pen-ios/red-pen-ios/ios/RedPen.xcodeproj
    
    Using response file: /Users/runner/work/red-pen-ios/red-pen-ios/ios/build/Build/Intermediates.noindex/LocalLLMClient.build/Debug-iphonesimulator/LocalLLMClientLlamaC.build/Objects-normal/arm64/82b82416624d2658e5098eb0a28c15c5-common-args.resp
    
    /Applications/Xcode_26.6.app/Contents/Developer/Toolchains/XcodeDefault.xctoolchain/usr/bin/clang -x c++ -ivfsstatcache /Users/runner/work/red-pen-ios/red-pen-ios/ios/build/SDKStatCaches.noindex/iphonesimulator26.5-23F81a-688ef53f1462e2c8f657fdc38a81448ff45c64a1807a658693f2a61704f17a36.sdkstatcache -target arm64-apple-ios17.0-simulator -fmessage-length\=0 -fdiagnostics-show-note-include-stack -fmacro-backtrace-limit\=0 -fno-color-diagnostics -fmodules-prune-interval\=86400 -fmodules-prune-after\=345600 -fbuild-session-file\=/Users/runner/work/red-pen-ios/red-pen-ios/ios/build/ModuleCache.noindex/Session.modulevalidation -fmodules-validate-once-per-build-session -Wnon-modular-include-in-framework-module -Werror\=non-modular-include-in-framework-module -Wno-trigraphs -Wno-missing-field-initializers -Wno-missing-prototypes -Wno-return-type -Wno-non-virtual-dtor -Wno-overloaded-virtual -Wno-exit-time-destructors -Wno-missing-braces -Wparentheses -Wswitch -Wno-unused-function -Wno-unused-label -Wno-unused-parameter -Wno-unused-variable -Wunused-value -Wno-empty-body -Wno-uninitialized -Wno-unknown-pragmas -w -Wno-shadow -Wno-four-char-constants -Wno-conversion -Wno-constant-conversion -Wno-int-conversion -Wno-bool-conversion -Wno-enum-conversion -Wno-float-conversion -Wno-non-literal-null-conversion -Wno-objc-literal-conversion -Wshorten-64-to-32 -Wno-newline-eof -Wno-c++11-extensions -Wno-implicit-fallthrough -isysroot /Applications/Xcode_26.6.app/Contents/Developer/Platforms/iPhoneSimulator.platform/Developer/SDKs/iPhoneSimulator26.5.sdk -fstrict-aliasing -Wdeprecated-declarations -Winvalid-offsetof -Wno-sign-conversion -Wno-infinite-recursion -Wno-move -Wno-comma -Wno-block-capture-autoreleasing -Wno-strict-prototypes -Wno-range-loop-analysis -Wno-semicolon-before-method-body -index-store-path /Users/runner/work/red-pen-ios/red-pen-ios/ios/build/Index.noindex/DataStore -w @/Users/runner/work/red-pen-ios/red-pen-ios/ios/build/Build/Intermediates.noindex/LocalLLMClient.build/Debug-iphonesimulator/LocalLLMClientLlamaC.build/Objects-normal/arm64/82b82416624d2658e5098eb0a28c15c5-common-args.resp -MMD -MT dependencies -MF /Users/runner/work/red-pen-ios/red-pen-ios/ios/build/Build/Intermediates.noindex/LocalLLMClient.build/Debug-iphonesimulator/LocalLLMClientLlamaC.build/Objects-normal/arm64/step3vl.d --serialize-diagnostics /Users/runner/work/red-pen-ios/red-pen-ios/ios/build/Build/Intermediates.noindex/LocalLLMClient.build/Debug-iphonesimulator/LocalLLMClientLlamaC.build/Objects-normal/arm64/step3vl.dia -c /Users/runner/work/red-pen-ios/red-pen-ios/ios/build/SourcePackages/checkouts/LocalLLMClient/Sources/LocalLLMClientLlamaC/models/step3vl.cpp -o /Users/runner/work/red-pen-ios/red-pen-ios/ios/build/Build/Intermediates.noindex/LocalLLMClient.build/Debug-iphonesimulator/LocalLLMClientLlamaC.build/Objects-normal/arm64/step3vl.o -index-unit-output-path /LocalLLMClient.build/Debug-iphonesimulator/LocalLLMClientLlamaC.build/Objects-normal/arm64/step3vl.o

CompileC /Users/runner/work/red-pen-ios/red-pen-ios/ios/build/Build/Intermediates.noindex/LocalLLMClient.build/Debug-iphonesimulator/LocalLLMClientLlamaC.build/Objects-normal/arm64/siglip.o /Users/runner/work/red-pen-ios/red-pen-ios/ios/build/SourcePackages/checkouts/LocalLLMClient/Sources/LocalLLMClientLlamaC/models/siglip.cpp normal arm64 c++ com.apple.compilers.llvm.clang.1_0.compiler (in target 'LocalLLMClientLlamaC' from project 'LocalLLMClient')
    cd /Users/runner/work/red-pen-ios/red-pen-ios/ios/RedPen.xcodeproj
    
    Using response file: /Users/runner/work/red-pen-ios/red-pen-ios/ios/build/Build/Intermediates.noindex/LocalLLMClient.build/Debug-iphonesimulator/LocalLLMClientLlamaC.build/Objects-normal/arm64/82b82416624d2658e5098eb0a28c15c5-common-args.resp
    
    /Applications/Xcode_26.6.app/Contents/Developer/Toolchains/XcodeDefault.xctoolchain/usr/bin/clang -x c++ -ivfsstatcache /Users/runner/work/red-pen-ios/red-pen-ios/ios/build/SDKStatCaches.noindex/iphonesimulator26.5-23F81a-688ef53f1462e2c8f657fdc38a81448ff45c64a1807a658693f2a61704f17a36.sdkstatcache -target arm64-apple-ios17.0-simulator -fmessage-length\=0 -fdiagnostics-show-note-include-stack -fmacro-backtrace-limit\=0 -fno-color-diagnostics -fmodules-prune-interval\=86400 -fmodules-prune-after\=345600 -fbuild-session-file\=/Users/runner/work/red-pen-ios/red-pen-ios/ios/build/ModuleCache.noindex/Session.modulevalidation -fmodules-validate-once-per-build-session -Wnon-modular-include-in-framework-module -Werror\=non-modular-include-in-framework-module -Wno-trigraphs -Wno-missing-field-initializers -Wno-missing-prototypes -Wno-return-type -Wno-non-virtual-dtor -Wno-overloaded-virtual -Wno-exit-time-destructors -Wno-missing-braces -Wparentheses -Wswitch -Wno-unused-function -Wno-unused-label -Wno-unused-parameter -Wno-unused-variable -Wunused-value -Wno-empty-body -Wno-uninitialized -Wno-unknown-pragmas -w -Wno-shadow -Wno-four-char-constants -Wno-conversion -Wno-constant-conversion -Wno-int-conversion -Wno-bool-conversion -Wno-enum-conversion -Wno-float-conversion -Wno-non-literal-null-conversion -Wno-objc-literal-conversion -Wshorten-64-to-32 -Wno-newline-eof -Wno-c++11-extensions -Wno-implicit-fallthrough -isysroot /Applications/Xcode_26.6.app/Contents/Developer/Platforms/iPhoneSimulator.platform/Developer/SDKs/iPhoneSimulator26.5.sdk -fstrict-aliasing -Wdeprecated-declarations -Winvalid-offsetof -Wno-sign-conversion -Wno-infinite-recursion -Wno-move -Wno-comma -Wno-block-capture-autoreleasing -Wno-strict-prototypes -Wno-range-loop-analysis -Wno-semicolon-before-method-body -index-store-path /Users/runner/work/red-pen-ios/red-pen-ios/ios/build/Index.noindex/DataStore -w @/Users/runner/work/red-pen-ios/red-pen-ios/ios/build/Build/Intermediates.noindex/LocalLLMClient.build/Debug-iphonesimulator/LocalLLMClientLlamaC.build/Objects-normal/arm64/82b82416624d2658e5098eb0a28c15c5-common-args.resp -MMD -MT dependencies -MF /Users/runner/work/red-pen-ios/red-pen-ios/ios/build/Build/Intermediates.noindex/LocalLLMClient.build/Debug-iphonesimulator/LocalLLMClientLlamaC.build/Objects-normal/arm64/siglip.d --serialize-diagnostics /Users/runner/work/red-pen-ios/red-pen-ios/ios/build/Build/Intermediates.noindex/LocalLLMClient.build/Debug-iphonesimulator/LocalLLMClientLlamaC.build/Objects-normal/arm64/siglip.dia -c /Users/runner/work/red-pen-ios/red-pen-ios/ios/build/SourcePackages/checkouts/LocalLLMClient/Sources/LocalLLMClientLlamaC/models/siglip.cpp -o /Users/runner/work/red-pen-ios/red-pen-ios/ios/build/Build/Intermediates.noindex/LocalLLMClient.build/Debug-iphonesimulator/LocalLLMClientLlamaC.build/Objects-normal/arm64/siglip.o -index-unit-output-path /LocalLLMClient.build/Debug-iphonesimulator/LocalLLMClientLlamaC.build/Objects-normal/arm64/siglip.o

SwiftDriverJobDiscovery normal arm64 Emitting module for LocalLLMClientMacrosPlugin (in target 'LocalLLMClientMacrosPlugin' from project 'LocalLLMClient')

SwiftDriver\ Compilation\ Requirements LocalLLMClientMacrosPlugin normal arm64 com.apple.xcode.tools.swift.compiler (in target 'LocalLLMClientMacrosPlugin' from project 'LocalLLMClient')
    cd /Users/runner/work/red-pen-ios/red-pen-ios/ios/RedPen.xcodeproj
    builtin-Swift-Compilation-Requirements -- /Applications/Xcode_26.6.app/Contents/Developer/Toolchains/XcodeDefault.xctoolchain/usr/bin/swiftc -module-name LocalLLMClientMacrosPlugin -Onone @/Users/runner/work/red-pen-ios/red-pen-ios/ios/build/Build/Intermediates.noindex/LocalLLMClient.build/Debug/LocalLLMClientMacrosPlugin.build/Objects-normal/arm64/LocalLLMClientMacrosPlugin.SwiftFileList -DSWIFT_PACKAGE -DDEBUG -DXcode -I /Users/runner/work/red-pen-ios/red-pen-ios/ios/build/SourcePackages/prebuilts/swift-syntax/603.0.2/swiftlang-6.3.3.1.3-macosx26.5-MacroSupport/Modules -I /Users/runner/work/red-pen-ios/red-pen-ios/ios/build/SourcePackages/checkouts/swift-syntax/Sources/_SwiftLibraryPluginProviderCShims/include -I /Users/runner/work/red-pen-ios/red-pen-ios/ios/build/SourcePackages/checkouts/swift-syntax/Sources/_SwiftSyntaxCShims/include -plugin-path /Applications/Xcode_26.6.app/Contents/Developer/Toolchains/XcodeDefault.xctoolchain/usr/lib/swift/host/plugins/testing -enable-experimental-feature DebugDescriptionMacro -sdk /Applications/Xcode_26.6.app/Contents/Developer/Platforms/MacOSX.platform/Developer/SDKs/MacOSX26.5.sdk -target arm64-apple-macos14.0 -g -module-cache-path /Users/runner/work/red-pen-ios/red-pen-ios/ios/build/ModuleCache.noindex -Xfrontend -serialize-debugging-options -enable-testing -suppress-warnings -index-store-path /Users/runner/work/red-pen-ios/red-pen-ios/ios/build/Index.noindex/DataStore -Xcc -D_LIBCPP_HARDENING_MODE\=_LIBCPP_HARDENING_MODE_DEBUG -swift-version 6 -I /Users/runner/work/red-pen-ios/red-pen-ios/ios/build/Build/Products/Debug -Isystem /Applications/Xcode_26.6.app/Contents/Developer/Platforms/MacOSX.platform/Developer/usr/lib -F /Users/runner/work/red-pen-ios/red-pen-ios/ios/build/Build/Products/Debug -F /Applications/Xcode_26.6.app/Contents/Developer/Platforms/MacOSX.platform/Developer/Library/Frameworks -c -j3 -enable-batch-mode -incremental -Xcc -ivfsstatcache -Xcc /Users/runner/work/red-pen-ios/red-pen-ios/ios/build/SDKStatCaches.noindex/macosx26.5-25F70-688ef53f1462e2c8f657fdc38a81448fee0e6409aa6676c5e6c013d148225433.sdkstatcache -output-file-map /Users/runner/work/red-pen-ios/red-pen-ios/ios/build/Build/Intermediates.noindex/LocalLLMClient.build/Debug/LocalLLMClientMacrosPlugin.build/Objects-normal/arm64/LocalLLMClientMacrosPlugin-OutputFileMap.json -use-frontend-parseable-output -save-temps -no-color-diagnostics -serialize-diagnostics -emit-dependencies -emit-module -emit-module-path /Users/runner/work/red-pen-ios/red-pen-ios/ios/build/Build/Intermediates.noindex/LocalLLMClient.build/Debug/LocalLLMClientMacrosPlugin.build/Objects-normal/arm64/LocalLLMClientMacrosPlugin.swiftmodule -validate-clang-modules-once -clang-build-session-file /Users/runner/work/red-pen-ios/red-pen-ios/ios/build/ModuleCache.noindex/Session.modulevalidation -package-name localllmclient -emit-const-values -Xfrontend -const-gather-protocols-file -Xfrontend /Users/runner/work/red-pen-ios/red-pen-ios/ios/build/Build/Intermediates.noindex/LocalLLMClient.build/Debug/LocalLLMClientMacrosPlugin.build/Objects-normal/arm64/LocalLLMClientMacrosPlugin_const_extract_protocols.json -Xcc -I/Users/runner/work/red-pen-ios/red-pen-ios/ios/build/Build/Products/Debug/include -Xcc -I/Users/runner/work/red-pen-ios/red-pen-ios/ios/build/Build/Intermediates.noindex/LocalLLMClient.build/Debug/LocalLLMClientMacrosPlugin.build/DerivedSources-normal/arm64 -Xcc -I/Users/runner/work/red-pen-ios/red-pen-ios/ios/build/Build/Intermediates.noindex/LocalLLMClient.build/Debug/LocalLLMClientMacrosPlugin.build/DerivedSources/arm64 -Xcc -I/Users/runner/work/red-pen-ios/red-pen-ios/ios/build/Build/Intermediates.noindex/LocalLLMClient.build/Debug/LocalLLMClientMacrosPlugin.build/DerivedSources -Xcc -DSWIFT_PACKAGE -Xcc -DDEBUG\=1 -working-directory /Users/runner/work/red-pen-ios/red-pen-ios/ios/RedPen.xcodeproj -experimental-emit-module-separately -disable-cmo

CompileC /Users/runner/work/red-pen-ios/red-pen-ios/ios/build/Build/Intermediates.noindex/LocalLLMClient.build/Debug-iphonesimulator/LocalLLMClientLlamaC.build/Objects-normal/arm64/sampling.o /Users/runner/work/red-pen-ios/red-pen-ios/ios/build/SourcePackages/checkouts/LocalLLMClient/Sources/LocalLLMClientLlamaC/common/sampling.cpp normal arm64 c++ com.apple.compilers.llvm.clang.1_0.compiler (in target 'LocalLLMClientLlamaC' from project 'LocalLLMClient')
    cd /Users/runner/work/red-pen-ios/red-pen-ios/ios/RedPen.xcodeproj
    
    Using response file: /Users/runner/work/red-pen-ios/red-pen-ios/ios/build/Build/Intermediates.noindex/LocalLLMClient.build/Debug-iphonesimulator/LocalLLMClientLlamaC.build/Objects-normal/arm64/82b82416624d2658e5098eb0a28c15c5-common-args.resp
    
    /Applications/Xcode_26.6.app/Contents/Developer/Toolchains/XcodeDefault.xctoolchain/usr/bin/clang -x c++ -ivfsstatcache /Users/runner/work/red-pen-ios/red-pen-ios/ios/build/SDKStatCaches.noindex/iphonesimulator26.5-23F81a-688ef53f1462e2c8f657fdc38a81448ff45c64a1807a658693f2a61704f17a36.sdkstatcache -target arm64-apple-ios17.0-simulator -fmessage-length\=0 -fdiagnostics-show-note-include-stack -fmacro-backtrace-limit\=0 -fno-color-diagnostics -fmodules-prune-interval\=86400 -fmodules-prune-after\=345600 -fbuild-session-file\=/Users/runner/work/red-pen-ios/red-pen-ios/ios/build/ModuleCache.noindex/Session.modulevalidation -fmodules-validate-once-per-build-session -Wnon-modular-include-in-framework-module -Werror\=non-modular-include-in-framework-module -Wno-trigraphs -Wno-missing-field-initializers -Wno-missing-prototypes -Wno-return-type -Wno-non-virtual-dtor -Wno-overloaded-virtual -Wno-exit-time-destructors -Wno-missing-braces -Wparentheses -Wswitch -Wno-unused-function -Wno-unused-label -Wno-unused-parameter -Wno-unused-variable -Wunused-value -Wno-empty-body -Wno-uninitialized -Wno-unknown-pragmas -w -Wno-shadow -Wno-four-char-constants -Wno-conversion -Wno-constant-conversion -Wno-int-conversion -Wno-bool-conversion -Wno-enum-conversion -Wno-float-conversion -Wno-non-literal-null-conversion -Wno-objc-literal-conversion -Wshorten-64-to-32 -Wno-newline-eof -Wno-c++11-extensions -Wno-implicit-fallthrough -isysroot /Applications/Xcode_26.6.app/Contents/Developer/Platforms/iPhoneSimulator.platform/Developer/SDKs/iPhoneSimulator26.5.sdk -fstrict-aliasing -Wdeprecated-declarations -Winvalid-offsetof -Wno-sign-conversion -Wno-infinite-recursion -Wno-move -Wno-comma -Wno-block-capture-autoreleasing -Wno-strict-prototypes -Wno-range-loop-analysis -Wno-semicolon-before-method-body -index-store-path /Users/runner/work/red-pen-ios/red-pen-ios/ios/build/Index.noindex/DataStore -w @/Users/runner/work/red-pen-ios/red-pen-ios/ios/build/Build/Intermediates.noindex/LocalLLMClient.build/Debug-iphonesimulator/LocalLLMClientLlamaC.build/Objects-normal/arm64/82b82416624d2658e5098eb0a28c15c5-common-args.resp -MMD -MT dependencies -MF /Users/runner/work/red-pen-ios/red-pen-ios/ios/build/Build/Intermediates.noindex/LocalLLMClient.build/Debug-iphonesimulator/LocalLLMClientLlamaC.build/Objects-normal/arm64/sampling.d --serialize-diagnostics /Users/runner/work/red-pen-ios/red-pen-ios/ios/build/Build/Intermediates.noindex/LocalLLMClient.build/Debug-iphonesimulator/LocalLLMClientLlamaC.build/Objects-normal/arm64/sampling.dia -c /Users/runner/work/red-pen-ios/red-pen-ios/ios/build/SourcePackages/checkouts/LocalLLMClient/Sources/LocalLLMClientLlamaC/common/sampling.cpp -o /Users/runner/work/red-pen-ios/red-pen-ios/ios/build/Build/Intermediates.noindex/LocalLLMClient.build/Debug-iphonesimulator/LocalLLMClientLlamaC.build/Objects-normal/arm64/sampling.o -index-unit-output-path /LocalLLMClient.build/Debug-iphonesimulator/LocalLLMClientLlamaC.build/Objects-normal/arm64/sampling.o

Copy /Users/runner/work/red-pen-ios/red-pen-ios/ios/build/Build/Products/Debug/LocalLLMClientMacrosPlugin.swiftmodule/arm64-apple-macos.swiftmodule /Users/runner/work/red-pen-ios/red-pen-ios/ios/build/Build/Intermediates.noindex/LocalLLMClient.build/Debug/LocalLLMClientMacrosPlugin.build/Objects-normal/arm64/LocalLLMClientMacrosPlugin.swiftmodule (in target 'LocalLLMClientMacrosPlugin' from project 'LocalLLMClient')
    cd /Users/runner/work/red-pen-ios/red-pen-ios/ios/build/SourcePackages/checkouts/LocalLLMClient
    builtin-copy -exclude .DS_Store -exclude CVS -exclude .svn -exclude .git -exclude .hg -resolve-src-symlinks -rename /Users/runner/work/red-pen-ios/red-pen-ios/ios/build/Build/Intermediates.noindex/LocalLLMClient.build/Debug/LocalLLMClientMacrosPlugin.build/Objects-normal/arm64/LocalLLMClientMacrosPlugin.swiftmodule /Users/runner/work/red-pen-ios/red-pen-ios/ios/build/Build/Products/Debug/LocalLLMClientMacrosPlugin.swiftmodule/arm64-apple-macos.swiftmodule

Copy /Users/runner/work/red-pen-ios/red-pen-ios/ios/build/Build/Products/Debug/LocalLLMClientMacrosPlugin.swiftmodule/arm64-apple-macos.swiftdoc /Users/runner/work/red-pen-ios/red-pen-ios/ios/build/Build/Intermediates.noindex/LocalLLMClient.build/Debug/LocalLLMClientMacrosPlugin.build/Objects-normal/arm64/LocalLLMClientMacrosPlugin.swiftdoc (in target 'LocalLLMClientMacrosPlugin' from project 'LocalLLMClient')
    cd /Users/runner/work/red-pen-ios/red-pen-ios/ios/build/SourcePackages/checkouts/LocalLLMClient
    builtin-copy -exclude .DS_Store -exclude CVS -exclude .svn -exclude .git -exclude .hg -resolve-src-symlinks -rename /Users/runner/work/red-pen-ios/red-pen-ios/ios/build/Build/Intermediates.noindex/LocalLLMClient.build/Debug/LocalLLMClientMacrosPlugin.build/Objects-normal/arm64/LocalLLMClientMacrosPlugin.swiftdoc /Users/runner/work/red-pen-ios/red-pen-ios/ios/build/Build/Products/Debug/LocalLLMClientMacrosPlugin.swiftmodule/arm64-apple-macos.swiftdoc

Copy /Users/runner/work/red-pen-ios/red-pen-ios/ios/build/Build/Products/Debug/LocalLLMClientMacrosPlugin.swiftmodule/arm64-apple-macos.abi.json /Users/runner/work/red-pen-ios/red-pen-ios/ios/build/Build/Intermediates.noindex/LocalLLMClient.build/Debug/LocalLLMClientMacrosPlugin.build/Objects-normal/arm64/LocalLLMClientMacrosPlugin.abi.json (in target 'LocalLLMClientMacrosPlugin' from project 'LocalLLMClient')
    cd /Users/runner/work/red-pen-ios/red-pen-ios/ios/build/SourcePackages/checkouts/LocalLLMClient
    builtin-copy -exclude .DS_Store -exclude CVS -exclude .svn -exclude .git -exclude .hg -resolve-src-symlinks -rename /Users/runner/work/red-pen-ios/red-pen-ios/ios/build/Build/Intermediates.noindex/LocalLLMClient.build/Debug/LocalLLMClientMacrosPlugin.build/Objects-normal/arm64/LocalLLMClientMacrosPlugin.abi.json /Users/runner/work/red-pen-ios/red-pen-ios/ios/build/Build/Products/Debug/LocalLLMClientMacrosPlugin.swiftmodule/arm64-apple-macos.abi.json

Copy /Users/runner/work/red-pen-ios/red-pen-ios/ios/build/Build/Products/Debug/LocalLLMClientMacrosPlugin.swiftmodule/Project/arm64-apple-macos.swiftsourceinfo /Users/runner/work/red-pen-ios/red-pen-ios/ios/build/Build/Intermediates.noindex/LocalLLMClient.build/Debug/LocalLLMClientMacrosPlugin.build/Objects-normal/arm64/LocalLLMClientMacrosPlugin.swiftsourceinfo (in target 'LocalLLMClientMacrosPlugin' from project 'LocalLLMClient')
    cd /Users/runner/work/red-pen-ios/red-pen-ios/ios/build/SourcePackages/checkouts/LocalLLMClient
    builtin-copy -exclude .DS_Store -exclude CVS -exclude .svn -exclude .git -exclude .hg -resolve-src-symlinks -rename /Users/runner/work/red-pen-ios/red-pen-ios/ios/build/Build/Intermediates.noindex/LocalLLMClient.build/Debug/LocalLLMClientMacrosPlugin.build/Objects-normal/arm64/LocalLLMClientMacrosPlugin.swiftsourceinfo /Users/runner/work/red-pen-ios/red-pen-ios/ios/build/Build/Products/Debug/LocalLLMClientMacrosPlugin.swiftmodule/Project/arm64-apple-macos.swiftsourceinfo

CompileC /Users/runner/work/red-pen-ios/red-pen-ios/ios/build/Build/Intermediates.noindex/LocalLLMClient.build/Debug-iphonesimulator/LocalLLMClientLlamaC.build/Objects-normal/arm64/runtime.o /Users/runner/work/red-pen-ios/red-pen-ios/ios/build/SourcePackages/checkouts/LocalLLMClient/Sources/LocalLLMClientLlamaC/include/jinja/runtime.cpp normal arm64 c++ com.apple.compilers.llvm.clang.1_0.compiler (in target 'LocalLLMClientLlamaC' from project 'LocalLLMClient')
    cd /Users/runner/work/red-pen-ios/red-pen-ios/ios/RedPen.xcodeproj
    
    Using response file: /Users/runner/work/red-pen-ios/red-pen-ios/ios/build/Build/Intermediates.noindex/LocalLLMClient.build/Debug-iphonesimulator/LocalLLMClientLlamaC.build/Objects-normal/arm64/82b82416624d2658e5098eb0a28c15c5-common-args.resp
    
    /Applications/Xcode_26.6.app/Contents/Developer/Toolchains/XcodeDefault.xctoolchain/usr/bin/clang -x c++ -ivfsstatcache /Users/runner/work/red-pen-ios/red-pen-ios/ios/build/SDKStatCaches.noindex/iphonesimulator26.5-23F81a-688ef53f1462e2c8f657fdc38a81448ff45c64a1807a658693f2a61704f17a36.sdkstatcache -target arm64-apple-ios17.0-simulator -fmessage-length\=0 -fdiagnostics-show-note-include-stack -fmacro-backtrace-limit\=0 -fno-color-diagnostics -fmodules-prune-interval\=86400 -fmodules-prune-after\=345600 -fbuild-session-file\=/Users/runner/work/red-pen-ios/red-pen-ios/ios/build/ModuleCache.noindex/Session.modulevalidation -fmodules-validate-once-per-build-session -Wnon-modular-include-in-framework-module -Werror\=non-modular-include-in-framework-module -Wno-trigraphs -Wno-missing-field-initializers -Wno-missing-prototypes -Wno-return-type -Wno-non-virtual-dtor -Wno-overloaded-virtual -Wno-exit-time-destructors -Wno-missing-braces -Wparentheses -Wswitch -Wno-unused-function -Wno-unused-label -Wno-unused-parameter -Wno-unused-variable -Wunused-value -Wno-empty-body -Wno-uninitialized -Wno-unknown-pragmas -w -Wno-shadow -Wno-four-char-constants -Wno-conversion -Wno-constant-conversion -Wno-int-conversion -Wno-bool-conversion -Wno-enum-conversion -Wno-float-conversion -Wno-non-literal-null-conversion -Wno-objc-literal-conversion -Wshorten-64-to-32 -Wno-newline-eof -Wno-c++11-extensions -Wno-implicit-fallthrough -isysroot /Applications/Xcode_26.6.app/Contents/Developer/Platforms/iPhoneSimulator.platform/Developer/SDKs/iPhoneSimulator26.5.sdk -fstrict-aliasing -Wdeprecated-declarations -Winvalid-offsetof -Wno-sign-conversion -Wno-infinite-recursion -Wno-move -Wno-comma -Wno-block-capture-autoreleasing -Wno-strict-prototypes -Wno-range-loop-analysis -Wno-semicolon-before-method-body -index-store-path /Users/runner/work/red-pen-ios/red-pen-ios/ios/build/Index.noindex/DataStore -w @/Users/runner/work/red-pen-ios/red-pen-ios/ios/build/Build/Intermediates.noindex/LocalLLMClient.build/Debug-iphonesimulator/LocalLLMClientLlamaC.build/Objects-normal/arm64/82b82416624d2658e5098eb0a28c15c5-common-args.resp -MMD -MT dependencies -MF /Users/runner/work/red-pen-ios/red-pen-ios/ios/build/Build/Intermediates.noindex/LocalLLMClient.build/Debug-iphonesimulator/LocalLLMClientLlamaC.build/Objects-normal/arm64/runtime.d --serialize-diagnostics /Users/runner/work/red-pen-ios/red-pen-ios/ios/build/Build/Intermediates.noindex/LocalLLMClient.build/Debug-iphonesimulator/LocalLLMClientLlamaC.build/Objects-normal/arm64/runtime.dia -c /Users/runner/work/red-pen-ios/red-pen-ios/ios/build/SourcePackages/checkouts/LocalLLMClient/Sources/LocalLLMClientLlamaC/include/jinja/runtime.cpp -o /Users/runner/work/red-pen-ios/red-pen-ios/ios/build/Build/Intermediates.noindex/LocalLLMClient.build/Debug-iphonesimulator/LocalLLMClientLlamaC.build/Objects-normal/arm64/runtime.o -index-unit-output-path /LocalLLMClient.build/Debug-iphonesimulator/LocalLLMClientLlamaC.build/Objects-normal/arm64/runtime.o

CompileC /Users/runner/work/red-pen-ios/red-pen-ios/ios/build/Build/Intermediates.noindex/LocalLLMClient.build/Debug-iphonesimulator/LocalLLMClientLlamaC.build/Objects-normal/arm64/regex-partial.o /Users/runner/work/red-pen-ios/red-pen-ios/ios/build/SourcePackages/checkouts/LocalLLMClient/Sources/LocalLLMClientLlamaC/common/regex-partial.cpp normal arm64 c++ com.apple.compilers.llvm.clang.1_0.compiler (in target 'LocalLLMClientLlamaC' from project 'LocalLLMClient')
    cd /Users/runner/work/red-pen-ios/red-pen-ios/ios/RedPen.xcodeproj
    
    Using response file: /Users/runner/work/red-pen-ios/red-pen-ios/ios/build/Build/Intermediates.noindex/LocalLLMClient.build/Debug-iphonesimulator/LocalLLMClientLlamaC.build/Objects-normal/arm64/82b82416624d2658e5098eb0a28c15c5-common-args.resp
    
    /Applications/Xcode_26.6.app/Contents/Developer/Toolchains/XcodeDefault.xctoolchain/usr/bin/clang -x c++ -ivfsstatcache /Users/runner/work/red-pen-ios/red-pen-ios/ios/build/SDKStatCaches.noindex/iphonesimulator26.5-23F81a-688ef53f1462e2c8f657fdc38a81448ff45c64a1807a658693f2a61704f17a36.sdkstatcache -target arm64-apple-ios17.0-simulator -fmessage-length\=0 -fdiagnostics-show-note-include-stack -fmacro-backtrace-limit\=0 -fno-color-diagnostics -fmodules-prune-interval\=86400 -fmodules-prune-after\=345600 -fbuild-session-file\=/Users/runner/work/red-pen-ios/red-pen-ios/ios/build/ModuleCache.noindex/Session.modulevalidation -fmodules-validate-once-per-build-session -Wnon-modular-include-in-framework-module -Werror\=non-modular-include-in-framework-module -Wno-trigraphs -Wno-missing-field-initializers -Wno-missing-prototypes -Wno-return-type -Wno-non-virtual-dtor -Wno-overloaded-virtual -Wno-exit-time-destructors -Wno-missing-braces -Wparentheses -Wswitch -Wno-unused-function -Wno-unused-label -Wno-unused-parameter -Wno-unused-variable -Wunused-value -Wno-empty-body -Wno-uninitialized -Wno-unknown-pragmas -w -Wno-shadow -Wno-four-char-constants -Wno-conversion -Wno-constant-conversion -Wno-int-conversion -Wno-bool-conversion -Wno-enum-conversion -Wno-float-conversion -Wno-non-literal-null-conversion -Wno-objc-literal-conversion -Wshorten-64-to-32 -Wno-newline-eof -Wno-c++11-extensions -Wno-implicit-fallthrough -isysroot /Applications/Xcode_26.6.app/Contents/Developer/Platforms/iPhoneSimulator.platform/Developer/SDKs/iPhoneSimulator26.5.sdk -fstrict-aliasing -Wdeprecated-declarations -Winvalid-offsetof -Wno-sign-conversion -Wno-infinite-recursion -Wno-move -Wno-comma -Wno-block-capture-autoreleasing -Wno-strict-prototypes -Wno-range-loop-analysis -Wno-semicolon-before-method-body -index-store-path /Users/runner/work/red-pen-ios/red-pen-ios/ios/build/Index.noindex/DataStore -w @/Users/runner/work/red-pen-ios/red-pen-ios/ios/build/Build/Intermediates.noindex/LocalLLMClient.build/Debug-iphonesimulator/LocalLLMClientLlamaC.build/Objects-normal/arm64/82b82416624d2658e5098eb0a28c15c5-common-args.resp -MMD -MT dependencies -MF /Users/runner/work/red-pen-ios/red-pen-ios/ios/build/Build/Intermediates.noindex/LocalLLMClient.build/Debug-iphonesimulator/LocalLLMClientLlamaC.build/Objects-normal/arm64/regex-partial.d --serialize-diagnostics /Users/runner/work/red-pen-ios/red-pen-ios/ios/build/Build/Intermediates.noindex/LocalLLMClient.build/Debug-iphonesimulator/LocalLLMClientLlamaC.build/Objects-normal/arm64/regex-partial.dia -c /Users/runner/work/red-pen-ios/red-pen-ios/ios/build/SourcePackages/checkouts/LocalLLMClient/Sources/LocalLLMClientLlamaC/common/regex-partial.cpp -o /Users/runner/work/red-pen-ios/red-pen-ios/ios/build/Build/Intermediates.noindex/LocalLLMClient.build/Debug-iphonesimulator/LocalLLMClientLlamaC.build/Objects-normal/arm64/regex-partial.o -index-unit-output-path /LocalLLMClient.build/Debug-iphonesimulator/LocalLLMClientLlamaC.build/Objects-normal/arm64/regex-partial.o

CompileC /Users/runner/work/red-pen-ios/red-pen-ios/ios/build/Build/Intermediates.noindex/LocalLLMClient.build/Debug-iphonesimulator/LocalLLMClientLlamaC.build/Objects-normal/arm64/reasoning-budget.o /Users/runner/work/red-pen-ios/red-pen-ios/ios/build/SourcePackages/checkouts/LocalLLMClient/Sources/LocalLLMClientLlamaC/common/reasoning-budget.cpp normal arm64 c++ com.apple.compilers.llvm.clang.1_0.compiler (in target 'LocalLLMClientLlamaC' from project 'LocalLLMClient')
    cd /Users/runner/work/red-pen-ios/red-pen-ios/ios/RedPen.xcodeproj
    
    Using response file: /Users/runner/work/red-pen-ios/red-pen-ios/ios/build/Build/Intermediates.noindex/LocalLLMClient.build/Debug-iphonesimulator/LocalLLMClientLlamaC.build/Objects-normal/arm64/82b82416624d2658e5098eb0a28c15c5-common-args.resp
    
    /Applications/Xcode_26.6.app/Contents/Developer/Toolchains/XcodeDefault.xctoolchain/usr/bin/clang -x c++ -ivfsstatcache /Users/runner/work/red-pen-ios/red-pen-ios/ios/build/SDKStatCaches.noindex/iphonesimulator26.5-23F81a-688ef53f1462e2c8f657fdc38a81448ff45c64a1807a658693f2a61704f17a36.sdkstatcache -target arm64-apple-ios17.0-simulator -fmessage-length\=0 -fdiagnostics-show-note-include-stack -fmacro-backtrace-limit\=0 -fno-color-diagnostics -fmodules-prune-interval\=86400 -fmodules-prune-after\=345600 -fbuild-session-file\=/Users/runner/work/red-pen-ios/red-pen-ios/ios/build/ModuleCache.noindex/Session.modulevalidation -fmodules-validate-once-per-build-session -Wnon-modular-include-in-framework-module -Werror\=non-modular-include-in-framework-module -Wno-trigraphs -Wno-missing-field-initializers -Wno-missing-prototypes -Wno-return-type -Wno-non-virtual-dtor -Wno-overloaded-virtual -Wno-exit-time-destructors -Wno-missing-braces -Wparentheses -Wswitch -Wno-unused-function -Wno-unused-label -Wno-unused-parameter -Wno-unused-variable -Wunused-value -Wno-empty-body -Wno-uninitialized -Wno-unknown-pragmas -w -Wno-shadow -Wno-four-char-constants -Wno-conversion -Wno-constant-conversion -Wno-int-conversion -Wno-bool-conversion -Wno-enum-conversion -Wno-float-conversion -Wno-non-literal-null-conversion -Wno-objc-literal-conversion -Wshorten-64-to-32 -Wno-newline-eof -Wno-c++11-extensions -Wno-implicit-fallthrough -isysroot /Applications/Xcode_26.6.app/Contents/Developer/Platforms/iPhoneSimulator.platform/Developer/SDKs/iPhoneSimulator26.5.sdk -fstrict-aliasing -Wdeprecated-declarations -Winvalid-offsetof -Wno-sign-conversion -Wno-infinite-recursion -Wno-move -Wno-comma -Wno-block-capture-autoreleasing -Wno-strict-prototypes -Wno-range-loop-analysis -Wno-semicolon-before-method-body -index-store-path /Users/runner/work/red-pen-ios/red-pen-ios/ios/build/Index.noindex/DataStore -w @/Users/runner/work/red-pen-ios/red-pen-ios/ios/build/Build/Intermediates.noindex/LocalLLMClient.build/Debug-iphonesimulator/LocalLLMClientLlamaC.build/Objects-normal/arm64/82b82416624d2658e5098eb0a28c15c5-common-args.resp -MMD -MT dependencies -MF /Users/runner/work/red-pen-ios/red-pen-ios/ios/build/Build/Intermediates.noindex/LocalLLMClient.build/Debug-iphonesimulator/LocalLLMClientLlamaC.build/Objects-normal/arm64/reasoning-budget.d --serialize-diagnostics /Users/runner/work/red-pen-ios/red-pen-ios/ios/build/Build/Intermediates.noindex/LocalLLMClient.build/Debug-iphonesimulator/LocalLLMClientLlamaC.build/Objects-normal/arm64/reasoning-budget.dia -c /Users/runner/work/red-pen-ios/red-pen-ios/ios/build/SourcePackages/checkouts/LocalLLMClient/Sources/LocalLLMClientLlamaC/common/reasoning-budget.cpp -o /Users/runner/work/red-pen-ios/red-pen-ios/ios/build/Build/Intermediates.noindex/LocalLLMClient.build/Debug-iphonesimulator/LocalLLMClientLlamaC.build/Objects-normal/arm64/reasoning-budget.o -index-unit-output-path /LocalLLMClient.build/Debug-iphonesimulator/LocalLLMClientLlamaC.build/Objects-normal/arm64/reasoning-budget.o

CompileC /Users/runner/work/red-pen-ios/red-pen-ios/ios/build/Build/Intermediates.noindex/LocalLLMClient.build/Debug-iphonesimulator/LocalLLMClientLlamaC.build/Objects-normal/arm64/qwen3vl.o /Users/runner/work/red-pen-ios/red-pen-ios/ios/build/SourcePackages/checkouts/LocalLLMClient/Sources/LocalLLMClientLlamaC/models/qwen3vl.cpp normal arm64 c++ com.apple.compilers.llvm.clang.1_0.compiler (in target 'LocalLLMClientLlamaC' from project 'LocalLLMClient')
    cd /Users/runner/work/red-pen-ios/red-pen-ios/ios/RedPen.xcodeproj
    
    Using response file: /Users/runner/work/red-pen-ios/red-pen-ios/ios/build/Build/Intermediates.noindex/LocalLLMClient.build/Debug-iphonesimulator/LocalLLMClientLlamaC.build/Objects-normal/arm64/82b82416624d2658e5098eb0a28c15c5-common-args.resp
    
    /Applications/Xcode_26.6.app/Contents/Developer/Toolchains/XcodeDefault.xctoolchain/usr/bin/clang -x c++ -ivfsstatcache /Users/runner/work/red-pen-ios/red-pen-ios/ios/build/SDKStatCaches.noindex/iphonesimulator26.5-23F81a-688ef53f1462e2c8f657fdc38a81448ff45c64a1807a658693f2a61704f17a36.sdkstatcache -target arm64-apple-ios17.0-simulator -fmessage-length\=0 -fdiagnostics-show-note-include-stack -fmacro-backtrace-limit\=0 -fno-color-diagnostics -fmodules-prune-interval\=86400 -fmodules-prune-after\=345600 -fbuild-session-file\=/Users/runner/work/red-pen-ios/red-pen-ios/ios/build/ModuleCache.noindex/Session.modulevalidation -fmodules-validate-once-per-build-session -Wnon-modular-include-in-framework-module -Werror\=non-modular-include-in-framework-module -Wno-trigraphs -Wno-missing-field-initializers -Wno-missing-prototypes -Wno-return-type -Wno-non-virtual-dtor -Wno-overloaded-virtual -Wno-exit-time-destructors -Wno-missing-braces -Wparentheses -Wswitch -Wno-unused-function -Wno-unused-label -Wno-unused-parameter -Wno-unused-variable -Wunused-value -Wno-empty-body -Wno-uninitialized -Wno-unknown-pragmas -w -Wno-shadow -Wno-four-char-constants -Wno-conversion -Wno-constant-conversion -Wno-int-conversion -Wno-bool-conversion -Wno-enum-conversion -Wno-float-conversion -Wno-non-literal-null-conversion -Wno-objc-literal-conversion -Wshorten-64-to-32 -Wno-newline-eof -Wno-c++11-extensions -Wno-implicit-fallthrough -isysroot /Applications/Xcode_26.6.app/Contents/Developer/Platforms/iPhoneSimulator.platform/Developer/SDKs/iPhoneSimulator26.5.sdk -fstrict-aliasing -Wdeprecated-declarations -Winvalid-offsetof -Wno-sign-conversion -Wno-infinite-recursion -Wno-move -Wno-comma -Wno-block-capture-autoreleasing -Wno-strict-prototypes -Wno-range-loop-analysis -Wno-semicolon-before-method-body -index-store-path /Users/runner/work/red-pen-ios/red-pen-ios/ios/build/Index.noindex/DataStore -w @/Users/runner/work/red-pen-ios/red-pen-ios/ios/build/Build/Intermediates.noindex/LocalLLMClient.build/Debug-iphonesimulator/LocalLLMClientLlamaC.build/Objects-normal/arm64/82b82416624d2658e5098eb0a28c15c5-common-args.resp -MMD -MT dependencies -MF /Users/runner/work/red-pen-ios/red-pen-ios/ios/build/Build/Intermediates.noindex/LocalLLMClient.build/Debug-iphonesimulator/LocalLLMClientLlamaC.build/Objects-normal/arm64/qwen3vl.d --serialize-diagnostics /Users/runner/work/red-pen-ios/red-pen-ios/ios/build/Build/Intermediates.noindex/LocalLLMClient.build/Debug-iphonesimulator/LocalLLMClientLlamaC.build/Objects-normal/arm64/qwen3vl.dia -c /Users/runner/work/red-pen-ios/red-pen-ios/ios/build/SourcePackages/checkouts/LocalLLMClient/Sources/LocalLLMClientLlamaC/models/qwen3vl.cpp -o /Users/runner/work/red-pen-ios/red-pen-ios/ios/build/Build/Intermediates.noindex/LocalLLMClient.build/Debug-iphonesimulator/LocalLLMClientLlamaC.build/Objects-normal/arm64/qwen3vl.o -index-unit-output-path /LocalLLMClient.build/Debug-iphonesimulator/LocalLLMClientLlamaC.build/Objects-normal/arm64/qwen3vl.o

CompileC /Users/runner/work/red-pen-ios/red-pen-ios/ios/build/Build/Intermediates.noindex/LocalLLMClient.build/Debug-iphonesimulator/LocalLLMClientLlamaC.build/Objects-normal/arm64/qwen3a.o /Users/runner/work/red-pen-ios/red-pen-ios/ios/build/SourcePackages/checkouts/LocalLLMClient/Sources/LocalLLMClientLlamaC/models/qwen3a.cpp normal arm64 c++ com.apple.compilers.llvm.clang.1_0.compiler (in target 'LocalLLMClientLlamaC' from project 'LocalLLMClient')
    cd /Users/runner/work/red-pen-ios/red-pen-ios/ios/RedPen.xcodeproj
    
    Using response file: /Users/runner/work/red-pen-ios/red-pen-ios/ios/build/Build/Intermediates.noindex/LocalLLMClient.build/Debug-iphonesimulator/LocalLLMClientLlamaC.build/Objects-normal/arm64/82b82416624d2658e5098eb0a28c15c5-common-args.resp
    
    /Applications/Xcode_26.6.app/Contents/Developer/Toolchains/XcodeDefault.xctoolchain/usr/bin/clang -x c++ -ivfsstatcache /Users/runner/work/red-pen-ios/red-pen-ios/ios/build/SDKStatCaches.noindex/iphonesimulator26.5-23F81a-688ef53f1462e2c8f657fdc38a81448ff45c64a1807a658693f2a61704f17a36.sdkstatcache -target arm64-apple-ios17.0-simulator -fmessage-length\=0 -fdiagnostics-show-note-include-stack -fmacro-backtrace-limit\=0 -fno-color-diagnostics -fmodules-prune-interval\=86400 -fmodules-prune-after\=345600 -fbuild-session-file\=/Users/runner/work/red-pen-ios/red-pen-ios/ios/build/ModuleCache.noindex/Session.modulevalidation -fmodules-validate-once-per-build-session -Wnon-modular-include-in-framework-module -Werror\=non-modular-include-in-framework-module -Wno-trigraphs -Wno-missing-field-initializers -Wno-missing-prototypes -Wno-return-type -Wno-non-virtual-dtor -Wno-overloaded-virtual -Wno-exit-time-destructors -Wno-missing-braces -Wparentheses -Wswitch -Wno-unused-function -Wno-unused-label -Wno-unused-parameter -Wno-unused-variable -Wunused-value -Wno-empty-body -Wno-uninitialized -Wno-unknown-pragmas -w -Wno-shadow -Wno-four-char-constants -Wno-conversion -Wno-constant-conversion -Wno-int-conversion -Wno-bool-conversion -Wno-enum-conversion -Wno-float-conversion -Wno-non-literal-null-conversion -Wno-objc-literal-conversion -Wshorten-64-to-32 -Wno-newline-eof -Wno-c++11-extensions -Wno-implicit-fallthrough -isysroot /Applications/Xcode_26.6.app/Contents/Developer/Platforms/iPhoneSimulator.platform/Developer/SDKs/iPhoneSimulator26.5.sdk -fstrict-aliasing -Wdeprecated-declarations -Winvalid-offsetof -Wno-sign-conversion -Wno-infinite-recursion -Wno-move -Wno-comma -Wno-block-capture-autoreleasing -Wno-strict-prototypes -Wno-range-loop-analysis -Wno-semicolon-before-method-body -index-store-path /Users/runner/work/red-pen-ios/red-pen-ios/ios/build/Index.noindex/DataStore -w @/Users/runner/work/red-pen-ios/red-pen-ios/ios/build/Build/Intermediates.noindex/LocalLLMClient.build/Debug-iphonesimulator/LocalLLMClientLlamaC.build/Objects-normal/arm64/82b82416624d2658e5098eb0a28c15c5-common-args.resp -MMD -MT dependencies -MF /Users/runner/work/red-pen-ios/red-pen-ios/ios/build/Build/Intermediates.noindex/LocalLLMClient.build/Debug-iphonesimulator/LocalLLMClientLlamaC.build/Objects-normal/arm64/qwen3a.d --serialize-diagnostics /Users/runner/work/red-pen-ios/red-pen-ios/ios/build/Build/Intermediates.noindex/LocalLLMClient.build/Debug-iphonesimulator/LocalLLMClientLlamaC.build/Objects-normal/arm64/qwen3a.dia -c /Users/runner/work/red-pen-ios/red-pen-ios/ios/build/SourcePackages/checkouts/LocalLLMClient/Sources/LocalLLMClientLlamaC/models/qwen3a.cpp -o /Users/runner/work/red-pen-ios/red-pen-ios/ios/build/Build/Intermediates.noindex/LocalLLMClient.build/Debug-iphonesimulator/LocalLLMClientLlamaC.build/Objects-normal/arm64/qwen3a.o -index-unit-output-path /LocalLLMClient.build/Debug-iphonesimulator/LocalLLMClientLlamaC.build/Objects-normal/arm64/qwen3a.o

CompileC /Users/runner/work/red-pen-ios/red-pen-ios/ios/build/Build/Intermediates.noindex/LocalLLMClient.build/Debug-iphonesimulator/LocalLLMClientLlamaC.build/Objects-normal/arm64/qwen2vl.o /Users/runner/work/red-pen-ios/red-pen-ios/ios/build/SourcePackages/checkouts/LocalLLMClient/Sources/LocalLLMClientLlamaC/models/qwen2vl.cpp normal arm64 c++ com.apple.compilers.llvm.clang.1_0.compiler (in target 'LocalLLMClientLlamaC' from project 'LocalLLMClient')
    cd /Users/runner/work/red-pen-ios/red-pen-ios/ios/RedPen.xcodeproj
    
    Using response file: /Users/runner/work/red-pen-ios/red-pen-ios/ios/build/Build/Intermediates.noindex/LocalLLMClient.build/Debug-iphonesimulator/LocalLLMClientLlamaC.build/Objects-normal/arm64/82b82416624d2658e5098eb0a28c15c5-common-args.resp
    
    /Applications/Xcode_26.6.app/Contents/Developer/Toolchains/XcodeDefault.xctoolchain/usr/bin/clang -x c++ -ivfsstatcache /Users/runner/work/red-pen-ios/red-pen-ios/ios/build/SDKStatCaches.noindex/iphonesimulator26.5-23F81a-688ef53f1462e2c8f657fdc38a81448ff45c64a1807a658693f2a61704f17a36.sdkstatcache -target arm64-apple-ios17.0-simulator -fmessage-length\=0 -fdiagnostics-show-note-include-stack -fmacro-backtrace-limit\=0 -fno-color-diagnostics -fmodules-prune-interval\=86400 -fmodules-prune-after\=345600 -fbuild-session-file\=/Users/runner/work/red-pen-ios/red-pen-ios/ios/build/ModuleCache.noindex/Session.modulevalidation -fmodules-validate-once-per-build-session -Wnon-modular-include-in-framework-module -Werror\=non-modular-include-in-framework-module -Wno-trigraphs -Wno-missing-field-initializers -Wno-missing-prototypes -Wno-return-type -Wno-non-virtual-dtor -Wno-overloaded-virtual -Wno-exit-time-destructors -Wno-missing-braces -Wparentheses -Wswitch -Wno-unused-function -Wno-unused-label -Wno-unused-parameter -Wno-unused-variable -Wunused-value -Wno-empty-body -Wno-uninitialized -Wno-unknown-pragmas -w -Wno-shadow -Wno-four-char-constants -Wno-conversion -Wno-constant-conversion -Wno-int-conversion -Wno-bool-conversion -Wno-enum-conversion -Wno-float-conversion -Wno-non-literal-null-conversion -Wno-objc-literal-conversion -Wshorten-64-to-32 -Wno-newline-eof -Wno-c++11-extensions -Wno-implicit-fallthrough -isysroot /Applications/Xcode_26.6.app/Contents/Developer/Platforms/iPhoneSimulator.platform/Developer/SDKs/iPhoneSimulator26.5.sdk -fstrict-aliasing -Wdeprecated-declarations -Winvalid-offsetof -Wno-sign-conversion -Wno-infinite-recursion -Wno-move -Wno-comma -Wno-block-capture-autoreleasing -Wno-strict-prototypes -Wno-range-loop-analysis -Wno-semicolon-before-method-body -index-store-path /Users/runner/work/red-pen-ios/red-pen-ios/ios/build/Index.noindex/DataStore -w @/Users/runner/work/red-pen-ios/red-pen-ios/ios/build/Build/Intermediates.noindex/LocalLLMClient.build/Debug-iphonesimulator/LocalLLMClientLlamaC.build/Objects-normal/arm64/82b82416624d2658e5098eb0a28c15c5-common-args.resp -MMD -MT dependencies -MF /Users/runner/work/red-pen-ios/red-pen-ios/ios/build/Build/Intermediates.noindex/LocalLLMClient.build/Debug-iphonesimulator/LocalLLMClientLlamaC.build/Objects-normal/arm64/qwen2vl.d --serialize-diagnostics /Users/runner/work/red-pen-ios/red-pen-ios/ios/build/Build/Intermediates.noindex/LocalLLMClient.build/Debug-iphonesimulator/LocalLLMClientLlamaC.build/Objects-normal/arm64/qwen2vl.dia -c /Users/runner/work/red-pen-ios/red-pen-ios/ios/build/SourcePackages/checkouts/LocalLLMClient/Sources/LocalLLMClientLlamaC/models/qwen2vl.cpp -o /Users/runner/work/red-pen-ios/red-pen-ios/ios/build/Build/Intermediates.noindex/LocalLLMClient.build/Debug-iphonesimulator/LocalLLMClientLlamaC.build/Objects-normal/arm64/qwen2vl.o -index-unit-output-path /LocalLLMClient.build/Debug-iphonesimulator/LocalLLMClientLlamaC.build/Objects-normal/arm64/qwen2vl.o

CompileC /Users/runner/work/red-pen-ios/red-pen-ios/ios/build/Build/Intermediates.noindex/LocalLLMClient.build/Debug-iphonesimulator/LocalLLMClientLlamaC.build/Objects-normal/arm64/pixtral.o /Users/runner/work/red-pen-ios/red-pen-ios/ios/build/SourcePackages/checkouts/LocalLLMClient/Sources/LocalLLMClientLlamaC/models/pixtral.cpp normal arm64 c++ com.apple.compilers.llvm.clang.1_0.compiler (in target 'LocalLLMClientLlamaC' from project 'LocalLLMClient')
    cd /Users/runner/work/red-pen-ios/red-pen-ios/ios/RedPen.xcodeproj
    
    Using response file: /Users/runner/work/red-pen-ios/red-pen-ios/ios/build/Build/Intermediates.noindex/LocalLLMClient.build/Debug-iphonesimulator/LocalLLMClientLlamaC.build/Objects-normal/arm64/82b82416624d2658e5098eb0a28c15c5-common-args.resp
    
    /Applications/Xcode_26.6.app/Contents/Developer/Toolchains/XcodeDefault.xctoolchain/usr/bin/clang -x c++ -ivfsstatcache /Users/runner/work/red-pen-ios/red-pen-ios/ios/build/SDKStatCaches.noindex/iphonesimulator26.5-23F81a-688ef53f1462e2c8f657fdc38a81448ff45c64a1807a658693f2a61704f17a36.sdkstatcache -target arm64-apple-ios17.0-simulator -fmessage-length\=0 -fdiagnostics-show-note-include-stack -fmacro-backtrace-limit\=0 -fno-color-diagnostics -fmodules-prune-interval\=86400 -fmodules-prune-after\=345600 -fbuild-session-file\=/Users/runner/work/red-pen-ios/red-pen-ios/ios/build/ModuleCache.noindex/Session.modulevalidation -fmodules-validate-once-per-build-session -Wnon-modular-include-in-framework-module -Werror\=non-modular-include-in-framework-module -Wno-trigraphs -Wno-missing-field-initializers -Wno-missing-prototypes -Wno-return-type -Wno-non-virtual-dtor -Wno-overloaded-virtual -Wno-exit-time-destructors -Wno-missing-braces -Wparentheses -Wswitch -Wno-unused-function -Wno-unused-label -Wno-unused-parameter -Wno-unused-variable -Wunused-value -Wno-empty-body -Wno-uninitialized -Wno-unknown-pragmas -w -Wno-shadow -Wno-four-char-constants -Wno-conversion -Wno-constant-conversion -Wno-int-conversion -Wno-bool-conversion -Wno-enum-conversion -Wno-float-conversion -Wno-non-literal-null-conversion -Wno-objc-literal-conversion -Wshorten-64-to-32 -Wno-newline-eof -Wno-c++11-extensions -Wno-implicit-fallthrough -isysroot /Applications/Xcode_26.6.app/Contents/Developer/Platforms/iPhoneSimulator.platform/Developer/SDKs/iPhoneSimulator26.5.sdk -fstrict-aliasing -Wdeprecated-declarations -Winvalid-offsetof -Wno-sign-conversion -Wno-infinite-recursion -Wno-move -Wno-comma -Wno-block-capture-autoreleasing -Wno-strict-prototypes -Wno-range-loop-analysis -Wno-semicolon-before-method-body -index-store-path /Users/runner/work/red-pen-ios/red-pen-ios/ios/build/Index.noindex/DataStore -w @/Users/runner/work/red-pen-ios/red-pen-ios/ios/build/Build/Intermediates.noindex/LocalLLMClient.build/Debug-iphonesimulator/LocalLLMClientLlamaC.build/Objects-normal/arm64/82b82416624d2658e5098eb0a28c15c5-common-args.resp -MMD -MT dependencies -MF /Users/runner/work/red-pen-ios/red-pen-ios/ios/build/Build/Intermediates.noindex/LocalLLMClient.build/Debug-iphonesimulator/LocalLLMClientLlamaC.build/Objects-normal/arm64/pixtral.d --serialize-diagnostics /Users/runner/work/red-pen-ios/red-pen-ios/ios/build/Build/Intermediates.noindex/LocalLLMClient.build/Debug-iphonesimulator/LocalLLMClientLlamaC.build/Objects-normal/arm64/pixtral.dia -c /Users/runner/work/red-pen-ios/red-pen-ios/ios/build/SourcePackages/checkouts/LocalLLMClient/Sources/LocalLLMClientLlamaC/models/pixtral.cpp -o /Users/runner/work/red-pen-ios/red-pen-ios/ios/build/Build/Intermediates.noindex/LocalLLMClient.build/Debug-iphonesimulator/LocalLLMClientLlamaC.build/Objects-normal/arm64/pixtral.o -index-unit-output-path /LocalLLMClient.build/Debug-iphonesimulator/LocalLLMClientLlamaC.build/Objects-normal/arm64/pixtral.o

CompileC /Users/runner/work/red-pen-ios/red-pen-ios/ios/build/Build/Intermediates.noindex/LocalLLMClient.build/Debug-iphonesimulator/LocalLLMClientLlamaC.build/Objects-normal/arm64/peg-parser.o /Users/runner/work/red-pen-ios/red-pen-ios/ios/build/SourcePackages/checkouts/LocalLLMClient/Sources/LocalLLMClientLlamaC/common/peg-parser.cpp normal arm64 c++ com.apple.compilers.llvm.clang.1_0.compiler (in target 'LocalLLMClientLlamaC' from project 'LocalLLMClient')
    cd /Users/runner/work/red-pen-ios/red-pen-ios/ios/RedPen.xcodeproj
    
    Using response file: /Users/runner/work/red-pen-ios/red-pen-ios/ios/build/Build/Intermediates.noindex/LocalLLMClient.build/Debug-iphonesimulator/LocalLLMClientLlamaC.build/Objects-normal/arm64/82b82416624d2658e5098eb0a28c15c5-common-args.resp
    
    /Applications/Xcode_26.6.app/Contents/Developer/Toolchains/XcodeDefault.xctoolchain/usr/bin/clang -x c++ -ivfsstatcache /Users/runner/work/red-pen-ios/red-pen-ios/ios/build/SDKStatCaches.noindex/iphonesimulator26.5-23F81a-688ef53f1462e2c8f657fdc38a81448ff45c64a1807a658693f2a61704f17a36.sdkstatcache -target arm64-apple-ios17.0-simulator -fmessage-length\=0 -fdiagnostics-show-note-include-stack -fmacro-backtrace-limit\=0 -fno-color-diagnostics -fmodules-prune-interval\=86400 -fmodules-prune-after\=345600 -fbuild-session-file\=/Users/runner/work/red-pen-ios/red-pen-ios/ios/build/ModuleCache.noindex/Session.modulevalidation -fmodules-validate-once-per-build-session -Wnon-modular-include-in-framework-module -Werror\=non-modular-include-in-framework-module -Wno-trigraphs -Wno-missing-field-initializers -Wno-missing-prototypes -Wno-return-type -Wno-non-virtual-dtor -Wno-overloaded-virtual -Wno-exit-time-destructors -Wno-missing-braces -Wparentheses -Wswitch -Wno-unused-function -Wno-unused-label -Wno-unused-parameter -Wno-unused-variable -Wunused-value -Wno-empty-body -Wno-uninitialized -Wno-unknown-pragmas -w -Wno-shadow -Wno-four-char-constants -Wno-conversion -Wno-constant-conversion -Wno-int-conversion -Wno-bool-conversion -Wno-enum-conversion -Wno-float-conversion -Wno-non-literal-null-conversion -Wno-objc-literal-conversion -Wshorten-64-to-32 -Wno-newline-eof -Wno-c++11-extensions -Wno-implicit-fallthrough -isysroot /Applications/Xcode_26.6.app/Contents/Developer/Platforms/iPhoneSimulator.platform/Developer/SDKs/iPhoneSimulator26.5.sdk -fstrict-aliasing -Wdeprecated-declarations -Winvalid-offsetof -Wno-sign-conversion -Wno-infinite-recursion -Wno-move -Wno-comma -Wno-block-capture-autoreleasing -Wno-strict-prototypes -Wno-range-loop-analysis -Wno-semicolon-before-method-body -index-store-path /Users/runner/work/red-pen-ios/red-pen-ios/ios/build/Index.noindex/DataStore -w @/Users/runner/work/red-pen-ios/red-pen-ios/ios/build/Build/Intermediates.noindex/LocalLLMClient.build/Debug-iphonesimulator/LocalLLMClientLlamaC.build/Objects-normal/arm64/82b82416624d2658e5098eb0a28c15c5-common-args.resp -MMD -MT dependencies -MF /Users/runner/work/red-pen-ios/red-pen-ios/ios/build/Build/Intermediates.noindex/LocalLLMClient.build/Debug-iphonesimulator/LocalLLMClientLlamaC.build/Objects-normal/arm64/peg-parser.d --serialize-diagnostics /Users/runner/work/red-pen-ios/red-pen-ios/ios/build/Build/Intermediates.noindex/LocalLLMClient.build/Debug-iphonesimulator/LocalLLMClientLlamaC.build/Objects-normal/arm64/peg-parser.dia -c /Users/runner/work/red-pen-ios/red-pen-ios/ios/build/SourcePackages/checkouts/LocalLLMClient/Sources/LocalLLMClientLlamaC/common/peg-parser.cpp -o /Users/runner/work/red-pen-ios/red-pen-ios/ios/build/Build/Intermediates.noindex/LocalLLMClient.build/Debug-iphonesimulator/LocalLLMClientLlamaC.build/Objects-normal/arm64/peg-parser.o -index-unit-output-path /LocalLLMClient.build/Debug-iphonesimulator/LocalLLMClientLlamaC.build/Objects-normal/arm64/peg-parser.o

CompileC /Users/runner/work/red-pen-ios/red-pen-ios/ios/build/Build/Intermediates.noindex/LocalLLMClient.build/Debug-iphonesimulator/LocalLLMClientLlamaC.build/Objects-normal/arm64/parser.o /Users/runner/work/red-pen-ios/red-pen-ios/ios/build/SourcePackages/checkouts/LocalLLMClient/Sources/LocalLLMClientLlamaC/include/jinja/parser.cpp normal arm64 c++ com.apple.compilers.llvm.clang.1_0.compiler (in target 'LocalLLMClientLlamaC' from project 'LocalLLMClient')
    cd /Users/runner/work/red-pen-ios/red-pen-ios/ios/RedPen.xcodeproj
    
    Using response file: /Users/runner/work/red-pen-ios/red-pen-ios/ios/build/Build/Intermediates.noindex/LocalLLMClient.build/Debug-iphonesimulator/LocalLLMClientLlamaC.build/Objects-normal/arm64/82b82416624d2658e5098eb0a28c15c5-common-args.resp
    
    /Applications/Xcode_26.6.app/Contents/Developer/Toolchains/XcodeDefault.xctoolchain/usr/bin/clang -x c++ -ivfsstatcache /Users/runner/work/red-pen-ios/red-pen-ios/ios/build/SDKStatCaches.noindex/iphonesimulator26.5-23F81a-688ef53f1462e2c8f657fdc38a81448ff45c64a1807a658693f2a61704f17a36.sdkstatcache -target arm64-apple-ios17.0-simulator -fmessage-length\=0 -fdiagnostics-show-note-include-stack -fmacro-backtrace-limit\=0 -fno-color-diagnostics -fmodules-prune-interval\=86400 -fmodules-prune-after\=345600 -fbuild-session-file\=/Users/runner/work/red-pen-ios/red-pen-ios/ios/build/ModuleCache.noindex/Session.modulevalidation -fmodules-validate-once-per-build-session -Wnon-modular-include-in-framework-module -Werror\=non-modular-include-in-framework-module -Wno-trigraphs -Wno-missing-field-initializers -Wno-missing-prototypes -Wno-return-type -Wno-non-virtual-dtor -Wno-overloaded-virtual -Wno-exit-time-destructors -Wno-missing-braces -Wparentheses -Wswitch -Wno-unused-function -Wno-unused-label -Wno-unused-parameter -Wno-unused-variable -Wunused-value -Wno-empty-body -Wno-uninitialized -Wno-unknown-pragmas -w -Wno-shadow -Wno-four-char-constants -Wno-conversion -Wno-constant-conversion -Wno-int-conversion -Wno-bool-conversion -Wno-enum-conversion -Wno-float-conversion -Wno-non-literal-null-conversion -Wno-objc-literal-conversion -Wshorten-64-to-32 -Wno-newline-eof -Wno-c++11-extensions -Wno-implicit-fallthrough -isysroot /Applications/Xcode_26.6.app/Contents/Developer/Platforms/iPhoneSimulator.platform/Developer/SDKs/iPhoneSimulator26.5.sdk -fstrict-aliasing -Wdeprecated-declarations -Winvalid-offsetof -Wno-sign-conversion -Wno-infinite-recursion -Wno-move -Wno-comma -Wno-block-capture-autoreleasing -Wno-strict-prototypes -Wno-range-loop-analysis -Wno-semicolon-before-method-body -index-store-path /Users/runner/work/red-pen-ios/red-pen-ios/ios/build/Index.noindex/DataStore -w @/Users/runner/work/red-pen-ios/red-pen-ios/ios/build/Build/Intermediates.noindex/LocalLLMClient.build/Debug-iphonesimulator/LocalLLMClientLlamaC.build/Objects-normal/arm64/82b82416624d2658e5098eb0a28c15c5-common-args.resp -MMD -MT dependencies -MF /Users/runner/work/red-pen-ios/red-pen-ios/ios/build/Build/Intermediates.noindex/LocalLLMClient.build/Debug-iphonesimulator/LocalLLMClientLlamaC.build/Objects-normal/arm64/parser.d --serialize-diagnostics /Users/runner/work/red-pen-ios/red-pen-ios/ios/build/Build/Intermediates.noindex/LocalLLMClient.build/Debug-iphonesimulator/LocalLLMClientLlamaC.build/Objects-normal/arm64/parser.dia -c /Users/runner/work/red-pen-ios/red-pen-ios/ios/build/SourcePackages/checkouts/LocalLLMClient/Sources/LocalLLMClientLlamaC/include/jinja/parser.cpp -o /Users/runner/work/red-pen-ios/red-pen-ios/ios/build/Build/Intermediates.noindex/LocalLLMClient.build/Debug-iphonesimulator/LocalLLMClientLlamaC.build/Objects-normal/arm64/parser.o -index-unit-output-path /LocalLLMClient.build/Debug-iphonesimulator/LocalLLMClientLlamaC.build/Objects-normal/arm64/parser.o

CompileC /Users/runner/work/red-pen-ios/red-pen-ios/ios/build/Build/Intermediates.noindex/LocalLLMClient.build/Debug-iphonesimulator/LocalLLMClientLlamaC.build/Objects-normal/arm64/paddleocr.o /Users/runner/work/red-pen-ios/red-pen-ios/ios/build/SourcePackages/checkouts/LocalLLMClient/Sources/LocalLLMClientLlamaC/models/paddleocr.cpp normal arm64 c++ com.apple.compilers.llvm.clang.1_0.compiler (in target 'LocalLLMClientLlamaC' from project 'LocalLLMClient')
    cd /Users/runner/work/red-pen-ios/red-pen-ios/ios/RedPen.xcodeproj
    
    Using response file: /Users/runner/work/red-pen-ios/red-pen-ios/ios/build/Build/Intermediates.noindex/LocalLLMClient.build/Debug-iphonesimulator/LocalLLMClientLlamaC.build/Objects-normal/arm64/82b82416624d2658e5098eb0a28c15c5-common-args.resp
    
    /Applications/Xcode_26.6.app/Contents/Developer/Toolchains/XcodeDefault.xctoolchain/usr/bin/clang -x c++ -ivfsstatcache /Users/runner/work/red-pen-ios/red-pen-ios/ios/build/SDKStatCaches.noindex/iphonesimulator26.5-23F81a-688ef53f1462e2c8f657fdc38a81448ff45c64a1807a658693f2a61704f17a36.sdkstatcache -target arm64-apple-ios17.0-simulator -fmessage-length\=0 -fdiagnostics-show-note-include-stack -fmacro-backtrace-limit\=0 -fno-color-diagnostics -fmodules-prune-interval\=86400 -fmodules-prune-after\=345600 -fbuild-session-file\=/Users/runner/work/red-pen-ios/red-pen-ios/ios/build/ModuleCache.noindex/Session.modulevalidation -fmodules-validate-once-per-build-session -Wnon-modular-include-in-framework-module -Werror\=non-modular-include-in-framework-module -Wno-trigraphs -Wno-missing-field-initializers -Wno-missing-prototypes -Wno-return-type -Wno-non-virtual-dtor -Wno-overloaded-virtual -Wno-exit-time-destructors -Wno-missing-braces -Wparentheses -Wswitch -Wno-unused-function -Wno-unused-label -Wno-unused-parameter -Wno-unused-variable -Wunused-value -Wno-empty-body -Wno-uninitialized -Wno-unknown-pragmas -w -Wno-shadow -Wno-four-char-constants -Wno-conversion -Wno-constant-conversion -Wno-int-conversion -Wno-bool-conversion -Wno-enum-conversion -Wno-float-conversion -Wno-non-literal-null-conversion -Wno-objc-literal-conversion -Wshorten-64-to-32 -Wno-newline-eof -Wno-c++11-extensions -Wno-implicit-fallthrough -isysroot /Applications/Xcode_26.6.app/Contents/Developer/Platforms/iPhoneSimulator.platform/Developer/SDKs/iPhoneSimulator26.5.sdk -fstrict-aliasing -Wdeprecated-declarations -Winvalid-offsetof -Wno-sign-conversion -Wno-infinite-recursion -Wno-move -Wno-comma -Wno-block-capture-autoreleasing -Wno-strict-prototypes -Wno-range-loop-analysis -Wno-semicolon-before-method-body -index-store-path /Users/runner/work/red-pen-ios/red-pen-ios/ios/build/Index.noindex/DataStore -w @/Users/runner/work/red-pen-ios/red-pen-ios/ios/build/Build/Intermediates.noindex/LocalLLMClient.build/Debug-iphonesimulator/LocalLLMClientLlamaC.build/Objects-normal/arm64/82b82416624d2658e5098eb0a28c15c5-common-args.resp -MMD -MT dependencies -MF /Users/runner/work/red-pen-ios/red-pen-ios/ios/build/Build/Intermediates.noindex/LocalLLMClient.build/Debug-iphonesimulator/LocalLLMClientLlamaC.build/Objects-normal/arm64/paddleocr.d --serialize-diagnostics /Users/runner/work/red-pen-ios/red-pen-ios/ios/build/Build/Intermediates.noindex/LocalLLMClient.build/Debug-iphonesimulator/LocalLLMClientLlamaC.build/Objects-normal/arm64/paddleocr.dia -c /Users/runner/work/red-pen-ios/red-pen-ios/ios/build/SourcePackages/checkouts/LocalLLMClient/Sources/LocalLLMClientLlamaC/models/paddleocr.cpp -o /Users/runner/work/red-pen-ios/red-pen-ios/ios/build/Build/Intermediates.noindex/LocalLLMClient.build/Debug-iphonesimulator/LocalLLMClientLlamaC.build/Objects-normal/arm64/paddleocr.o -index-unit-output-path /LocalLLMClient.build/Debug-iphonesimulator/LocalLLMClientLlamaC.build/Objects-normal/arm64/paddleocr.o

CompileC /Users/runner/work/red-pen-ios/red-pen-ios/ios/build/Build/Intermediates.noindex/LocalLLMClient.build/Debug-iphonesimulator/LocalLLMClientLlamaC.build/Objects-normal/arm64/nemotron-v2-vl.o /Users/runner/work/red-pen-ios/red-pen-ios/ios/build/SourcePackages/checkouts/LocalLLMClient/Sources/LocalLLMClientLlamaC/models/nemotron-v2-vl.cpp normal arm64 c++ com.apple.compilers.llvm.clang.1_0.compiler (in target 'LocalLLMClientLlamaC' from project 'LocalLLMClient')
    cd /Users/runner/work/red-pen-ios/red-pen-ios/ios/RedPen.xcodeproj
    
    Using response file: /Users/runner/work/red-pen-ios/red-pen-ios/ios/build/Build/Intermediates.noindex/LocalLLMClient.build/Debug-iphonesimulator/LocalLLMClientLlamaC.build/Objects-normal/arm64/82b82416624d2658e5098eb0a28c15c5-common-args.resp
    
    /Applications/Xcode_26.6.app/Contents/Developer/Toolchains/XcodeDefault.xctoolchain/usr/bin/clang -x c++ -ivfsstatcache /Users/runner/work/red-pen-ios/red-pen-ios/ios/build/SDKStatCaches.noindex/iphonesimulator26.5-23F81a-688ef53f1462e2c8f657fdc38a81448ff45c64a1807a658693f2a61704f17a36.sdkstatcache -target arm64-apple-ios17.0-simulator -fmessage-length\=0 -fdiagnostics-show-note-include-stack -fmacro-backtrace-limit\=0 -fno-color-diagnostics -fmodules-prune-interval\=86400 -fmodules-prune-after\=345600 -fbuild-session-file\=/Users/runner/work/red-pen-ios/red-pen-ios/ios/build/ModuleCache.noindex/Session.modulevalidation -fmodules-validate-once-per-build-session -Wnon-modular-include-in-framework-module -Werror\=non-modular-include-in-framework-module -Wno-trigraphs -Wno-missing-field-initializers -Wno-missing-prototypes -Wno-return-type -Wno-non-virtual-dtor -Wno-overloaded-virtual -Wno-exit-time-destructors -Wno-missing-braces -Wparentheses -Wswitch -Wno-unused-function -Wno-unused-label -Wno-unused-parameter -Wno-unused-variable -Wunused-value -Wno-empty-body -Wno-uninitialized -Wno-unknown-pragmas -w -Wno-shadow -Wno-four-char-constants -Wno-conversion -Wno-constant-conversion -Wno-int-conversion -Wno-bool-conversion -Wno-enum-conversion -Wno-float-conversion -Wno-non-literal-null-conversion -Wno-objc-literal-conversion -Wshorten-64-to-32 -Wno-newline-eof -Wno-c++11-extensions -Wno-implicit-fallthrough -isysroot /Applications/Xcode_26.6.app/Contents/Developer/Platforms/iPhoneSimulator.platform/Developer/SDKs/iPhoneSimulator26.5.sdk -fstrict-aliasing -Wdeprecated-declarations -Winvalid-offsetof -Wno-sign-conversion -Wno-infinite-recursion -Wno-move -Wno-comma -Wno-block-capture-autoreleasing -Wno-strict-prototypes -Wno-range-loop-analysis -Wno-semicolon-before-method-body -index-store-path /Users/runner/work/red-pen-ios/red-pen-ios/ios/build/Index.noindex/DataStore -w @/Users/runner/work/red-pen-ios/red-pen-ios/ios/build/Build/Intermediates.noindex/LocalLLMClient.build/Debug-iphonesimulator/LocalLLMClientLlamaC.build/Objects-normal/arm64/82b82416624d2658e5098eb0a28c15c5-common-args.resp -MMD -MT dependencies -MF /Users/runner/work/red-pen-ios/red-pen-ios/ios/build/Build/Intermediates.noindex/LocalLLMClient.build/Debug-iphonesimulator/LocalLLMClientLlamaC.build/Objects-normal/arm64/nemotron-v2-vl.d --serialize-diagnostics /Users/runner/work/red-pen-ios/red-pen-ios/ios/build/Build/Intermediates.noindex/LocalLLMClient.build/Debug-iphonesimulator/LocalLLMClientLlamaC.build/Objects-normal/arm64/nemotron-v2-vl.dia -c /Users/runner/work/red-pen-ios/red-pen-ios/ios/build/SourcePackages/checkouts/LocalLLMClient/Sources/LocalLLMClientLlamaC/models/nemotron-v2-vl.cpp -o /Users/runner/work/red-pen-ios/red-pen-ios/ios/build/Build/Intermediates.noindex/LocalLLMClient.build/Debug-iphonesimulator/LocalLLMClientLlamaC.build/Objects-normal/arm64/nemotron-v2-vl.o -index-unit-output-path /LocalLLMClient.build/Debug-iphonesimulator/LocalLLMClientLlamaC.build/Objects-normal/arm64/nemotron-v2-vl.o

CompileC /Users/runner/work/red-pen-ios/red-pen-ios/ios/build/Build/Intermediates.noindex/LocalLLMClient.build/Debug-iphonesimulator/LocalLLMClientLlamaC.build/Objects-normal/arm64/mtmd.o /Users/runner/work/red-pen-ios/red-pen-ios/ios/build/SourcePackages/checkouts/LocalLLMClient/Sources/LocalLLMClientLlamaC/mtmd.cpp normal arm64 c++ com.apple.compilers.llvm.clang.1_0.compiler (in target 'LocalLLMClientLlamaC' from project 'LocalLLMClient')
    cd /Users/runner/work/red-pen-ios/red-pen-ios/ios/RedPen.xcodeproj
    
    Using response file: /Users/runner/work/red-pen-ios/red-pen-ios/ios/build/Build/Intermediates.noindex/LocalLLMClient.build/Debug-iphonesimulator/LocalLLMClientLlamaC.build/Objects-normal/arm64/82b82416624d2658e5098eb0a28c15c5-common-args.resp
    
    /Applications/Xcode_26.6.app/Contents/Developer/Toolchains/XcodeDefault.xctoolchain/usr/bin/clang -x c++ -ivfsstatcache /Users/runner/work/red-pen-ios/red-pen-ios/ios/build/SDKStatCaches.noindex/iphonesimulator26.5-23F81a-688ef53f1462e2c8f657fdc38a81448ff45c64a1807a658693f2a61704f17a36.sdkstatcache -target arm64-apple-ios17.0-simulator -fmessage-length\=0 -fdiagnostics-show-note-include-stack -fmacro-backtrace-limit\=0 -fno-color-diagnostics -fmodules-prune-interval\=86400 -fmodules-prune-after\=345600 -fbuild-session-file\=/Users/runner/work/red-pen-ios/red-pen-ios/ios/build/ModuleCache.noindex/Session.modulevalidation -fmodules-validate-once-per-build-session -Wnon-modular-include-in-framework-module -Werror\=non-modular-include-in-framework-module -Wno-trigraphs -Wno-missing-field-initializers -Wno-missing-prototypes -Wno-return-type -Wno-non-virtual-dtor -Wno-overloaded-virtual -Wno-exit-time-destructors -Wno-missing-braces -Wparentheses -Wswitch -Wno-unused-function -Wno-unused-label -Wno-unused-parameter -Wno-unused-variable -Wunused-value -Wno-empty-body -Wno-uninitialized -Wno-unknown-pragmas -w -Wno-shadow -Wno-four-char-constants -Wno-conversion -Wno-constant-conversion -Wno-int-conversion -Wno-bool-conversion -Wno-enum-conversion -Wno-float-conversion -Wno-non-literal-null-conversion -Wno-objc-literal-conversion -Wshorten-64-to-32 -Wno-newline-eof -Wno-c++11-extensions -Wno-implicit-fallthrough -isysroot /Applications/Xcode_26.6.app/Contents/Developer/Platforms/iPhoneSimulator.platform/Developer/SDKs/iPhoneSimulator26.5.sdk -fstrict-aliasing -Wdeprecated-declarations -Winvalid-offsetof -Wno-sign-conversion -Wno-infinite-recursion -Wno-move -Wno-comma -Wno-block-capture-autoreleasing -Wno-strict-prototypes -Wno-range-loop-analysis -Wno-semicolon-before-method-body -index-store-path /Users/runner/work/red-pen-ios/red-pen-ios/ios/build/Index.noindex/DataStore -w @/Users/runner/work/red-pen-ios/red-pen-ios/ios/build/Build/Intermediates.noindex/LocalLLMClient.build/Debug-iphonesimulator/LocalLLMClientLlamaC.build/Objects-normal/arm64/82b82416624d2658e5098eb0a28c15c5-common-args.resp -MMD -MT dependencies -MF /Users/runner/work/red-pen-ios/red-pen-ios/ios/build/Build/Intermediates.noindex/LocalLLMClient.build/Debug-iphonesimulator/LocalLLMClientLlamaC.build/Objects-normal/arm64/mtmd.d --serialize-diagnostics /Users/runner/work/red-pen-ios/red-pen-ios/ios/build/Build/Intermediates.noindex/LocalLLMClient.build/Debug-iphonesimulator/LocalLLMClientLlamaC.build/Objects-normal/arm64/mtmd.dia -c /Users/runner/work/red-pen-ios/red-pen-ios/ios/build/SourcePackages/checkouts/LocalLLMClient/Sources/LocalLLMClientLlamaC/mtmd.cpp -o /Users/runner/work/red-pen-ios/red-pen-ios/ios/build/Build/Intermediates.noindex/LocalLLMClient.build/Debug-iphonesimulator/LocalLLMClientLlamaC.build/Objects-normal/arm64/mtmd.o -index-unit-output-path /LocalLLMClient.build/Debug-iphonesimulator/LocalLLMClientLlamaC.build/Objects-normal/arm64/mtmd.o

CompileC /Users/runner/work/red-pen-ios/red-pen-ios/ios/build/Build/Intermediates.noindex/LocalLLMClient.build/Debug-iphonesimulator/LocalLLMClientLlamaC.build/Objects-normal/arm64/mtmd-image.o /Users/runner/work/red-pen-ios/red-pen-ios/ios/build/SourcePackages/checkouts/LocalLLMClient/Sources/LocalLLMClientLlamaC/mtmd-image.cpp normal arm64 c++ com.apple.compilers.llvm.clang.1_0.compiler (in target 'LocalLLMClientLlamaC' from project 'LocalLLMClient')
    cd /Users/runner/work/red-pen-ios/red-pen-ios/ios/RedPen.xcodeproj
    
    Using response file: /Users/runner/work/red-pen-ios/red-pen-ios/ios/build/Build/Intermediates.noindex/LocalLLMClient.build/Debug-iphonesimulator/LocalLLMClientLlamaC.build/Objects-normal/arm64/82b82416624d2658e5098eb0a28c15c5-common-args.resp
    
    /Applications/Xcode_26.6.app/Contents/Developer/Toolchains/XcodeDefault.xctoolchain/usr/bin/clang -x c++ -ivfsstatcache /Users/runner/work/red-pen-ios/red-pen-ios/ios/build/SDKStatCaches.noindex/iphonesimulator26.5-23F81a-688ef53f1462e2c8f657fdc38a81448ff45c64a1807a658693f2a61704f17a36.sdkstatcache -target arm64-apple-ios17.0-simulator -fmessage-length\=0 -fdiagnostics-show-note-include-stack -fmacro-backtrace-limit\=0 -fno-color-diagnostics -fmodules-prune-interval\=86400 -fmodules-prune-after\=345600 -fbuild-session-file\=/Users/runner/work/red-pen-ios/red-pen-ios/ios/build/ModuleCache.noindex/Session.modulevalidation -fmodules-validate-once-per-build-session -Wnon-modular-include-in-framework-module -Werror\=non-modular-include-in-framework-module -Wno-trigraphs -Wno-missing-field-initializers -Wno-missing-prototypes -Wno-return-type -Wno-non-virtual-dtor -Wno-overloaded-virtual -Wno-exit-time-destructors -Wno-missing-braces -Wparentheses -Wswitch -Wno-unused-function -Wno-unused-label -Wno-unused-parameter -Wno-unused-variable -Wunused-value -Wno-empty-body -Wno-uninitialized -Wno-unknown-pragmas -w -Wno-shadow -Wno-four-char-constants -Wno-conversion -Wno-constant-conversion -Wno-int-conversion -Wno-bool-conversion -Wno-enum-conversion -Wno-float-conversion -Wno-non-literal-null-conversion -Wno-objc-literal-conversion -Wshorten-64-to-32 -Wno-newline-eof -Wno-c++11-extensions -Wno-implicit-fallthrough -isysroot /Applications/Xcode_26.6.app/Contents/Developer/Platforms/iPhoneSimulator.platform/Developer/SDKs/iPhoneSimulator26.5.sdk -fstrict-aliasing -Wdeprecated-declarations -Winvalid-offsetof -Wno-sign-conversion -Wno-infinite-recursion -Wno-move -Wno-comma -Wno-block-capture-autoreleasing -Wno-strict-prototypes -Wno-range-loop-analysis -Wno-semicolon-before-method-body -index-store-path /Users/runner/work/red-pen-ios/red-pen-ios/ios/build/Index.noindex/DataStore -w @/Users/runner/work/red-pen-ios/red-pen-ios/ios/build/Build/Intermediates.noindex/LocalLLMClient.build/Debug-iphonesimulator/LocalLLMClientLlamaC.build/Objects-normal/arm64/82b82416624d2658e5098eb0a28c15c5-common-args.resp -MMD -MT dependencies -MF /Users/runner/work/red-pen-ios/red-pen-ios/ios/build/Build/Intermediates.noindex/LocalLLMClient.build/Debug-iphonesimulator/LocalLLMClientLlamaC.build/Objects-normal/arm64/mtmd-image.d --serialize-diagnostics /Users/runner/work/red-pen-ios/red-pen-ios/ios/build/Build/Intermediates.noindex/LocalLLMClient.build/Debug-iphonesimulator/LocalLLMClientLlamaC.build/Objects-normal/arm64/mtmd-image.dia -c /Users/runner/work/red-pen-ios/red-pen-ios/ios/build/SourcePackages/checkouts/LocalLLMClient/Sources/LocalLLMClientLlamaC/mtmd-image.cpp -o /Users/runner/work/red-pen-ios/red-pen-ios/ios/build/Build/Intermediates.noindex/LocalLLMClient.build/Debug-iphonesimulator/LocalLLMClientLlamaC.build/Objects-normal/arm64/mtmd-image.o -index-unit-output-path /LocalLLMClient.build/Debug-iphonesimulator/LocalLLMClientLlamaC.build/Objects-normal/arm64/mtmd-image.o

CompileC /Users/runner/work/red-pen-ios/red-pen-ios/ios/build/Build/Intermediates.noindex/LocalLLMClient.build/Debug-iphonesimulator/LocalLLMClientLlamaC.build/Objects-normal/arm64/mtmd-helper.o /Users/runner/work/red-pen-ios/red-pen-ios/ios/build/SourcePackages/checkouts/LocalLLMClient/Sources/LocalLLMClientLlamaC/mtmd-helper.cpp normal arm64 c++ com.apple.compilers.llvm.clang.1_0.compiler (in target 'LocalLLMClientLlamaC' from project 'LocalLLMClient')
    cd /Users/runner/work/red-pen-ios/red-pen-ios/ios/RedPen.xcodeproj
    
    Using response file: /Users/runner/work/red-pen-ios/red-pen-ios/ios/build/Build/Intermediates.noindex/LocalLLMClient.build/Debug-iphonesimulator/LocalLLMClientLlamaC.build/Objects-normal/arm64/82b82416624d2658e5098eb0a28c15c5-common-args.resp
    
    /Applications/Xcode_26.6.app/Contents/Developer/Toolchains/XcodeDefault.xctoolchain/usr/bin/clang -x c++ -ivfsstatcache /Users/runner/work/red-pen-ios/red-pen-ios/ios/build/SDKStatCaches.noindex/iphonesimulator26.5-23F81a-688ef53f1462e2c8f657fdc38a81448ff45c64a1807a658693f2a61704f17a36.sdkstatcache -target arm64-apple-ios17.0-simulator -fmessage-length\=0 -fdiagnostics-show-note-include-stack -fmacro-backtrace-limit\=0 -fno-color-diagnostics -fmodules-prune-interval\=86400 -fmodules-prune-after\=345600 -fbuild-session-file\=/Users/runner/work/red-pen-ios/red-pen-ios/ios/build/ModuleCache.noindex/Session.modulevalidation -fmodules-validate-once-per-build-session -Wnon-modular-include-in-framework-module -Werror\=non-modular-include-in-framework-module -Wno-trigraphs -Wno-missing-field-initializers -Wno-missing-prototypes -Wno-return-type -Wno-non-virtual-dtor -Wno-overloaded-virtual -Wno-exit-time-destructors -Wno-missing-braces -Wparentheses -Wswitch -Wno-unused-function -Wno-unused-label -Wno-unused-parameter -Wno-unused-variable -Wunused-value -Wno-empty-body -Wno-uninitialized -Wno-unknown-pragmas -w -Wno-shadow -Wno-four-char-constants -Wno-conversion -Wno-constant-conversion -Wno-int-conversion -Wno-bool-conversion -Wno-enum-conversion -Wno-float-conversion -Wno-non-literal-null-conversion -Wno-objc-literal-conversion -Wshorten-64-to-32 -Wno-newline-eof -Wno-c++11-extensions -Wno-implicit-fallthrough -isysroot /Applications/Xcode_26.6.app/Contents/Developer/Platforms/iPhoneSimulator.platform/Developer/SDKs/iPhoneSimulator26.5.sdk -fstrict-aliasing -Wdeprecated-declarations -Winvalid-offsetof -Wno-sign-conversion -Wno-infinite-recursion -Wno-move -Wno-comma -Wno-block-capture-autoreleasing -Wno-strict-prototypes -Wno-range-loop-analysis -Wno-semicolon-before-method-body -index-store-path /Users/runner/work/red-pen-ios/red-pen-ios/ios/build/Index.noindex/DataStore -w @/Users/runner/work/red-pen-ios/red-pen-ios/ios/build/Build/Intermediates.noindex/LocalLLMClient.build/Debug-iphonesimulator/LocalLLMClientLlamaC.build/Objects-normal/arm64/82b82416624d2658e5098eb0a28c15c5-common-args.resp -MMD -MT dependencies -MF /Users/runner/work/red-pen-ios/red-pen-ios/ios/build/Build/Intermediates.noindex/LocalLLMClient.build/Debug-iphonesimulator/LocalLLMClientLlamaC.build/Objects-normal/arm64/mtmd-helper.d --serialize-diagnostics /Users/runner/work/red-pen-ios/red-pen-ios/ios/build/Build/Intermediates.noindex/LocalLLMClient.build/Debug-iphonesimulator/LocalLLMClientLlamaC.build/Objects-normal/arm64/mtmd-helper.dia -c /Users/runner/work/red-pen-ios/red-pen-ios/ios/build/SourcePackages/checkouts/LocalLLMClient/Sources/LocalLLMClientLlamaC/mtmd-helper.cpp -o /Users/runner/work/red-pen-ios/red-pen-ios/ios/build/Build/Intermediates.noindex/LocalLLMClient.build/Debug-iphonesimulator/LocalLLMClientLlamaC.build/Objects-normal/arm64/mtmd-helper.o -index-unit-output-path /LocalLLMClient.build/Debug-iphonesimulator/LocalLLMClientLlamaC.build/Objects-normal/arm64/mtmd-helper.o

CompileC /Users/runner/work/red-pen-ios/red-pen-ios/ios/build/Build/Intermediates.noindex/LocalLLMClient.build/Debug-iphonesimulator/LocalLLMClientLlamaC.build/Objects-normal/arm64/mtmd-audio.o /Users/runner/work/red-pen-ios/red-pen-ios/ios/build/SourcePackages/checkouts/LocalLLMClient/Sources/LocalLLMClientLlamaC/mtmd-audio.cpp normal arm64 c++ com.apple.compilers.llvm.clang.1_0.compiler (in target 'LocalLLMClientLlamaC' from project 'LocalLLMClient')
    cd /Users/runner/work/red-pen-ios/red-pen-ios/ios/RedPen.xcodeproj
    
    Using response file: /Users/runner/work/red-pen-ios/red-pen-ios/ios/build/Build/Intermediates.noindex/LocalLLMClient.build/Debug-iphonesimulator/LocalLLMClientLlamaC.build/Objects-normal/arm64/82b82416624d2658e5098eb0a28c15c5-common-args.resp
    
    /Applications/Xcode_26.6.app/Contents/Developer/Toolchains/XcodeDefault.xctoolchain/usr/bin/clang -x c++ -ivfsstatcache /Users/runner/work/red-pen-ios/red-pen-ios/ios/build/SDKStatCaches.noindex/iphonesimulator26.5-23F81a-688ef53f1462e2c8f657fdc38a81448ff45c64a1807a658693f2a61704f17a36.sdkstatcache -target arm64-apple-ios17.0-simulator -fmessage-length\=0 -fdiagnostics-show-note-include-stack -fmacro-backtrace-limit\=0 -fno-color-diagnostics -fmodules-prune-interval\=86400 -fmodules-prune-after\=345600 -fbuild-session-file\=/Users/runner/work/red-pen-ios/red-pen-ios/ios/build/ModuleCache.noindex/Session.modulevalidation -fmodules-validate-once-per-build-session -Wnon-modular-include-in-framework-module -Werror\=non-modular-include-in-framework-module -Wno-trigraphs -Wno-missing-field-initializers -Wno-missing-prototypes -Wno-return-type -Wno-non-virtual-dtor -Wno-overloaded-virtual -Wno-exit-time-destructors -Wno-missing-braces -Wparentheses -Wswitch -Wno-unused-function -Wno-unused-label -Wno-unused-parameter -Wno-unused-variable -Wunused-value -Wno-empty-body -Wno-uninitialized -Wno-unknown-pragmas -w -Wno-shadow -Wno-four-char-constants -Wno-conversion -Wno-constant-conversion -Wno-int-conversion -Wno-bool-conversion -Wno-enum-conversion -Wno-float-conversion -Wno-non-literal-null-conversion -Wno-objc-literal-conversion -Wshorten-64-to-32 -Wno-newline-eof -Wno-c++11-extensions -Wno-implicit-fallthrough -isysroot /Applications/Xcode_26.6.app/Contents/Developer/Platforms/iPhoneSimulator.platform/Developer/SDKs/iPhoneSimulator26.5.sdk -fstrict-aliasing -Wdeprecated-declarations -Winvalid-offsetof -Wno-sign-conversion -Wno-infinite-recursion -Wno-move -Wno-comma -Wno-block-capture-autoreleasing -Wno-strict-prototypes -Wno-range-loop-analysis -Wno-semicolon-before-method-body -index-store-path /Users/runner/work/red-pen-ios/red-pen-ios/ios/build/Index.noindex/DataStore -w @/Users/runner/work/red-pen-ios/red-pen-ios/ios/build/Build/Intermediates.noindex/LocalLLMClient.build/Debug-iphonesimulator/LocalLLMClientLlamaC.build/Objects-normal/arm64/82b82416624d2658e5098eb0a28c15c5-common-args.resp -MMD -MT dependencies -MF /Users/runner/work/red-pen-ios/red-pen-ios/ios/build/Build/Intermediates.noindex/LocalLLMClient.build/Debug-iphonesimulator/LocalLLMClientLlamaC.build/Objects-normal/arm64/mtmd-audio.d --serialize-diagnostics /Users/runner/work/red-pen-ios/red-pen-ios/ios/build/Build/Intermediates.noindex/LocalLLMClient.build/Debug-iphonesimulator/LocalLLMClientLlamaC.build/Objects-normal/arm64/mtmd-audio.dia -c /Users/runner/work/red-pen-ios/red-pen-ios/ios/build/SourcePackages/checkouts/LocalLLMClient/Sources/LocalLLMClientLlamaC/mtmd-audio.cpp -o /Users/runner/work/red-pen-ios/red-pen-ios/ios/build/Build/Intermediates.noindex/LocalLLMClient.build/Debug-iphonesimulator/LocalLLMClientLlamaC.build/Objects-normal/arm64/mtmd-audio.o -index-unit-output-path /LocalLLMClient.build/Debug-iphonesimulator/LocalLLMClientLlamaC.build/Objects-normal/arm64/mtmd-audio.o

CompileC /Users/runner/work/red-pen-ios/red-pen-ios/ios/build/Build/Intermediates.noindex/LocalLLMClient.build/Debug-iphonesimulator/LocalLLMClientLlamaC.build/Objects-normal/arm64/mobilenetv5.o /Users/runner/work/red-pen-ios/red-pen-ios/ios/build/SourcePackages/checkouts/LocalLLMClient/Sources/LocalLLMClientLlamaC/models/mobilenetv5.cpp normal arm64 c++ com.apple.compilers.llvm.clang.1_0.compiler (in target 'LocalLLMClientLlamaC' from project 'LocalLLMClient')
    cd /Users/runner/work/red-pen-ios/red-pen-ios/ios/RedPen.xcodeproj
    
    Using response file: /Users/runner/work/red-pen-ios/red-pen-ios/ios/build/Build/Intermediates.noindex/LocalLLMClient.build/Debug-iphonesimulator/LocalLLMClientLlamaC.build/Objects-normal/arm64/82b82416624d2658e5098eb0a28c15c5-common-args.resp
    
    /Applications/Xcode_26.6.app/Contents/Developer/Toolchains/XcodeDefault.xctoolchain/usr/bin/clang -x c++ -ivfsstatcache /Users/runner/work/red-pen-ios/red-pen-ios/ios/build/SDKStatCaches.noindex/iphonesimulator26.5-23F81a-688ef53f1462e2c8f657fdc38a81448ff45c64a1807a658693f2a61704f17a36.sdkstatcache -target arm64-apple-ios17.0-simulator -fmessage-length\=0 -fdiagnostics-show-note-include-stack -fmacro-backtrace-limit\=0 -fno-color-diagnostics -fmodules-prune-interval\=86400 -fmodules-prune-after\=345600 -fbuild-session-file\=/Users/runner/work/red-pen-ios/red-pen-ios/ios/build/ModuleCache.noindex/Session.modulevalidation -fmodules-validate-once-per-build-session -Wnon-modular-include-in-framework-module -Werror\=non-modular-include-in-framework-module -Wno-trigraphs -Wno-missing-field-initializers -Wno-missing-prototypes -Wno-return-type -Wno-non-virtual-dtor -Wno-overloaded-virtual -Wno-exit-time-destructors -Wno-missing-braces -Wparentheses -Wswitch -Wno-unused-function -Wno-unused-label -Wno-unused-parameter -Wno-unused-variable -Wunused-value -Wno-empty-body -Wno-uninitialized -Wno-unknown-pragmas -w -Wno-shadow -Wno-four-char-constants -Wno-conversion -Wno-constant-conversion -Wno-int-conversion -Wno-bool-conversion -Wno-enum-conversion -Wno-float-conversion -Wno-non-literal-null-conversion -Wno-objc-literal-conversion -Wshorten-64-to-32 -Wno-newline-eof -Wno-c++11-extensions -Wno-implicit-fallthrough -isysroot /Applications/Xcode_26.6.app/Contents/Developer/Platforms/iPhoneSimulator.platform/Developer/SDKs/iPhoneSimulator26.5.sdk -fstrict-aliasing -Wdeprecated-declarations -Winvalid-offsetof -Wno-sign-conversion -Wno-infinite-recursion -Wno-move -Wno-comma -Wno-block-capture-autoreleasing -Wno-strict-prototypes -Wno-range-loop-analysis -Wno-semicolon-before-method-body -index-store-path /Users/runner/work/red-pen-ios/red-pen-ios/ios/build/Index.noindex/DataStore -w @/Users/runner/work/red-pen-ios/red-pen-ios/ios/build/Build/Intermediates.noindex/LocalLLMClient.build/Debug-iphonesimulator/LocalLLMClientLlamaC.build/Objects-normal/arm64/82b82416624d2658e5098eb0a28c15c5-common-args.resp -MMD -MT dependencies -MF /Users/runner/work/red-pen-ios/red-pen-ios/ios/build/Build/Intermediates.noindex/LocalLLMClient.build/Debug-iphonesimulator/LocalLLMClientLlamaC.build/Objects-normal/arm64/mobilenetv5.d --serialize-diagnostics /Users/runner/work/red-pen-ios/red-pen-ios/ios/build/Build/Intermediates.noindex/LocalLLMClient.build/Debug-iphonesimulator/LocalLLMClientLlamaC.build/Objects-normal/arm64/mobilenetv5.dia -c /Users/runner/work/red-pen-ios/red-pen-ios/ios/build/SourcePackages/checkouts/LocalLLMClient/Sources/LocalLLMClientLlamaC/models/mobilenetv5.cpp -o /Users/runner/work/red-pen-ios/red-pen-ios/ios/build/Build/Intermediates.noindex/LocalLLMClient.build/Debug-iphonesimulator/LocalLLMClientLlamaC.build/Objects-normal/arm64/mobilenetv5.o -index-unit-output-path /LocalLLMClient.build/Debug-iphonesimulator/LocalLLMClientLlamaC.build/Objects-normal/arm64/mobilenetv5.o

CompileC /Users/runner/work/red-pen-ios/red-pen-ios/ios/build/Build/Intermediates.noindex/LocalLLMClient.build/Debug-iphonesimulator/LocalLLMClientLlamaC.build/Objects-normal/arm64/minicpmv.o /Users/runner/work/red-pen-ios/red-pen-ios/ios/build/SourcePackages/checkouts/LocalLLMClient/Sources/LocalLLMClientLlamaC/models/minicpmv.cpp normal arm64 c++ com.apple.compilers.llvm.clang.1_0.compiler (in target 'LocalLLMClientLlamaC' from project 'LocalLLMClient')
    cd /Users/runner/work/red-pen-ios/red-pen-ios/ios/RedPen.xcodeproj
    
    Using response file: /Users/runner/work/red-pen-ios/red-pen-ios/ios/build/Build/Intermediates.noindex/LocalLLMClient.build/Debug-iphonesimulator/LocalLLMClientLlamaC.build/Objects-normal/arm64/82b82416624d2658e5098eb0a28c15c5-common-args.resp
    
    /Applications/Xcode_26.6.app/Contents/Developer/Toolchains/XcodeDefault.xctoolchain/usr/bin/clang -x c++ -ivfsstatcache /Users/runner/work/red-pen-ios/red-pen-ios/ios/build/SDKStatCaches.noindex/iphonesimulator26.5-23F81a-688ef53f1462e2c8f657fdc38a81448ff45c64a1807a658693f2a61704f17a36.sdkstatcache -target arm64-apple-ios17.0-simulator -fmessage-length\=0 -fdiagnostics-show-note-include-stack -fmacro-backtrace-limit\=0 -fno-color-diagnostics -fmodules-prune-interval\=86400 -fmodules-prune-after\=345600 -fbuild-session-file\=/Users/runner/work/red-pen-ios/red-pen-ios/ios/build/ModuleCache.noindex/Session.modulevalidation -fmodules-validate-once-per-build-session -Wnon-modular-include-in-framework-module -Werror\=non-modular-include-in-framework-module -Wno-trigraphs -Wno-missing-field-initializers -Wno-missing-prototypes -Wno-return-type -Wno-non-virtual-dtor -Wno-overloaded-virtual -Wno-exit-time-destructors -Wno-missing-braces -Wparentheses -Wswitch -Wno-unused-function -Wno-unused-label -Wno-unused-parameter -Wno-unused-variable -Wunused-value -Wno-empty-body -Wno-uninitialized -Wno-unknown-pragmas -w -Wno-shadow -Wno-four-char-constants -Wno-conversion -Wno-constant-conversion -Wno-int-conversion -Wno-bool-conversion -Wno-enum-conversion -Wno-float-conversion -Wno-non-literal-null-conversion -Wno-objc-literal-conversion -Wshorten-64-to-32 -Wno-newline-eof -Wno-c++11-extensions -Wno-implicit-fallthrough -isysroot /Applications/Xcode_26.6.app/Contents/Developer/Platforms/iPhoneSimulator.platform/Developer/SDKs/iPhoneSimulator26.5.sdk -fstrict-aliasing -Wdeprecated-declarations -Winvalid-offsetof -Wno-sign-conversion -Wno-infinite-recursion -Wno-move -Wno-comma -Wno-block-capture-autoreleasing -Wno-strict-prototypes -Wno-range-loop-analysis -Wno-semicolon-before-method-body -index-store-path /Users/runner/work/red-pen-ios/red-pen-ios/ios/build/Index.noindex/DataStore -w @/Users/runner/work/red-pen-ios/red-pen-ios/ios/build/Build/Intermediates.noindex/LocalLLMClient.build/Debug-iphonesimulator/LocalLLMClientLlamaC.build/Objects-normal/arm64/82b82416624d2658e5098eb0a28c15c5-common-args.resp -MMD -MT dependencies -MF /Users/runner/work/red-pen-ios/red-pen-ios/ios/build/Build/Intermediates.noindex/LocalLLMClient.build/Debug-iphonesimulator/LocalLLMClientLlamaC.build/Objects-normal/arm64/minicpmv.d --serialize-diagnostics /Users/runner/work/red-pen-ios/red-pen-ios/ios/build/Build/Intermediates.noindex/LocalLLMClient.build/Debug-iphonesimulator/LocalLLMClientLlamaC.build/Objects-normal/arm64/minicpmv.dia -c /Users/runner/work/red-pen-ios/red-pen-ios/ios/build/SourcePackages/checkouts/LocalLLMClient/Sources/LocalLLMClientLlamaC/models/minicpmv.cpp -o /Users/runner/work/red-pen-ios/red-pen-ios/ios/build/Build/Intermediates.noindex/LocalLLMClient.build/Debug-iphonesimulator/LocalLLMClientLlamaC.build/Objects-normal/arm64/minicpmv.o -index-unit-output-path /LocalLLMClient.build/Debug-iphonesimulator/LocalLLMClientLlamaC.build/Objects-normal/arm64/minicpmv.o

CompileC /Users/runner/work/red-pen-ios/red-pen-ios/ios/build/Build/Intermediates.noindex/LocalLLMClient.build/Debug-iphonesimulator/LocalLLMClientLlamaC.build/Objects-normal/arm64/log.o /Users/runner/work/red-pen-ios/red-pen-ios/ios/build/SourcePackages/checkouts/LocalLLMClient/Sources/LocalLLMClientLlamaC/common/log.cpp normal arm64 c++ com.apple.compilers.llvm.clang.1_0.compiler (in target 'LocalLLMClientLlamaC' from project 'LocalLLMClient')
    cd /Users/runner/work/red-pen-ios/red-pen-ios/ios/RedPen.xcodeproj
    
    Using response file: /Users/runner/work/red-pen-ios/red-pen-ios/ios/build/Build/Intermediates.noindex/LocalLLMClient.build/Debug-iphonesimulator/LocalLLMClientLlamaC.build/Objects-normal/arm64/82b82416624d2658e5098eb0a28c15c5-common-args.resp
    
    /Applications/Xcode_26.6.app/Contents/Developer/Toolchains/XcodeDefault.xctoolchain/usr/bin/clang -x c++ -ivfsstatcache /Users/runner/work/red-pen-ios/red-pen-ios/ios/build/SDKStatCaches.noindex/iphonesimulator26.5-23F81a-688ef53f1462e2c8f657fdc38a81448ff45c64a1807a658693f2a61704f17a36.sdkstatcache -target arm64-apple-ios17.0-simulator -fmessage-length\=0 -fdiagnostics-show-note-include-stack -fmacro-backtrace-limit\=0 -fno-color-diagnostics -fmodules-prune-interval\=86400 -fmodules-prune-after\=345600 -fbuild-session-file\=/Users/runner/work/red-pen-ios/red-pen-ios/ios/build/ModuleCache.noindex/Session.modulevalidation -fmodules-validate-once-per-build-session -Wnon-modular-include-in-framework-module -Werror\=non-modular-include-in-framework-module -Wno-trigraphs -Wno-missing-field-initializers -Wno-missing-prototypes -Wno-return-type -Wno-non-virtual-dtor -Wno-overloaded-virtual -Wno-exit-time-destructors -Wno-missing-braces -Wparentheses -Wswitch -Wno-unused-function -Wno-unused-label -Wno-unused-parameter -Wno-unused-variable -Wunused-value -Wno-empty-body -Wno-uninitialized -Wno-unknown-pragmas -w -Wno-shadow -Wno-four-char-constants -Wno-conversion -Wno-constant-conversion -Wno-int-conversion -Wno-bool-conversion -Wno-enum-conversion -Wno-float-conversion -Wno-non-literal-null-conversion -Wno-objc-literal-conversion -Wshorten-64-to-32 -Wno-newline-eof -Wno-c++11-extensions -Wno-implicit-fallthrough -isysroot /Applications/Xcode_26.6.app/Contents/Developer/Platforms/iPhoneSimulator.platform/Developer/SDKs/iPhoneSimulator26.5.sdk -fstrict-aliasing -Wdeprecated-declarations -Winvalid-offsetof -Wno-sign-conversion -Wno-infinite-recursion -Wno-move -Wno-comma -Wno-block-capture-autoreleasing -Wno-strict-prototypes -Wno-range-loop-analysis -Wno-semicolon-before-method-body -index-store-path /Users/runner/work/red-pen-ios/red-pen-ios/ios/build/Index.noindex/DataStore -w @/Users/runner/work/red-pen-ios/red-pen-ios/ios/build/Build/Intermediates.noindex/LocalLLMClient.build/Debug-iphonesimulator/LocalLLMClientLlamaC.build/Objects-normal/arm64/82b82416624d2658e5098eb0a28c15c5-common-args.resp -MMD -MT dependencies -MF /Users/runner/work/red-pen-ios/red-pen-ios/ios/build/Build/Intermediates.noindex/LocalLLMClient.build/Debug-iphonesimulator/LocalLLMClientLlamaC.build/Objects-normal/arm64/log.d --serialize-diagnostics /Users/runner/work/red-pen-ios/red-pen-ios/ios/build/Build/Intermediates.noindex/LocalLLMClient.build/Debug-iphonesimulator/LocalLLMClientLlamaC.build/Objects-normal/arm64/log.dia -c /Users/runner/work/red-pen-ios/red-pen-ios/ios/build/SourcePackages/checkouts/LocalLLMClient/Sources/LocalLLMClientLlamaC/common/log.cpp -o /Users/runner/work/red-pen-ios/red-pen-ios/ios/build/Build/Intermediates.noindex/LocalLLMClient.build/Debug-iphonesimulator/LocalLLMClientLlamaC.build/Objects-normal/arm64/log.o -index-unit-output-path /LocalLLMClient.build/Debug-iphonesimulator/LocalLLMClientLlamaC.build/Objects-normal/arm64/log.o

CompileC /Users/runner/work/red-pen-ios/red-pen-ios/ios/build/Build/Intermediates.noindex/LocalLLMClient.build/Debug-iphonesimulator/LocalLLMClientLlamaC.build/Objects-normal/arm64/llava.o /Users/runner/work/red-pen-ios/red-pen-ios/ios/build/SourcePackages/checkouts/LocalLLMClient/Sources/LocalLLMClientLlamaC/models/llava.cpp normal arm64 c++ com.apple.compilers.llvm.clang.1_0.compiler (in target 'LocalLLMClientLlamaC' from project 'LocalLLMClient')
    cd /Users/runner/work/red-pen-ios/red-pen-ios/ios/RedPen.xcodeproj
    
    Using response file: /Users/runner/work/red-pen-ios/red-pen-ios/ios/build/Build/Intermediates.noindex/LocalLLMClient.build/Debug-iphonesimulator/LocalLLMClientLlamaC.build/Objects-normal/arm64/82b82416624d2658e5098eb0a28c15c5-common-args.resp
    
    /Applications/Xcode_26.6.app/Contents/Developer/Toolchains/XcodeDefault.xctoolchain/usr/bin/clang -x c++ -ivfsstatcache /Users/runner/work/red-pen-ios/red-pen-ios/ios/build/SDKStatCaches.noindex/iphonesimulator26.5-23F81a-688ef53f1462e2c8f657fdc38a81448ff45c64a1807a658693f2a61704f17a36.sdkstatcache -target arm64-apple-ios17.0-simulator -fmessage-length\=0 -fdiagnostics-show-note-include-stack -fmacro-backtrace-limit\=0 -fno-color-diagnostics -fmodules-prune-interval\=86400 -fmodules-prune-after\=345600 -fbuild-session-file\=/Users/runner/work/red-pen-ios/red-pen-ios/ios/build/ModuleCache.noindex/Session.modulevalidation -fmodules-validate-once-per-build-session -Wnon-modular-include-in-framework-module -Werror\=non-modular-include-in-framework-module -Wno-trigraphs -Wno-missing-field-initializers -Wno-missing-prototypes -Wno-return-type -Wno-non-virtual-dtor -Wno-overloaded-virtual -Wno-exit-time-destructors -Wno-missing-braces -Wparentheses -Wswitch -Wno-unused-function -Wno-unused-label -Wno-unused-parameter -Wno-unused-variable -Wunused-value -Wno-empty-body -Wno-uninitialized -Wno-unknown-pragmas -w -Wno-shadow -Wno-four-char-constants -Wno-conversion -Wno-constant-conversion -Wno-int-conversion -Wno-bool-conversion -Wno-enum-conversion -Wno-float-conversion -Wno-non-literal-null-conversion -Wno-objc-literal-conversion -Wshorten-64-to-32 -Wno-newline-eof -Wno-c++11-extensions -Wno-implicit-fallthrough -isysroot /Applications/Xcode_26.6.app/Contents/Developer/Platforms/iPhoneSimulator.platform/Developer/SDKs/iPhoneSimulator26.5.sdk -fstrict-aliasing -Wdeprecated-declarations -Winvalid-offsetof -Wno-sign-conversion -Wno-infinite-recursion -Wno-move -Wno-comma -Wno-block-capture-autoreleasing -Wno-strict-prototypes -Wno-range-loop-analysis -Wno-semicolon-before-method-body -index-store-path /Users/runner/work/red-pen-ios/red-pen-ios/ios/build/Index.noindex/DataStore -w @/Users/runner/work/red-pen-ios/red-pen-ios/ios/build/Build/Intermediates.noindex/LocalLLMClient.build/Debug-iphonesimulator/LocalLLMClientLlamaC.build/Objects-normal/arm64/82b82416624d2658e5098eb0a28c15c5-common-args.resp -MMD -MT dependencies -MF /Users/runner/work/red-pen-ios/red-pen-ios/ios/build/Build/Intermediates.noindex/LocalLLMClient.build/Debug-iphonesimulator/LocalLLMClientLlamaC.build/Objects-normal/arm64/llava.d --serialize-diagnostics /Users/runner/work/red-pen-ios/red-pen-ios/ios/build/Build/Intermediates.noindex/LocalLLMClient.build/Debug-iphonesimulator/LocalLLMClientLlamaC.build/Objects-normal/arm64/llava.dia -c /Users/runner/work/red-pen-ios/red-pen-ios/ios/build/SourcePackages/checkouts/LocalLLMClient/Sources/LocalLLMClientLlamaC/models/llava.cpp -o /Users/runner/work/red-pen-ios/red-pen-ios/ios/build/Build/Intermediates.noindex/LocalLLMClient.build/Debug-iphonesimulator/LocalLLMClientLlamaC.build/Objects-normal/arm64/llava.o -index-unit-output-path /LocalLLMClient.build/Debug-iphonesimulator/LocalLLMClientLlamaC.build/Objects-normal/arm64/llava.o

CompileC /Users/runner/work/red-pen-ios/red-pen-ios/ios/build/Build/Intermediates.noindex/LocalLLMClient.build/Debug-iphonesimulator/LocalLLMClientLlamaC.build/Objects-normal/arm64/llama4.o /Users/runner/work/red-pen-ios/red-pen-ios/ios/build/SourcePackages/checkouts/LocalLLMClient/Sources/LocalLLMClientLlamaC/models/llama4.cpp normal arm64 c++ com.apple.compilers.llvm.clang.1_0.compiler (in target 'LocalLLMClientLlamaC' from project 'LocalLLMClient')
    cd /Users/runner/work/red-pen-ios/red-pen-ios/ios/RedPen.xcodeproj
    
    Using response file: /Users/runner/work/red-pen-ios/red-pen-ios/ios/build/Build/Intermediates.noindex/LocalLLMClient.build/Debug-iphonesimulator/LocalLLMClientLlamaC.build/Objects-normal/arm64/82b82416624d2658e5098eb0a28c15c5-common-args.resp
    
    /Applications/Xcode_26.6.app/Contents/Developer/Toolchains/XcodeDefault.xctoolchain/usr/bin/clang -x c++ -ivfsstatcache /Users/runner/work/red-pen-ios/red-pen-ios/ios/build/SDKStatCaches.noindex/iphonesimulator26.5-23F81a-688ef53f1462e2c8f657fdc38a81448ff45c64a1807a658693f2a61704f17a36.sdkstatcache -target arm64-apple-ios17.0-simulator -fmessage-length\=0 -fdiagnostics-show-note-include-stack -fmacro-backtrace-limit\=0 -fno-color-diagnostics -fmodules-prune-interval\=86400 -fmodules-prune-after\=345600 -fbuild-session-file\=/Users/runner/work/red-pen-ios/red-pen-ios/ios/build/ModuleCache.noindex/Session.modulevalidation -fmodules-validate-once-per-build-session -Wnon-modular-include-in-framework-module -Werror\=non-modular-include-in-framework-module -Wno-trigraphs -Wno-missing-field-initializers -Wno-missing-prototypes -Wno-return-type -Wno-non-virtual-dtor -Wno-overloaded-virtual -Wno-exit-time-destructors -Wno-missing-braces -Wparentheses -Wswitch -Wno-unused-function -Wno-unused-label -Wno-unused-parameter -Wno-unused-variable -Wunused-value -Wno-empty-body -Wno-uninitialized -Wno-unknown-pragmas -w -Wno-shadow -Wno-four-char-constants -Wno-conversion -Wno-constant-conversion -Wno-int-conversion -Wno-bool-conversion -Wno-enum-conversion -Wno-float-conversion -Wno-non-literal-null-conversion -Wno-objc-literal-conversion -Wshorten-64-to-32 -Wno-newline-eof -Wno-c++11-extensions -Wno-implicit-fallthrough -isysroot /Applications/Xcode_26.6.app/Contents/Developer/Platforms/iPhoneSimulator.platform/Developer/SDKs/iPhoneSimulator26.5.sdk -fstrict-aliasing -Wdeprecated-declarations -Winvalid-offsetof -Wno-sign-conversion -Wno-infinite-recursion -Wno-move -Wno-comma -Wno-block-capture-autoreleasing -Wno-strict-prototypes -Wno-range-loop-analysis -Wno-semicolon-before-method-body -index-store-path /Users/runner/work/red-pen-ios/red-pen-ios/ios/build/Index.noindex/DataStore -w @/Users/runner/work/red-pen-ios/red-pen-ios/ios/build/Build/Intermediates.noindex/LocalLLMClient.build/Debug-iphonesimulator/LocalLLMClientLlamaC.build/Objects-normal/arm64/82b82416624d2658e5098eb0a28c15c5-common-args.resp -MMD -MT dependencies -MF /Users/runner/work/red-pen-ios/red-pen-ios/ios/build/Build/Intermediates.noindex/LocalLLMClient.build/Debug-iphonesimulator/LocalLLMClientLlamaC.build/Objects-normal/arm64/llama4.d --serialize-diagnostics /Users/runner/work/red-pen-ios/red-pen-ios/ios/build/Build/Intermediates.noindex/LocalLLMClient.build/Debug-iphonesimulator/LocalLLMClientLlamaC.build/Objects-normal/arm64/llama4.dia -c /Users/runner/work/red-pen-ios/red-pen-ios/ios/build/SourcePackages/checkouts/LocalLLMClient/Sources/LocalLLMClientLlamaC/models/llama4.cpp -o /Users/runner/work/red-pen-ios/red-pen-ios/ios/build/Build/Intermediates.noindex/LocalLLMClient.build/Debug-iphonesimulator/LocalLLMClientLlamaC.build/Objects-normal/arm64/llama4.o -index-unit-output-path /LocalLLMClient.build/Debug-iphonesimulator/LocalLLMClientLlamaC.build/Objects-normal/arm64/llama4.o

CompileC /Users/runner/work/red-pen-ios/red-pen-ios/ios/build/Build/Intermediates.noindex/LocalLLMClient.build/Debug-iphonesimulator/LocalLLMClientLlamaC.build/Objects-normal/arm64/lexer.o /Users/runner/work/red-pen-ios/red-pen-ios/ios/build/SourcePackages/checkouts/LocalLLMClient/Sources/LocalLLMClientLlamaC/include/jinja/lexer.cpp normal arm64 c++ com.apple.compilers.llvm.clang.1_0.compiler (in target 'LocalLLMClientLlamaC' from project 'LocalLLMClient')
    cd /Users/runner/work/red-pen-ios/red-pen-ios/ios/RedPen.xcodeproj
    
    Using response file: /Users/runner/work/red-pen-ios/red-pen-ios/ios/build/Build/Intermediates.noindex/LocalLLMClient.build/Debug-iphonesimulator/LocalLLMClientLlamaC.build/Objects-normal/arm64/82b82416624d2658e5098eb0a28c15c5-common-args.resp
    
    /Applications/Xcode_26.6.app/Contents/Developer/Toolchains/XcodeDefault.xctoolchain/usr/bin/clang -x c++ -ivfsstatcache /Users/runner/work/red-pen-ios/red-pen-ios/ios/build/SDKStatCaches.noindex/iphonesimulator26.5-23F81a-688ef53f1462e2c8f657fdc38a81448ff45c64a1807a658693f2a61704f17a36.sdkstatcache -target arm64-apple-ios17.0-simulator -fmessage-length\=0 -fdiagnostics-show-note-include-stack -fmacro-backtrace-limit\=0 -fno-color-diagnostics -fmodules-prune-interval\=86400 -fmodules-prune-after\=345600 -fbuild-session-file\=/Users/runner/work/red-pen-ios/red-pen-ios/ios/build/ModuleCache.noindex/Session.modulevalidation -fmodules-validate-once-per-build-session -Wnon-modular-include-in-framework-module -Werror\=non-modular-include-in-framework-module -Wno-trigraphs -Wno-missing-field-initializers -Wno-missing-prototypes -Wno-return-type -Wno-non-virtual-dtor -Wno-overloaded-virtual -Wno-exit-time-destructors -Wno-missing-braces -Wparentheses -Wswitch -Wno-unused-function -Wno-unused-label -Wno-unused-parameter -Wno-unused-variable -Wunused-value -Wno-empty-body -Wno-uninitialized -Wno-unknown-pragmas -w -Wno-shadow -Wno-four-char-constants -Wno-conversion -Wno-constant-conversion -Wno-int-conversion -Wno-bool-conversion -Wno-enum-conversion -Wno-float-conversion -Wno-non-literal-null-conversion -Wno-objc-literal-conversion -Wshorten-64-to-32 -Wno-newline-eof -Wno-c++11-extensions -Wno-implicit-fallthrough -isysroot /Applications/Xcode_26.6.app/Contents/Developer/Platforms/iPhoneSimulator.platform/Developer/SDKs/iPhoneSimulator26.5.sdk -fstrict-aliasing -Wdeprecated-declarations -Winvalid-offsetof -Wno-sign-conversion -Wno-infinite-recursion -Wno-move -Wno-comma -Wno-block-capture-autoreleasing -Wno-strict-prototypes -Wno-range-loop-analysis -Wno-semicolon-before-method-body -index-store-path /Users/runner/work/red-pen-ios/red-pen-ios/ios/build/Index.noindex/DataStore -w @/Users/runner/work/red-pen-ios/red-pen-ios/ios/build/Build/Intermediates.noindex/LocalLLMClient.build/Debug-iphonesimulator/LocalLLMClientLlamaC.build/Objects-normal/arm64/82b82416624d2658e5098eb0a28c15c5-common-args.resp -MMD -MT dependencies -MF /Users/runner/work/red-pen-ios/red-pen-ios/ios/build/Build/Intermediates.noindex/LocalLLMClient.build/Debug-iphonesimulator/LocalLLMClientLlamaC.build/Objects-normal/arm64/lexer.d --serialize-diagnostics /Users/runner/work/red-pen-ios/red-pen-ios/ios/build/Build/Intermediates.noindex/LocalLLMClient.build/Debug-iphonesimulator/LocalLLMClientLlamaC.build/Objects-normal/arm64/lexer.dia -c /Users/runner/work/red-pen-ios/red-pen-ios/ios/build/SourcePackages/checkouts/LocalLLMClient/Sources/LocalLLMClientLlamaC/include/jinja/lexer.cpp -o /Users/runner/work/red-pen-ios/red-pen-ios/ios/build/Build/Intermediates.noindex/LocalLLMClient.build/Debug-iphonesimulator/LocalLLMClientLlamaC.build/Objects-normal/arm64/lexer.o -index-unit-output-path /LocalLLMClient.build/Debug-iphonesimulator/LocalLLMClientLlamaC.build/Objects-normal/arm64/lexer.o

CompileC /Users/runner/work/red-pen-ios/red-pen-ios/ios/build/Build/Intermediates.noindex/LocalLLMClient.build/Debug-iphonesimulator/LocalLLMClientLlamaC.build/Objects-normal/arm64/kimivl.o /Users/runner/work/red-pen-ios/red-pen-ios/ios/build/SourcePackages/checkouts/LocalLLMClient/Sources/LocalLLMClientLlamaC/models/kimivl.cpp normal arm64 c++ com.apple.compilers.llvm.clang.1_0.compiler (in target 'LocalLLMClientLlamaC' from project 'LocalLLMClient')
    cd /Users/runner/work/red-pen-ios/red-pen-ios/ios/RedPen.xcodeproj
    
    Using response file: /Users/runner/work/red-pen-ios/red-pen-ios/ios/build/Build/Intermediates.noindex/LocalLLMClient.build/Debug-iphonesimulator/LocalLLMClientLlamaC.build/Objects-normal/arm64/82b82416624d2658e5098eb0a28c15c5-common-args.resp
    
    /Applications/Xcode_26.6.app/Contents/Developer/Toolchains/XcodeDefault.xctoolchain/usr/bin/clang -x c++ -ivfsstatcache /Users/runner/work/red-pen-ios/red-pen-ios/ios/build/SDKStatCaches.noindex/iphonesimulator26.5-23F81a-688ef53f1462e2c8f657fdc38a81448ff45c64a1807a658693f2a61704f17a36.sdkstatcache -target arm64-apple-ios17.0-simulator -fmessage-length\=0 -fdiagnostics-show-note-include-stack -fmacro-backtrace-limit\=0 -fno-color-diagnostics -fmodules-prune-interval\=86400 -fmodules-prune-after\=345600 -fbuild-session-file\=/Users/runner/work/red-pen-ios/red-pen-ios/ios/build/ModuleCache.noindex/Session.modulevalidation -fmodules-validate-once-per-build-session -Wnon-modular-include-in-framework-module -Werror\=non-modular-include-in-framework-module -Wno-trigraphs -Wno-missing-field-initializers -Wno-missing-prototypes -Wno-return-type -Wno-non-virtual-dtor -Wno-overloaded-virtual -Wno-exit-time-destructors -Wno-missing-braces -Wparentheses -Wswitch -Wno-unused-function -Wno-unused-label -Wno-unused-parameter -Wno-unused-variable -Wunused-value -Wno-empty-body -Wno-uninitialized -Wno-unknown-pragmas -w -Wno-shadow -Wno-four-char-constants -Wno-conversion -Wno-constant-conversion -Wno-int-conversion -Wno-bool-conversion -Wno-enum-conversion -Wno-float-conversion -Wno-non-literal-null-conversion -Wno-objc-literal-conversion -Wshorten-64-to-32 -Wno-newline-eof -Wno-c++11-extensions -Wno-implicit-fallthrough -isysroot /Applications/Xcode_26.6.app/Contents/Developer/Platforms/iPhoneSimulator.platform/Developer/SDKs/iPhoneSimulator26.5.sdk -fstrict-aliasing -Wdeprecated-declarations -Winvalid-offsetof -Wno-sign-conversion -Wno-infinite-recursion -Wno-move -Wno-comma -Wno-block-capture-autoreleasing -Wno-strict-prototypes -Wno-range-loop-analysis -Wno-semicolon-before-method-body -index-store-path /Users/runner/work/red-pen-ios/red-pen-ios/ios/build/Index.noindex/DataStore -w @/Users/runner/work/red-pen-ios/red-pen-ios/ios/build/Build/Intermediates.noindex/LocalLLMClient.build/Debug-iphonesimulator/LocalLLMClientLlamaC.build/Objects-normal/arm64/82b82416624d2658e5098eb0a28c15c5-common-args.resp -MMD -MT dependencies -MF /Users/runner/work/red-pen-ios/red-pen-ios/ios/build/Build/Intermediates.noindex/LocalLLMClient.build/Debug-iphonesimulator/LocalLLMClientLlamaC.build/Objects-normal/arm64/kimivl.d --serialize-diagnostics /Users/runner/work/red-pen-ios/red-pen-ios/ios/build/Build/Intermediates.noindex/LocalLLMClient.build/Debug-iphonesimulator/LocalLLMClientLlamaC.build/Objects-normal/arm64/kimivl.dia -c /Users/runner/work/red-pen-ios/red-pen-ios/ios/build/SourcePackages/checkouts/LocalLLMClient/Sources/LocalLLMClientLlamaC/models/kimivl.cpp -o /Users/runner/work/red-pen-ios/red-pen-ios/ios/build/Build/Intermediates.noindex/LocalLLMClient.build/Debug-iphonesimulator/LocalLLMClientLlamaC.build/Objects-normal/arm64/kimivl.o -index-unit-output-path /LocalLLMClient.build/Debug-iphonesimulator/LocalLLMClientLlamaC.build/Objects-normal/arm64/kimivl.o

CompileC /Users/runner/work/red-pen-ios/red-pen-ios/ios/build/Build/Intermediates.noindex/LocalLLMClient.build/Debug-iphonesimulator/LocalLLMClientLlamaC.build/Objects-normal/arm64/kimik25.o /Users/runner/work/red-pen-ios/red-pen-ios/ios/build/SourcePackages/checkouts/LocalLLMClient/Sources/LocalLLMClientLlamaC/models/kimik25.cpp normal arm64 c++ com.apple.compilers.llvm.clang.1_0.compiler (in target 'LocalLLMClientLlamaC' from project 'LocalLLMClient')
    cd /Users/runner/work/red-pen-ios/red-pen-ios/ios/RedPen.xcodeproj
    
    Using response file: /Users/runner/work/red-pen-ios/red-pen-ios/ios/build/Build/Intermediates.noindex/LocalLLMClient.build/Debug-iphonesimulator/LocalLLMClientLlamaC.build/Objects-normal/arm64/82b82416624d2658e5098eb0a28c15c5-common-args.resp
    
    /Applications/Xcode_26.6.app/Contents/Developer/Toolchains/XcodeDefault.xctoolchain/usr/bin/clang -x c++ -ivfsstatcache /Users/runner/work/red-pen-ios/red-pen-ios/ios/build/SDKStatCaches.noindex/iphonesimulator26.5-23F81a-688ef53f1462e2c8f657fdc38a81448ff45c64a1807a658693f2a61704f17a36.sdkstatcache -target arm64-apple-ios17.0-simulator -fmessage-length\=0 -fdiagnostics-show-note-include-stack -fmacro-backtrace-limit\=0 -fno-color-diagnostics -fmodules-prune-interval\=86400 -fmodules-prune-after\=345600 -fbuild-session-file\=/Users/runner/work/red-pen-ios/red-pen-ios/ios/build/ModuleCache.noindex/Session.modulevalidation -fmodules-validate-once-per-build-session -Wnon-modular-include-in-framework-module -Werror\=non-modular-include-in-framework-module -Wno-trigraphs -Wno-missing-field-initializers -Wno-missing-prototypes -Wno-return-type -Wno-non-virtual-dtor -Wno-overloaded-virtual -Wno-exit-time-destructors -Wno-missing-braces -Wparentheses -Wswitch -Wno-unused-function -Wno-unused-label -Wno-unused-parameter -Wno-unused-variable -Wunused-value -Wno-empty-body -Wno-uninitialized -Wno-unknown-pragmas -w -Wno-shadow -Wno-four-char-constants -Wno-conversion -Wno-constant-conversion -Wno-int-conversion -Wno-bool-conversion -Wno-enum-conversion -Wno-float-conversion -Wno-non-literal-null-conversion -Wno-objc-literal-conversion -Wshorten-64-to-32 -Wno-newline-eof -Wno-c++11-extensions -Wno-implicit-fallthrough -isysroot /Applications/Xcode_26.6.app/Contents/Developer/Platforms/iPhoneSimulator.platform/Developer/SDKs/iPhoneSimulator26.5.sdk -fstrict-aliasing -Wdeprecated-declarations -Winvalid-offsetof -Wno-sign-conversion -Wno-infinite-recursion -Wno-move -Wno-comma -Wno-block-capture-autoreleasing -Wno-strict-prototypes -Wno-range-loop-analysis -Wno-semicolon-before-method-body -index-store-path /Users/runner/work/red-pen-ios/red-pen-ios/ios/build/Index.noindex/DataStore -w @/Users/runner/work/red-pen-ios/red-pen-ios/ios/build/Build/Intermediates.noindex/LocalLLMClient.build/Debug-iphonesimulator/LocalLLMClientLlamaC.build/Objects-normal/arm64/82b82416624d2658e5098eb0a28c15c5-common-args.resp -MMD -MT dependencies -MF /Users/runner/work/red-pen-ios/red-pen-ios/ios/build/Build/Intermediates.noindex/LocalLLMClient.build/Debug-iphonesimulator/LocalLLMClientLlamaC.build/Objects-normal/arm64/kimik25.d --serialize-diagnostics /Users/runner/work/red-pen-ios/red-pen-ios/ios/build/Build/Intermediates.noindex/LocalLLMClient.build/Debug-iphonesimulator/LocalLLMClientLlamaC.build/Objects-normal/arm64/kimik25.dia -c /Users/runner/work/red-pen-ios/red-pen-ios/ios/build/SourcePackages/checkouts/LocalLLMClient/Sources/LocalLLMClientLlamaC/models/kimik25.cpp -o /Users/runner/work/red-pen-ios/red-pen-ios/ios/build/Build/Intermediates.noindex/LocalLLMClient.build/Debug-iphonesimulator/LocalLLMClientLlamaC.build/Objects-normal/arm64/kimik25.o -index-unit-output-path /LocalLLMClient.build/Debug-iphonesimulator/LocalLLMClientLlamaC.build/Objects-normal/arm64/kimik25.o

CompileC /Users/runner/work/red-pen-ios/red-pen-ios/ios/build/Build/Intermediates.noindex/LocalLLMClient.build/Debug-iphonesimulator/LocalLLMClientLlamaC.build/Objects-normal/arm64/json-schema-to-grammar.o /Users/runner/work/red-pen-ios/red-pen-ios/ios/build/SourcePackages/checkouts/LocalLLMClient/Sources/LocalLLMClientLlamaC/common/json-schema-to-grammar.cpp normal arm64 c++ com.apple.compilers.llvm.clang.1_0.compiler (in target 'LocalLLMClientLlamaC' from project 'LocalLLMClient')
    cd /Users/runner/work/red-pen-ios/red-pen-ios/ios/RedPen.xcodeproj
    
    Using response file: /Users/runner/work/red-pen-ios/red-pen-ios/ios/build/Build/Intermediates.noindex/LocalLLMClient.build/Debug-iphonesimulator/LocalLLMClientLlamaC.build/Objects-normal/arm64/82b82416624d2658e5098eb0a28c15c5-common-args.resp
    
    /Applications/Xcode_26.6.app/Contents/Developer/Toolchains/XcodeDefault.xctoolchain/usr/bin/clang -x c++ -ivfsstatcache /Users/runner/work/red-pen-ios/red-pen-ios/ios/build/SDKStatCaches.noindex/iphonesimulator26.5-23F81a-688ef53f1462e2c8f657fdc38a81448ff45c64a1807a658693f2a61704f17a36.sdkstatcache -target arm64-apple-ios17.0-simulator -fmessage-length\=0 -fdiagnostics-show-note-include-stack -fmacro-backtrace-limit\=0 -fno-color-diagnostics -fmodules-prune-interval\=86400 -fmodules-prune-after\=345600 -fbuild-session-file\=/Users/runner/work/red-pen-ios/red-pen-ios/ios/build/ModuleCache.noindex/Session.modulevalidation -fmodules-validate-once-per-build-session -Wnon-modular-include-in-framework-module -Werror\=non-modular-include-in-framework-module -Wno-trigraphs -Wno-missing-field-initializers -Wno-missing-prototypes -Wno-return-type -Wno-non-virtual-dtor -Wno-overloaded-virtual -Wno-exit-time-destructors -Wno-missing-braces -Wparentheses -Wswitch -Wno-unused-function -Wno-unused-label -Wno-unused-parameter -Wno-unused-variable -Wunused-value -Wno-empty-body -Wno-uninitialized -Wno-unknown-pragmas -w -Wno-shadow -Wno-four-char-constants -Wno-conversion -Wno-constant-conversion -Wno-int-conversion -Wno-bool-conversion -Wno-enum-conversion -Wno-float-conversion -Wno-non-literal-null-conversion -Wno-objc-literal-conversion -Wshorten-64-to-32 -Wno-newline-eof -Wno-c++11-extensions -Wno-implicit-fallthrough -isysroot /Applications/Xcode_26.6.app/Contents/Developer/Platforms/iPhoneSimulator.platform/Developer/SDKs/iPhoneSimulator26.5.sdk -fstrict-aliasing -Wdeprecated-declarations -Winvalid-offsetof -Wno-sign-conversion -Wno-infinite-recursion -Wno-move -Wno-comma -Wno-block-capture-autoreleasing -Wno-strict-prototypes -Wno-range-loop-analysis -Wno-semicolon-before-method-body -index-store-path /Users/runner/work/red-pen-ios/red-pen-ios/ios/build/Index.noindex/DataStore -w @/Users/runner/work/red-pen-ios/red-pen-ios/ios/build/Build/Intermediates.noindex/LocalLLMClient.build/Debug-iphonesimulator/LocalLLMClientLlamaC.build/Objects-normal/arm64/82b82416624d2658e5098eb0a28c15c5-common-args.resp -MMD -MT dependencies -MF /Users/runner/work/red-pen-ios/red-pen-ios/ios/build/Build/Intermediates.noindex/LocalLLMClient.build/Debug-iphonesimulator/LocalLLMClientLlamaC.build/Objects-normal/arm64/json-schema-to-grammar.d --serialize-diagnostics /Users/runner/work/red-pen-ios/red-pen-ios/ios/build/Build/Intermediates.noindex/LocalLLMClient.build/Debug-iphonesimulator/LocalLLMClientLlamaC.build/Objects-normal/arm64/json-schema-to-grammar.dia -c /Users/runner/work/red-pen-ios/red-pen-ios/ios/build/SourcePackages/checkouts/LocalLLMClient/Sources/LocalLLMClientLlamaC/common/json-schema-to-grammar.cpp -o /Users/runner/work/red-pen-ios/red-pen-ios/ios/build/Build/Intermediates.noindex/LocalLLMClient.build/Debug-iphonesimulator/LocalLLMClientLlamaC.build/Objects-normal/arm64/json-schema-to-grammar.o -index-unit-output-path /LocalLLMClient.build/Debug-iphonesimulator/LocalLLMClientLlamaC.build/Objects-normal/arm64/json-schema-to-grammar.o

CompileC /Users/runner/work/red-pen-ios/red-pen-ios/ios/build/Build/Intermediates.noindex/LocalLLMClient.build/Debug-iphonesimulator/LocalLLMClientLlamaC.build/Objects-normal/arm64/json-partial.o /Users/runner/work/red-pen-ios/red-pen-ios/ios/build/SourcePackages/checkouts/LocalLLMClient/Sources/LocalLLMClientLlamaC/common/json-partial.cpp normal arm64 c++ com.apple.compilers.llvm.clang.1_0.compiler (in target 'LocalLLMClientLlamaC' from project 'LocalLLMClient')
    cd /Users/runner/work/red-pen-ios/red-pen-ios/ios/RedPen.xcodeproj
    
    Using response file: /Users/runner/work/red-pen-ios/red-pen-ios/ios/build/Build/Intermediates.noindex/LocalLLMClient.build/Debug-iphonesimulator/LocalLLMClientLlamaC.build/Objects-normal/arm64/82b82416624d2658e5098eb0a28c15c5-common-args.resp
    
    /Applications/Xcode_26.6.app/Contents/Developer/Toolchains/XcodeDefault.xctoolchain/usr/bin/clang -x c++ -ivfsstatcache /Users/runner/work/red-pen-ios/red-pen-ios/ios/build/SDKStatCaches.noindex/iphonesimulator26.5-23F81a-688ef53f1462e2c8f657fdc38a81448ff45c64a1807a658693f2a61704f17a36.sdkstatcache -target arm64-apple-ios17.0-simulator -fmessage-length\=0 -fdiagnostics-show-note-include-stack -fmacro-backtrace-limit\=0 -fno-color-diagnostics -fmodules-prune-interval\=86400 -fmodules-prune-after\=345600 -fbuild-session-file\=/Users/runner/work/red-pen-ios/red-pen-ios/ios/build/ModuleCache.noindex/Session.modulevalidation -fmodules-validate-once-per-build-session -Wnon-modular-include-in-framework-module -Werror\=non-modular-include-in-framework-module -Wno-trigraphs -Wno-missing-field-initializers -Wno-missing-prototypes -Wno-return-type -Wno-non-virtual-dtor -Wno-overloaded-virtual -Wno-exit-time-destructors -Wno-missing-braces -Wparentheses -Wswitch -Wno-unused-function -Wno-unused-label -Wno-unused-parameter -Wno-unused-variable -Wunused-value -Wno-empty-body -Wno-uninitialized -Wno-unknown-pragmas -w -Wno-shadow -Wno-four-char-constants -Wno-conversion -Wno-constant-conversion -Wno-int-conversion -Wno-bool-conversion -Wno-enum-conversion -Wno-float-conversion -Wno-non-literal-null-conversion -Wno-objc-literal-conversion -Wshorten-64-to-32 -Wno-newline-eof -Wno-c++11-extensions -Wno-implicit-fallthrough -isysroot /Applications/Xcode_26.6.app/Contents/Developer/Platforms/iPhoneSimulator.platform/Developer/SDKs/iPhoneSimulator26.5.sdk -fstrict-aliasing -Wdeprecated-declarations -Winvalid-offsetof -Wno-sign-conversion -Wno-infinite-recursion -Wno-move -Wno-comma -Wno-block-capture-autoreleasing -Wno-strict-prototypes -Wno-range-loop-analysis -Wno-semicolon-before-method-body -index-store-path /Users/runner/work/red-pen-ios/red-pen-ios/ios/build/Index.noindex/DataStore -w @/Users/runner/work/red-pen-ios/red-pen-ios/ios/build/Build/Intermediates.noindex/LocalLLMClient.build/Debug-iphonesimulator/LocalLLMClientLlamaC.build/Objects-normal/arm64/82b82416624d2658e5098eb0a28c15c5-common-args.resp -MMD -MT dependencies -MF /Users/runner/work/red-pen-ios/red-pen-ios/ios/build/Build/Intermediates.noindex/LocalLLMClient.build/Debug-iphonesimulator/LocalLLMClientLlamaC.build/Objects-normal/arm64/json-partial.d --serialize-diagnostics /Users/runner/work/red-pen-ios/red-pen-ios/ios/build/Build/Intermediates.noindex/LocalLLMClient.build/Debug-iphonesimulator/LocalLLMClientLlamaC.build/Objects-normal/arm64/json-partial.dia -c /Users/runner/work/red-pen-ios/red-pen-ios/ios/build/SourcePackages/checkouts/LocalLLMClient/Sources/LocalLLMClientLlamaC/common/json-partial.cpp -o /Users/runner/work/red-pen-ios/red-pen-ios/ios/build/Build/Intermediates.noindex/LocalLLMClient.build/Debug-iphonesimulator/LocalLLMClientLlamaC.build/Objects-normal/arm64/json-partial.o -index-unit-output-path /LocalLLMClient.build/Debug-iphonesimulator/LocalLLMClientLlamaC.build/Objects-normal/arm64/json-partial.o

CompileC /Users/runner/work/red-pen-ios/red-pen-ios/ios/build/Build/Intermediates.noindex/LocalLLMClient.build/Debug-iphonesimulator/LocalLLMClientLlamaC.build/Objects-normal/arm64/internvl.o /Users/runner/work/red-pen-ios/red-pen-ios/ios/build/SourcePackages/checkouts/LocalLLMClient/Sources/LocalLLMClientLlamaC/models/internvl.cpp normal arm64 c++ com.apple.compilers.llvm.clang.1_0.compiler (in target 'LocalLLMClientLlamaC' from project 'LocalLLMClient')
    cd /Users/runner/work/red-pen-ios/red-pen-ios/ios/RedPen.xcodeproj
    
    Using response file: /Users/runner/work/red-pen-ios/red-pen-ios/ios/build/Build/Intermediates.noindex/LocalLLMClient.build/Debug-iphonesimulator/LocalLLMClientLlamaC.build/Objects-normal/arm64/82b82416624d2658e5098eb0a28c15c5-common-args.resp
    
    /Applications/Xcode_26.6.app/Contents/Developer/Toolchains/XcodeDefault.xctoolchain/usr/bin/clang -x c++ -ivfsstatcache /Users/runner/work/red-pen-ios/red-pen-ios/ios/build/SDKStatCaches.noindex/iphonesimulator26.5-23F81a-688ef53f1462e2c8f657fdc38a81448ff45c64a1807a658693f2a61704f17a36.sdkstatcache -target arm64-apple-ios17.0-simulator -fmessage-length\=0 -fdiagnostics-show-note-include-stack -fmacro-backtrace-limit\=0 -fno-color-diagnostics -fmodules-prune-interval\=86400 -fmodules-prune-after\=345600 -fbuild-session-file\=/Users/runner/work/red-pen-ios/red-pen-ios/ios/build/ModuleCache.noindex/Session.modulevalidation -fmodules-validate-once-per-build-session -Wnon-modular-include-in-framework-module -Werror\=non-modular-include-in-framework-module -Wno-trigraphs -Wno-missing-field-initializers -Wno-missing-prototypes -Wno-return-type -Wno-non-virtual-dtor -Wno-overloaded-virtual -Wno-exit-time-destructors -Wno-missing-braces -Wparentheses -Wswitch -Wno-unused-function -Wno-unused-label -Wno-unused-parameter -Wno-unused-variable -Wunused-value -Wno-empty-body -Wno-uninitialized -Wno-unknown-pragmas -w -Wno-shadow -Wno-four-char-constants -Wno-conversion -Wno-constant-conversion -Wno-int-conversion -Wno-bool-conversion -Wno-enum-conversion -Wno-float-conversion -Wno-non-literal-null-conversion -Wno-objc-literal-conversion -Wshorten-64-to-32 -Wno-newline-eof -Wno-c++11-extensions -Wno-implicit-fallthrough -isysroot /Applications/Xcode_26.6.app/Contents/Developer/Platforms/iPhoneSimulator.platform/Developer/SDKs/iPhoneSimulator26.5.sdk -fstrict-aliasing -Wdeprecated-declarations -Winvalid-offsetof -Wno-sign-conversion -Wno-infinite-recursion -Wno-move -Wno-comma -Wno-block-capture-autoreleasing -Wno-strict-prototypes -Wno-range-loop-analysis -Wno-semicolon-before-method-body -index-store-path /Users/runner/work/red-pen-ios/red-pen-ios/ios/build/Index.noindex/DataStore -w @/Users/runner/work/red-pen-ios/red-pen-ios/ios/build/Build/Intermediates.noindex/LocalLLMClient.build/Debug-iphonesimulator/LocalLLMClientLlamaC.build/Objects-normal/arm64/82b82416624d2658e5098eb0a28c15c5-common-args.resp -MMD -MT dependencies -MF /Users/runner/work/red-pen-ios/red-pen-ios/ios/build/Build/Intermediates.noindex/LocalLLMClient.build/Debug-iphonesimulator/LocalLLMClientLlamaC.build/Objects-normal/arm64/internvl.d --serialize-diagnostics /Users/runner/work/red-pen-ios/red-pen-ios/ios/build/Build/Intermediates.noindex/LocalLLMClient.build/Debug-iphonesimulator/LocalLLMClientLlamaC.build/Objects-normal/arm64/internvl.dia -c /Users/runner/work/red-pen-ios/red-pen-ios/ios/build/SourcePackages/checkouts/LocalLLMClient/Sources/LocalLLMClientLlamaC/models/internvl.cpp -o /Users/runner/work/red-pen-ios/red-pen-ios/ios/build/Build/Intermediates.noindex/LocalLLMClient.build/Debug-iphonesimulator/LocalLLMClientLlamaC.build/Objects-normal/arm64/internvl.o -index-unit-output-path /LocalLLMClient.build/Debug-iphonesimulator/LocalLLMClientLlamaC.build/Objects-normal/arm64/internvl.o

CompileC /Users/runner/work/red-pen-ios/red-pen-ios/ios/build/Build/Intermediates.noindex/LocalLLMClient.build/Debug-iphonesimulator/LocalLLMClientLlamaC.build/Objects-normal/arm64/hunyuanocr.o /Users/runner/work/red-pen-ios/red-pen-ios/ios/build/SourcePackages/checkouts/LocalLLMClient/Sources/LocalLLMClientLlamaC/models/hunyuanocr.cpp normal arm64 c++ com.apple.compilers.llvm.clang.1_0.compiler (in target 'LocalLLMClientLlamaC' from project 'LocalLLMClient')
    cd /Users/runner/work/red-pen-ios/red-pen-ios/ios/RedPen.xcodeproj
    
    Using response file: /Users/runner/work/red-pen-ios/red-pen-ios/ios/build/Build/Intermediates.noindex/LocalLLMClient.build/Debug-iphonesimulator/LocalLLMClientLlamaC.build/Objects-normal/arm64/82b82416624d2658e5098eb0a28c15c5-common-args.resp
    
    /Applications/Xcode_26.6.app/Contents/Developer/Toolchains/XcodeDefault.xctoolchain/usr/bin/clang -x c++ -ivfsstatcache /Users/runner/work/red-pen-ios/red-pen-ios/ios/build/SDKStatCaches.noindex/iphonesimulator26.5-23F81a-688ef53f1462e2c8f657fdc38a81448ff45c64a1807a658693f2a61704f17a36.sdkstatcache -target arm64-apple-ios17.0-simulator -fmessage-length\=0 -fdiagnostics-show-note-include-stack -fmacro-backtrace-limit\=0 -fno-color-diagnostics -fmodules-prune-interval\=86400 -fmodules-prune-after\=345600 -fbuild-session-file\=/Users/runner/work/red-pen-ios/red-pen-ios/ios/build/ModuleCache.noindex/Session.modulevalidation -fmodules-validate-once-per-build-session -Wnon-modular-include-in-framework-module -Werror\=non-modular-include-in-framework-module -Wno-trigraphs -Wno-missing-field-initializers -Wno-missing-prototypes -Wno-return-type -Wno-non-virtual-dtor -Wno-overloaded-virtual -Wno-exit-time-destructors -Wno-missing-braces -Wparentheses -Wswitch -Wno-unused-function -Wno-unused-label -Wno-unused-parameter -Wno-unused-variable -Wunused-value -Wno-empty-body -Wno-uninitialized -Wno-unknown-pragmas -w -Wno-shadow -Wno-four-char-constants -Wno-conversion -Wno-constant-conversion -Wno-int-conversion -Wno-bool-conversion -Wno-enum-conversion -Wno-float-conversion -Wno-non-literal-null-conversion -Wno-objc-literal-conversion -Wshorten-64-to-32 -Wno-newline-eof -Wno-c++11-extensions -Wno-implicit-fallthrough -isysroot /Applications/Xcode_26.6.app/Contents/Developer/Platforms/iPhoneSimulator.platform/Developer/SDKs/iPhoneSimulator26.5.sdk -fstrict-aliasing -Wdeprecated-declarations -Winvalid-offsetof -Wno-sign-conversion -Wno-infinite-recursion -Wno-move -Wno-comma -Wno-block-capture-autoreleasing -Wno-strict-prototypes -Wno-range-loop-analysis -Wno-semicolon-before-method-body -index-store-path /Users/runner/work/red-pen-ios/red-pen-ios/ios/build/Index.noindex/DataStore -w @/Users/runner/work/red-pen-ios/red-pen-ios/ios/build/Build/Intermediates.noindex/LocalLLMClient.build/Debug-iphonesimulator/LocalLLMClientLlamaC.build/Objects-normal/arm64/82b82416624d2658e5098eb0a28c15c5-common-args.resp -MMD -MT dependencies -MF /Users/runner/work/red-pen-ios/red-pen-ios/ios/build/Build/Intermediates.noindex/LocalLLMClient.build/Debug-iphonesimulator/LocalLLMClientLlamaC.build/Objects-normal/arm64/hunyuanocr.d --serialize-diagnostics /Users/runner/work/red-pen-ios/red-pen-ios/ios/build/Build/Intermediates.noindex/LocalLLMClient.build/Debug-iphonesimulator/LocalLLMClientLlamaC.build/Objects-normal/arm64/hunyuanocr.dia -c /Users/runner/work/red-pen-ios/red-pen-ios/ios/build/SourcePackages/checkouts/LocalLLMClient/Sources/LocalLLMClientLlamaC/models/hunyuanocr.cpp -o /Users/runner/work/red-pen-ios/red-pen-ios/ios/build/Build/Intermediates.noindex/LocalLLMClient.build/Debug-iphonesimulator/LocalLLMClientLlamaC.build/Objects-normal/arm64/hunyuanocr.o -index-unit-output-path /LocalLLMClient.build/Debug-iphonesimulator/LocalLLMClientLlamaC.build/Objects-normal/arm64/hunyuanocr.o

CompileC /Users/runner/work/red-pen-ios/red-pen-ios/ios/build/Build/Intermediates.noindex/LocalLLMClient.build/Debug-iphonesimulator/LocalLLMClientLlamaC.build/Objects-normal/arm64/glm4v.o /Users/runner/work/red-pen-ios/red-pen-ios/ios/build/SourcePackages/checkouts/LocalLLMClient/Sources/LocalLLMClientLlamaC/models/glm4v.cpp normal arm64 c++ com.apple.compilers.llvm.clang.1_0.compiler (in target 'LocalLLMClientLlamaC' from project 'LocalLLMClient')
    cd /Users/runner/work/red-pen-ios/red-pen-ios/ios/RedPen.xcodeproj
    
    Using response file: /Users/runner/work/red-pen-ios/red-pen-ios/ios/build/Build/Intermediates.noindex/LocalLLMClient.build/Debug-iphonesimulator/LocalLLMClientLlamaC.build/Objects-normal/arm64/82b82416624d2658e5098eb0a28c15c5-common-args.resp
    
    /Applications/Xcode_26.6.app/Contents/Developer/Toolchains/XcodeDefault.xctoolchain/usr/bin/clang -x c++ -ivfsstatcache /Users/runner/work/red-pen-ios/red-pen-ios/ios/build/SDKStatCaches.noindex/iphonesimulator26.5-23F81a-688ef53f1462e2c8f657fdc38a81448ff45c64a1807a658693f2a61704f17a36.sdkstatcache -target arm64-apple-ios17.0-simulator -fmessage-length\=0 -fdiagnostics-show-note-include-stack -fmacro-backtrace-limit\=0 -fno-color-diagnostics -fmodules-prune-interval\=86400 -fmodules-prune-after\=345600 -fbuild-session-file\=/Users/runner/work/red-pen-ios/red-pen-ios/ios/build/ModuleCache.noindex/Session.modulevalidation -fmodules-validate-once-per-build-session -Wnon-modular-include-in-framework-module -Werror\=non-modular-include-in-framework-module -Wno-trigraphs -Wno-missing-field-initializers -Wno-missing-prototypes -Wno-return-type -Wno-non-virtual-dtor -Wno-overloaded-virtual -Wno-exit-time-destructors -Wno-missing-braces -Wparentheses -Wswitch -Wno-unused-function -Wno-unused-label -Wno-unused-parameter -Wno-unused-variable -Wunused-value -Wno-empty-body -Wno-uninitialized -Wno-unknown-pragmas -w -Wno-shadow -Wno-four-char-constants -Wno-conversion -Wno-constant-conversion -Wno-int-conversion -Wno-bool-conversion -Wno-enum-conversion -Wno-float-conversion -Wno-non-literal-null-conversion -Wno-objc-literal-conversion -Wshorten-64-to-32 -Wno-newline-eof -Wno-c++11-extensions -Wno-implicit-fallthrough -isysroot /Applications/Xcode_26.6.app/Contents/Developer/Platforms/iPhoneSimulator.platform/Developer/SDKs/iPhoneSimulator26.5.sdk -fstrict-aliasing -Wdeprecated-declarations -Winvalid-offsetof -Wno-sign-conversion -Wno-infinite-recursion -Wno-move -Wno-comma -Wno-block-capture-autoreleasing -Wno-strict-prototypes -Wno-range-loop-analysis -Wno-semicolon-before-method-body -index-store-path /Users/runner/work/red-pen-ios/red-pen-ios/ios/build/Index.noindex/DataStore -w @/Users/runner/work/red-pen-ios/red-pen-ios/ios/build/Build/Intermediates.noindex/LocalLLMClient.build/Debug-iphonesimulator/LocalLLMClientLlamaC.build/Objects-normal/arm64/82b82416624d2658e5098eb0a28c15c5-common-args.resp -MMD -MT dependencies -MF /Users/runner/work/red-pen-ios/red-pen-ios/ios/build/Build/Intermediates.noindex/LocalLLMClient.build/Debug-iphonesimulator/LocalLLMClientLlamaC.build/Objects-normal/arm64/glm4v.d --serialize-diagnostics /Users/runner/work/red-pen-ios/red-pen-ios/ios/build/Build/Intermediates.noindex/LocalLLMClient.build/Debug-iphonesimulator/LocalLLMClientLlamaC.build/Objects-normal/arm64/glm4v.dia -c /Users/runner/work/red-pen-ios/red-pen-ios/ios/build/SourcePackages/checkouts/LocalLLMClient/Sources/LocalLLMClientLlamaC/models/glm4v.cpp -o /Users/runner/work/red-pen-ios/red-pen-ios/ios/build/Build/Intermediates.noindex/LocalLLMClient.build/Debug-iphonesimulator/LocalLLMClientLlamaC.build/Objects-normal/arm64/glm4v.o -index-unit-output-path /LocalLLMClient.build/Debug-iphonesimulator/LocalLLMClientLlamaC.build/Objects-normal/arm64/glm4v.o

CompileC /Users/runner/work/red-pen-ios/red-pen-ios/ios/build/Build/Intermediates.noindex/LocalLLMClient.build/Debug-iphonesimulator/LocalLLMClientLlamaC.build/Objects-normal/arm64/gemma4v.o /Users/runner/work/red-pen-ios/red-pen-ios/ios/build/SourcePackages/checkouts/LocalLLMClient/Sources/LocalLLMClientLlamaC/models/gemma4v.cpp normal arm64 c++ com.apple.compilers.llvm.clang.1_0.compiler (in target 'LocalLLMClientLlamaC' from project 'LocalLLMClient')
    cd /Users/runner/work/red-pen-ios/red-pen-ios/ios/RedPen.xcodeproj
    
    Using response file: /Users/runner/work/red-pen-ios/red-pen-ios/ios/build/Build/Intermediates.noindex/LocalLLMClient.build/Debug-iphonesimulator/LocalLLMClientLlamaC.build/Objects-normal/arm64/82b82416624d2658e5098eb0a28c15c5-common-args.resp
    
    /Applications/Xcode_26.6.app/Contents/Developer/Toolchains/XcodeDefault.xctoolchain/usr/bin/clang -x c++ -ivfsstatcache /Users/runner/work/red-pen-ios/red-pen-ios/ios/build/SDKStatCaches.noindex/iphonesimulator26.5-23F81a-688ef53f1462e2c8f657fdc38a81448ff45c64a1807a658693f2a61704f17a36.sdkstatcache -target arm64-apple-ios17.0-simulator -fmessage-length\=0 -fdiagnostics-show-note-include-stack -fmacro-backtrace-limit\=0 -fno-color-diagnostics -fmodules-prune-interval\=86400 -fmodules-prune-after\=345600 -fbuild-session-file\=/Users/runner/work/red-pen-ios/red-pen-ios/ios/build/ModuleCache.noindex/Session.modulevalidation -fmodules-validate-once-per-build-session -Wnon-modular-include-in-framework-module -Werror\=non-modular-include-in-framework-module -Wno-trigraphs -Wno-missing-field-initializers -Wno-missing-prototypes -Wno-return-type -Wno-non-virtual-dtor -Wno-overloaded-virtual -Wno-exit-time-destructors -Wno-missing-braces -Wparentheses -Wswitch -Wno-unused-function -Wno-unused-label -Wno-unused-parameter -Wno-unused-variable -Wunused-value -Wno-empty-body -Wno-uninitialized -Wno-unknown-pragmas -w -Wno-shadow -Wno-four-char-constants -Wno-conversion -Wno-constant-conversion -Wno-int-conversion -Wno-bool-conversion -Wno-enum-conversion -Wno-float-conversion -Wno-non-literal-null-conversion -Wno-objc-literal-conversion -Wshorten-64-to-32 -Wno-newline-eof -Wno-c++11-extensions -Wno-implicit-fallthrough -isysroot /Applications/Xcode_26.6.app/Contents/Developer/Platforms/iPhoneSimulator.platform/Developer/SDKs/iPhoneSimulator26.5.sdk -fstrict-aliasing -Wdeprecated-declarations -Winvalid-offsetof -Wno-sign-conversion -Wno-infinite-recursion -Wno-move -Wno-comma -Wno-block-capture-autoreleasing -Wno-strict-prototypes -Wno-range-loop-analysis -Wno-semicolon-before-method-body -index-store-path /Users/runner/work/red-pen-ios/red-pen-ios/ios/build/Index.noindex/DataStore -w @/Users/runner/work/red-pen-ios/red-pen-ios/ios/build/Build/Intermediates.noindex/LocalLLMClient.build/Debug-iphonesimulator/LocalLLMClientLlamaC.build/Objects-normal/arm64/82b82416624d2658e5098eb0a28c15c5-common-args.resp -MMD -MT dependencies -MF /Users/runner/work/red-pen-ios/red-pen-ios/ios/build/Build/Intermediates.noindex/LocalLLMClient.build/Debug-iphonesimulator/LocalLLMClientLlamaC.build/Objects-normal/arm64/gemma4v.d --serialize-diagnostics /Users/runner/work/red-pen-ios/red-pen-ios/ios/build/Build/Intermediates.noindex/LocalLLMClient.build/Debug-iphonesimulator/LocalLLMClientLlamaC.build/Objects-normal/arm64/gemma4v.dia -c /Users/runner/work/red-pen-ios/red-pen-ios/ios/build/SourcePackages/checkouts/LocalLLMClient/Sources/LocalLLMClientLlamaC/models/gemma4v.cpp -o /Users/runner/work/red-pen-ios/red-pen-ios/ios/build/Build/Intermediates.noindex/LocalLLMClient.build/Debug-iphonesimulator/LocalLLMClientLlamaC.build/Objects-normal/arm64/gemma4v.o -index-unit-output-path /LocalLLMClient.build/Debug-iphonesimulator/LocalLLMClientLlamaC.build/Objects-normal/arm64/gemma4v.o

CompileC /Users/runner/work/red-pen-ios/red-pen-ios/ios/build/Build/Intermediates.noindex/LocalLLMClient.build/Debug-iphonesimulator/LocalLLMClientLlamaC.build/Objects-normal/arm64/gemma4a.o /Users/runner/work/red-pen-ios/red-pen-ios/ios/build/SourcePackages/checkouts/LocalLLMClient/Sources/LocalLLMClientLlamaC/models/gemma4a.cpp normal arm64 c++ com.apple.compilers.llvm.clang.1_0.compiler (in target 'LocalLLMClientLlamaC' from project 'LocalLLMClient')
    cd /Users/runner/work/red-pen-ios/red-pen-ios/ios/RedPen.xcodeproj
    
    Using response file: /Users/runner/work/red-pen-ios/red-pen-ios/ios/build/Build/Intermediates.noindex/LocalLLMClient.build/Debug-iphonesimulator/LocalLLMClientLlamaC.build/Objects-normal/arm64/82b82416624d2658e5098eb0a28c15c5-common-args.resp
    
    /Applications/Xcode_26.6.app/Contents/Developer/Toolchains/XcodeDefault.xctoolchain/usr/bin/clang -x c++ -ivfsstatcache /Users/runner/work/red-pen-ios/red-pen-ios/ios/build/SDKStatCaches.noindex/iphonesimulator26.5-23F81a-688ef53f1462e2c8f657fdc38a81448ff45c64a1807a658693f2a61704f17a36.sdkstatcache -target arm64-apple-ios17.0-simulator -fmessage-length\=0 -fdiagnostics-show-note-include-stack -fmacro-backtrace-limit\=0 -fno-color-diagnostics -fmodules-prune-interval\=86400 -fmodules-prune-after\=345600 -fbuild-session-file\=/Users/runner/work/red-pen-ios/red-pen-ios/ios/build/ModuleCache.noindex/Session.modulevalidation -fmodules-validate-once-per-build-session -Wnon-modular-include-in-framework-module -Werror\=non-modular-include-in-framework-module -Wno-trigraphs -Wno-missing-field-initializers -Wno-missing-prototypes -Wno-return-type -Wno-non-virtual-dtor -Wno-overloaded-virtual -Wno-exit-time-destructors -Wno-missing-braces -Wparentheses -Wswitch -Wno-unused-function -Wno-unused-label -Wno-unused-parameter -Wno-unused-variable -Wunused-value -Wno-empty-body -Wno-uninitialized -Wno-unknown-pragmas -w -Wno-shadow -Wno-four-char-constants -Wno-conversion -Wno-constant-conversion -Wno-int-conversion -Wno-bool-conversion -Wno-enum-conversion -Wno-float-conversion -Wno-non-literal-null-conversion -Wno-objc-literal-conversion -Wshorten-64-to-32 -Wno-newline-eof -Wno-c++11-extensions -Wno-implicit-fallthrough -isysroot /Applications/Xcode_26.6.app/Contents/Developer/Platforms/iPhoneSimulator.platform/Developer/SDKs/iPhoneSimulator26.5.sdk -fstrict-aliasing -Wdeprecated-declarations -Winvalid-offsetof -Wno-sign-conversion -Wno-infinite-recursion -Wno-move -Wno-comma -Wno-block-capture-autoreleasing -Wno-strict-prototypes -Wno-range-loop-analysis -Wno-semicolon-before-method-body -index-store-path /Users/runner/work/red-pen-ios/red-pen-ios/ios/build/Index.noindex/DataStore -w @/Users/runner/work/red-pen-ios/red-pen-ios/ios/build/Build/Intermediates.noindex/LocalLLMClient.build/Debug-iphonesimulator/LocalLLMClientLlamaC.build/Objects-normal/arm64/82b82416624d2658e5098eb0a28c15c5-common-args.resp -MMD -MT dependencies -MF /Users/runner/work/red-pen-ios/red-pen-ios/ios/build/Build/Intermediates.noindex/LocalLLMClient.build/Debug-iphonesimulator/LocalLLMClientLlamaC.build/Objects-normal/arm64/gemma4a.d --serialize-diagnostics /Users/runner/work/red-pen-ios/red-pen-ios/ios/build/Build/Intermediates.noindex/LocalLLMClient.build/Debug-iphonesimulator/LocalLLMClientLlamaC.build/Objects-normal/arm64/gemma4a.dia -c /Users/runner/work/red-pen-ios/red-pen-ios/ios/build/SourcePackages/checkouts/LocalLLMClient/Sources/LocalLLMClientLlamaC/models/gemma4a.cpp -o /Users/runner/work/red-pen-ios/red-pen-ios/ios/build/Build/Intermediates.noindex/LocalLLMClient.build/Debug-iphonesimulator/LocalLLMClientLlamaC.build/Objects-normal/arm64/gemma4a.o -index-unit-output-path /LocalLLMClient.build/Debug-iphonesimulator/LocalLLMClientLlamaC.build/Objects-normal/arm64/gemma4a.o

CompileC /Users/runner/work/red-pen-ios/red-pen-ios/ios/build/Build/Intermediates.noindex/LocalLLMClient.build/Debug-iphonesimulator/LocalLLMClientLlamaC.build/Objects-normal/arm64/dotsocr.o /Users/runner/work/red-pen-ios/red-pen-ios/ios/build/SourcePackages/checkouts/LocalLLMClient/Sources/LocalLLMClientLlamaC/models/dotsocr.cpp normal arm64 c++ com.apple.compilers.llvm.clang.1_0.compiler (in target 'LocalLLMClientLlamaC' from project 'LocalLLMClient')
    cd /Users/runner/work/red-pen-ios/red-pen-ios/ios/RedPen.xcodeproj
    
    Using response file: /Users/runner/work/red-pen-ios/red-pen-ios/ios/build/Build/Intermediates.noindex/LocalLLMClient.build/Debug-iphonesimulator/LocalLLMClientLlamaC.build/Objects-normal/arm64/82b82416624d2658e5098eb0a28c15c5-common-args.resp
    
    /Applications/Xcode_26.6.app/Contents/Developer/Toolchains/XcodeDefault.xctoolchain/usr/bin/clang -x c++ -ivfsstatcache /Users/runner/work/red-pen-ios/red-pen-ios/ios/build/SDKStatCaches.noindex/iphonesimulator26.5-23F81a-688ef53f1462e2c8f657fdc38a81448ff45c64a1807a658693f2a61704f17a36.sdkstatcache -target arm64-apple-ios17.0-simulator -fmessage-length\=0 -fdiagnostics-show-note-include-stack -fmacro-backtrace-limit\=0 -fno-color-diagnostics -fmodules-prune-interval\=86400 -fmodules-prune-after\=345600 -fbuild-session-file\=/Users/runner/work/red-pen-ios/red-pen-ios/ios/build/ModuleCache.noindex/Session.modulevalidation -fmodules-validate-once-per-build-session -Wnon-modular-include-in-framework-module -Werror\=non-modular-include-in-framework-module -Wno-trigraphs -Wno-missing-field-initializers -Wno-missing-prototypes -Wno-return-type -Wno-non-virtual-dtor -Wno-overloaded-virtual -Wno-exit-time-destructors -Wno-missing-braces -Wparentheses -Wswitch -Wno-unused-function -Wno-unused-label -Wno-unused-parameter -Wno-unused-variable -Wunused-value -Wno-empty-body -Wno-uninitialized -Wno-unknown-pragmas -w -Wno-shadow -Wno-four-char-constants -Wno-conversion -Wno-constant-conversion -Wno-int-conversion -Wno-bool-conversion -Wno-enum-conversion -Wno-float-conversion -Wno-non-literal-null-conversion -Wno-objc-literal-conversion -Wshorten-64-to-32 -Wno-newline-eof -Wno-c++11-extensions -Wno-implicit-fallthrough -isysroot /Applications/Xcode_26.6.app/Contents/Developer/Platforms/iPhoneSimulator.platform/Developer/SDKs/iPhoneSimulator26.5.sdk -fstrict-aliasing -Wdeprecated-declarations -Winvalid-offsetof -Wno-sign-conversion -Wno-infinite-recursion -Wno-move -Wno-comma -Wno-block-capture-autoreleasing -Wno-strict-prototypes -Wno-range-loop-analysis -Wno-semicolon-before-method-body -index-store-path /Users/runner/work/red-pen-ios/red-pen-ios/ios/build/Index.noindex/DataStore -w @/Users/runner/work/red-pen-ios/red-pen-ios/ios/build/Build/Intermediates.noindex/LocalLLMClient.build/Debug-iphonesimulator/LocalLLMClientLlamaC.build/Objects-normal/arm64/82b82416624d2658e5098eb0a28c15c5-common-args.resp -MMD -MT dependencies -MF /Users/runner/work/red-pen-ios/red-pen-ios/ios/build/Build/Intermediates.noindex/LocalLLMClient.build/Debug-iphonesimulator/LocalLLMClientLlamaC.build/Objects-normal/arm64/dotsocr.d --serialize-diagnostics /Users/runner/work/red-pen-ios/red-pen-ios/ios/build/Build/Intermediates.noindex/LocalLLMClient.build/Debug-iphonesimulator/LocalLLMClientLlamaC.build/Objects-normal/arm64/dotsocr.dia -c /Users/runner/work/red-pen-ios/red-pen-ios/ios/build/SourcePackages/checkouts/LocalLLMClient/Sources/LocalLLMClientLlamaC/models/dotsocr.cpp -o /Users/runner/work/red-pen-ios/red-pen-ios/ios/build/Build/Intermediates.noindex/LocalLLMClient.build/Debug-iphonesimulator/LocalLLMClientLlamaC.build/Objects-normal/arm64/dotsocr.o -index-unit-output-path /LocalLLMClient.build/Debug-iphonesimulator/LocalLLMClientLlamaC.build/Objects-normal/arm64/dotsocr.o

CompileC /Users/runner/work/red-pen-ios/red-pen-ios/ios/build/Build/Intermediates.noindex/LocalLLMClient.build/Debug-iphonesimulator/LocalLLMClientLlamaC.build/Objects-normal/arm64/deepseekocr.o /Users/runner/work/red-pen-ios/red-pen-ios/ios/build/SourcePackages/checkouts/LocalLLMClient/Sources/LocalLLMClientLlamaC/models/deepseekocr.cpp normal arm64 c++ com.apple.compilers.llvm.clang.1_0.compiler (in target 'LocalLLMClientLlamaC' from project 'LocalLLMClient')
    cd /Users/runner/work/red-pen-ios/red-pen-ios/ios/RedPen.xcodeproj
    
    Using response file: /Users/runner/work/red-pen-ios/red-pen-ios/ios/build/Build/Intermediates.noindex/LocalLLMClient.build/Debug-iphonesimulator/LocalLLMClientLlamaC.build/Objects-normal/arm64/82b82416624d2658e5098eb0a28c15c5-common-args.resp
    
    /Applications/Xcode_26.6.app/Contents/Developer/Toolchains/XcodeDefault.xctoolchain/usr/bin/clang -x c++ -ivfsstatcache /Users/runner/work/red-pen-ios/red-pen-ios/ios/build/SDKStatCaches.noindex/iphonesimulator26.5-23F81a-688ef53f1462e2c8f657fdc38a81448ff45c64a1807a658693f2a61704f17a36.sdkstatcache -target arm64-apple-ios17.0-simulator -fmessage-length\=0 -fdiagnostics-show-note-include-stack -fmacro-backtrace-limit\=0 -fno-color-diagnostics -fmodules-prune-interval\=86400 -fmodules-prune-after\=345600 -fbuild-session-file\=/Users/runner/work/red-pen-ios/red-pen-ios/ios/build/ModuleCache.noindex/Session.modulevalidation -fmodules-validate-once-per-build-session -Wnon-modular-include-in-framework-module -Werror\=non-modular-include-in-framework-module -Wno-trigraphs -Wno-missing-field-initializers -Wno-missing-prototypes -Wno-return-type -Wno-non-virtual-dtor -Wno-overloaded-virtual -Wno-exit-time-destructors -Wno-missing-braces -Wparentheses -Wswitch -Wno-unused-function -Wno-unused-label -Wno-unused-parameter -Wno-unused-variable -Wunused-value -Wno-empty-body -Wno-uninitialized -Wno-unknown-pragmas -w -Wno-shadow -Wno-four-char-constants -Wno-conversion -Wno-constant-conversion -Wno-int-conversion -Wno-bool-conversion -Wno-enum-conversion -Wno-float-conversion -Wno-non-literal-null-conversion -Wno-objc-literal-conversion -Wshorten-64-to-32 -Wno-newline-eof -Wno-c++11-extensions -Wno-implicit-fallthrough -isysroot /Applications/Xcode_26.6.app/Contents/Developer/Platforms/iPhoneSimulator.platform/Developer/SDKs/iPhoneSimulator26.5.sdk -fstrict-aliasing -Wdeprecated-declarations -Winvalid-offsetof -Wno-sign-conversion -Wno-infinite-recursion -Wno-move -Wno-comma -Wno-block-capture-autoreleasing -Wno-strict-prototypes -Wno-range-loop-analysis -Wno-semicolon-before-method-body -index-store-path /Users/runner/work/red-pen-ios/red-pen-ios/ios/build/Index.noindex/DataStore -w @/Users/runner/work/red-pen-ios/red-pen-ios/ios/build/Build/Intermediates.noindex/LocalLLMClient.build/Debug-iphonesimulator/LocalLLMClientLlamaC.build/Objects-normal/arm64/82b82416624d2658e5098eb0a28c15c5-common-args.resp -MMD -MT dependencies -MF /Users/runner/work/red-pen-ios/red-pen-ios/ios/build/Build/Intermediates.noindex/LocalLLMClient.build/Debug-iphonesimulator/LocalLLMClientLlamaC.build/Objects-normal/arm64/deepseekocr.d --serialize-diagnostics /Users/runner/work/red-pen-ios/red-pen-ios/ios/build/Build/Intermediates.noindex/LocalLLMClient.build/Debug-iphonesimulator/LocalLLMClientLlamaC.build/Objects-normal/arm64/deepseekocr.dia -c /Users/runner/work/red-pen-ios/red-pen-ios/ios/build/SourcePackages/checkouts/LocalLLMClient/Sources/LocalLLMClientLlamaC/models/deepseekocr.cpp -o /Users/runner/work/red-pen-ios/red-pen-ios/ios/build/Build/Intermediates.noindex/LocalLLMClient.build/Debug-iphonesimulator/LocalLLMClientLlamaC.build/Objects-normal/arm64/deepseekocr.o -index-unit-output-path /LocalLLMClient.build/Debug-iphonesimulator/LocalLLMClientLlamaC.build/Objects-normal/arm64/deepseekocr.o

CompileC /Users/runner/work/red-pen-ios/red-pen-ios/ios/build/Build/Intermediates.noindex/LocalLLMClient.build/Debug-iphonesimulator/LocalLLMClientLlamaC.build/Objects-normal/arm64/conformer.o /Users/runner/work/red-pen-ios/red-pen-ios/ios/build/SourcePackages/checkouts/LocalLLMClient/Sources/LocalLLMClientLlamaC/models/conformer.cpp normal arm64 c++ com.apple.compilers.llvm.clang.1_0.compiler (in target 'LocalLLMClientLlamaC' from project 'LocalLLMClient')
    cd /Users/runner/work/red-pen-ios/red-pen-ios/ios/RedPen.xcodeproj
    
    Using response file: /Users/runner/work/red-pen-ios/red-pen-ios/ios/build/Build/Intermediates.noindex/LocalLLMClient.build/Debug-iphonesimulator/LocalLLMClientLlamaC.build/Objects-normal/arm64/82b82416624d2658e5098eb0a28c15c5-common-args.resp
    
    /Applications/Xcode_26.6.app/Contents/Developer/Toolchains/XcodeDefault.xctoolchain/usr/bin/clang -x c++ -ivfsstatcache /Users/runner/work/red-pen-ios/red-pen-ios/ios/build/SDKStatCaches.noindex/iphonesimulator26.5-23F81a-688ef53f1462e2c8f657fdc38a81448ff45c64a1807a658693f2a61704f17a36.sdkstatcache -target arm64-apple-ios17.0-simulator -fmessage-length\=0 -fdiagnostics-show-note-include-stack -fmacro-backtrace-limit\=0 -fno-color-diagnostics -fmodules-prune-interval\=86400 -fmodules-prune-after\=345600 -fbuild-session-file\=/Users/runner/work/red-pen-ios/red-pen-ios/ios/build/ModuleCache.noindex/Session.modulevalidation -fmodules-validate-once-per-build-session -Wnon-modular-include-in-framework-module -Werror\=non-modular-include-in-framework-module -Wno-trigraphs -Wno-missing-field-initializers -Wno-missing-prototypes -Wno-return-type -Wno-non-virtual-dtor -Wno-overloaded-virtual -Wno-exit-time-destructors -Wno-missing-braces -Wparentheses -Wswitch -Wno-unused-function -Wno-unused-label -Wno-unused-parameter -Wno-unused-variable -Wunused-value -Wno-empty-body -Wno-uninitialized -Wno-unknown-pragmas -w -Wno-shadow -Wno-four-char-constants -Wno-conversion -Wno-constant-conversion -Wno-int-conversion -Wno-bool-conversion -Wno-enum-conversion -Wno-float-conversion -Wno-non-literal-null-conversion -Wno-objc-literal-conversion -Wshorten-64-to-32 -Wno-newline-eof -Wno-c++11-extensions -Wno-implicit-fallthrough -isysroot /Applications/Xcode_26.6.app/Contents/Developer/Platforms/iPhoneSimulator.platform/Developer/SDKs/iPhoneSimulator26.5.sdk -fstrict-aliasing -Wdeprecated-declarations -Winvalid-offsetof -Wno-sign-conversion -Wno-infinite-recursion -Wno-move -Wno-comma -Wno-block-capture-autoreleasing -Wno-strict-prototypes -Wno-range-loop-analysis -Wno-semicolon-before-method-body -index-store-path /Users/runner/work/red-pen-ios/red-pen-ios/ios/build/Index.noindex/DataStore -w @/Users/runner/work/red-pen-ios/red-pen-ios/ios/build/Build/Intermediates.noindex/LocalLLMClient.build/Debug-iphonesimulator/LocalLLMClientLlamaC.build/Objects-normal/arm64/82b82416624d2658e5098eb0a28c15c5-common-args.resp -MMD -MT dependencies -MF /Users/runner/work/red-pen-ios/red-pen-ios/ios/build/Build/Intermediates.noindex/LocalLLMClient.build/Debug-iphonesimulator/LocalLLMClientLlamaC.build/Objects-normal/arm64/conformer.d --serialize-diagnostics /Users/runner/work/red-pen-ios/red-pen-ios/ios/build/Build/Intermediates.noindex/LocalLLMClient.build/Debug-iphonesimulator/LocalLLMClientLlamaC.build/Objects-normal/arm64/conformer.dia -c /Users/runner/work/red-pen-ios/red-pen-ios/ios/build/SourcePackages/checkouts/LocalLLMClient/Sources/LocalLLMClientLlamaC/models/conformer.cpp -o /Users/runner/work/red-pen-ios/red-pen-ios/ios/build/Build/Intermediates.noindex/LocalLLMClient.build/Debug-iphonesimulator/LocalLLMClientLlamaC.build/Objects-normal/arm64/conformer.o -index-unit-output-path /LocalLLMClient.build/Debug-iphonesimulator/LocalLLMClientLlamaC.build/Objects-normal/arm64/conformer.o

CompileC /Users/runner/work/red-pen-ios/red-pen-ios/ios/build/Build/Intermediates.noindex/LocalLLMClient.build/Debug-iphonesimulator/LocalLLMClientLlamaC.build/Objects-normal/arm64/common.o /Users/runner/work/red-pen-ios/red-pen-ios/ios/build/SourcePackages/checkouts/LocalLLMClient/Sources/LocalLLMClientLlamaC/common/common.cpp normal arm64 c++ com.apple.compilers.llvm.clang.1_0.compiler (in target 'LocalLLMClientLlamaC' from project 'LocalLLMClient')
    cd /Users/runner/work/red-pen-ios/red-pen-ios/ios/RedPen.xcodeproj
    
    Using response file: /Users/runner/work/red-pen-ios/red-pen-ios/ios/build/Build/Intermediates.noindex/LocalLLMClient.build/Debug-iphonesimulator/LocalLLMClientLlamaC.build/Objects-normal/arm64/82b82416624d2658e5098eb0a28c15c5-common-args.resp
    
    /Applications/Xcode_26.6.app/Contents/Developer/Toolchains/XcodeDefault.xctoolchain/usr/bin/clang -x c++ -ivfsstatcache /Users/runner/work/red-pen-ios/red-pen-ios/ios/build/SDKStatCaches.noindex/iphonesimulator26.5-23F81a-688ef53f1462e2c8f657fdc38a81448ff45c64a1807a658693f2a61704f17a36.sdkstatcache -target arm64-apple-ios17.0-simulator -fmessage-length\=0 -fdiagnostics-show-note-include-stack -fmacro-backtrace-limit\=0 -fno-color-diagnostics -fmodules-prune-interval\=86400 -fmodules-prune-after\=345600 -fbuild-session-file\=/Users/runner/work/red-pen-ios/red-pen-ios/ios/build/ModuleCache.noindex/Session.modulevalidation -fmodules-validate-once-per-build-session -Wnon-modular-include-in-framework-module -Werror\=non-modular-include-in-framework-module -Wno-trigraphs -Wno-missing-field-initializers -Wno-missing-prototypes -Wno-return-type -Wno-non-virtual-dtor -Wno-overloaded-virtual -Wno-exit-time-destructors -Wno-missing-braces -Wparentheses -Wswitch -Wno-unused-function -Wno-unused-label -Wno-unused-parameter -Wno-unused-variable -Wunused-value -Wno-empty-body -Wno-uninitialized -Wno-unknown-pragmas -w -Wno-shadow -Wno-four-char-constants -Wno-conversion -Wno-constant-conversion -Wno-int-conversion -Wno-bool-conversion -Wno-enum-conversion -Wno-float-conversion -Wno-non-literal-null-conversion -Wno-objc-literal-conversion -Wshorten-64-to-32 -Wno-newline-eof -Wno-c++11-extensions -Wno-implicit-fallthrough -isysroot /Applications/Xcode_26.6.app/Contents/Developer/Platforms/iPhoneSimulator.platform/Developer/SDKs/iPhoneSimulator26.5.sdk -fstrict-aliasing -Wdeprecated-declarations -Winvalid-offsetof -Wno-sign-conversion -Wno-infinite-recursion -Wno-move -Wno-comma -Wno-block-capture-autoreleasing -Wno-strict-prototypes -Wno-range-loop-analysis -Wno-semicolon-before-method-body -index-store-path /Users/runner/work/red-pen-ios/red-pen-ios/ios/build/Index.noindex/DataStore -w @/Users/runner/work/red-pen-ios/red-pen-ios/ios/build/Build/Intermediates.noindex/LocalLLMClient.build/Debug-iphonesimulator/LocalLLMClientLlamaC.build/Objects-normal/arm64/82b82416624d2658e5098eb0a28c15c5-common-args.resp -MMD -MT dependencies -MF /Users/runner/work/red-pen-ios/red-pen-ios/ios/build/Build/Intermediates.noindex/LocalLLMClient.build/Debug-iphonesimulator/LocalLLMClientLlamaC.build/Objects-normal/arm64/common.d --serialize-diagnostics /Users/runner/work/red-pen-ios/red-pen-ios/ios/build/Build/Intermediates.noindex/LocalLLMClient.build/Debug-iphonesimulator/LocalLLMClientLlamaC.build/Objects-normal/arm64/common.dia -c /Users/runner/work/red-pen-ios/red-pen-ios/ios/build/SourcePackages/checkouts/LocalLLMClient/Sources/LocalLLMClientLlamaC/common/common.cpp -o /Users/runner/work/red-pen-ios/red-pen-ios/ios/build/Build/Intermediates.noindex/LocalLLMClient.build/Debug-iphonesimulator/LocalLLMClientLlamaC.build/Objects-normal/arm64/common.o -index-unit-output-path /LocalLLMClient.build/Debug-iphonesimulator/LocalLLMClientLlamaC.build/Objects-normal/arm64/common.o

CompileC /Users/runner/work/red-pen-ios/red-pen-ios/ios/build/Build/Intermediates.noindex/LocalLLMClient.build/Debug-iphonesimulator/LocalLLMClientLlamaC.build/Objects-normal/arm64/cogvlm.o /Users/runner/work/red-pen-ios/red-pen-ios/ios/build/SourcePackages/checkouts/LocalLLMClient/Sources/LocalLLMClientLlamaC/models/cogvlm.cpp normal arm64 c++ com.apple.compilers.llvm.clang.1_0.compiler (in target 'LocalLLMClientLlamaC' from project 'LocalLLMClient')
    cd /Users/runner/work/red-pen-ios/red-pen-ios/ios/RedPen.xcodeproj
    
    Using response file: /Users/runner/work/red-pen-ios/red-pen-ios/ios/build/Build/Intermediates.noindex/LocalLLMClient.build/Debug-iphonesimulator/LocalLLMClientLlamaC.build/Objects-normal/arm64/82b82416624d2658e5098eb0a28c15c5-common-args.resp
    
    /Applications/Xcode_26.6.app/Contents/Developer/Toolchains/XcodeDefault.xctoolchain/usr/bin/clang -x c++ -ivfsstatcache /Users/runner/work/red-pen-ios/red-pen-ios/ios/build/SDKStatCaches.noindex/iphonesimulator26.5-23F81a-688ef53f1462e2c8f657fdc38a81448ff45c64a1807a658693f2a61704f17a36.sdkstatcache -target arm64-apple-ios17.0-simulator -fmessage-length\=0 -fdiagnostics-show-note-include-stack -fmacro-backtrace-limit\=0 -fno-color-diagnostics -fmodules-prune-interval\=86400 -fmodules-prune-after\=345600 -fbuild-session-file\=/Users/runner/work/red-pen-ios/red-pen-ios/ios/build/ModuleCache.noindex/Session.modulevalidation -fmodules-validate-once-per-build-session -Wnon-modular-include-in-framework-module -Werror\=non-modular-include-in-framework-module -Wno-trigraphs -Wno-missing-field-initializers -Wno-missing-prototypes -Wno-return-type -Wno-non-virtual-dtor -Wno-overloaded-virtual -Wno-exit-time-destructors -Wno-missing-braces -Wparentheses -Wswitch -Wno-unused-function -Wno-unused-label -Wno-unused-parameter -Wno-unused-variable -Wunused-value -Wno-empty-body -Wno-uninitialized -Wno-unknown-pragmas -w -Wno-shadow -Wno-four-char-constants -Wno-conversion -Wno-constant-conversion -Wno-int-conversion -Wno-bool-conversion -Wno-enum-conversion -Wno-float-conversion -Wno-non-literal-null-conversion -Wno-objc-literal-conversion -Wshorten-64-to-32 -Wno-newline-eof -Wno-c++11-extensions -Wno-implicit-fallthrough -isysroot /Applications/Xcode_26.6.app/Contents/Developer/Platforms/iPhoneSimulator.platform/Developer/SDKs/iPhoneSimulator26.5.sdk -fstrict-aliasing -Wdeprecated-declarations -Winvalid-offsetof -Wno-sign-conversion -Wno-infinite-recursion -Wno-move -Wno-comma -Wno-block-capture-autoreleasing -Wno-strict-prototypes -Wno-range-loop-analysis -Wno-semicolon-before-method-body -index-store-path /Users/runner/work/red-pen-ios/red-pen-ios/ios/build/Index.noindex/DataStore -w @/Users/runner/work/red-pen-ios/red-pen-ios/ios/build/Build/Intermediates.noindex/LocalLLMClient.build/Debug-iphonesimulator/LocalLLMClientLlamaC.build/Objects-normal/arm64/82b82416624d2658e5098eb0a28c15c5-common-args.resp -MMD -MT dependencies -MF /Users/runner/work/red-pen-ios/red-pen-ios/ios/build/Build/Intermediates.noindex/LocalLLMClient.build/Debug-iphonesimulator/LocalLLMClientLlamaC.build/Objects-normal/arm64/cogvlm.d --serialize-diagnostics /Users/runner/work/red-pen-ios/red-pen-ios/ios/build/Build/Intermediates.noindex/LocalLLMClient.build/Debug-iphonesimulator/LocalLLMClientLlamaC.build/Objects-normal/arm64/cogvlm.dia -c /Users/runner/work/red-pen-ios/red-pen-ios/ios/build/SourcePackages/checkouts/LocalLLMClient/Sources/LocalLLMClientLlamaC/models/cogvlm.cpp -o /Users/runner/work/red-pen-ios/red-pen-ios/ios/build/Build/Intermediates.noindex/LocalLLMClient.build/Debug-iphonesimulator/LocalLLMClientLlamaC.build/Objects-normal/arm64/cogvlm.o -index-unit-output-path /LocalLLMClient.build/Debug-iphonesimulator/LocalLLMClientLlamaC.build/Objects-normal/arm64/cogvlm.o

CompileC /Users/runner/work/red-pen-ios/red-pen-ios/ios/build/Build/Intermediates.noindex/LocalLLMClient.build/Debug-iphonesimulator/LocalLLMClientLlamaC.build/Objects-normal/arm64/clip.o /Users/runner/work/red-pen-ios/red-pen-ios/ios/build/SourcePackages/checkouts/LocalLLMClient/Sources/LocalLLMClientLlamaC/clip.cpp normal arm64 c++ com.apple.compilers.llvm.clang.1_0.compiler (in target 'LocalLLMClientLlamaC' from project 'LocalLLMClient')
    cd /Users/runner/work/red-pen-ios/red-pen-ios/ios/RedPen.xcodeproj
    
    Using response file: /Users/runner/work/red-pen-ios/red-pen-ios/ios/build/Build/Intermediates.noindex/LocalLLMClient.build/Debug-iphonesimulator/LocalLLMClientLlamaC.build/Objects-normal/arm64/82b82416624d2658e5098eb0a28c15c5-common-args.resp
    
    /Applications/Xcode_26.6.app/Contents/Developer/Toolchains/XcodeDefault.xctoolchain/usr/bin/clang -x c++ -ivfsstatcache /Users/runner/work/red-pen-ios/red-pen-ios/ios/build/SDKStatCaches.noindex/iphonesimulator26.5-23F81a-688ef53f1462e2c8f657fdc38a81448ff45c64a1807a658693f2a61704f17a36.sdkstatcache -target arm64-apple-ios17.0-simulator -fmessage-length\=0 -fdiagnostics-show-note-include-stack -fmacro-backtrace-limit\=0 -fno-color-diagnostics -fmodules-prune-interval\=86400 -fmodules-prune-after\=345600 -fbuild-session-file\=/Users/runner/work/red-pen-ios/red-pen-ios/ios/build/ModuleCache.noindex/Session.modulevalidation -fmodules-validate-once-per-build-session -Wnon-modular-include-in-framework-module -Werror\=non-modular-include-in-framework-module -Wno-trigraphs -Wno-missing-field-initializers -Wno-missing-prototypes -Wno-return-type -Wno-non-virtual-dtor -Wno-overloaded-virtual -Wno-exit-time-destructors -Wno-missing-braces -Wparentheses -Wswitch -Wno-unused-function -Wno-unused-label -Wno-unused-parameter -Wno-unused-variable -Wunused-value -Wno-empty-body -Wno-uninitialized -Wno-unknown-pragmas -w -Wno-shadow -Wno-four-char-constants -Wno-conversion -Wno-constant-conversion -Wno-int-conversion -Wno-bool-conversion -Wno-enum-conversion -Wno-float-conversion -Wno-non-literal-null-conversion -Wno-objc-literal-conversion -Wshorten-64-to-32 -Wno-newline-eof -Wno-c++11-extensions -Wno-implicit-fallthrough -isysroot /Applications/Xcode_26.6.app/Contents/Developer/Platforms/iPhoneSimulator.platform/Developer/SDKs/iPhoneSimulator26.5.sdk -fstrict-aliasing -Wdeprecated-declarations -Winvalid-offsetof -Wno-sign-conversion -Wno-infinite-recursion -Wno-move -Wno-comma -Wno-block-capture-autoreleasing -Wno-strict-prototypes -Wno-range-loop-analysis -Wno-semicolon-before-method-body -index-store-path /Users/runner/work/red-pen-ios/red-pen-ios/ios/build/Index.noindex/DataStore -w @/Users/runner/work/red-pen-ios/red-pen-ios/ios/build/Build/Intermediates.noindex/LocalLLMClient.build/Debug-iphonesimulator/LocalLLMClientLlamaC.build/Objects-normal/arm64/82b82416624d2658e5098eb0a28c15c5-common-args.resp -MMD -MT dependencies -MF /Users/runner/work/red-pen-ios/red-pen-ios/ios/build/Build/Intermediates.noindex/LocalLLMClient.build/Debug-iphonesimulator/LocalLLMClientLlamaC.build/Objects-normal/arm64/clip.d --serialize-diagnostics /Users/runner/work/red-pen-ios/red-pen-ios/ios/build/Build/Intermediates.noindex/LocalLLMClient.build/Debug-iphonesimulator/LocalLLMClientLlamaC.build/Objects-normal/arm64/clip.dia -c /Users/runner/work/red-pen-ios/red-pen-ios/ios/build/SourcePackages/checkouts/LocalLLMClient/Sources/LocalLLMClientLlamaC/clip.cpp -o /Users/runner/work/red-pen-ios/red-pen-ios/ios/build/Build/Intermediates.noindex/LocalLLMClient.build/Debug-iphonesimulator/LocalLLMClientLlamaC.build/Objects-normal/arm64/clip.o -index-unit-output-path /LocalLLMClient.build/Debug-iphonesimulator/LocalLLMClientLlamaC.build/Objects-normal/arm64/clip.o

CompileC /Users/runner/work/red-pen-ios/red-pen-ios/ios/build/Build/Intermediates.noindex/LocalLLMClient.build/Debug-iphonesimulator/LocalLLMClientLlamaC.build/Objects-normal/arm64/chat.o /Users/runner/work/red-pen-ios/red-pen-ios/ios/build/SourcePackages/checkouts/LocalLLMClient/Sources/LocalLLMClientLlamaC/common/chat.cpp normal arm64 c++ com.apple.compilers.llvm.clang.1_0.compiler (in target 'LocalLLMClientLlamaC' from project 'LocalLLMClient')
    cd /Users/runner/work/red-pen-ios/red-pen-ios/ios/RedPen.xcodeproj
    
    Using response file: /Users/runner/work/red-pen-ios/red-pen-ios/ios/build/Build/Intermediates.noindex/LocalLLMClient.build/Debug-iphonesimulator/LocalLLMClientLlamaC.build/Objects-normal/arm64/82b82416624d2658e5098eb0a28c15c5-common-args.resp
    
    /Applications/Xcode_26.6.app/Contents/Developer/Toolchains/XcodeDefault.xctoolchain/usr/bin/clang -x c++ -ivfsstatcache /Users/runner/work/red-pen-ios/red-pen-ios/ios/build/SDKStatCaches.noindex/iphonesimulator26.5-23F81a-688ef53f1462e2c8f657fdc38a81448ff45c64a1807a658693f2a61704f17a36.sdkstatcache -target arm64-apple-ios17.0-simulator -fmessage-length\=0 -fdiagnostics-show-note-include-stack -fmacro-backtrace-limit\=0 -fno-color-diagnostics -fmodules-prune-interval\=86400 -fmodules-prune-after\=345600 -fbuild-session-file\=/Users/runner/work/red-pen-ios/red-pen-ios/ios/build/ModuleCache.noindex/Session.modulevalidation -fmodules-validate-once-per-build-session -Wnon-modular-include-in-framework-module -Werror\=non-modular-include-in-framework-module -Wno-trigraphs -Wno-missing-field-initializers -Wno-missing-prototypes -Wno-return-type -Wno-non-virtual-dtor -Wno-overloaded-virtual -Wno-exit-time-destructors -Wno-missing-braces -Wparentheses -Wswitch -Wno-unused-function -Wno-unused-label -Wno-unused-parameter -Wno-unused-variable -Wunused-value -Wno-empty-body -Wno-uninitialized -Wno-unknown-pragmas -w -Wno-shadow -Wno-four-char-constants -Wno-conversion -Wno-constant-conversion -Wno-int-conversion -Wno-bool-conversion -Wno-enum-conversion -Wno-float-conversion -Wno-non-literal-null-conversion -Wno-objc-literal-conversion -Wshorten-64-to-32 -Wno-newline-eof -Wno-c++11-extensions -Wno-implicit-fallthrough -isysroot /Applications/Xcode_26.6.app/Contents/Developer/Platforms/iPhoneSimulator.platform/Developer/SDKs/iPhoneSimulator26.5.sdk -fstrict-aliasing -Wdeprecated-declarations -Winvalid-offsetof -Wno-sign-conversion -Wno-infinite-recursion -Wno-move -Wno-comma -Wno-block-capture-autoreleasing -Wno-strict-prototypes -Wno-range-loop-analysis -Wno-semicolon-before-method-body -index-store-path /Users/runner/work/red-pen-ios/red-pen-ios/ios/build/Index.noindex/DataStore -w @/Users/runner/work/red-pen-ios/red-pen-ios/ios/build/Build/Intermediates.noindex/LocalLLMClient.build/Debug-iphonesimulator/LocalLLMClientLlamaC.build/Objects-normal/arm64/82b82416624d2658e5098eb0a28c15c5-common-args.resp -MMD -MT dependencies -MF /Users/runner/work/red-pen-ios/red-pen-ios/ios/build/Build/Intermediates.noindex/LocalLLMClient.build/Debug-iphonesimulator/LocalLLMClientLlamaC.build/Objects-normal/arm64/chat.d --serialize-diagnostics /Users/runner/work/red-pen-ios/red-pen-ios/ios/build/Build/Intermediates.noindex/LocalLLMClient.build/Debug-iphonesimulator/LocalLLMClientLlamaC.build/Objects-normal/arm64/chat.dia -c /Users/runner/work/red-pen-ios/red-pen-ios/ios/build/SourcePackages/checkouts/LocalLLMClient/Sources/LocalLLMClientLlamaC/common/chat.cpp -o /Users/runner/work/red-pen-ios/red-pen-ios/ios/build/Build/Intermediates.noindex/LocalLLMClient.build/Debug-iphonesimulator/LocalLLMClientLlamaC.build/Objects-normal/arm64/chat.o -index-unit-output-path /LocalLLMClient.build/Debug-iphonesimulator/LocalLLMClientLlamaC.build/Objects-normal/arm64/chat.o

CompileC /Users/runner/work/red-pen-ios/red-pen-ios/ios/build/Build/Intermediates.noindex/LocalLLMClient.build/Debug-iphonesimulator/LocalLLMClientLlamaC.build/Objects-normal/arm64/chat-peg-parser.o /Users/runner/work/red-pen-ios/red-pen-ios/ios/build/SourcePackages/checkouts/LocalLLMClient/Sources/LocalLLMClientLlamaC/common/chat-peg-parser.cpp normal arm64 c++ com.apple.compilers.llvm.clang.1_0.compiler (in target 'LocalLLMClientLlamaC' from project 'LocalLLMClient')
    cd /Users/runner/work/red-pen-ios/red-pen-ios/ios/RedPen.xcodeproj
    
    Using response file: /Users/runner/work/red-pen-ios/red-pen-ios/ios/build/Build/Intermediates.noindex/LocalLLMClient.build/Debug-iphonesimulator/LocalLLMClientLlamaC.build/Objects-normal/arm64/82b82416624d2658e5098eb0a28c15c5-common-args.resp
    
    /Applications/Xcode_26.6.app/Contents/Developer/Toolchains/XcodeDefault.xctoolchain/usr/bin/clang -x c++ -ivfsstatcache /Users/runner/work/red-pen-ios/red-pen-ios/ios/build/SDKStatCaches.noindex/iphonesimulator26.5-23F81a-688ef53f1462e2c8f657fdc38a81448ff45c64a1807a658693f2a61704f17a36.sdkstatcache -target arm64-apple-ios17.0-simulator -fmessage-length\=0 -fdiagnostics-show-note-include-stack -fmacro-backtrace-limit\=0 -fno-color-diagnostics -fmodules-prune-interval\=86400 -fmodules-prune-after\=345600 -fbuild-session-file\=/Users/runner/work/red-pen-ios/red-pen-ios/ios/build/ModuleCache.noindex/Session.modulevalidation -fmodules-validate-once-per-build-session -Wnon-modular-include-in-framework-module -Werror\=non-modular-include-in-framework-module -Wno-trigraphs -Wno-missing-field-initializers -Wno-missing-prototypes -Wno-return-type -Wno-non-virtual-dtor -Wno-overloaded-virtual -Wno-exit-time-destructors -Wno-missing-braces -Wparentheses -Wswitch -Wno-unused-function -Wno-unused-label -Wno-unused-parameter -Wno-unused-variable -Wunused-value -Wno-empty-body -Wno-uninitialized -Wno-unknown-pragmas -w -Wno-shadow -Wno-four-char-constants -Wno-conversion -Wno-constant-conversion -Wno-int-conversion -Wno-bool-conversion -Wno-enum-conversion -Wno-float-conversion -Wno-non-literal-null-conversion -Wno-objc-literal-conversion -Wshorten-64-to-32 -Wno-newline-eof -Wno-c++11-extensions -Wno-implicit-fallthrough -isysroot /Applications/Xcode_26.6.app/Contents/Developer/Platforms/iPhoneSimulator.platform/Developer/SDKs/iPhoneSimulator26.5.sdk -fstrict-aliasing -Wdeprecated-declarations -Winvalid-offsetof -Wno-sign-conversion -Wno-infinite-recursion -Wno-move -Wno-comma -Wno-block-capture-autoreleasing -Wno-strict-prototypes -Wno-range-loop-analysis -Wno-semicolon-before-method-body -index-store-path /Users/runner/work/red-pen-ios/red-pen-ios/ios/build/Index.noindex/DataStore -w @/Users/runner/work/red-pen-ios/red-pen-ios/ios/build/Build/Intermediates.noindex/LocalLLMClient.build/Debug-iphonesimulator/LocalLLMClientLlamaC.build/Objects-normal/arm64/82b82416624d2658e5098eb0a28c15c5-common-args.resp -MMD -MT dependencies -MF /Users/runner/work/red-pen-ios/red-pen-ios/ios/build/Build/Intermediates.noindex/LocalLLMClient.build/Debug-iphonesimulator/LocalLLMClientLlamaC.build/Objects-normal/arm64/chat-peg-parser.d --serialize-diagnostics /Users/runner/work/red-pen-ios/red-pen-ios/ios/build/Build/Intermediates.noindex/LocalLLMClient.build/Debug-iphonesimulator/LocalLLMClientLlamaC.build/Objects-normal/arm64/chat-peg-parser.dia -c /Users/runner/work/red-pen-ios/red-pen-ios/ios/build/SourcePackages/checkouts/LocalLLMClient/Sources/LocalLLMClientLlamaC/common/chat-peg-parser.cpp -o /Users/runner/work/red-pen-ios/red-pen-ios/ios/build/Build/Intermediates.noindex/LocalLLMClient.build/Debug-iphonesimulator/LocalLLMClientLlamaC.build/Objects-normal/arm64/chat-peg-parser.o -index-unit-output-path /LocalLLMClient.build/Debug-iphonesimulator/LocalLLMClientLlamaC.build/Objects-normal/arm64/chat-peg-parser.o

CompileC /Users/runner/work/red-pen-ios/red-pen-ios/ios/build/Build/Intermediates.noindex/LocalLLMClient.build/Debug-iphonesimulator/LocalLLMClientLlamaC.build/Objects-normal/arm64/chat-diff-analyzer.o /Users/runner/work/red-pen-ios/red-pen-ios/ios/build/SourcePackages/checkouts/LocalLLMClient/Sources/LocalLLMClientLlamaC/common/chat-diff-analyzer.cpp normal arm64 c++ com.apple.compilers.llvm.clang.1_0.compiler (in target 'LocalLLMClientLlamaC' from project 'LocalLLMClient')
    cd /Users/runner/work/red-pen-ios/red-pen-ios/ios/RedPen.xcodeproj
    
    Using response file: /Users/runner/work/red-pen-ios/red-pen-ios/ios/build/Build/Intermediates.noindex/LocalLLMClient.build/Debug-iphonesimulator/LocalLLMClientLlamaC.build/Objects-normal/arm64/82b82416624d2658e5098eb0a28c15c5-common-args.resp
    
    /Applications/Xcode_26.6.app/Contents/Developer/Toolchains/XcodeDefault.xctoolchain/usr/bin/clang -x c++ -ivfsstatcache /Users/runner/work/red-pen-ios/red-pen-ios/ios/build/SDKStatCaches.noindex/iphonesimulator26.5-23F81a-688ef53f1462e2c8f657fdc38a81448ff45c64a1807a658693f2a61704f17a36.sdkstatcache -target arm64-apple-ios17.0-simulator -fmessage-length\=0 -fdiagnostics-show-note-include-stack -fmacro-backtrace-limit\=0 -fno-color-diagnostics -fmodules-prune-interval\=86400 -fmodules-prune-after\=345600 -fbuild-session-file\=/Users/runner/work/red-pen-ios/red-pen-ios/ios/build/ModuleCache.noindex/Session.modulevalidation -fmodules-validate-once-per-build-session -Wnon-modular-include-in-framework-module -Werror\=non-modular-include-in-framework-module -Wno-trigraphs -Wno-missing-field-initializers -Wno-missing-prototypes -Wno-return-type -Wno-non-virtual-dtor -Wno-overloaded-virtual -Wno-exit-time-destructors -Wno-missing-braces -Wparentheses -Wswitch -Wno-unused-function -Wno-unused-label -Wno-unused-parameter -Wno-unused-variable -Wunused-value -Wno-empty-body -Wno-uninitialized -Wno-unknown-pragmas -w -Wno-shadow -Wno-four-char-constants -Wno-conversion -Wno-constant-conversion -Wno-int-conversion -Wno-bool-conversion -Wno-enum-conversion -Wno-float-conversion -Wno-non-literal-null-conversion -Wno-objc-literal-conversion -Wshorten-64-to-32 -Wno-newline-eof -Wno-c++11-extensions -Wno-implicit-fallthrough -isysroot /Applications/Xcode_26.6.app/Contents/Developer/Platforms/iPhoneSimulator.platform/Developer/SDKs/iPhoneSimulator26.5.sdk -fstrict-aliasing -Wdeprecated-declarations -Winvalid-offsetof -Wno-sign-conversion -Wno-infinite-recursion -Wno-move -Wno-comma -Wno-block-capture-autoreleasing -Wno-strict-prototypes -Wno-range-loop-analysis -Wno-semicolon-before-method-body -index-store-path /Users/runner/work/red-pen-ios/red-pen-ios/ios/build/Index.noindex/DataStore -w @/Users/runner/work/red-pen-ios/red-pen-ios/ios/build/Build/Intermediates.noindex/LocalLLMClient.build/Debug-iphonesimulator/LocalLLMClientLlamaC.build/Objects-normal/arm64/82b82416624d2658e5098eb0a28c15c5-common-args.resp -MMD -MT dependencies -MF /Users/runner/work/red-pen-ios/red-pen-ios/ios/build/Build/Intermediates.noindex/LocalLLMClient.build/Debug-iphonesimulator/LocalLLMClientLlamaC.build/Objects-normal/arm64/chat-diff-analyzer.d --serialize-diagnostics /Users/runner/work/red-pen-ios/red-pen-ios/ios/build/Build/Intermediates.noindex/LocalLLMClient.build/Debug-iphonesimulator/LocalLLMClientLlamaC.build/Objects-normal/arm64/chat-diff-analyzer.dia -c /Users/runner/work/red-pen-ios/red-pen-ios/ios/build/SourcePackages/checkouts/LocalLLMClient/Sources/LocalLLMClientLlamaC/common/chat-diff-analyzer.cpp -o /Users/runner/work/red-pen-ios/red-pen-ios/ios/build/Build/Intermediates.noindex/LocalLLMClient.build/Debug-iphonesimulator/LocalLLMClientLlamaC.build/Objects-normal/arm64/chat-diff-analyzer.o -index-unit-output-path /LocalLLMClient.build/Debug-iphonesimulator/LocalLLMClientLlamaC.build/Objects-normal/arm64/chat-diff-analyzer.o

CompileC /Users/runner/work/red-pen-ios/red-pen-ios/ios/build/Build/Intermediates.noindex/LocalLLMClient.build/Debug-iphonesimulator/LocalLLMClientLlamaC.build/Objects-normal/arm64/chat-auto-parser-helpers.o /Users/runner/work/red-pen-ios/red-pen-ios/ios/build/SourcePackages/checkouts/LocalLLMClient/Sources/LocalLLMClientLlamaC/common/chat-auto-parser-helpers.cpp normal arm64 c++ com.apple.compilers.llvm.clang.1_0.compiler (in target 'LocalLLMClientLlamaC' from project 'LocalLLMClient')
    cd /Users/runner/work/red-pen-ios/red-pen-ios/ios/RedPen.xcodeproj
    
    Using response file: /Users/runner/work/red-pen-ios/red-pen-ios/ios/build/Build/Intermediates.noindex/LocalLLMClient.build/Debug-iphonesimulator/LocalLLMClientLlamaC.build/Objects-normal/arm64/82b82416624d2658e5098eb0a28c15c5-common-args.resp
    
    /Applications/Xcode_26.6.app/Contents/Developer/Toolchains/XcodeDefault.xctoolchain/usr/bin/clang -x c++ -ivfsstatcache /Users/runner/work/red-pen-ios/red-pen-ios/ios/build/SDKStatCaches.noindex/iphonesimulator26.5-23F81a-688ef53f1462e2c8f657fdc38a81448ff45c64a1807a658693f2a61704f17a36.sdkstatcache -target arm64-apple-ios17.0-simulator -fmessage-length\=0 -fdiagnostics-show-note-include-stack -fmacro-backtrace-limit\=0 -fno-color-diagnostics -fmodules-prune-interval\=86400 -fmodules-prune-after\=345600 -fbuild-session-file\=/Users/runner/work/red-pen-ios/red-pen-ios/ios/build/ModuleCache.noindex/Session.modulevalidation -fmodules-validate-once-per-build-session -Wnon-modular-include-in-framework-module -Werror\=non-modular-include-in-framework-module -Wno-trigraphs -Wno-missing-field-initializers -Wno-missing-prototypes -Wno-return-type -Wno-non-virtual-dtor -Wno-overloaded-virtual -Wno-exit-time-destructors -Wno-missing-braces -Wparentheses -Wswitch -Wno-unused-function -Wno-unused-label -Wno-unused-parameter -Wno-unused-variable -Wunused-value -Wno-empty-body -Wno-uninitialized -Wno-unknown-pragmas -w -Wno-shadow -Wno-four-char-constants -Wno-conversion -Wno-constant-conversion -Wno-int-conversion -Wno-bool-conversion -Wno-enum-conversion -Wno-float-conversion -Wno-non-literal-null-conversion -Wno-objc-literal-conversion -Wshorten-64-to-32 -Wno-newline-eof -Wno-c++11-extensions -Wno-implicit-fallthrough -isysroot /Applications/Xcode_26.6.app/Contents/Developer/Platforms/iPhoneSimulator.platform/Developer/SDKs/iPhoneSimulator26.5.sdk -fstrict-aliasing -Wdeprecated-declarations -Winvalid-offsetof -Wno-sign-conversion -Wno-infinite-recursion -Wno-move -Wno-comma -Wno-block-capture-autoreleasing -Wno-strict-prototypes -Wno-range-loop-analysis -Wno-semicolon-before-method-body -index-store-path /Users/runner/work/red-pen-ios/red-pen-ios/ios/build/Index.noindex/DataStore -w @/Users/runner/work/red-pen-ios/red-pen-ios/ios/build/Build/Intermediates.noindex/LocalLLMClient.build/Debug-iphonesimulator/LocalLLMClientLlamaC.build/Objects-normal/arm64/82b82416624d2658e5098eb0a28c15c5-common-args.resp -MMD -MT dependencies -MF /Users/runner/work/red-pen-ios/red-pen-ios/ios/build/Build/Intermediates.noindex/LocalLLMClient.build/Debug-iphonesimulator/LocalLLMClientLlamaC.build/Objects-normal/arm64/chat-auto-parser-helpers.d --serialize-diagnostics /Users/runner/work/red-pen-ios/red-pen-ios/ios/build/Build/Intermediates.noindex/LocalLLMClient.build/Debug-iphonesimulator/LocalLLMClientLlamaC.build/Objects-normal/arm64/chat-auto-parser-helpers.dia -c /Users/runner/work/red-pen-ios/red-pen-ios/ios/build/SourcePackages/checkouts/LocalLLMClient/Sources/LocalLLMClientLlamaC/common/chat-auto-parser-helpers.cpp -o /Users/runner/work/red-pen-ios/red-pen-ios/ios/build/Build/Intermediates.noindex/LocalLLMClient.build/Debug-iphonesimulator/LocalLLMClientLlamaC.build/Objects-normal/arm64/chat-auto-parser-helpers.o -index-unit-output-path /LocalLLMClient.build/Debug-iphonesimulator/LocalLLMClientLlamaC.build/Objects-normal/arm64/chat-auto-parser-helpers.o

CompileC /Users/runner/work/red-pen-ios/red-pen-ios/ios/build/Build/Intermediates.noindex/LocalLLMClient.build/Debug-iphonesimulator/LocalLLMClientLlamaC.build/Objects-normal/arm64/chat-auto-parser-generator.o /Users/runner/work/red-pen-ios/red-pen-ios/ios/build/SourcePackages/checkouts/LocalLLMClient/Sources/LocalLLMClientLlamaC/common/chat-auto-parser-generator.cpp normal arm64 c++ com.apple.compilers.llvm.clang.1_0.compiler (in target 'LocalLLMClientLlamaC' from project 'LocalLLMClient')
    cd /Users/runner/work/red-pen-ios/red-pen-ios/ios/RedPen.xcodeproj
    
    Using response file: /Users/runner/work/red-pen-ios/red-pen-ios/ios/build/Build/Intermediates.noindex/LocalLLMClient.build/Debug-iphonesimulator/LocalLLMClientLlamaC.build/Objects-normal/arm64/82b82416624d2658e5098eb0a28c15c5-common-args.resp
    
    /Applications/Xcode_26.6.app/Contents/Developer/Toolchains/XcodeDefault.xctoolchain/usr/bin/clang -x c++ -ivfsstatcache /Users/runner/work/red-pen-ios/red-pen-ios/ios/build/SDKStatCaches.noindex/iphonesimulator26.5-23F81a-688ef53f1462e2c8f657fdc38a81448ff45c64a1807a658693f2a61704f17a36.sdkstatcache -target arm64-apple-ios17.0-simulator -fmessage-length\=0 -fdiagnostics-show-note-include-stack -fmacro-backtrace-limit\=0 -fno-color-diagnostics -fmodules-prune-interval\=86400 -fmodules-prune-after\=345600 -fbuild-session-file\=/Users/runner/work/red-pen-ios/red-pen-ios/ios/build/ModuleCache.noindex/Session.modulevalidation -fmodules-validate-once-per-build-session -Wnon-modular-include-in-framework-module -Werror\=non-modular-include-in-framework-module -Wno-trigraphs -Wno-missing-field-initializers -Wno-missing-prototypes -Wno-return-type -Wno-non-virtual-dtor -Wno-overloaded-virtual -Wno-exit-time-destructors -Wno-missing-braces -Wparentheses -Wswitch -Wno-unused-function -Wno-unused-label -Wno-unused-parameter -Wno-unused-variable -Wunused-value -Wno-empty-body -Wno-uninitialized -Wno-unknown-pragmas -w -Wno-shadow -Wno-four-char-constants -Wno-conversion -Wno-constant-conversion -Wno-int-conversion -Wno-bool-conversion -Wno-enum-conversion -Wno-float-conversion -Wno-non-literal-null-conversion -Wno-objc-literal-conversion -Wshorten-64-to-32 -Wno-newline-eof -Wno-c++11-extensions -Wno-implicit-fallthrough -isysroot /Applications/Xcode_26.6.app/Contents/Developer/Platforms/iPhoneSimulator.platform/Developer/SDKs/iPhoneSimulator26.5.sdk -fstrict-aliasing -Wdeprecated-declarations -Winvalid-offsetof -Wno-sign-conversion -Wno-infinite-recursion -Wno-move -Wno-comma -Wno-block-capture-autoreleasing -Wno-strict-prototypes -Wno-range-loop-analysis -Wno-semicolon-before-method-body -index-store-path /Users/runner/work/red-pen-ios/red-pen-ios/ios/build/Index.noindex/DataStore -w @/Users/runner/work/red-pen-ios/red-pen-ios/ios/build/Build/Intermediates.noindex/LocalLLMClient.build/Debug-iphonesimulator/LocalLLMClientLlamaC.build/Objects-normal/arm64/82b82416624d2658e5098eb0a28c15c5-common-args.resp -MMD -MT dependencies -MF /Users/runner/work/red-pen-ios/red-pen-ios/ios/build/Build/Intermediates.noindex/LocalLLMClient.build/Debug-iphonesimulator/LocalLLMClientLlamaC.build/Objects-normal/arm64/chat-auto-parser-generator.d --serialize-diagnostics /Users/runner/work/red-pen-ios/red-pen-ios/ios/build/Build/Intermediates.noindex/LocalLLMClient.build/Debug-iphonesimulator/LocalLLMClientLlamaC.build/Objects-normal/arm64/chat-auto-parser-generator.dia -c /Users/runner/work/red-pen-ios/red-pen-ios/ios/build/SourcePackages/checkouts/LocalLLMClient/Sources/LocalLLMClientLlamaC/common/chat-auto-parser-generator.cpp -o /Users/runner/work/red-pen-ios/red-pen-ios/ios/build/Build/Intermediates.noindex/LocalLLMClient.build/Debug-iphonesimulator/LocalLLMClientLlamaC.build/Objects-normal/arm64/chat-auto-parser-generator.o -index-unit-output-path /LocalLLMClient.build/Debug-iphonesimulator/LocalLLMClientLlamaC.build/Objects-normal/arm64/chat-auto-parser-generator.o

CompileC /Users/runner/work/red-pen-ios/red-pen-ios/ios/build/Build/Intermediates.noindex/LocalLLMClient.build/Debug-iphonesimulator/LocalLLMClientLlamaC.build/Objects-normal/arm64/caps.o /Users/runner/work/red-pen-ios/red-pen-ios/ios/build/SourcePackages/checkouts/LocalLLMClient/Sources/LocalLLMClientLlamaC/include/jinja/caps.cpp normal arm64 c++ com.apple.compilers.llvm.clang.1_0.compiler (in target 'LocalLLMClientLlamaC' from project 'LocalLLMClient')
    cd /Users/runner/work/red-pen-ios/red-pen-ios/ios/RedPen.xcodeproj
    
    Using response file: /Users/runner/work/red-pen-ios/red-pen-ios/ios/build/Build/Intermediates.noindex/LocalLLMClient.build/Debug-iphonesimulator/LocalLLMClientLlamaC.build/Objects-normal/arm64/82b82416624d2658e5098eb0a28c15c5-common-args.resp
    
    /Applications/Xcode_26.6.app/Contents/Developer/Toolchains/XcodeDefault.xctoolchain/usr/bin/clang -x c++ -ivfsstatcache /Users/runner/work/red-pen-ios/red-pen-ios/ios/build/SDKStatCaches.noindex/iphonesimulator26.5-23F81a-688ef53f1462e2c8f657fdc38a81448ff45c64a1807a658693f2a61704f17a36.sdkstatcache -target arm64-apple-ios17.0-simulator -fmessage-length\=0 -fdiagnostics-show-note-include-stack -fmacro-backtrace-limit\=0 -fno-color-diagnostics -fmodules-prune-interval\=86400 -fmodules-prune-after\=345600 -fbuild-session-file\=/Users/runner/work/red-pen-ios/red-pen-ios/ios/build/ModuleCache.noindex/Session.modulevalidation -fmodules-validate-once-per-build-session -Wnon-modular-include-in-framework-module -Werror\=non-modular-include-in-framework-module -Wno-trigraphs -Wno-missing-field-initializers -Wno-missing-prototypes -Wno-return-type -Wno-non-virtual-dtor -Wno-overloaded-virtual -Wno-exit-time-destructors -Wno-missing-braces -Wparentheses -Wswitch -Wno-unused-function -Wno-unused-label -Wno-unused-parameter -Wno-unused-variable -Wunused-value -Wno-empty-body -Wno-uninitialized -Wno-unknown-pragmas -w -Wno-shadow -Wno-four-char-constants -Wno-conversion -Wno-constant-conversion -Wno-int-conversion -Wno-bool-conversion -Wno-enum-conversion -Wno-float-conversion -Wno-non-literal-null-conversion -Wno-objc-literal-conversion -Wshorten-64-to-32 -Wno-newline-eof -Wno-c++11-extensions -Wno-implicit-fallthrough -isysroot /Applications/Xcode_26.6.app/Contents/Developer/Platforms/iPhoneSimulator.platform/Developer/SDKs/iPhoneSimulator26.5.sdk -fstrict-aliasing -Wdeprecated-declarations -Winvalid-offsetof -Wno-sign-conversion -Wno-infinite-recursion -Wno-move -Wno-comma -Wno-block-capture-autoreleasing -Wno-strict-prototypes -Wno-range-loop-analysis -Wno-semicolon-before-method-body -index-store-path /Users/runner/work/red-pen-ios/red-pen-ios/ios/build/Index.noindex/DataStore -w @/Users/runner/work/red-pen-ios/red-pen-ios/ios/build/Build/Intermediates.noindex/LocalLLMClient.build/Debug-iphonesimulator/LocalLLMClientLlamaC.build/Objects-normal/arm64/82b82416624d2658e5098eb0a28c15c5-common-args.resp -MMD -MT dependencies -MF /Users/runner/work/red-pen-ios/red-pen-ios/ios/build/Build/Intermediates.noindex/LocalLLMClient.build/Debug-iphonesimulator/LocalLLMClientLlamaC.build/Objects-normal/arm64/caps.d --serialize-diagnostics /Users/runner/work/red-pen-ios/red-pen-ios/ios/build/Build/Intermediates.noindex/LocalLLMClient.build/Debug-iphonesimulator/LocalLLMClientLlamaC.build/Objects-normal/arm64/caps.dia -c /Users/runner/work/red-pen-ios/red-pen-ios/ios/build/SourcePackages/checkouts/LocalLLMClient/Sources/LocalLLMClientLlamaC/include/jinja/caps.cpp -o /Users/runner/work/red-pen-ios/red-pen-ios/ios/build/Build/Intermediates.noindex/LocalLLMClient.build/Debug-iphonesimulator/LocalLLMClientLlamaC.build/Objects-normal/arm64/caps.o -index-unit-output-path /LocalLLMClient.build/Debug-iphonesimulator/LocalLLMClientLlamaC.build/Objects-normal/arm64/caps.o

CompileC /Users/runner/work/red-pen-ios/red-pen-ios/ios/build/Build/Intermediates.noindex/LocalLLMClient.build/Debug-iphonesimulator/LocalLLMClientLlamaC.build/Objects-normal/arm64/build-info.o /Users/runner/work/red-pen-ios/red-pen-ios/ios/build/SourcePackages/checkouts/LocalLLMClient/Sources/LocalLLMClientLlamaC/common/build-info.cpp normal arm64 c++ com.apple.compilers.llvm.clang.1_0.compiler (in target 'LocalLLMClientLlamaC' from project 'LocalLLMClient')
    cd /Users/runner/work/red-pen-ios/red-pen-ios/ios/RedPen.xcodeproj
    
    Using response file: /Users/runner/work/red-pen-ios/red-pen-ios/ios/build/Build/Intermediates.noindex/LocalLLMClient.build/Debug-iphonesimulator/LocalLLMClientLlamaC.build/Objects-normal/arm64/82b82416624d2658e5098eb0a28c15c5-common-args.resp
    
    /Applications/Xcode_26.6.app/Contents/Developer/Toolchains/XcodeDefault.xctoolchain/usr/bin/clang -x c++ -ivfsstatcache /Users/runner/work/red-pen-ios/red-pen-ios/ios/build/SDKStatCaches.noindex/iphonesimulator26.5-23F81a-688ef53f1462e2c8f657fdc38a81448ff45c64a1807a658693f2a61704f17a36.sdkstatcache -target arm64-apple-ios17.0-simulator -fmessage-length\=0 -fdiagnostics-show-note-include-stack -fmacro-backtrace-limit\=0 -fno-color-diagnostics -fmodules-prune-interval\=86400 -fmodules-prune-after\=345600 -fbuild-session-file\=/Users/runner/work/red-pen-ios/red-pen-ios/ios/build/ModuleCache.noindex/Session.modulevalidation -fmodules-validate-once-per-build-session -Wnon-modular-include-in-framework-module -Werror\=non-modular-include-in-framework-module -Wno-trigraphs -Wno-missing-field-initializers -Wno-missing-prototypes -Wno-return-type -Wno-non-virtual-dtor -Wno-overloaded-virtual -Wno-exit-time-destructors -Wno-missing-braces -Wparentheses -Wswitch -Wno-unused-function -Wno-unused-label -Wno-unused-parameter -Wno-unused-variable -Wunused-value -Wno-empty-body -Wno-uninitialized -Wno-unknown-pragmas -w -Wno-shadow -Wno-four-char-constants -Wno-conversion -Wno-constant-conversion -Wno-int-conversion -Wno-bool-conversion -Wno-enum-conversion -Wno-float-conversion -Wno-non-literal-null-conversion -Wno-objc-literal-conversion -Wshorten-64-to-32 -Wno-newline-eof -Wno-c++11-extensions -Wno-implicit-fallthrough -isysroot /Applications/Xcode_26.6.app/Contents/Developer/Platforms/iPhoneSimulator.platform/Developer/SDKs/iPhoneSimulator26.5.sdk -fstrict-aliasing -Wdeprecated-declarations -Winvalid-offsetof -Wno-sign-conversion -Wno-infinite-recursion -Wno-move -Wno-comma -Wno-block-capture-autoreleasing -Wno-strict-prototypes -Wno-range-loop-analysis -Wno-semicolon-before-method-body -index-store-path /Users/runner/work/red-pen-ios/red-pen-ios/ios/build/Index.noindex/DataStore -w @/Users/runner/work/red-pen-ios/red-pen-ios/ios/build/Build/Intermediates.noindex/LocalLLMClient.build/Debug-iphonesimulator/LocalLLMClientLlamaC.build/Objects-normal/arm64/82b82416624d2658e5098eb0a28c15c5-common-args.resp -MMD -MT dependencies -MF /Users/runner/work/red-pen-ios/red-pen-ios/ios/build/Build/Intermediates.noindex/LocalLLMClient.build/Debug-iphonesimulator/LocalLLMClientLlamaC.build/Objects-normal/arm64/build-info.d --serialize-diagnostics /Users/runner/work/red-pen-ios/red-pen-ios/ios/build/Build/Intermediates.noindex/LocalLLMClient.build/Debug-iphonesimulator/LocalLLMClientLlamaC.build/Objects-normal/arm64/build-info.dia -c /Users/runner/work/red-pen-ios/red-pen-ios/ios/build/SourcePackages/checkouts/LocalLLMClient/Sources/LocalLLMClientLlamaC/common/build-info.cpp -o /Users/runner/work/red-pen-ios/red-pen-ios/ios/build/Build/Intermediates.noindex/LocalLLMClient.build/Debug-iphonesimulator/LocalLLMClientLlamaC.build/Objects-normal/arm64/build-info.o -index-unit-output-path /LocalLLMClient.build/Debug-iphonesimulator/LocalLLMClientLlamaC.build/Objects-normal/arm64/build-info.o

SwiftCompile normal arm64 Compiling\ Globs.swift,\ HuggingFaceAPI.swift /Users/runner/work/red-pen-ios/red-pen-ios/ios/build/SourcePackages/checkouts/LocalLLMClient/Sources/LocalLLMClientUtility/Globs.swift /Users/runner/work/red-pen-ios/red-pen-ios/ios/build/SourcePackages/checkouts/LocalLLMClient/Sources/LocalLLMClientUtility/HuggingFaceAPI.swift (in target 'LocalLLMClientUtility' from project 'LocalLLMClient')
SwiftCompile normal arm64 /Users/runner/work/red-pen-ios/red-pen-ios/ios/build/SourcePackages/checkouts/LocalLLMClient/Sources/LocalLLMClientUtility/Globs.swift (in target 'LocalLLMClientUtility' from project 'LocalLLMClient')
    cd /Users/runner/work/red-pen-ios/red-pen-ios/ios/RedPen.xcodeproj
    

SwiftCompile normal arm64 /Users/runner/work/red-pen-ios/red-pen-ios/ios/build/SourcePackages/checkouts/LocalLLMClient/Sources/LocalLLMClientUtility/HuggingFaceAPI.swift (in target 'LocalLLMClientUtility' from project 'LocalLLMClient')
    cd /Users/runner/work/red-pen-ios/red-pen-ios/ios/RedPen.xcodeproj
    

SwiftCompile normal arm64 Compiling\ Lock.swift,\ URL+.swift /Users/runner/work/red-pen-ios/red-pen-ios/ios/build/SourcePackages/checkouts/LocalLLMClient/Sources/LocalLLMClientUtility/Lock.swift /Users/runner/work/red-pen-ios/red-pen-ios/ios/build/SourcePackages/checkouts/LocalLLMClient/Sources/LocalLLMClientUtility/URL+.swift (in target 'LocalLLMClientUtility' from project 'LocalLLMClient')
SwiftCompile normal arm64 /Users/runner/work/red-pen-ios/red-pen-ios/ios/build/SourcePackages/checkouts/LocalLLMClient/Sources/LocalLLMClientUtility/Lock.swift (in target 'LocalLLMClientUtility' from project 'LocalLLMClient')
    cd /Users/runner/work/red-pen-ios/red-pen-ios/ios/RedPen.xcodeproj
    

SwiftCompile normal arm64 /Users/runner/work/red-pen-ios/red-pen-ios/ios/build/SourcePackages/checkouts/LocalLLMClient/Sources/LocalLLMClientUtility/URL+.swift (in target 'LocalLLMClientUtility' from project 'LocalLLMClient')
    cd /Users/runner/work/red-pen-ios/red-pen-ios/ios/RedPen.xcodeproj
    

SwiftCompile normal arm64 Compiling\ Downloader.swift,\ FileDownloader.swift /Users/runner/work/red-pen-ios/red-pen-ios/ios/build/SourcePackages/checkouts/LocalLLMClient/Sources/LocalLLMClientUtility/Downloader.swift /Users/runner/work/red-pen-ios/red-pen-ios/ios/build/SourcePackages/checkouts/LocalLLMClient/Sources/LocalLLMClientUtility/FileDownloader.swift (in target 'LocalLLMClientUtility' from project 'LocalLLMClient')
SwiftCompile normal arm64 /Users/runner/work/red-pen-ios/red-pen-ios/ios/build/SourcePackages/checkouts/LocalLLMClient/Sources/LocalLLMClientUtility/Downloader.swift (in target 'LocalLLMClientUtility' from project 'LocalLLMClient')
    cd /Users/runner/work/red-pen-ios/red-pen-ios/ios/RedPen.xcodeproj
    

SwiftCompile normal arm64 /Users/runner/work/red-pen-ios/red-pen-ios/ios/build/SourcePackages/checkouts/LocalLLMClient/Sources/LocalLLMClientUtility/FileDownloader.swift (in target 'LocalLLMClientUtility' from project 'LocalLLMClient')
    cd /Users/runner/work/red-pen-ios/red-pen-ios/ios/RedPen.xcodeproj
    

Ld /Users/runner/work/red-pen-ios/red-pen-ios/ios/build/Build/Products/Debug-iphonesimulator/LocalLLMClientLlamaC.o normal (in target 'LocalLLMClientLlamaC' from project 'LocalLLMClient')
    cd /Users/runner/work/red-pen-ios/red-pen-ios/ios/build/SourcePackages/checkouts/LocalLLMClient
    /Applications/Xcode_26.6.app/Contents/Developer/Toolchains/XcodeDefault.xctoolchain/usr/bin/clang++ -Xlinker -reproducible -target arm64-apple-ios17.0-simulator -r -isysroot /Applications/Xcode_26.6.app/Contents/Developer/Platforms/iPhoneSimulator.platform/Developer/SDKs/iPhoneSimulator26.5.sdk -O0 -w -F/Users/runner/work/red-pen-ios/red-pen-ios/ios/build/Build/Intermediates.noindex/EagerLinkingTBDs/Debug-iphonesimulator -F/Users/runner/work/red-pen-ios/red-pen-ios/ios/build/Build/Products/Debug-iphonesimulator -iframework /Applications/Xcode_26.6.app/Contents/Developer/Platforms/iPhoneSimulator.platform/Developer/Library/Frameworks -iframework /Applications/Xcode_26.6.app/Contents/Developer/Platforms/iPhoneSimulator.platform/Developer/SDKs/iPhoneSimulator26.5.sdk/Developer/Library/Frameworks -filelist /Users/runner/work/red-pen-ios/red-pen-ios/ios/build/Build/Intermediates.noindex/LocalLLMClient.build/Debug-iphonesimulator/LocalLLMClientLlamaC.build/Objects-normal/arm64/LocalLLMClientLlamaC.LinkFileList -nostdlib -Xlinker -object_path_lto -Xlinker /Users/runner/work/red-pen-ios/red-pen-ios/ios/build/Build/Intermediates.noindex/LocalLLMClient.build/Debug-iphonesimulator/LocalLLMClientLlamaC.build/Objects-normal/arm64/LocalLLMClientLlamaC_lto.o -Xlinker -no_deduplicate -Xlinker -objc_abi_version -Xlinker 2 -Xlinker -dependency_info -Xlinker /Users/runner/work/red-pen-ios/red-pen-ios/ios/build/Build/Intermediates.noindex/LocalLLMClient.build/Debug-iphonesimulator/LocalLLMClientLlamaC.build/Objects-normal/arm64/LocalLLMClientLlamaC_dependency_info.dat -o /Users/runner/work/red-pen-ios/red-pen-ios/ios/build/Build/Products/Debug-iphonesimulator/LocalLLMClientLlamaC.o

SwiftDriverJobDiscovery normal arm64 Compiling Globs.swift, HuggingFaceAPI.swift (in target 'LocalLLMClientUtility' from project 'LocalLLMClient')

SwiftCompile normal arm64 Compiling\ ToolArgumentMacro.swift,\ ToolArgumentsMacro.swift /Users/runner/work/red-pen-ios/red-pen-ios/ios/build/SourcePackages/checkouts/LocalLLMClient/Sources/LocalLLMClientMacrosPlugin/ToolArgumentMacro.swift /Users/runner/work/red-pen-ios/red-pen-ios/ios/build/SourcePackages/checkouts/LocalLLMClient/Sources/LocalLLMClientMacrosPlugin/ToolArgumentsMacro.swift (in target 'LocalLLMClientMacrosPlugin' from project 'LocalLLMClient')
SwiftCompile normal arm64 /Users/runner/work/red-pen-ios/red-pen-ios/ios/build/SourcePackages/checkouts/LocalLLMClient/Sources/LocalLLMClientMacrosPlugin/ToolArgumentMacro.swift (in target 'LocalLLMClientMacrosPlugin' from project 'LocalLLMClient')
    cd /Users/runner/work/red-pen-ios/red-pen-ios/ios/RedPen.xcodeproj
    

SwiftCompile normal arm64 /Users/runner/work/red-pen-ios/red-pen-ios/ios/build/SourcePackages/checkouts/LocalLLMClient/Sources/LocalLLMClientMacrosPlugin/ToolArgumentsMacro.swift (in target 'LocalLLMClientMacrosPlugin' from project 'LocalLLMClient')
    cd /Users/runner/work/red-pen-ios/red-pen-ios/ios/RedPen.xcodeproj
    

SwiftDriverJobDiscovery normal arm64 Compiling Lock.swift, URL+.swift (in target 'LocalLLMClientUtility' from project 'LocalLLMClient')

SwiftCompile normal arm64 Compiling\ ToolMacro.swift /Users/runner/work/red-pen-ios/red-pen-ios/ios/build/SourcePackages/checkouts/LocalLLMClient/Sources/LocalLLMClientMacrosPlugin/ToolMacro.swift (in target 'LocalLLMClientMacrosPlugin' from project 'LocalLLMClient')

SwiftCompile normal arm64 /Users/runner/work/red-pen-ios/red-pen-ios/ios/build/SourcePackages/checkouts/LocalLLMClient/Sources/LocalLLMClientMacrosPlugin/ToolMacro.swift (in target 'LocalLLMClientMacrosPlugin' from project 'LocalLLMClient')
    cd /Users/runner/work/red-pen-ios/red-pen-ios/ios/RedPen.xcodeproj
    

SwiftDriverJobDiscovery normal arm64 Compiling Downloader.swift, FileDownloader.swift (in target 'LocalLLMClientUtility' from project 'LocalLLMClient')

SwiftDriver\ Compilation LocalLLMClientUtility normal arm64 com.apple.xcode.tools.swift.compiler (in target 'LocalLLMClientUtility' from project 'LocalLLMClient')
    cd /Users/runner/work/red-pen-ios/red-pen-ios/ios/RedPen.xcodeproj
    builtin-Swift-Compilation -- /Applications/Xcode_26.6.app/Contents/Developer/Toolchains/XcodeDefault.xctoolchain/usr/bin/swiftc -module-name LocalLLMClientUtility -Onone @/Users/runner/work/red-pen-ios/red-pen-ios/ios/build/Build/Intermediates.noindex/LocalLLMClient.build/Debug-iphonesimulator/LocalLLMClientUtility.build/Objects-normal/arm64/LocalLLMClientUtility.SwiftFileList -DSWIFT_PACKAGE -DDEBUG -DSWIFT_MODULE_RESOURCE_BUNDLE_UNAVAILABLE -DXcode -plugin-path /Applications/Xcode_26.6.app/Contents/Developer/Toolchains/XcodeDefault.xctoolchain/usr/lib/swift/host/plugins/testing -enable-experimental-feature DebugDescriptionMacro -sdk /Applications/Xcode_26.6.app/Contents/Developer/Platforms/iPhoneSimulator.platform/Developer/SDKs/iPhoneSimulator26.5.sdk -target arm64-apple-ios17.0-simulator -g -module-cache-path /Users/runner/work/red-pen-ios/red-pen-ios/ios/build/ModuleCache.noindex -Xfrontend -serialize-debugging-options -enable-testing -suppress-warnings -index-store-path /Users/runner/work/red-pen-ios/red-pen-ios/ios/build/Index.noindex/DataStore -Xcc -D_LIBCPP_HARDENING_MODE\=_LIBCPP_HARDENING_MODE_DEBUG -swift-version 6 -I /Users/runner/work/red-pen-ios/red-pen-ios/ios/build/Build/Products/Debug-iphonesimulator -Isystem /Applications/Xcode_26.6.app/Contents/Developer/Platforms/iPhoneSimulator.platform/Developer/usr/lib -F /Users/runner/work/red-pen-ios/red-pen-ios/ios/build/Build/Products/Debug-iphonesimulator -F /Applications/Xcode_26.6.app/Contents/Developer/Platforms/iPhoneSimulator.platform/Developer/Library/Frameworks -F /Applications/Xcode_26.6.app/Contents/Developer/Platforms/iPhoneSimulator.platform/Developer/SDKs/iPhoneSimulator26.5.sdk/Developer/Library/Frameworks -c -j3 -enable-batch-mode -incremental -Xcc -ivfsstatcache -Xcc /Users/runner/work/red-pen-ios/red-pen-ios/ios/build/SDKStatCaches.noindex/iphonesimulator26.5-23F81a-688ef53f1462e2c8f657fdc38a81448ff45c64a1807a658693f2a61704f17a36.sdkstatcache -output-file-map /Users/runner/work/red-pen-ios/red-pen-ios/ios/build/Build/Intermediates.noindex/LocalLLMClient.build/Debug-iphonesimulator/LocalLLMClientUtility.build/Objects-normal/arm64/LocalLLMClientUtility-OutputFileMap.json -use-frontend-parseable-output -save-temps -no-color-diagnostics -serialize-diagnostics -emit-dependencies -emit-module -emit-module-path /Users/runner/work/red-pen-ios/red-pen-ios/ios/build/Build/Intermediates.noindex/LocalLLMClient.build/Debug-iphonesimulator/LocalLLMClientUtility.build/Objects-normal/arm64/LocalLLMClientUtility.swiftmodule -validate-clang-modules-once -clang-build-session-file /Users/runner/work/red-pen-ios/red-pen-ios/ios/build/ModuleCache.noindex/Session.modulevalidation -package-name localllmclient -Xcc -I/Users/runner/work/red-pen-ios/red-pen-ios/ios/build/Build/Intermediates.noindex/LocalLLMClient.build/Debug-iphonesimulator/LocalLLMClientUtility.build/swift-overrides.hmap -emit-const-values -Xfrontend -const-gather-protocols-file -Xfrontend /Users/runner/work/red-pen-ios/red-pen-ios/ios/build/Build/Intermediates.noindex/LocalLLMClient.build/Debug-iphonesimulator/LocalLLMClientUtility.build/Objects-normal/arm64/LocalLLMClientUtility_const_extract_protocols.json -Xcc -I/Users/runner/work/red-pen-ios/red-pen-ios/ios/build/Build/Products/Debug-iphonesimulator/include -Xcc -I/Users/runner/work/red-pen-ios/red-pen-ios/ios/build/Build/Intermediates.noindex/LocalLLMClient.build/Debug-iphonesimulator/LocalLLMClientUtility.build/DerivedSources-normal/arm64 -Xcc -I/Users/runner/work/red-pen-ios/red-pen-ios/ios/build/Build/Intermediates.noindex/LocalLLMClient.build/Debug-iphonesimulator/LocalLLMClientUtility.build/DerivedSources/arm64 -Xcc -I/Users/runner/work/red-pen-ios/red-pen-ios/ios/build/Build/Intermediates.noindex/LocalLLMClient.build/Debug-iphonesimulator/LocalLLMClientUtility.build/DerivedSources -Xcc -DSWIFT_PACKAGE -Xcc -DDEBUG\=1 -emit-objc-header -emit-objc-header-path /Users/runner/work/red-pen-ios/red-pen-ios/ios/build/Build/Intermediates.noindex/LocalLLMClient.build/Debug-iphonesimulator/LocalLLMClientUtility.build/Objects-normal/arm64/LocalLLMClientUtility-Swift.h -working-directory /Users/runner/work/red-pen-ios/red-pen-ios/ios/RedPen.xcodeproj -experimental-emit-module-separately -disable-cmo

SwiftCompile normal arm64 Compiling\ LocalLLMClientMacrosPlugin.swift,\ ToolArgumentEnumMacro.swift /Users/runner/work/red-pen-ios/red-pen-ios/ios/build/SourcePackages/checkouts/LocalLLMClient/Sources/LocalLLMClientMacrosPlugin/LocalLLMClientMacrosPlugin.swift /Users/runner/work/red-pen-ios/red-pen-ios/ios/build/SourcePackages/checkouts/LocalLLMClient/Sources/LocalLLMClientMacrosPlugin/ToolArgumentEnumMacro.swift (in target 'LocalLLMClientMacrosPlugin' from project 'LocalLLMClient')

SwiftCompile normal arm64 /Users/runner/work/red-pen-ios/red-pen-ios/ios/build/SourcePackages/checkouts/LocalLLMClient/Sources/LocalLLMClientMacrosPlugin/LocalLLMClientMacrosPlugin.swift (in target 'LocalLLMClientMacrosPlugin' from project 'LocalLLMClient')
    cd /Users/runner/work/red-pen-ios/red-pen-ios/ios/RedPen.xcodeproj
    

SwiftCompile normal arm64 /Users/runner/work/red-pen-ios/red-pen-ios/ios/build/SourcePackages/checkouts/LocalLLMClient/Sources/LocalLLMClientMacrosPlugin/ToolArgumentEnumMacro.swift (in target 'LocalLLMClientMacrosPlugin' from project 'LocalLLMClient')
    cd /Users/runner/work/red-pen-ios/red-pen-ios/ios/RedPen.xcodeproj
    

SwiftDriverJobDiscovery normal arm64 Compiling LocalLLMClientMacrosPlugin.swift, ToolArgumentEnumMacro.swift (in target 'LocalLLMClientMacrosPlugin' from project 'LocalLLMClient')

SwiftCompile normal arm64 Compiling\ RandomAccessCollection+Offsets.swift,\ Span+Extras.swift,\ String+Padding.swift,\ _UnsafeBitSet+Index.swift,\ _UnsafeBitSet+_Word.swift,\ _UnsafeBitSet.swift /Users/runner/work/red-pen-ios/red-pen-ios/ios/build/SourcePackages/checkouts/swift-collections/Sources/InternalCollectionsUtilities/RandomAccessCollection+Offsets.swift /Users/runner/work/red-pen-ios/red-pen-ios/ios/build/SourcePackages/checkouts/swift-collections/Sources/InternalCollectionsUtilities/Span+Extras.swift /Users/runner/work/red-pen-ios/red-pen-ios/ios/build/SourcePackages/checkouts/swift-collections/Sources/InternalCollectionsUtilities/String+Padding.swift /Users/runner/work/red-pen-ios/red-pen-ios/ios/build/SourcePackages/checkouts/swift-collections/Sources/InternalCollectionsUtilities/UnsafeBitSet/_UnsafeBitSet+Index.swift /Users/runner/work/red-pen-ios/red-pen-ios/ios/build/SourcePackages/checkouts/swift-collections/Sources/InternalCollectionsUtilities/UnsafeBitSet/_UnsafeBitSet+_Word.swift /Users/runner/work/red-pen-ios/red-pen-ios/ios/build/SourcePackages/checkouts/swift-collections/Sources/InternalCollectionsUtilities/UnsafeBitSet/_UnsafeBitSet.swift (in target 'InternalCollectionsUtilities' from project 'swift-collections')

SwiftCompile normal arm64 /Users/runner/work/red-pen-ios/red-pen-ios/ios/build/SourcePackages/checkouts/swift-collections/Sources/InternalCollectionsUtilities/RandomAccessCollection+Offsets.swift (in target 'InternalCollectionsUtilities' from project 'swift-collections')
    cd /Users/runner/work/red-pen-ios/red-pen-ios/ios/RedPen.xcodeproj
    

SwiftCompile normal arm64 /Users/runner/work/red-pen-ios/red-pen-ios/ios/build/SourcePackages/checkouts/swift-collections/Sources/InternalCollectionsUtilities/Span+Extras.swift (in target 'InternalCollectionsUtilities' from project 'swift-collections')
    cd /Users/runner/work/red-pen-ios/red-pen-ios/ios/RedPen.xcodeproj
    

SwiftCompile normal arm64 /Users/runner/work/red-pen-ios/red-pen-ios/ios/build/SourcePackages/checkouts/swift-collections/Sources/InternalCollectionsUtilities/String+Padding.swift (in target 'InternalCollectionsUtilities' from project 'swift-collections')
    cd /Users/runner/work/red-pen-ios/red-pen-ios/ios/RedPen.xcodeproj
    

SwiftCompile normal arm64 /Users/runner/work/red-pen-ios/red-pen-ios/ios/build/SourcePackages/checkouts/swift-collections/Sources/InternalCollectionsUtilities/UnsafeBitSet/_UnsafeBitSet+Index.swift (in target 'InternalCollectionsUtilities' from project 'swift-collections')
    cd /Users/runner/work/red-pen-ios/red-pen-ios/ios/RedPen.xcodeproj
    

SwiftCompile normal arm64 /Users/runner/work/red-pen-ios/red-pen-ios/ios/build/SourcePackages/checkouts/swift-collections/Sources/InternalCollectionsUtilities/UnsafeBitSet/_UnsafeBitSet+_Word.swift (in target 'InternalCollectionsUtilities' from project 'swift-collections')
    cd /Users/runner/work/red-pen-ios/red-pen-ios/ios/RedPen.xcodeproj
    

SwiftCompile normal arm64 /Users/runner/work/red-pen-ios/red-pen-ios/ios/build/SourcePackages/checkouts/swift-collections/Sources/InternalCollectionsUtilities/UnsafeBitSet/_UnsafeBitSet.swift (in target 'InternalCollectionsUtilities' from project 'swift-collections')
    cd /Users/runner/work/red-pen-ios/red-pen-ios/ios/RedPen.xcodeproj
    

SwiftDriverJobDiscovery normal arm64 Compiling ToolMacro.swift (in target 'LocalLLMClientMacrosPlugin' from project 'LocalLLMClient')

SwiftCompile normal arm64 Compiling\ Debugging.swift,\ Descriptions.swift,\ FixedWidthInteger+roundUpToPowerOfTwo.swift,\ Integer\ rank.swift,\ UInt+first\ and\ last\ set\ bit.swift,\ UInt+reversed.swift,\ LifetimeOverride.swift /Users/runner/work/red-pen-ios/red-pen-ios/ios/build/SourcePackages/checkouts/swift-collections/Sources/InternalCollectionsUtilities/Debugging.swift /Users/runner/work/red-pen-ios/red-pen-ios/ios/build/SourcePackages/checkouts/swift-collections/Sources/InternalCollectionsUtilities/Descriptions.swift /Users/runner/work/red-pen-ios/red-pen-ios/ios/build/SourcePackages/checkouts/swift-collections/Sources/InternalCollectionsUtilities/IntegerTricks/FixedWidthInteger+roundUpToPowerOfTwo.swift /Users/runner/work/red-pen-ios/red-pen-ios/ios/build/SourcePackages/checkouts/swift-collections/Sources/InternalCollectionsUtilities/IntegerTricks/Integer\ rank.swift /Users/runner/work/red-pen-ios/red-pen-ios/ios/build/SourcePackages/checkouts/swift-collections/Sources/InternalCollectionsUtilities/IntegerTricks/UInt+first\ and\ last\ set\ bit.swift /Users/runner/work/red-pen-ios/red-pen-ios/ios/build/SourcePackages/checkouts/swift-collections/Sources/InternalCollectionsUtilities/IntegerTricks/UInt+reversed.swift /Users/runner/work/red-pen-ios/red-pen-ios/ios/build/SourcePackages/checkouts/swift-collections/Sources/InternalCollectionsUtilities/LifetimeOverride.swift (in target 'InternalCollectionsUtilities' from project 'swift-collections')

SwiftCompile normal arm64 /Users/runner/work/red-pen-ios/red-pen-ios/ios/build/SourcePackages/checkouts/swift-collections/Sources/InternalCollectionsUtilities/Debugging.swift (in target 'InternalCollectionsUtilities' from project 'swift-collections')
    cd /Users/runner/work/red-pen-ios/red-pen-ios/ios/RedPen.xcodeproj
    

SwiftCompile normal arm64 /Users/runner/work/red-pen-ios/red-pen-ios/ios/build/SourcePackages/checkouts/swift-collections/Sources/InternalCollectionsUtilities/Descriptions.swift (in target 'InternalCollectionsUtilities' from project 'swift-collections')
    cd /Users/runner/work/red-pen-ios/red-pen-ios/ios/RedPen.xcodeproj
    

SwiftCompile normal arm64 /Users/runner/work/red-pen-ios/red-pen-ios/ios/build/SourcePackages/checkouts/swift-collections/Sources/InternalCollectionsUtilities/IntegerTricks/FixedWidthInteger+roundUpToPowerOfTwo.swift (in target 'InternalCollectionsUtilities' from project 'swift-collections')
    cd /Users/runner/work/red-pen-ios/red-pen-ios/ios/RedPen.xcodeproj
    

SwiftCompile normal arm64 /Users/runner/work/red-pen-ios/red-pen-ios/ios/build/SourcePackages/checkouts/swift-collections/Sources/InternalCollectionsUtilities/IntegerTricks/Integer\ rank.swift (in target 'InternalCollectionsUtilities' from project 'swift-collections')
    cd /Users/runner/work/red-pen-ios/red-pen-ios/ios/RedPen.xcodeproj
    

SwiftCompile normal arm64 /Users/runner/work/red-pen-ios/red-pen-ios/ios/build/SourcePackages/checkouts/swift-collections/Sources/InternalCollectionsUtilities/IntegerTricks/UInt+first\ and\ last\ set\ bit.swift (in target 'InternalCollectionsUtilities' from project 'swift-collections')
    cd /Users/runner/work/red-pen-ios/red-pen-ios/ios/RedPen.xcodeproj
    

SwiftCompile normal arm64 /Users/runner/work/red-pen-ios/red-pen-ios/ios/build/SourcePackages/checkouts/swift-collections/Sources/InternalCollectionsUtilities/IntegerTricks/UInt+reversed.swift (in target 'InternalCollectionsUtilities' from project 'swift-collections')
    cd /Users/runner/work/red-pen-ios/red-pen-ios/ios/RedPen.xcodeproj
    

SwiftCompile normal arm64 /Users/runner/work/red-pen-ios/red-pen-ios/ios/build/SourcePackages/checkouts/swift-collections/Sources/InternalCollectionsUtilities/LifetimeOverride.swift (in target 'InternalCollectionsUtilities' from project 'swift-collections')
    cd /Users/runner/work/red-pen-ios/red-pen-ios/ios/RedPen.xcodeproj
    

SwiftDriverJobDiscovery normal arm64 Compiling Debugging.swift, Descriptions.swift, FixedWidthInteger+roundUpToPowerOfTwo.swift, Integer rank.swift, UInt+first and last set bit.swift, UInt+reversed.swift, LifetimeOverride.swift (in target 'InternalCollectionsUtilities' from project 'swift-collections')

SwiftCompile normal arm64 Compiling\ UnsafeBufferPointer+Extras.swift,\ UnsafeMutableBufferPointer+Extras.swift,\ UnsafeMutableRawBufferPointer+Extras.swift,\ UnsafeRawBufferPointer+Extras.swift,\ _SortedCollection.swift,\ _UniqueCollection.swift /Users/runner/work/red-pen-ios/red-pen-ios/ios/build/SourcePackages/checkouts/swift-collections/Sources/InternalCollectionsUtilities/UnsafeBufferPointer+Extras.swift /Users/runner/work/red-pen-ios/red-pen-ios/ios/build/SourcePackages/checkouts/swift-collections/Sources/InternalCollectionsUtilities/UnsafeMutableBufferPointer+Extras.swift /Users/runner/work/red-pen-ios/red-pen-ios/ios/build/SourcePackages/checkouts/swift-collections/Sources/InternalCollectionsUtilities/UnsafeMutableRawBufferPointer+Extras.swift /Users/runner/work/red-pen-ios/red-pen-ios/ios/build/SourcePackages/checkouts/swift-collections/Sources/InternalCollectionsUtilities/UnsafeRawBufferPointer+Extras.swift /Users/runner/work/red-pen-ios/red-pen-ios/ios/build/SourcePackages/checkouts/swift-collections/Sources/InternalCollectionsUtilities/_SortedCollection.swift /Users/runner/work/red-pen-ios/red-pen-ios/ios/build/SourcePackages/checkouts/swift-collections/Sources/InternalCollectionsUtilities/_UniqueCollection.swift (in target 'InternalCollectionsUtilities' from project 'swift-collections')

SwiftCompile normal arm64 /Users/runner/work/red-pen-ios/red-pen-ios/ios/build/SourcePackages/checkouts/swift-collections/Sources/InternalCollectionsUtilities/UnsafeBufferPointer+Extras.swift (in target 'InternalCollectionsUtilities' from project 'swift-collections')
    cd /Users/runner/work/red-pen-ios/red-pen-ios/ios/RedPen.xcodeproj
    

SwiftCompile normal arm64 /Users/runner/work/red-pen-ios/red-pen-ios/ios/build/SourcePackages/checkouts/swift-collections/Sources/InternalCollectionsUtilities/UnsafeMutableBufferPointer+Extras.swift (in target 'InternalCollectionsUtilities' from project 'swift-collections')
    cd /Users/runner/work/red-pen-ios/red-pen-ios/ios/RedPen.xcodeproj
    

SwiftCompile normal arm64 /Users/runner/work/red-pen-ios/red-pen-ios/ios/build/SourcePackages/checkouts/swift-collections/Sources/InternalCollectionsUtilities/UnsafeMutableRawBufferPointer+Extras.swift (in target 'InternalCollectionsUtilities' from project 'swift-collections')
    cd /Users/runner/work/red-pen-ios/red-pen-ios/ios/RedPen.xcodeproj
    

SwiftCompile normal arm64 /Users/runner/work/red-pen-ios/red-pen-ios/ios/build/SourcePackages/checkouts/swift-collections/Sources/InternalCollectionsUtilities/UnsafeRawBufferPointer+Extras.swift (in target 'InternalCollectionsUtilities' from project 'swift-collections')
    cd /Users/runner/work/red-pen-ios/red-pen-ios/ios/RedPen.xcodeproj
    

SwiftCompile normal arm64 /Users/runner/work/red-pen-ios/red-pen-ios/ios/build/SourcePackages/checkouts/swift-collections/Sources/InternalCollectionsUtilities/_SortedCollection.swift (in target 'InternalCollectionsUtilities' from project 'swift-collections')
    cd /Users/runner/work/red-pen-ios/red-pen-ios/ios/RedPen.xcodeproj
    

SwiftCompile normal arm64 /Users/runner/work/red-pen-ios/red-pen-ios/ios/build/SourcePackages/checkouts/swift-collections/Sources/InternalCollectionsUtilities/_UniqueCollection.swift (in target 'InternalCollectionsUtilities' from project 'swift-collections')
    cd /Users/runner/work/red-pen-ios/red-pen-ios/ios/RedPen.xcodeproj
    

SwiftDriverJobDiscovery normal arm64 Compiling UnsafeBufferPointer+Extras.swift, UnsafeMutableBufferPointer+Extras.swift, UnsafeMutableRawBufferPointer+Extras.swift, UnsafeRawBufferPointer+Extras.swift, _SortedCollection.swift, _UniqueCollection.swift (in target 'InternalCollectionsUtilities' from project 'swift-collections')

Ld /Users/runner/work/red-pen-ios/red-pen-ios/ios/build/Build/Products/Debug-iphonesimulator/LocalLLMClientUtility.o normal (in target 'LocalLLMClientUtility' from project 'LocalLLMClient')
    cd /Users/runner/work/red-pen-ios/red-pen-ios/ios/build/SourcePackages/checkouts/LocalLLMClient
    /Applications/Xcode_26.6.app/Contents/Developer/Toolchains/XcodeDefault.xctoolchain/usr/bin/clang -Xlinker -reproducible -target arm64-apple-ios17.0-simulator -r -isysroot /Applications/Xcode_26.6.app/Contents/Developer/Platforms/iPhoneSimulator.platform/Developer/SDKs/iPhoneSimulator26.5.sdk -O0 -w -F/Users/runner/work/red-pen-ios/red-pen-ios/ios/build/Build/Intermediates.noindex/EagerLinkingTBDs/Debug-iphonesimulator -F/Users/runner/work/red-pen-ios/red-pen-ios/ios/build/Build/Products/Debug-iphonesimulator -iframework /Applications/Xcode_26.6.app/Contents/Developer/Platforms/iPhoneSimulator.platform/Developer/Library/Frameworks -iframework /Applications/Xcode_26.6.app/Contents/Developer/Platforms/iPhoneSimulator.platform/Developer/SDKs/iPhoneSimulator26.5.sdk/Developer/Library/Frameworks -filelist /Users/runner/work/red-pen-ios/red-pen-ios/ios/build/Build/Intermediates.noindex/LocalLLMClient.build/Debug-iphonesimulator/LocalLLMClientUtility.build/Objects-normal/arm64/LocalLLMClientUtility.LinkFileList -nostdlib -Xlinker -object_path_lto -Xlinker /Users/runner/work/red-pen-ios/red-pen-ios/ios/build/Build/Intermediates.noindex/LocalLLMClient.build/Debug-iphonesimulator/LocalLLMClientUtility.build/Objects-normal/arm64/LocalLLMClientUtility_lto.o -Xlinker -no_deduplicate -Xlinker -objc_abi_version -Xlinker 2 -Xlinker -dependency_info -Xlinker /Users/runner/work/red-pen-ios/red-pen-ios/ios/build/Build/Intermediates.noindex/LocalLLMClient.build/Debug-iphonesimulator/LocalLLMClientUtility.build/Objects-normal/arm64/LocalLLMClientUtility_dependency_info.dat -fobjc-link-runtime -L/Applications/Xcode_26.6.app/Contents/Developer/Toolchains/XcodeDefault.xctoolchain/usr/lib/swift/iphonesimulator -L/usr/lib/swift -Xlinker -add_ast_path -Xlinker /Users/runner/work/red-pen-ios/red-pen-ios/ios/build/Build/Intermediates.noindex/LocalLLMClient.build/Debug-iphonesimulator/LocalLLMClientUtility.build/Objects-normal/arm64/LocalLLMClientUtility.swiftmodule -o /Users/runner/work/red-pen-ios/red-pen-ios/ios/build/Build/Products/Debug-iphonesimulator/LocalLLMClientUtility.o

SwiftDriverJobDiscovery normal arm64 Compiling RandomAccessCollection+Offsets.swift, Span+Extras.swift, String+Padding.swift, _UnsafeBitSet+Index.swift, _UnsafeBitSet+_Word.swift, _UnsafeBitSet.swift (in target 'InternalCollectionsUtilities' from project 'swift-collections')

SwiftDriver\ Compilation InternalCollectionsUtilities normal arm64 com.apple.xcode.tools.swift.compiler (in target 'InternalCollectionsUtilities' from project 'swift-collections')
    cd /Users/runner/work/red-pen-ios/red-pen-ios/ios/RedPen.xcodeproj
    builtin-Swift-Compilation -- /Applications/Xcode_26.6.app/Contents/Developer/Toolchains/XcodeDefault.xctoolchain/usr/bin/swiftc -module-name InternalCollectionsUtilities -Onone @/Users/runner/work/red-pen-ios/red-pen-ios/ios/build/Build/Intermediates.noindex/swift-collections.build/Debug-iphonesimulator/InternalCollectionsUtilities.build/Objects-normal/arm64/InternalCollectionsUtilities.SwiftFileList -DSWIFT_PACKAGE -DDEBUG -DSWIFT_MODULE_RESOURCE_BUNDLE_UNAVAILABLE -DCOLLECTIONS_RANDOMIZED_TESTING -DXcode -enable-experimental-feature AvailabilityMacro\=SwiftStdlib\ 5.0:\ macOS\ 10.14.4,\ iOS\ 12.2,\ watchOS\ 5.2,\ tvOS\ 12.2 -enable-experimental-feature AvailabilityMacro\=SwiftStdlib\ 5.1:\ macOS\ 10.15,\ iOS\ 13.0,\ watchOS\ 6.0,\ tvOS\ 13.0 -enable-experimental-feature AvailabilityMacro\=SwiftStdlib\ 5.6:\ macOS\ 12.3,\ iOS\ 15.4,\ watchOS\ 8.5,\ tvOS\ 15.4 -enable-experimental-feature AvailabilityMacro\=SwiftStdlib\ 5.7:\ macOS\ 13.0,\ iOS\ 16.0,\ watchOS\ 9.0,\ tvOS\ 16.0 -enable-experimental-feature AvailabilityMacro\=SwiftStdlib\ 5.8:\ macOS\ 13.3,\ iOS\ 16.4,\ watchOS\ 9.4,\ tvOS\ 16.4 -enable-experimental-feature AvailabilityMacro\=SwiftStdlib\ 5.9:\ macOS\ 14.0,\ iOS\ 17.0,\ watchOS\ 10.0,\ tvOS\ 17.0 -enable-experimental-feature AvailabilityMacro\=SwiftStdlib\ 5.10:\ macOS\ 14.4,\ iOS\ 17.4,\ watchOS\ 10.4,\ tvOS\ 17.4,\ visionOS\ 1.1 -enable-experimental-feature AvailabilityMacro\=SwiftStdlib\ 6.0:\ macOS\ 15.0,\ iOS\ 18.0,\ watchOS\ 11.0,\ tvOS\ 18.0,\ visionOS\ 2.0 -enable-experimental-feature AvailabilityMacro\=SwiftStdlib\ 6.1:\ macOS\ 15.4,\ iOS\ 18.4,\ watchOS\ 11.4,\ tvOS\ 18.4,\ visionOS\ 2.4 -enable-experimental-feature AvailabilityMacro\=SwiftStdlib\ 6.2:\ macOS\ 26.0,\ iOS\ 26.0,\ watchOS\ 26.0,\ tvOS\ 26.0,\ visionOS\ 26.0 -enable-experimental-feature AvailabilityMacro\=SwiftStdlib\ 6.3:\ macOS\ 26.4,\ iOS\ 26.4,\ watchOS\ 26.4,\ tvOS\ 26.4,\ visionOS\ 26.4 -enable-experimental-feature AvailabilityMacro\=SwiftStdlib\ 6.4:\ macOS\ 9999,\ iOS\ 9999,\ watchOS\ 9999,\ tvOS\ 9999,\ visionOS\ 9999 -enable-experimental-feature AvailabilityMacro\=SwiftStdlib\ 6.5:\ macOS\ 9999,\ iOS\ 9999,\ watchOS\ 9999,\ tvOS\ 9999,\ visionOS\ 9999 -enable-upcoming-feature MemberImportVisibility -enable-experimental-feature BuiltinModule -enable-experimental-feature Lifetimes -enable-experimental-feature InoutLifetimeDependence -enable-experimental-feature AddressableParameters -enable-experimental-feature AddressableTypes -enable-experimental-feature SuppressedAssociatedTypesWithDefaults -plugin-path /Applications/Xcode_26.6.app/Contents/Developer/Toolchains/XcodeDefault.xctoolchain/usr/lib/swift/host/plugins/testing -enable-experimental-feature DebugDescriptionMacro -sdk /Applications/Xcode_26.6.app/Contents/Developer/Platforms/iPhoneSimulator.platform/Developer/SDKs/iPhoneSimulator26.5.sdk -target arm64-apple-ios12.0-simulator -g -module-cache-path /Users/runner/work/red-pen-ios/red-pen-ios/ios/build/ModuleCache.noindex -Xfrontend -serialize-debugging-options -enable-testing -suppress-warnings -index-store-path /Users/runner/work/red-pen-ios/red-pen-ios/ios/build/Index.noindex/DataStore -Xcc -D_LIBCPP_HARDENING_MODE\=_LIBCPP_HARDENING_MODE_DEBUG -swift-version 6 -I /Users/runner/work/red-pen-ios/red-pen-ios/ios/build/Build/Products/Debug-iphonesimulator -Isystem /Applications/Xcode_26.6.app/Contents/Developer/Platforms/iPhoneSimulator.platform/Developer/usr/lib -F /Users/runner/work/red-pen-ios/red-pen-ios/ios/build/Build/Products/Debug-iphonesimulator -F /Applications/Xcode_26.6.app/Contents/Developer/Platforms/iPhoneSimulator.platform/Developer/Library/Frameworks -F /Applications/Xcode_26.6.app/Contents/Developer/Platforms/iPhoneSimulator.platform/Developer/SDKs/iPhoneSimulator26.5.sdk/Developer/Library/Frameworks -c -j3 -enable-batch-mode -incremental -Xcc -ivfsstatcache -Xcc /Users/runner/work/red-pen-ios/red-pen-ios/ios/build/SDKStatCaches.noindex/iphonesimulator26.5-23F81a-688ef53f1462e2c8f657fdc38a81448ff45c64a1807a658693f2a61704f17a36.sdkstatcache -output-file-map /Users/runner/work/red-pen-ios/red-pen-ios/ios/build/Build/Intermediates.noindex/swift-collections.build/Debug-iphonesimulator/InternalCollectionsUtilities.build/Objects-normal/arm64/InternalCollectionsUtilities-OutputFileMap.json -use-frontend-parseable-output -save-temps -no-color-diagnostics -serialize-diagnostics -emit-dependencies -emit-module -emit-module-path /Users/runner/work/red-pen-ios/red-pen-ios/ios/build/Build/Intermediates.noindex/swift-collections.build/Debug-iphonesimulator/InternalCollectionsUtilities.build/Objects-normal/arm64/InternalCollectionsUtilities.swiftmodule -user-module-version 1.6.0 -validate-clang-modules-once -clang-build-session-file /Users/runner/work/red-pen-ios/red-pen-ios/ios/build/ModuleCache.noindex/Session.modulevalidation -package-name swift_collections -Xcc -I/Users/runner/work/red-pen-ios/red-pen-ios/ios/build/Build/Intermediates.noindex/swift-collections.build/Debug-iphonesimulator/InternalCollectionsUtilities.build/swift-overrides.hmap -emit-const-values -Xfrontend -const-gather-protocols-file -Xfrontend /Users/runner/work/red-pen-ios/red-pen-ios/ios/build/Build/Intermediates.noindex/swift-collections.build/Debug-iphonesimulator/InternalCollectionsUtilities.build/Objects-normal/arm64/InternalCollectionsUtilities_const_extract_protocols.json -Xcc -I/Users/runner/work/red-pen-ios/red-pen-ios/ios/build/Build/Products/Debug-iphonesimulator/include -Xcc -I/Users/runner/work/red-pen-ios/red-pen-ios/ios/build/Build/Intermediates.noindex/swift-collections.build/Debug-iphonesimulator/InternalCollectionsUtilities.build/DerivedSources-normal/arm64 -Xcc -I/Users/runner/work/red-pen-ios/red-pen-ios/ios/build/Build/Intermediates.noindex/swift-collections.build/Debug-iphonesimulator/InternalCollectionsUtilities.build/DerivedSources/arm64 -Xcc -I/Users/runner/work/red-pen-ios/red-pen-ios/ios/build/Build/Intermediates.noindex/swift-collections.build/Debug-iphonesimulator/InternalCollectionsUtilities.build/DerivedSources -Xcc -DSWIFT_PACKAGE -Xcc -DDEBUG\=1 -emit-objc-header -emit-objc-header-path /Users/runner/work/red-pen-ios/red-pen-ios/ios/build/Build/Intermediates.noindex/swift-collections.build/Debug-iphonesimulator/InternalCollectionsUtilities.build/Objects-normal/arm64/InternalCollectionsUtilities-Swift.h -working-directory /Users/runner/work/red-pen-ios/red-pen-ios/ios/RedPen.xcodeproj -experimental-emit-module-separately -disable-cmo

Ld /Users/runner/work/red-pen-ios/red-pen-ios/ios/build/Build/Products/Debug-iphonesimulator/InternalCollectionsUtilities.o normal (in target 'InternalCollectionsUtilities' from project 'swift-collections')
    cd /Users/runner/work/red-pen-ios/red-pen-ios/ios/build/SourcePackages/checkouts/swift-collections
    /Applications/Xcode_26.6.app/Contents/Developer/Toolchains/XcodeDefault.xctoolchain/usr/bin/clang -Xlinker -reproducible -target arm64-apple-ios12.0-simulator -r -isysroot /Applications/Xcode_26.6.app/Contents/Developer/Platforms/iPhoneSimulator.platform/Developer/SDKs/iPhoneSimulator26.5.sdk -O0 -w -F/Users/runner/work/red-pen-ios/red-pen-ios/ios/build/Build/Intermediates.noindex/EagerLinkingTBDs/Debug-iphonesimulator -F/Users/runner/work/red-pen-ios/red-pen-ios/ios/build/Build/Products/Debug-iphonesimulator -iframework /Applications/Xcode_26.6.app/Contents/Developer/Platforms/iPhoneSimulator.platform/Developer/Library/Frameworks -iframework /Applications/Xcode_26.6.app/Contents/Developer/Platforms/iPhoneSimulator.platform/Developer/SDKs/iPhoneSimulator26.5.sdk/Developer/Library/Frameworks -filelist /Users/runner/work/red-pen-ios/red-pen-ios/ios/build/Build/Intermediates.noindex/swift-collections.build/Debug-iphonesimulator/InternalCollectionsUtilities.build/Objects-normal/arm64/InternalCollectionsUtilities.LinkFileList -nostdlib -Xlinker -object_path_lto -Xlinker /Users/runner/work/red-pen-ios/red-pen-ios/ios/build/Build/Intermediates.noindex/swift-collections.build/Debug-iphonesimulator/InternalCollectionsUtilities.build/Objects-normal/arm64/InternalCollectionsUtilities_lto.o -Xlinker -no_deduplicate -Xlinker -objc_abi_version -Xlinker 2 -Xlinker -dependency_info -Xlinker /Users/runner/work/red-pen-ios/red-pen-ios/ios/build/Build/Intermediates.noindex/swift-collections.build/Debug-iphonesimulator/InternalCollectionsUtilities.build/Objects-normal/arm64/InternalCollectionsUtilities_dependency_info.dat -fobjc-link-runtime -L/Applications/Xcode_26.6.app/Contents/Developer/Toolchains/XcodeDefault.xctoolchain/usr/lib/swift/iphonesimulator -L/usr/lib/swift -Xlinker -add_ast_path -Xlinker /Users/runner/work/red-pen-ios/red-pen-ios/ios/build/Build/Intermediates.noindex/swift-collections.build/Debug-iphonesimulator/InternalCollectionsUtilities.build/Objects-normal/arm64/InternalCollectionsUtilities.swiftmodule -o /Users/runner/work/red-pen-ios/red-pen-ios/ios/build/Build/Products/Debug-iphonesimulator/InternalCollectionsUtilities.o

ExtractAppIntentsMetadata (in target 'LocalLLMClientUtility' from project 'LocalLLMClient')
    cd /Users/runner/work/red-pen-ios/red-pen-ios/ios/build/SourcePackages/checkouts/LocalLLMClient
    /Applications/Xcode_26.6.app/Contents/Developer/Toolchains/XcodeDefault.xctoolchain/usr/bin/appintentsmetadataprocessor --toolchain-dir /var/run/com.apple.security.cryptexd/mnt/com.apple.MobileAsset.MetalToolchain-v17.6.109.0.6Ukyi4/Metal.xctoolchain --module-name LocalLLMClientUtility --sdk-root /Applications/Xcode_26.6.app/Contents/Developer/Platforms/iPhoneSimulator.platform/Developer/SDKs/iPhoneSimulator26.5.sdk --xcode-version 17F113 --platform-family iOS --deployment-target 17.0 --bundle-identifier localllmclient.LocalLLMClientUtility --output /Users/runner/work/red-pen-ios/red-pen-ios/ios/build/Build/Products/Debug-iphonesimulator/LocalLLMClientUtility.appintents --target-triple arm64-apple-ios17.0-simulator --binary-file /Users/runner/work/red-pen-ios/red-pen-ios/ios/build/Build/Products/Debug-iphonesimulator/LocalLLMClientUtility.o --dependency-file /Users/runner/work/red-pen-ios/red-pen-ios/ios/build/Build/Intermediates.noindex/LocalLLMClient.build/Debug-iphonesimulator/LocalLLMClientUtility.build/Objects-normal/arm64/LocalLLMClientUtility_dependency_info.dat --stringsdata-file /Users/runner/work/red-pen-ios/red-pen-ios/ios/build/Build/Intermediates.noindex/LocalLLMClient.build/Debug-iphonesimulator/LocalLLMClientUtility.build/Objects-normal/arm64/ExtractedAppShortcutsMetadata.stringsdata --source-file-list /Users/runner/work/red-pen-ios/red-pen-ios/ios/build/Build/Intermediates.noindex/LocalLLMClient.build/Debug-iphonesimulator/LocalLLMClientUtility.build/Objects-normal/arm64/LocalLLMClientUtility.SwiftFileList --metadata-file-list /Users/runner/work/red-pen-ios/red-pen-ios/ios/build/Build/Intermediates.noindex/LocalLLMClient.build/Debug-iphonesimulator/LocalLLMClientUtility.build/LocalLLMClientUtility.DependencyMetadataFileList --static-metadata-file-list /Users/runner/work/red-pen-ios/red-pen-ios/ios/build/Build/Intermediates.noindex/LocalLLMClient.build/Debug-iphonesimulator/LocalLLMClientUtility.build/LocalLLMClientUtility.DependencyStaticMetadataFileList --swift-const-vals-list /Users/runner/work/red-pen-ios/red-pen-ios/ios/build/Build/Intermediates.noindex/LocalLLMClient.build/Debug-iphonesimulator/LocalLLMClientUtility.build/Objects-normal/arm64/LocalLLMClientUtility.SwiftConstValuesFileList --force --compile-time-extraction --deployment-aware-processing --validate-assistant-intents --no-app-shortcuts-localization
2026-09-19 07:38:06.020 appintentsmetadataprocessor[5686:19779] Starting appintentsmetadataprocessor export
2026-09-19 07:38:06.071 appintentsmetadataprocessor[5686:19779] Extracted no relevant App Intents symbols, skipping writing output

SwiftDriver OrderedCollections normal arm64 com.apple.xcode.tools.swift.compiler (in target 'OrderedCollections' from project 'swift-collections')
    cd /Users/runner/work/red-pen-ios/red-pen-ios/ios/RedPen.xcodeproj
    builtin-SwiftDriver -- /Applications/Xcode_26.6.app/Contents/Developer/Toolchains/XcodeDefault.xctoolchain/usr/bin/swiftc -module-name OrderedCollections -Onone @/Users/runner/work/red-pen-ios/red-pen-ios/ios/build/Build/Intermediates.noindex/swift-collections.build/Debug-iphonesimulator/OrderedCollections.build/Objects-normal/arm64/OrderedCollections.SwiftFileList -DSWIFT_PACKAGE -DDEBUG -DSWIFT_MODULE_RESOURCE_BUNDLE_UNAVAILABLE -DCOLLECTIONS_RANDOMIZED_TESTING -DXcode -enable-experimental-feature AvailabilityMacro\=SwiftStdlib\ 5.0:\ macOS\ 10.14.4,\ iOS\ 12.2,\ watchOS\ 5.2,\ tvOS\ 12.2 -enable-experimental-feature AvailabilityMacro\=SwiftStdlib\ 5.1:\ macOS\ 10.15,\ iOS\ 13.0,\ watchOS\ 6.0,\ tvOS\ 13.0 -enable-experimental-feature AvailabilityMacro\=SwiftStdlib\ 5.6:\ macOS\ 12.3,\ iOS\ 15.4,\ watchOS\ 8.5,\ tvOS\ 15.4 -enable-experimental-feature AvailabilityMacro\=SwiftStdlib\ 5.7:\ macOS\ 13.0,\ iOS\ 16.0,\ watchOS\ 9.0,\ tvOS\ 16.0 -enable-experimental-feature AvailabilityMacro\=SwiftStdlib\ 5.8:\ macOS\ 13.3,\ iOS\ 16.4,\ watchOS\ 9.4,\ tvOS\ 16.4 -enable-experimental-feature AvailabilityMacro\=SwiftStdlib\ 5.9:\ macOS\ 14.0,\ iOS\ 17.0,\ watchOS\ 10.0,\ tvOS\ 17.0 -enable-experimental-feature AvailabilityMacro\=SwiftStdlib\ 5.10:\ macOS\ 14.4,\ iOS\ 17.4,\ watchOS\ 10.4,\ tvOS\ 17.4,\ visionOS\ 1.1 -enable-experimental-feature AvailabilityMacro\=SwiftStdlib\ 6.0:\ macOS\ 15.0,\ iOS\ 18.0,\ watchOS\ 11.0,\ tvOS\ 18.0,\ visionOS\ 2.0 -enable-experimental-feature AvailabilityMacro\=SwiftStdlib\ 6.1:\ macOS\ 15.4,\ iOS\ 18.4,\ watchOS\ 11.4,\ tvOS\ 18.4,\ visionOS\ 2.4 -enable-experimental-feature AvailabilityMacro\=SwiftStdlib\ 6.2:\ macOS\ 26.0,\ iOS\ 26.0,\ watchOS\ 26.0,\ tvOS\ 26.0,\ visionOS\ 26.0 -enable-experimental-feature AvailabilityMacro\=SwiftStdlib\ 6.3:\ macOS\ 26.4,\ iOS\ 26.4,\ watchOS\ 26.4,\ tvOS\ 26.4,\ visionOS\ 26.4 -enable-experimental-feature AvailabilityMacro\=SwiftStdlib\ 6.4:\ macOS\ 9999,\ iOS\ 9999,\ watchOS\ 9999,\ tvOS\ 9999,\ visionOS\ 9999 -enable-experimental-feature AvailabilityMacro\=SwiftStdlib\ 6.5:\ macOS\ 9999,\ iOS\ 9999,\ watchOS\ 9999,\ tvOS\ 9999,\ visionOS\ 9999 -enable-upcoming-feature MemberImportVisibility -enable-experimental-feature BuiltinModule -enable-experimental-feature Lifetimes -enable-experimental-feature InoutLifetimeDependence -enable-experimental-feature AddressableParameters -enable-experimental-feature AddressableTypes -enable-experimental-feature SuppressedAssociatedTypesWithDefaults -plugin-path /Applications/Xcode_26.6.app/Contents/Developer/Toolchains/XcodeDefault.xctoolchain/usr/lib/swift/host/plugins/testing -enable-experimental-feature DebugDescriptionMacro -sdk /Applications/Xcode_26.6.app/Contents/Developer/Platforms/iPhoneSimulator.platform/Developer/SDKs/iPhoneSimulator26.5.sdk -target arm64-apple-ios12.0-simulator -g -module-cache-path /Users/runner/work/red-pen-ios/red-pen-ios/ios/build/ModuleCache.noindex -Xfrontend -serialize-debugging-options -enable-testing -suppress-warnings -index-store-path /Users/runner/work/red-pen-ios/red-pen-ios/ios/build/Index.noindex/DataStore -Xcc -D_LIBCPP_HARDENING_MODE\=_LIBCPP_HARDENING_MODE_DEBUG -swift-version 6 -I /Users/runner/work/red-pen-ios/red-pen-ios/ios/build/Build/Products/Debug-iphonesimulator -Isystem /Applications/Xcode_26.6.app/Contents/Developer/Platforms/iPhoneSimulator.platform/Developer/usr/lib -F /Users/runner/work/red-pen-ios/red-pen-ios/ios/build/Build/Products/Debug-iphonesimulator/PackageFrameworks -F /Users/runner/work/red-pen-ios/red-pen-ios/ios/build/Build/Products/Debug-iphonesimulator -F /Applications/Xcode_26.6.app/Contents/Developer/Platforms/iPhoneSimulator.platform/Developer/Library/Frameworks -F /Applications/Xcode_26.6.app/Contents/Developer/Platforms/iPhoneSimulator.platform/Developer/SDKs/iPhoneSimulator26.5.sdk/Developer/Library/Frameworks -c -j3 -enable-batch-mode -incremental -Xcc -ivfsstatcache -Xcc /Users/runner/work/red-pen-ios/red-pen-ios/ios/build/SDKStatCaches.noindex/iphonesimulator26.5-23F81a-688ef53f1462e2c8f657fdc38a81448ff45c64a1807a658693f2a61704f17a36.sdkstatcache -output-file-map /Users/runner/work/red-pen-ios/red-pen-ios/ios/build/Build/Intermediates.noindex/swift-collections.build/Debug-iphonesimulator/OrderedCollections.build/Objects-normal/arm64/OrderedCollections-OutputFileMap.json -use-frontend-parseable-output -save-temps -no-color-diagnostics -serialize-diagnostics -emit-dependencies -emit-module -emit-module-path /Users/runner/work/red-pen-ios/red-pen-ios/ios/build/Build/Intermediates.noindex/swift-collections.build/Debug-iphonesimulator/OrderedCollections.build/Objects-normal/arm64/OrderedCollections.swiftmodule -user-module-version 1.6.0 -validate-clang-modules-once -clang-build-session-file /Users/runner/work/red-pen-ios/red-pen-ios/ios/build/ModuleCache.noindex/Session.modulevalidation -package-name swift_collections -Xcc -I/Users/runner/work/red-pen-ios/red-pen-ios/ios/build/Build/Intermediates.noindex/swift-collections.build/Debug-iphonesimulator/OrderedCollections.build/swift-overrides.hmap -emit-const-values -Xfrontend -const-gather-protocols-file -Xfrontend /Users/runner/work/red-pen-ios/red-pen-ios/ios/build/Build/Intermediates.noindex/swift-collections.build/Debug-iphonesimulator/OrderedCollections.build/Objects-normal/arm64/OrderedCollections_const_extract_protocols.json -Xcc -I/Users/runner/work/red-pen-ios/red-pen-ios/ios/build/Build/Products/Debug-iphonesimulator/include -Xcc -I/Users/runner/work/red-pen-ios/red-pen-ios/ios/build/Build/Intermediates.noindex/swift-collections.build/Debug-iphonesimulator/OrderedCollections.build/DerivedSources-normal/arm64 -Xcc -I/Users/runner/work/red-pen-ios/red-pen-ios/ios/build/Build/Intermediates.noindex/swift-collections.build/Debug-iphonesimulator/OrderedCollections.build/DerivedSources/arm64 -Xcc -I/Users/runner/work/red-pen-ios/red-pen-ios/ios/build/Build/Intermediates.noindex/swift-collections.build/Debug-iphonesimulator/OrderedCollections.build/DerivedSources -Xcc -DSWIFT_PACKAGE -Xcc -DDEBUG\=1 -emit-objc-header -emit-objc-header-path /Users/runner/work/red-pen-ios/red-pen-ios/ios/build/Build/Intermediates.noindex/swift-collections.build/Debug-iphonesimulator/OrderedCollections.build/Objects-normal/arm64/OrderedCollections-Swift.h -working-directory /Users/runner/work/red-pen-ios/red-pen-ios/ios/RedPen.xcodeproj -experimental-emit-module-separately -disable-cmo

ExtractAppIntentsMetadata (in target 'InternalCollectionsUtilities' from project 'swift-collections')
    cd /Users/runner/work/red-pen-ios/red-pen-ios/ios/build/SourcePackages/checkouts/swift-collections
    /Applications/Xcode_26.6.app/Contents/Developer/Toolchains/XcodeDefault.xctoolchain/usr/bin/appintentsmetadataprocessor --toolchain-dir /var/run/com.apple.security.cryptexd/mnt/com.apple.MobileAsset.MetalToolchain-v17.6.109.0.6Ukyi4/Metal.xctoolchain --module-name InternalCollectionsUtilities --sdk-root /Applications/Xcode_26.6.app/Contents/Developer/Platforms/iPhoneSimulator.platform/Developer/SDKs/iPhoneSimulator26.5.sdk --xcode-version 17F113 --platform-family iOS --deployment-target 12.0 --bundle-identifier swift-collections.InternalCollectionsUtilities --output /Users/runner/work/red-pen-ios/red-pen-ios/ios/build/Build/Products/Debug-iphonesimulator/InternalCollectionsUtilities.appintents --target-triple arm64-apple-ios12.0-simulator --binary-file /Users/runner/work/red-pen-ios/red-pen-ios/ios/build/Build/Products/Debug-iphonesimulator/InternalCollectionsUtilities.o --dependency-file /Users/runner/work/red-pen-ios/red-pen-ios/ios/build/Build/Intermediates.noindex/swift-collections.build/Debug-iphonesimulator/InternalCollectionsUtilities.build/Objects-normal/arm64/InternalCollectionsUtilities_dependency_info.dat --stringsdata-file /Users/runner/work/red-pen-ios/red-pen-ios/ios/build/Build/Intermediates.noindex/swift-collections.build/Debug-iphonesimulator/InternalCollectionsUtilities.build/Objects-normal/arm64/ExtractedAppShortcutsMetadata.stringsdata --source-file-list /Users/runner/work/red-pen-ios/red-pen-ios/ios/build/Build/Intermediates.noindex/swift-collections.build/Debug-iphonesimulator/InternalCollectionsUtilities.build/Objects-normal/arm64/InternalCollectionsUtilities.SwiftFileList --metadata-file-list /Users/runner/work/red-pen-ios/red-pen-ios/ios/build/Build/Intermediates.noindex/swift-collections.build/Debug-iphonesimulator/InternalCollectionsUtilities.build/InternalCollectionsUtilities.DependencyMetadataFileList --static-metadata-file-list /Users/runner/work/red-pen-ios/red-pen-ios/ios/build/Build/Intermediates.noindex/swift-collections.build/Debug-iphonesimulator/InternalCollectionsUtilities.build/InternalCollectionsUtilities.DependencyStaticMetadataFileList --swift-const-vals-list /Users/runner/work/red-pen-ios/red-pen-ios/ios/build/Build/Intermediates.noindex/swift-collections.build/Debug-iphonesimulator/InternalCollectionsUtilities.build/Objects-normal/arm64/InternalCollectionsUtilities.SwiftConstValuesFileList --force --compile-time-extraction --deployment-aware-processing --validate-assistant-intents --no-app-shortcuts-localization
2026-09-19 07:38:06.020 appintentsmetadataprocessor[5687:19787] Starting appintentsmetadataprocessor export
2026-09-19 07:38:06.071 appintentsmetadataprocessor[5687:19787] Extracted no relevant App Intents symbols, skipping writing output

SwiftEmitModule normal arm64 Emitting\ module\ for\ OrderedCollections (in target 'OrderedCollections' from project 'swift-collections')
EmitSwiftModule normal arm64 (in target 'OrderedCollections' from project 'swift-collections')
    cd /Users/runner/work/red-pen-ios/red-pen-ios/ios/RedPen.xcodeproj
    

SwiftCompile normal arm64 Compiling\ OrderedDictionary+Partial\ RangeReplaceableCollection.swift,\ OrderedDictionary+Sendable.swift,\ OrderedDictionary+Sequence.swift,\ OrderedDictionary+Values.swift,\ OrderedDictionary.swift,\ OrderedSet+Codable.swift,\ OrderedSet+CustomReflectable.swift,\ OrderedSet+Descriptions.swift,\ OrderedSet+Diffing.swift,\ OrderedSet+Equatable.swift,\ OrderedSet+ExpressibleByArrayLiteral.swift,\ OrderedSet+Hashable.swift,\ OrderedSet+Initializers.swift,\ OrderedSet+Insertions.swift,\ OrderedSet+Invariants.swift,\ OrderedSet+Move.swift,\ OrderedSet+Partial\ MutableCollection.swift,\ OrderedSet+Partial\ RangeReplaceableCollection.swift,\ OrderedSet+Partial\ SetAlgebra\ formIntersection.swift,\ OrderedSet+Partial\ SetAlgebra\ formSymmetricDifference.swift,\ OrderedSet+Partial\ SetAlgebra\ formUnion.swift /Users/runner/work/red-pen-ios/red-pen-ios/ios/build/SourcePackages/checkouts/swift-collections/Sources/OrderedCollections/OrderedDictionary/OrderedDictionary+Partial\ RangeReplaceableCollection.swift /Users/runner/work/red-pen-ios/red-pen-ios/ios/build/SourcePackages/checkouts/swift-collections/Sources/OrderedCollections/OrderedDictionary/OrderedDictionary+Sendable.swift /Users/runner/work/red-pen-ios/red-pen-ios/ios/build/SourcePackages/checkouts/swift-collections/Sources/OrderedCollections/OrderedDictionary/OrderedDictionary+Sequence.swift /Users/runner/work/red-pen-ios/red-pen-ios/ios/build/SourcePackages/checkouts/swift-collections/Sources/OrderedCollections/OrderedDictionary/OrderedDictionary+Values.swift /Users/runner/work/red-pen-ios/red-pen-ios/ios/build/SourcePackages/checkouts/swift-collections/Sources/OrderedCollections/OrderedDictionary/OrderedDictionary.swift /Users/runner/work/red-pen-ios/red-pen-ios/ios/build/SourcePackages/checkouts/swift-collections/Sources/OrderedCollections/OrderedSet/OrderedSet+Codable.swift /Users/runner/work/red-pen-ios/red-pen-ios/ios/build/SourcePackages/checkouts/swift-collections/Sources/OrderedCollections/OrderedSet/OrderedSet+CustomReflectable.swift /Users/runner/work/red-pen-ios/red-pen-ios/ios/build/SourcePackages/checkouts/swift-collections/Sources/OrderedCollections/OrderedSet/OrderedSet+Descriptions.swift /Users/runner/work/red-pen-ios/red-pen-ios/ios/build/SourcePackages/checkouts/swift-collections/Sources/OrderedCollections/OrderedSet/OrderedSet+Diffing.swift /Users/runner/work/red-pen-ios/red-pen-ios/ios/build/SourcePackages/checkouts/swift-collections/Sources/OrderedCollections/OrderedSet/OrderedSet+Equatable.swift /Users/runner/work/red-pen-ios/red-pen-ios/ios/build/SourcePackages/checkouts/swift-collections/Sources/OrderedCollections/OrderedSet/OrderedSet+ExpressibleByArrayLiteral.swift /Users/runner/work/red-pen-ios/red-pen-ios/ios/build/SourcePackages/checkouts/swift-collections/Sources/OrderedCollections/OrderedSet/OrderedSet+Hashable.swift /Users/runner/work/red-pen-ios/red-pen-ios/ios/build/SourcePackages/checkouts/swift-collections/Sources/OrderedCollections/OrderedSet/OrderedSet+Initializers.swift /Users/runner/work/red-pen-ios/red-pen-ios/ios/build/SourcePackages/checkouts/swift-collections/Sources/OrderedCollections/OrderedSet/OrderedSet+Insertions.swift /Users/runner/work/red-pen-ios/red-pen-ios/ios/build/SourcePackages/checkouts/swift-collections/Sources/OrderedCollections/OrderedSet/OrderedSet+Invariants.swift /Users/runner/work/red-pen-ios/red-pen-ios/ios/build/SourcePackages/checkouts/swift-collections/Sources/OrderedCollections/OrderedSet/OrderedSet+Move.swift /Users/runner/work/red-pen-ios/red-pen-ios/ios/build/SourcePackages/checkouts/swift-collections/Sources/OrderedCollections/OrderedSet/OrderedSet+Partial\ MutableCollection.swift /Users/runner/work/red-pen-ios/red-pen-ios/ios/build/SourcePackages/checkouts/swift-collections/Sources/OrderedCollections/OrderedSet/OrderedSet+Partial\ RangeReplaceableCollection.swift /Users/runner/work/red-pen-ios/red-pen-ios/ios/build/SourcePackages/checkouts/swift-collections/Sources/OrderedCollections/OrderedSet/OrderedSet+Partial\ SetAlgebra\ formIntersection.swift /Users/runner/work/red-pen-ios/red-pen-ios/ios/build/SourcePackages/checkouts/swift-collections/Sources/OrderedCollections/OrderedSet/OrderedSet+Partial\ SetAlgebra\ formSymmetricDifference.swift /Users/runner/work/red-pen-ios/red-pen-ios/ios/build/SourcePackages/checkouts/swift-collections/Sources/OrderedCollections/OrderedSet/OrderedSet+Partial\ SetAlgebra\ formUnion.swift (in target 'OrderedCollections' from project 'swift-collections')
SwiftCompile normal arm64 /Users/runner/work/red-pen-ios/red-pen-ios/ios/build/SourcePackages/checkouts/swift-collections/Sources/OrderedCollections/OrderedDictionary/OrderedDictionary+Partial\ RangeReplaceableCollection.swift (in target 'OrderedCollections' from project 'swift-collections')
    cd /Users/runner/work/red-pen-ios/red-pen-ios/ios/RedPen.xcodeproj
    

SwiftCompile normal arm64 /Users/runner/work/red-pen-ios/red-pen-ios/ios/build/SourcePackages/checkouts/swift-collections/Sources/OrderedCollections/OrderedDictionary/OrderedDictionary+Sendable.swift (in target 'OrderedCollections' from project 'swift-collections')
    cd /Users/runner/work/red-pen-ios/red-pen-ios/ios/RedPen.xcodeproj
    

SwiftCompile normal arm64 /Users/runner/work/red-pen-ios/red-pen-ios/ios/build/SourcePackages/checkouts/swift-collections/Sources/OrderedCollections/OrderedDictionary/OrderedDictionary+Sequence.swift (in target 'OrderedCollections' from project 'swift-collections')
    cd /Users/runner/work/red-pen-ios/red-pen-ios/ios/RedPen.xcodeproj
    

SwiftCompile normal arm64 /Users/runner/work/red-pen-ios/red-pen-ios/ios/build/SourcePackages/checkouts/swift-collections/Sources/OrderedCollections/OrderedDictionary/OrderedDictionary+Values.swift (in target 'OrderedCollections' from project 'swift-collections')
    cd /Users/runner/work/red-pen-ios/red-pen-ios/ios/RedPen.xcodeproj
    

SwiftCompile normal arm64 /Users/runner/work/red-pen-ios/red-pen-ios/ios/build/SourcePackages/checkouts/swift-collections/Sources/OrderedCollections/OrderedDictionary/OrderedDictionary.swift (in target 'OrderedCollections' from project 'swift-collections')
    cd /Users/runner/work/red-pen-ios/red-pen-ios/ios/RedPen.xcodeproj
    

SwiftCompile normal arm64 /Users/runner/work/red-pen-ios/red-pen-ios/ios/build/SourcePackages/checkouts/swift-collections/Sources/OrderedCollections/OrderedSet/OrderedSet+Codable.swift (in target 'OrderedCollections' from project 'swift-collections')
    cd /Users/runner/work/red-pen-ios/red-pen-ios/ios/RedPen.xcodeproj
    

SwiftCompile normal arm64 /Users/runner/work/red-pen-ios/red-pen-ios/ios/build/SourcePackages/checkouts/swift-collections/Sources/OrderedCollections/OrderedSet/OrderedSet+CustomReflectable.swift (in target 'OrderedCollections' from project 'swift-collections')
    cd /Users/runner/work/red-pen-ios/red-pen-ios/ios/RedPen.xcodeproj
    

SwiftCompile normal arm64 /Users/runner/work/red-pen-ios/red-pen-ios/ios/build/SourcePackages/checkouts/swift-collections/Sources/OrderedCollections/OrderedSet/OrderedSet+Descriptions.swift (in target 'OrderedCollections' from project 'swift-collections')
    cd /Users/runner/work/red-pen-ios/red-pen-ios/ios/RedPen.xcodeproj
    

SwiftCompile normal arm64 /Users/runner/work/red-pen-ios/red-pen-ios/ios/build/SourcePackages/checkouts/swift-collections/Sources/OrderedCollections/OrderedSet/OrderedSet+Diffing.swift (in target 'OrderedCollections' from project 'swift-collections')
    cd /Users/runner/work/red-pen-ios/red-pen-ios/ios/RedPen.xcodeproj
    

SwiftCompile normal arm64 /Users/runner/work/red-pen-ios/red-pen-ios/ios/build/SourcePackages/checkouts/swift-collections/Sources/OrderedCollections/OrderedSet/OrderedSet+Equatable.swift (in target 'OrderedCollections' from project 'swift-collections')
    cd /Users/runner/work/red-pen-ios/red-pen-ios/ios/RedPen.xcodeproj
    

SwiftCompile normal arm64 /Users/runner/work/red-pen-ios/red-pen-ios/ios/build/SourcePackages/checkouts/swift-collections/Sources/OrderedCollections/OrderedSet/OrderedSet+ExpressibleByArrayLiteral.swift (in target 'OrderedCollections' from project 'swift-collections')
    cd /Users/runner/work/red-pen-ios/red-pen-ios/ios/RedPen.xcodeproj
    

SwiftCompile normal arm64 /Users/runner/work/red-pen-ios/red-pen-ios/ios/build/SourcePackages/checkouts/swift-collections/Sources/OrderedCollections/OrderedSet/OrderedSet+Hashable.swift (in target 'OrderedCollections' from project 'swift-collections')
    cd /Users/runner/work/red-pen-ios/red-pen-ios/ios/RedPen.xcodeproj
    

SwiftCompile normal arm64 /Users/runner/work/red-pen-ios/red-pen-ios/ios/build/SourcePackages/checkouts/swift-collections/Sources/OrderedCollections/OrderedSet/OrderedSet+Initializers.swift (in target 'OrderedCollections' from project 'swift-collections')
    cd /Users/runner/work/red-pen-ios/red-pen-ios/ios/RedPen.xcodeproj
    

SwiftCompile normal arm64 /Users/runner/work/red-pen-ios/red-pen-ios/ios/build/SourcePackages/checkouts/swift-collections/Sources/OrderedCollections/OrderedSet/OrderedSet+Insertions.swift (in target 'OrderedCollections' from project 'swift-collections')
    cd /Users/runner/work/red-pen-ios/red-pen-ios/ios/RedPen.xcodeproj
    

SwiftCompile normal arm64 /Users/runner/work/red-pen-ios/red-pen-ios/ios/build/SourcePackages/checkouts/swift-collections/Sources/OrderedCollections/OrderedSet/OrderedSet+Invariants.swift (in target 'OrderedCollections' from project 'swift-collections')
    cd /Users/runner/work/red-pen-ios/red-pen-ios/ios/RedPen.xcodeproj
    

SwiftCompile normal arm64 /Users/runner/work/red-pen-ios/red-pen-ios/ios/build/SourcePackages/checkouts/swift-collections/Sources/OrderedCollections/OrderedSet/OrderedSet+Move.swift (in target 'OrderedCollections' from project 'swift-collections')
    cd /Users/runner/work/red-pen-ios/red-pen-ios/ios/RedPen.xcodeproj
    

SwiftCompile normal arm64 /Users/runner/work/red-pen-ios/red-pen-ios/ios/build/SourcePackages/checkouts/swift-collections/Sources/OrderedCollections/OrderedSet/OrderedSet+Partial\ MutableCollection.swift (in target 'OrderedCollections' from project 'swift-collections')
    cd /Users/runner/work/red-pen-ios/red-pen-ios/ios/RedPen.xcodeproj
    

SwiftCompile normal arm64 /Users/runner/work/red-pen-ios/red-pen-ios/ios/build/SourcePackages/checkouts/swift-collections/Sources/OrderedCollections/OrderedSet/OrderedSet+Partial\ RangeReplaceableCollection.swift (in target 'OrderedCollections' from project 'swift-collections')
    cd /Users/runner/work/red-pen-ios/red-pen-ios/ios/RedPen.xcodeproj
    

SwiftCompile normal arm64 /Users/runner/work/red-pen-ios/red-pen-ios/ios/build/SourcePackages/checkouts/swift-collections/Sources/OrderedCollections/OrderedSet/OrderedSet+Partial\ SetAlgebra\ formIntersection.swift (in target 'OrderedCollections' from project 'swift-collections')
    cd /Users/runner/work/red-pen-ios/red-pen-ios/ios/RedPen.xcodeproj
    

SwiftCompile normal arm64 /Users/runner/work/red-pen-ios/red-pen-ios/ios/build/SourcePackages/checkouts/swift-collections/Sources/OrderedCollections/OrderedSet/OrderedSet+Partial\ SetAlgebra\ formSymmetricDifference.swift (in target 'OrderedCollections' from project 'swift-collections')
    cd /Users/runner/work/red-pen-ios/red-pen-ios/ios/RedPen.xcodeproj
    

SwiftCompile normal arm64 /Users/runner/work/red-pen-ios/red-pen-ios/ios/build/SourcePackages/checkouts/swift-collections/Sources/OrderedCollections/OrderedSet/OrderedSet+Partial\ SetAlgebra\ formUnion.swift (in target 'OrderedCollections' from project 'swift-collections')
    cd /Users/runner/work/red-pen-ios/red-pen-ios/ios/RedPen.xcodeproj
    

SwiftCompile normal arm64 Compiling\ _HashTable+Bucket.swift,\ _HashTable+BucketIterator.swift,\ _HashTable+Constants.swift,\ _HashTable+CustomStringConvertible.swift,\ _HashTable+Testing.swift,\ _HashTable+UnsafeHandle.swift,\ _HashTable.swift,\ _Hashtable+Header.swift,\ OrderedDictionary+Codable.swift,\ OrderedDictionary+CustomReflectable.swift,\ OrderedDictionary+Deprecations.swift,\ OrderedDictionary+Descriptions.swift,\ OrderedDictionary+Elements.SubSequence.swift,\ OrderedDictionary+Elements.swift,\ OrderedDictionary+Equatable.swift,\ OrderedDictionary+ExpressibleByDictionaryLiteral.swift,\ OrderedDictionary+Hashable.swift,\ OrderedDictionary+Initializers.swift,\ OrderedDictionary+Invariants.swift,\ OrderedDictionary+Move.swift,\ OrderedDictionary+Partial\ MutableCollection.swift /Users/runner/work/red-pen-ios/red-pen-ios/ios/build/SourcePackages/checkouts/swift-collections/Sources/OrderedCollections/HashTable/_HashTable+Bucket.swift /Users/runner/work/red-pen-ios/red-pen-ios/ios/build/SourcePackages/checkouts/swift-collections/Sources/OrderedCollections/HashTable/_HashTable+BucketIterator.swift /Users/runner/work/red-pen-ios/red-pen-ios/ios/build/SourcePackages/checkouts/swift-collections/Sources/OrderedCollections/HashTable/_HashTable+Constants.swift /Users/runner/work/red-pen-ios/red-pen-ios/ios/build/SourcePackages/checkouts/swift-collections/Sources/OrderedCollections/HashTable/_HashTable+CustomStringConvertible.swift /Users/runner/work/red-pen-ios/red-pen-ios/ios/build/SourcePackages/checkouts/swift-collections/Sources/OrderedCollections/HashTable/_HashTable+Testing.swift /Users/runner/work/red-pen-ios/red-pen-ios/ios/build/SourcePackages/checkouts/swift-collections/Sources/OrderedCollections/HashTable/_HashTable+UnsafeHandle.swift /Users/runner/work/red-pen-ios/red-pen-ios/ios/build/SourcePackages/checkouts/swift-collections/Sources/OrderedCollections/HashTable/_HashTable.swift /Users/runner/work/red-pen-ios/red-pen-ios/ios/build/SourcePackages/checkouts/swift-collections/Sources/OrderedCollections/HashTable/_Hashtable+Header.swift /Users/runner/work/red-pen-ios/red-pen-ios/ios/build/SourcePackages/checkouts/swift-collections/Sources/OrderedCollections/OrderedDictionary/OrderedDictionary+Codable.swift /Users/runner/work/red-pen-ios/red-pen-ios/ios/build/SourcePackages/checkouts/swift-collections/Sources/OrderedCollections/OrderedDictionary/OrderedDictionary+CustomReflectable.swift /Users/runner/work/red-pen-ios/red-pen-ios/ios/build/SourcePackages/checkouts/swift-collections/Sources/OrderedCollections/OrderedDictionary/OrderedDictionary+Deprecations.swift /Users/runner/work/red-pen-ios/red-pen-ios/ios/build/SourcePackages/checkouts/swift-collections/Sources/OrderedCollections/OrderedDictionary/OrderedDictionary+Descriptions.swift /Users/runner/work/red-pen-ios/red-pen-ios/ios/build/SourcePackages/checkouts/swift-collections/Sources/OrderedCollections/OrderedDictionary/OrderedDictionary+Elements.SubSequence.swift /Users/runner/work/red-pen-ios/red-pen-ios/ios/build/SourcePackages/checkouts/swift-collections/Sources/OrderedCollections/OrderedDictionary/OrderedDictionary+Elements.swift /Users/runner/work/red-pen-ios/red-pen-ios/ios/build/SourcePackages/checkouts/swift-collections/Sources/OrderedCollections/OrderedDictionary/OrderedDictionary+Equatable.swift /Users/runner/work/red-pen-ios/red-pen-ios/ios/build/SourcePackages/checkouts/swift-collections/Sources/OrderedCollections/OrderedDictionary/OrderedDictionary+ExpressibleByDictionaryLiteral.swift /Users/runner/work/red-pen-ios/red-pen-ios/ios/build/SourcePackages/checkouts/swift-collections/Sources/OrderedCollections/OrderedDictionary/OrderedDictionary+Hashable.swift /Users/runner/work/red-pen-ios/red-pen-ios/ios/build/SourcePackages/checkouts/swift-collections/Sources/OrderedCollections/OrderedDictionary/OrderedDictionary+Initializers.swift /Users/runner/work/red-pen-ios/red-pen-ios/ios/build/SourcePackages/checkouts/swift-collections/Sources/OrderedCollections/OrderedDictionary/OrderedDictionary+Invariants.swift /Users/runner/work/red-pen-ios/red-pen-ios/ios/build/SourcePackages/checkouts/swift-collections/Sources/OrderedCollections/OrderedDictionary/OrderedDictionary+Move.swift /Users/runner/work/red-pen-ios/red-pen-ios/ios/build/SourcePackages/checkouts/swift-collections/Sources/OrderedCollections/OrderedDictionary/OrderedDictionary+Partial\ MutableCollection.swift (in target 'OrderedCollections' from project 'swift-collections')
SwiftCompile normal arm64 /Users/runner/work/red-pen-ios/red-pen-ios/ios/build/SourcePackages/checkouts/swift-collections/Sources/OrderedCollections/HashTable/_HashTable+Bucket.swift (in target 'OrderedCollections' from project 'swift-collections')
    cd /Users/runner/work/red-pen-ios/red-pen-ios/ios/RedPen.xcodeproj
    

SwiftCompile normal arm64 /Users/runner/work/red-pen-ios/red-pen-ios/ios/build/SourcePackages/checkouts/swift-collections/Sources/OrderedCollections/HashTable/_HashTable+BucketIterator.swift (in target 'OrderedCollections' from project 'swift-collections')
    cd /Users/runner/work/red-pen-ios/red-pen-ios/ios/RedPen.xcodeproj
    

SwiftCompile normal arm64 /Users/runner/work/red-pen-ios/red-pen-ios/ios/build/SourcePackages/checkouts/swift-collections/Sources/OrderedCollections/HashTable/_HashTable+Constants.swift (in target 'OrderedCollections' from project 'swift-collections')
    cd /Users/runner/work/red-pen-ios/red-pen-ios/ios/RedPen.xcodeproj
    

SwiftCompile normal arm64 /Users/runner/work/red-pen-ios/red-pen-ios/ios/build/SourcePackages/checkouts/swift-collections/Sources/OrderedCollections/HashTable/_HashTable+CustomStringConvertible.swift (in target 'OrderedCollections' from project 'swift-collections')
    cd /Users/runner/work/red-pen-ios/red-pen-ios/ios/RedPen.xcodeproj
    

SwiftCompile normal arm64 /Users/runner/work/red-pen-ios/red-pen-ios/ios/build/SourcePackages/checkouts/swift-collections/Sources/OrderedCollections/HashTable/_HashTable+Testing.swift (in target 'OrderedCollections' from project 'swift-collections')
    cd /Users/runner/work/red-pen-ios/red-pen-ios/ios/RedPen.xcodeproj
    

SwiftCompile normal arm64 /Users/runner/work/red-pen-ios/red-pen-ios/ios/build/SourcePackages/checkouts/swift-collections/Sources/OrderedCollections/HashTable/_HashTable+UnsafeHandle.swift (in target 'OrderedCollections' from project 'swift-collections')
    cd /Users/runner/work/red-pen-ios/red-pen-ios/ios/RedPen.xcodeproj
    

SwiftCompile normal arm64 /Users/runner/work/red-pen-ios/red-pen-ios/ios/build/SourcePackages/checkouts/swift-collections/Sources/OrderedCollections/HashTable/_HashTable.swift (in target 'OrderedCollections' from project 'swift-collections')
    cd /Users/runner/work/red-pen-ios/red-pen-ios/ios/RedPen.xcodeproj
    

SwiftCompile normal arm64 /Users/runner/work/red-pen-ios/red-pen-ios/ios/build/SourcePackages/checkouts/swift-collections/Sources/OrderedCollections/HashTable/_Hashtable+Header.swift (in target 'OrderedCollections' from project 'swift-collections')
    cd /Users/runner/work/red-pen-ios/red-pen-ios/ios/RedPen.xcodeproj
    

SwiftCompile normal arm64 /Users/runner/work/red-pen-ios/red-pen-ios/ios/build/SourcePackages/checkouts/swift-collections/Sources/OrderedCollections/OrderedDictionary/OrderedDictionary+Codable.swift (in target 'OrderedCollections' from project 'swift-collections')
    cd /Users/runner/work/red-pen-ios/red-pen-ios/ios/RedPen.xcodeproj
    

SwiftCompile normal arm64 /Users/runner/work/red-pen-ios/red-pen-ios/ios/build/SourcePackages/checkouts/swift-collections/Sources/OrderedCollections/OrderedDictionary/OrderedDictionary+CustomReflectable.swift (in target 'OrderedCollections' from project 'swift-collections')
    cd /Users/runner/work/red-pen-ios/red-pen-ios/ios/RedPen.xcodeproj
    

SwiftCompile normal arm64 /Users/runner/work/red-pen-ios/red-pen-ios/ios/build/SourcePackages/checkouts/swift-collections/Sources/OrderedCollections/OrderedDictionary/OrderedDictionary+Deprecations.swift (in target 'OrderedCollections' from project 'swift-collections')
    cd /Users/runner/work/red-pen-ios/red-pen-ios/ios/RedPen.xcodeproj
    

SwiftCompile normal arm64 /Users/runner/work/red-pen-ios/red-pen-ios/ios/build/SourcePackages/checkouts/swift-collections/Sources/OrderedCollections/OrderedDictionary/OrderedDictionary+Descriptions.swift (in target 'OrderedCollections' from project 'swift-collections')
    cd /Users/runner/work/red-pen-ios/red-pen-ios/ios/RedPen.xcodeproj
    

SwiftCompile normal arm64 /Users/runner/work/red-pen-ios/red-pen-ios/ios/build/SourcePackages/checkouts/swift-collections/Sources/OrderedCollections/OrderedDictionary/OrderedDictionary+Elements.SubSequence.swift (in target 'OrderedCollections' from project 'swift-collections')
    cd /Users/runner/work/red-pen-ios/red-pen-ios/ios/RedPen.xcodeproj
    

SwiftCompile normal arm64 /Users/runner/work/red-pen-ios/red-pen-ios/ios/build/SourcePackages/checkouts/swift-collections/Sources/OrderedCollections/OrderedDictionary/OrderedDictionary+Elements.swift (in target 'OrderedCollections' from project 'swift-collections')
    cd /Users/runner/work/red-pen-ios/red-pen-ios/ios/RedPen.xcodeproj
    

SwiftCompile normal arm64 /Users/runner/work/red-pen-ios/red-pen-ios/ios/build/SourcePackages/checkouts/swift-collections/Sources/OrderedCollections/OrderedDictionary/OrderedDictionary+Equatable.swift (in target 'OrderedCollections' from project 'swift-collections')
    cd /Users/runner/work/red-pen-ios/red-pen-ios/ios/RedPen.xcodeproj
    

SwiftCompile normal arm64 /Users/runner/work/red-pen-ios/red-pen-ios/ios/build/SourcePackages/checkouts/swift-collections/Sources/OrderedCollections/OrderedDictionary/OrderedDictionary+ExpressibleByDictionaryLiteral.swift (in target 'OrderedCollections' from project 'swift-collections')
    cd /Users/runner/work/red-pen-ios/red-pen-ios/ios/RedPen.xcodeproj
    

SwiftCompile normal arm64 /Users/runner/work/red-pen-ios/red-pen-ios/ios/build/SourcePackages/checkouts/swift-collections/Sources/OrderedCollections/OrderedDictionary/OrderedDictionary+Hashable.swift (in target 'OrderedCollections' from project 'swift-collections')
    cd /Users/runner/work/red-pen-ios/red-pen-ios/ios/RedPen.xcodeproj
    

SwiftCompile normal arm64 /Users/runner/work/red-pen-ios/red-pen-ios/ios/build/SourcePackages/checkouts/swift-collections/Sources/OrderedCollections/OrderedDictionary/OrderedDictionary+Initializers.swift (in target 'OrderedCollections' from project 'swift-collections')
    cd /Users/runner/work/red-pen-ios/red-pen-ios/ios/RedPen.xcodeproj
    

SwiftCompile normal arm64 /Users/runner/work/red-pen-ios/red-pen-ios/ios/build/SourcePackages/checkouts/swift-collections/Sources/OrderedCollections/OrderedDictionary/OrderedDictionary+Invariants.swift (in target 'OrderedCollections' from project 'swift-collections')
    cd /Users/runner/work/red-pen-ios/red-pen-ios/ios/RedPen.xcodeproj
    

SwiftCompile normal arm64 /Users/runner/work/red-pen-ios/red-pen-ios/ios/build/SourcePackages/checkouts/swift-collections/Sources/OrderedCollections/OrderedDictionary/OrderedDictionary+Move.swift (in target 'OrderedCollections' from project 'swift-collections')
    cd /Users/runner/work/red-pen-ios/red-pen-ios/ios/RedPen.xcodeproj
    

SwiftCompile normal arm64 /Users/runner/work/red-pen-ios/red-pen-ios/ios/build/SourcePackages/checkouts/swift-collections/Sources/OrderedCollections/OrderedDictionary/OrderedDictionary+Partial\ MutableCollection.swift (in target 'OrderedCollections' from project 'swift-collections')
    cd /Users/runner/work/red-pen-ios/red-pen-ios/ios/RedPen.xcodeproj
    

SwiftDriverJobDiscovery normal arm64 Compiling ToolArgumentMacro.swift, ToolArgumentsMacro.swift (in target 'LocalLLMClientMacrosPlugin' from project 'LocalLLMClient')

SwiftCompile normal arm64 Compiling\ OrderedSet+Partial\ SetAlgebra\ intersection.swift,\ OrderedSet+Partial\ SetAlgebra\ isDisjoint.swift,\ OrderedSet+Partial\ SetAlgebra\ isEqualSet.swift,\ OrderedSet+Partial\ SetAlgebra\ isStrictSubset.swift,\ OrderedSet+Partial\ SetAlgebra\ isStrictSuperset.swift,\ OrderedSet+Partial\ SetAlgebra\ isSubset.swift,\ OrderedSet+Partial\ SetAlgebra\ isSuperset.swift,\ OrderedSet+Partial\ SetAlgebra\ subtract.swift,\ OrderedSet+Partial\ SetAlgebra\ subtracting.swift,\ OrderedSet+Partial\ SetAlgebra\ symmetricDifference.swift,\ OrderedSet+Partial\ SetAlgebra\ union.swift,\ OrderedSet+Partial\ SetAlgebra+Basics.swift,\ OrderedSet+RandomAccessCollection.swift,\ OrderedSet+ReserveCapacity.swift,\ OrderedSet+Sendable.swift,\ OrderedSet+SubSequence.swift,\ OrderedSet+Testing.swift,\ OrderedSet+UnorderedView.swift,\ OrderedSet+UnstableInternals.swift,\ OrderedSet.swift,\ _UnsafeBitset.swift /Users/runner/work/red-pen-ios/red-pen-ios/ios/build/SourcePackages/checkouts/swift-collections/Sources/OrderedCollections/OrderedSet/OrderedSet+Partial\ SetAlgebra\ intersection.swift /Users/runner/work/red-pen-ios/red-pen-ios/ios/build/SourcePackages/checkouts/swift-collections/Sources/OrderedCollections/OrderedSet/OrderedSet+Partial\ SetAlgebra\ isDisjoint.swift /Users/runner/work/red-pen-ios/red-pen-ios/ios/build/SourcePackages/checkouts/swift-collections/Sources/OrderedCollections/OrderedSet/OrderedSet+Partial\ SetAlgebra\ isEqualSet.swift /Users/runner/work/red-pen-ios/red-pen-ios/ios/build/SourcePackages/checkouts/swift-collections/Sources/OrderedCollections/OrderedSet/OrderedSet+Partial\ SetAlgebra\ isStrictSubset.swift /Users/runner/work/red-pen-ios/red-pen-ios/ios/build/SourcePackages/checkouts/swift-collections/Sources/OrderedCollections/OrderedSet/OrderedSet+Partial\ SetAlgebra\ isStrictSuperset.swift /Users/runner/work/red-pen-ios/red-pen-ios/ios/build/SourcePackages/checkouts/swift-collections/Sources/OrderedCollections/OrderedSet/OrderedSet+Partial\ SetAlgebra\ isSubset.swift /Users/runner/work/red-pen-ios/red-pen-ios/ios/build/SourcePackages/checkouts/swift-collections/Sources/OrderedCollections/OrderedSet/OrderedSet+Partial\ SetAlgebra\ isSuperset.swift /Users/runner/work/red-pen-ios/red-pen-ios/ios/build/SourcePackages/checkouts/swift-collections/Sources/OrderedCollections/OrderedSet/OrderedSet+Partial\ SetAlgebra\ subtract.swift /Users/runner/work/red-pen-ios/red-pen-ios/ios/build/SourcePackages/checkouts/swift-collections/Sources/OrderedCollections/OrderedSet/OrderedSet+Partial\ SetAlgebra\ subtracting.swift /Users/runner/work/red-pen-ios/red-pen-ios/ios/build/SourcePackages/checkouts/swift-collections/Sources/OrderedCollections/OrderedSet/OrderedSet+Partial\ SetAlgebra\ symmetricDifference.swift /Users/runner/work/red-pen-ios/red-pen-ios/ios/build/SourcePackages/checkouts/swift-collections/Sources/OrderedCollections/OrderedSet/OrderedSet+Partial\ SetAlgebra\ union.swift /Users/runner/work/red-pen-ios/red-pen-ios/ios/build/SourcePackages/checkouts/swift-collections/Sources/OrderedCollections/OrderedSet/OrderedSet+Partial\ SetAlgebra+Basics.swift /Users/runner/work/red-pen-ios/red-pen-ios/ios/build/SourcePackages/checkouts/swift-collections/Sources/OrderedCollections/OrderedSet/OrderedSet+RandomAccessCollection.swift /Users/runner/work/red-pen-ios/red-pen-ios/ios/build/SourcePackages/checkouts/swift-collections/Sources/OrderedCollections/OrderedSet/OrderedSet+ReserveCapacity.swift /Users/runner/work/red-pen-ios/red-pen-ios/ios/build/SourcePackages/checkouts/swift-collections/Sources/OrderedCollections/OrderedSet/OrderedSet+Sendable.swift /Users/runner/work/red-pen-ios/red-pen-ios/ios/build/SourcePackages/checkouts/swift-collections/Sources/OrderedCollections/OrderedSet/OrderedSet+SubSequence.swift /Users/runner/work/red-pen-ios/red-pen-ios/ios/build/SourcePackages/checkouts/swift-collections/Sources/OrderedCollections/OrderedSet/OrderedSet+Testing.swift /Users/runner/work/red-pen-ios/red-pen-ios/ios/build/SourcePackages/checkouts/swift-collections/Sources/OrderedCollections/OrderedSet/OrderedSet+UnorderedView.swift /Users/runner/work/red-pen-ios/red-pen-ios/ios/build/SourcePackages/checkouts/swift-collections/Sources/OrderedCollections/OrderedSet/OrderedSet+UnstableInternals.swift /Users/runner/work/red-pen-ios/red-pen-ios/ios/build/SourcePackages/checkouts/swift-collections/Sources/OrderedCollections/OrderedSet/OrderedSet.swift /Users/runner/work/red-pen-ios/red-pen-ios/ios/build/SourcePackages/checkouts/swift-collections/Sources/OrderedCollections/Utilities/_UnsafeBitset.swift (in target 'OrderedCollections' from project 'swift-collections')
SwiftCompile normal arm64 /Users/runner/work/red-pen-ios/red-pen-ios/ios/build/SourcePackages/checkouts/swift-collections/Sources/OrderedCollections/OrderedSet/OrderedSet+Partial\ SetAlgebra\ intersection.swift (in target 'OrderedCollections' from project 'swift-collections')
    cd /Users/runner/work/red-pen-ios/red-pen-ios/ios/RedPen.xcodeproj
    

SwiftCompile normal arm64 /Users/runner/work/red-pen-ios/red-pen-ios/ios/build/SourcePackages/checkouts/swift-collections/Sources/OrderedCollections/OrderedSet/OrderedSet+Partial\ SetAlgebra\ isDisjoint.swift (in target 'OrderedCollections' from project 'swift-collections')
    cd /Users/runner/work/red-pen-ios/red-pen-ios/ios/RedPen.xcodeproj
    

SwiftCompile normal arm64 /Users/runner/work/red-pen-ios/red-pen-ios/ios/build/SourcePackages/checkouts/swift-collections/Sources/OrderedCollections/OrderedSet/OrderedSet+Partial\ SetAlgebra\ isEqualSet.swift (in target 'OrderedCollections' from project 'swift-collections')
    cd /Users/runner/work/red-pen-ios/red-pen-ios/ios/RedPen.xcodeproj
    

SwiftCompile normal arm64 /Users/runner/work/red-pen-ios/red-pen-ios/ios/build/SourcePackages/checkouts/swift-collections/Sources/OrderedCollections/OrderedSet/OrderedSet+Partial\ SetAlgebra\ isStrictSubset.swift (in target 'OrderedCollections' from project 'swift-collections')
    cd /Users/runner/work/red-pen-ios/red-pen-ios/ios/RedPen.xcodeproj
    

SwiftCompile normal arm64 /Users/runner/work/red-pen-ios/red-pen-ios/ios/build/SourcePackages/checkouts/swift-collections/Sources/OrderedCollections/OrderedSet/OrderedSet+Partial\ SetAlgebra\ isStrictSuperset.swift (in target 'OrderedCollections' from project 'swift-collections')
    cd /Users/runner/work/red-pen-ios/red-pen-ios/ios/RedPen.xcodeproj
    

SwiftCompile normal arm64 /Users/runner/work/red-pen-ios/red-pen-ios/ios/build/SourcePackages/checkouts/swift-collections/Sources/OrderedCollections/OrderedSet/OrderedSet+Partial\ SetAlgebra\ isSubset.swift (in target 'OrderedCollections' from project 'swift-collections')
    cd /Users/runner/work/red-pen-ios/red-pen-ios/ios/RedPen.xcodeproj
    

SwiftCompile normal arm64 /Users/runner/work/red-pen-ios/red-pen-ios/ios/build/SourcePackages/checkouts/swift-collections/Sources/OrderedCollections/OrderedSet/OrderedSet+Partial\ SetAlgebra\ isSuperset.swift (in target 'OrderedCollections' from project 'swift-collections')
    cd /Users/runner/work/red-pen-ios/red-pen-ios/ios/RedPen.xcodeproj
    

SwiftCompile normal arm64 /Users/runner/work/red-pen-ios/red-pen-ios/ios/build/SourcePackages/checkouts/swift-collections/Sources/OrderedCollections/OrderedSet/OrderedSet+Partial\ SetAlgebra\ subtract.swift (in target 'OrderedCollections' from project 'swift-collections')
    cd /Users/runner/work/red-pen-ios/red-pen-ios/ios/RedPen.xcodeproj
    

SwiftCompile normal arm64 /Users/runner/work/red-pen-ios/red-pen-ios/ios/build/SourcePackages/checkouts/swift-collections/Sources/OrderedCollections/OrderedSet/OrderedSet+Partial\ SetAlgebra\ subtracting.swift (in target 'OrderedCollections' from project 'swift-collections')
    cd /Users/runner/work/red-pen-ios/red-pen-ios/ios/RedPen.xcodeproj
    

SwiftCompile normal arm64 /Users/runner/work/red-pen-ios/red-pen-ios/ios/build/SourcePackages/checkouts/swift-collections/Sources/OrderedCollections/OrderedSet/OrderedSet+Partial\ SetAlgebra\ symmetricDifference.swift (in target 'OrderedCollections' from project 'swift-collections')
    cd /Users/runner/work/red-pen-ios/red-pen-ios/ios/RedPen.xcodeproj
    

SwiftCompile normal arm64 /Users/runner/work/red-pen-ios/red-pen-ios/ios/build/SourcePackages/checkouts/swift-collections/Sources/OrderedCollections/OrderedSet/OrderedSet+Partial\ SetAlgebra\ union.swift (in target 'OrderedCollections' from project 'swift-collections')
    cd /Users/runner/work/red-pen-ios/red-pen-ios/ios/RedPen.xcodeproj
    

SwiftCompile normal arm64 /Users/runner/work/red-pen-ios/red-pen-ios/ios/build/SourcePackages/checkouts/swift-collections/Sources/OrderedCollections/OrderedSet/OrderedSet+Partial\ SetAlgebra+Basics.swift (in target 'OrderedCollections' from project 'swift-collections')
    cd /Users/runner/work/red-pen-ios/red-pen-ios/ios/RedPen.xcodeproj
    

SwiftCompile normal arm64 /Users/runner/work/red-pen-ios/red-pen-ios/ios/build/SourcePackages/checkouts/swift-collections/Sources/OrderedCollections/OrderedSet/OrderedSet+RandomAccessCollection.swift (in target 'OrderedCollections' from project 'swift-collections')
    cd /Users/runner/work/red-pen-ios/red-pen-ios/ios/RedPen.xcodeproj
    

SwiftCompile normal arm64 /Users/runner/work/red-pen-ios/red-pen-ios/ios/build/SourcePackages/checkouts/swift-collections/Sources/OrderedCollections/OrderedSet/OrderedSet+ReserveCapacity.swift (in target 'OrderedCollections' from project 'swift-collections')
    cd /Users/runner/work/red-pen-ios/red-pen-ios/ios/RedPen.xcodeproj
    

SwiftCompile normal arm64 /Users/runner/work/red-pen-ios/red-pen-ios/ios/build/SourcePackages/checkouts/swift-collections/Sources/OrderedCollections/OrderedSet/OrderedSet+Sendable.swift (in target 'OrderedCollections' from project 'swift-collections')
    cd /Users/runner/work/red-pen-ios/red-pen-ios/ios/RedPen.xcodeproj
    

SwiftCompile normal arm64 /Users/runner/work/red-pen-ios/red-pen-ios/ios/build/SourcePackages/checkouts/swift-collections/Sources/OrderedCollections/OrderedSet/OrderedSet+SubSequence.swift (in target 'OrderedCollections' from project 'swift-collections')
    cd /Users/runner/work/red-pen-ios/red-pen-ios/ios/RedPen.xcodeproj
    

SwiftCompile normal arm64 /Users/runner/work/red-pen-ios/red-pen-ios/ios/build/SourcePackages/checkouts/swift-collections/Sources/OrderedCollections/OrderedSet/OrderedSet+Testing.swift (in target 'OrderedCollections' from project 'swift-collections')
    cd /Users/runner/work/red-pen-ios/red-pen-ios/ios/RedPen.xcodeproj
    

SwiftCompile normal arm64 /Users/runner/work/red-pen-ios/red-pen-ios/ios/build/SourcePackages/checkouts/swift-collections/Sources/OrderedCollections/OrderedSet/OrderedSet+UnorderedView.swift (in target 'OrderedCollections' from project 'swift-collections')
    cd /Users/runner/work/red-pen-ios/red-pen-ios/ios/RedPen.xcodeproj
    

SwiftCompile normal arm64 /Users/runner/work/red-pen-ios/red-pen-ios/ios/build/SourcePackages/checkouts/swift-collections/Sources/OrderedCollections/OrderedSet/OrderedSet+UnstableInternals.swift (in target 'OrderedCollections' from project 'swift-collections')
    cd /Users/runner/work/red-pen-ios/red-pen-ios/ios/RedPen.xcodeproj
    

SwiftCompile normal arm64 /Users/runner/work/red-pen-ios/red-pen-ios/ios/build/SourcePackages/checkouts/swift-collections/Sources/OrderedCollections/OrderedSet/OrderedSet.swift (in target 'OrderedCollections' from project 'swift-collections')
    cd /Users/runner/work/red-pen-ios/red-pen-ios/ios/RedPen.xcodeproj
    

SwiftCompile normal arm64 /Users/runner/work/red-pen-ios/red-pen-ios/ios/build/SourcePackages/checkouts/swift-collections/Sources/OrderedCollections/Utilities/_UnsafeBitset.swift (in target 'OrderedCollections' from project 'swift-collections')
    cd /Users/runner/work/red-pen-ios/red-pen-ios/ios/RedPen.xcodeproj
    

SwiftDriverJobDiscovery normal arm64 Emitting module for OrderedCollections (in target 'OrderedCollections' from project 'swift-collections')

SwiftDriver\ Compilation\ Requirements OrderedCollections normal arm64 com.apple.xcode.tools.swift.compiler (in target 'OrderedCollections' from project 'swift-collections')
    cd /Users/runner/work/red-pen-ios/red-pen-ios/ios/RedPen.xcodeproj
    builtin-Swift-Compilation-Requirements -- /Applications/Xcode_26.6.app/Contents/Developer/Toolchains/XcodeDefault.xctoolchain/usr/bin/swiftc -module-name OrderedCollections -Onone @/Users/runner/work/red-pen-ios/red-pen-ios/ios/build/Build/Intermediates.noindex/swift-collections.build/Debug-iphonesimulator/OrderedCollections.build/Objects-normal/arm64/OrderedCollections.SwiftFileList -DSWIFT_PACKAGE -DDEBUG -DSWIFT_MODULE_RESOURCE_BUNDLE_UNAVAILABLE -DCOLLECTIONS_RANDOMIZED_TESTING -DXcode -enable-experimental-feature AvailabilityMacro\=SwiftStdlib\ 5.0:\ macOS\ 10.14.4,\ iOS\ 12.2,\ watchOS\ 5.2,\ tvOS\ 12.2 -enable-experimental-feature AvailabilityMacro\=SwiftStdlib\ 5.1:\ macOS\ 10.15,\ iOS\ 13.0,\ watchOS\ 6.0,\ tvOS\ 13.0 -enable-experimental-feature AvailabilityMacro\=SwiftStdlib\ 5.6:\ macOS\ 12.3,\ iOS\ 15.4,\ watchOS\ 8.5,\ tvOS\ 15.4 -enable-experimental-feature AvailabilityMacro\=SwiftStdlib\ 5.7:\ macOS\ 13.0,\ iOS\ 16.0,\ watchOS\ 9.0,\ tvOS\ 16.0 -enable-experimental-feature AvailabilityMacro\=SwiftStdlib\ 5.8:\ macOS\ 13.3,\ iOS\ 16.4,\ watchOS\ 9.4,\ tvOS\ 16.4 -enable-experimental-feature AvailabilityMacro\=SwiftStdlib\ 5.9:\ macOS\ 14.0,\ iOS\ 17.0,\ watchOS\ 10.0,\ tvOS\ 17.0 -enable-experimental-feature AvailabilityMacro\=SwiftStdlib\ 5.10:\ macOS\ 14.4,\ iOS\ 17.4,\ watchOS\ 10.4,\ tvOS\ 17.4,\ visionOS\ 1.1 -enable-experimental-feature AvailabilityMacro\=SwiftStdlib\ 6.0:\ macOS\ 15.0,\ iOS\ 18.0,\ watchOS\ 11.0,\ tvOS\ 18.0,\ visionOS\ 2.0 -enable-experimental-feature AvailabilityMacro\=SwiftStdlib\ 6.1:\ macOS\ 15.4,\ iOS\ 18.4,\ watchOS\ 11.4,\ tvOS\ 18.4,\ visionOS\ 2.4 -enable-experimental-feature AvailabilityMacro\=SwiftStdlib\ 6.2:\ macOS\ 26.0,\ iOS\ 26.0,\ watchOS\ 26.0,\ tvOS\ 26.0,\ visionOS\ 26.0 -enable-experimental-feature AvailabilityMacro\=SwiftStdlib\ 6.3:\ macOS\ 26.4,\ iOS\ 26.4,\ watchOS\ 26.4,\ tvOS\ 26.4,\ visionOS\ 26.4 -enable-experimental-feature AvailabilityMacro\=SwiftStdlib\ 6.4:\ macOS\ 9999,\ iOS\ 9999,\ watchOS\ 9999,\ tvOS\ 9999,\ visionOS\ 9999 -enable-experimental-feature AvailabilityMacro\=SwiftStdlib\ 6.5:\ macOS\ 9999,\ iOS\ 9999,\ watchOS\ 9999,\ tvOS\ 9999,\ visionOS\ 9999 -enable-upcoming-feature MemberImportVisibility -enable-experimental-feature BuiltinModule -enable-experimental-feature Lifetimes -enable-experimental-feature InoutLifetimeDependence -enable-experimental-feature AddressableParameters -enable-experimental-feature AddressableTypes -enable-experimental-feature SuppressedAssociatedTypesWithDefaults -plugin-path /Applications/Xcode_26.6.app/Contents/Developer/Toolchains/XcodeDefault.xctoolchain/usr/lib/swift/host/plugins/testing -enable-experimental-feature DebugDescriptionMacro -sdk /Applications/Xcode_26.6.app/Contents/Developer/Platforms/iPhoneSimulator.platform/Developer/SDKs/iPhoneSimulator26.5.sdk -target arm64-apple-ios12.0-simulator -g -module-cache-path /Users/runner/work/red-pen-ios/red-pen-ios/ios/build/ModuleCache.noindex -Xfrontend -serialize-debugging-options -enable-testing -suppress-warnings -index-store-path /Users/runner/work/red-pen-ios/red-pen-ios/ios/build/Index.noindex/DataStore -Xcc -D_LIBCPP_HARDENING_MODE\=_LIBCPP_HARDENING_MODE_DEBUG -swift-version 6 -I /Users/runner/work/red-pen-ios/red-pen-ios/ios/build/Build/Products/Debug-iphonesimulator -Isystem /Applications/Xcode_26.6.app/Contents/Developer/Platforms/iPhoneSimulator.platform/Developer/usr/lib -F /Users/runner/work/red-pen-ios/red-pen-ios/ios/build/Build/Products/Debug-iphonesimulator/PackageFrameworks -F /Users/runner/work/red-pen-ios/red-pen-ios/ios/build/Build/Products/Debug-iphonesimulator -F /Applications/Xcode_26.6.app/Contents/Developer/Platforms/iPhoneSimulator.platform/Developer/Library/Frameworks -F /Applications/Xcode_26.6.app/Contents/Developer/Platforms/iPhoneSimulator.platform/Developer/SDKs/iPhoneSimulator26.5.sdk/Developer/Library/Frameworks -c -j3 -enable-batch-mode -incremental -Xcc -ivfsstatcache -Xcc /Users/runner/work/red-pen-ios/red-pen-ios/ios/build/SDKStatCaches.noindex/iphonesimulator26.5-23F81a-688ef53f1462e2c8f657fdc38a81448ff45c64a1807a658693f2a61704f17a36.sdkstatcache -output-file-map /Users/runner/work/red-pen-ios/red-pen-ios/ios/build/Build/Intermediates.noindex/swift-collections.build/Debug-iphonesimulator/OrderedCollections.build/Objects-normal/arm64/OrderedCollections-OutputFileMap.json -use-frontend-parseable-output -save-temps -no-color-diagnostics -serialize-diagnostics -emit-dependencies -emit-module -emit-module-path /Users/runner/work/red-pen-ios/red-pen-ios/ios/build/Build/Intermediates.noindex/swift-collections.build/Debug-iphonesimulator/OrderedCollections.build/Objects-normal/arm64/OrderedCollections.swiftmodule -user-module-version 1.6.0 -validate-clang-modules-once -clang-build-session-file /Users/runner/work/red-pen-ios/red-pen-ios/ios/build/ModuleCache.noindex/Session.modulevalidation -package-name swift_collections -Xcc -I/Users/runner/work/red-pen-ios/red-pen-ios/ios/build/Build/Intermediates.noindex/swift-collections.build/Debug-iphonesimulator/OrderedCollections.build/swift-overrides.hmap -emit-const-values -Xfrontend -const-gather-protocols-file -Xfrontend /Users/runner/work/red-pen-ios/red-pen-ios/ios/build/Build/Intermediates.noindex/swift-collections.build/Debug-iphonesimulator/OrderedCollections.build/Objects-normal/arm64/OrderedCollections_const_extract_protocols.json -Xcc -I/Users/runner/work/red-pen-ios/red-pen-ios/ios/build/Build/Products/Debug-iphonesimulator/include -Xcc -I/Users/runner/work/red-pen-ios/red-pen-ios/ios/build/Build/Intermediates.noindex/swift-collections.build/Debug-iphonesimulator/OrderedCollections.build/DerivedSources-normal/arm64 -Xcc -I/Users/runner/work/red-pen-ios/red-pen-ios/ios/build/Build/Intermediates.noindex/swift-collections.build/Debug-iphonesimulator/OrderedCollections.build/DerivedSources/arm64 -Xcc -I/Users/runner/work/red-pen-ios/red-pen-ios/ios/build/Build/Intermediates.noindex/swift-collections.build/Debug-iphonesimulator/OrderedCollections.build/DerivedSources -Xcc -DSWIFT_PACKAGE -Xcc -DDEBUG\=1 -emit-objc-header -emit-objc-header-path /Users/runner/work/red-pen-ios/red-pen-ios/ios/build/Build/Intermediates.noindex/swift-collections.build/Debug-iphonesimulator/OrderedCollections.build/Objects-normal/arm64/OrderedCollections-Swift.h -working-directory /Users/runner/work/red-pen-ios/red-pen-ios/ios/RedPen.xcodeproj -experimental-emit-module-separately -disable-cmo

SwiftDriverJobDiscovery normal arm64 Compiling OrderedDictionary+Partial RangeReplaceableCollection.swift, OrderedDictionary+Sendable.swift, OrderedDictionary+Sequence.swift, OrderedDictionary+Values.swift, OrderedDictionary.swift, OrderedSet+Codable.swift, OrderedSet+CustomReflectable.swift, OrderedSet+Descriptions.swift, OrderedSet+Diffing.swift, OrderedSet+Equatable.swift, OrderedSet+ExpressibleByArrayLiteral.swift, OrderedSet+Hashable.swift, OrderedSet+Initializers.swift, OrderedSet+Insertions.swift, OrderedSet+Invariants.swift, OrderedSet+Move.swift, OrderedSet+Partial MutableCollection.swift, OrderedSet+Partial RangeReplaceableCollection.swift, OrderedSet+Partial SetAlgebra formIntersection.swift, OrderedSet+Partial SetAlgebra formSymmetricDifference.swift, OrderedSet+Partial SetAlgebra formUnion.swift (in target 'OrderedCollections' from project 'swift-collections')

SwiftDriver\ Compilation LocalLLMClientMacrosPlugin normal arm64 com.apple.xcode.tools.swift.compiler (in target 'LocalLLMClientMacrosPlugin' from project 'LocalLLMClient')
    cd /Users/runner/work/red-pen-ios/red-pen-ios/ios/RedPen.xcodeproj
    builtin-Swift-Compilation -- /Applications/Xcode_26.6.app/Contents/Developer/Toolchains/XcodeDefault.xctoolchain/usr/bin/swiftc -module-name LocalLLMClientMacrosPlugin -Onone @/Users/runner/work/red-pen-ios/red-pen-ios/ios/build/Build/Intermediates.noindex/LocalLLMClient.build/Debug/LocalLLMClientMacrosPlugin.build/Objects-normal/arm64/LocalLLMClientMacrosPlugin.SwiftFileList -DSWIFT_PACKAGE -DDEBUG -DXcode -I /Users/runner/work/red-pen-ios/red-pen-ios/ios/build/SourcePackages/prebuilts/swift-syntax/603.0.2/swiftlang-6.3.3.1.3-macosx26.5-MacroSupport/Modules -I /Users/runner/work/red-pen-ios/red-pen-ios/ios/build/SourcePackages/checkouts/swift-syntax/Sources/_SwiftLibraryPluginProviderCShims/include -I /Users/runner/work/red-pen-ios/red-pen-ios/ios/build/SourcePackages/checkouts/swift-syntax/Sources/_SwiftSyntaxCShims/include -plugin-path /Applications/Xcode_26.6.app/Contents/Developer/Toolchains/XcodeDefault.xctoolchain/usr/lib/swift/host/plugins/testing -enable-experimental-feature DebugDescriptionMacro -sdk /Applications/Xcode_26.6.app/Contents/Developer/Platforms/MacOSX.platform/Developer/SDKs/MacOSX26.5.sdk -target arm64-apple-macos14.0 -g -module-cache-path /Users/runner/work/red-pen-ios/red-pen-ios/ios/build/ModuleCache.noindex -Xfrontend -serialize-debugging-options -enable-testing -suppress-warnings -index-store-path /Users/runner/work/red-pen-ios/red-pen-ios/ios/build/Index.noindex/DataStore -Xcc -D_LIBCPP_HARDENING_MODE\=_LIBCPP_HARDENING_MODE_DEBUG -swift-version 6 -I /Users/runner/work/red-pen-ios/red-pen-ios/ios/build/Build/Products/Debug -Isystem /Applications/Xcode_26.6.app/Contents/Developer/Platforms/MacOSX.platform/Developer/usr/lib -F /Users/runner/work/red-pen-ios/red-pen-ios/ios/build/Build/Products/Debug -F /Applications/Xcode_26.6.app/Contents/Developer/Platforms/MacOSX.platform/Developer/Library/Frameworks -c -j3 -enable-batch-mode -incremental -Xcc -ivfsstatcache -Xcc /Users/runner/work/red-pen-ios/red-pen-ios/ios/build/SDKStatCaches.noindex/macosx26.5-25F70-688ef53f1462e2c8f657fdc38a81448fee0e6409aa6676c5e6c013d148225433.sdkstatcache -output-file-map /Users/runner/work/red-pen-ios/red-pen-ios/ios/build/Build/Intermediates.noindex/LocalLLMClient.build/Debug/LocalLLMClientMacrosPlugin.build/Objects-normal/arm64/LocalLLMClientMacrosPlugin-OutputFileMap.json -use-frontend-parseable-output -save-temps -no-color-diagnostics -serialize-diagnostics -emit-dependencies -emit-module -emit-module-path /Users/runner/work/red-pen-ios/red-pen-ios/ios/build/Build/Intermediates.noindex/LocalLLMClient.build/Debug/LocalLLMClientMacrosPlugin.build/Objects-normal/arm64/LocalLLMClientMacrosPlugin.swiftmodule -validate-clang-modules-once -clang-build-session-file /Users/runner/work/red-pen-ios/red-pen-ios/ios/build/ModuleCache.noindex/Session.modulevalidation -package-name localllmclient -emit-const-values -Xfrontend -const-gather-protocols-file -Xfrontend /Users/runner/work/red-pen-ios/red-pen-ios/ios/build/Build/Intermediates.noindex/LocalLLMClient.build/Debug/LocalLLMClientMacrosPlugin.build/Objects-normal/arm64/LocalLLMClientMacrosPlugin_const_extract_protocols.json -Xcc -I/Users/runner/work/red-pen-ios/red-pen-ios/ios/build/Build/Products/Debug/include -Xcc -I/Users/runner/work/red-pen-ios/red-pen-ios/ios/build/Build/Intermediates.noindex/LocalLLMClient.build/Debug/LocalLLMClientMacrosPlugin.build/DerivedSources-normal/arm64 -Xcc -I/Users/runner/work/red-pen-ios/red-pen-ios/ios/build/Build/Intermediates.noindex/LocalLLMClient.build/Debug/LocalLLMClientMacrosPlugin.build/DerivedSources/arm64 -Xcc -I/Users/runner/work/red-pen-ios/red-pen-ios/ios/build/Build/Intermediates.noindex/LocalLLMClient.build/Debug/LocalLLMClientMacrosPlugin.build/DerivedSources -Xcc -DSWIFT_PACKAGE -Xcc -DDEBUG\=1 -working-directory /Users/runner/work/red-pen-ios/red-pen-ios/ios/RedPen.xcodeproj -experimental-emit-module-separately -disable-cmo

SwiftMergeGeneratedHeaders /Users/runner/work/red-pen-ios/red-pen-ios/ios/build/Build/Intermediates.noindex/GeneratedModuleMaps-iphonesimulator/OrderedCollections-Swift.h /Users/runner/work/red-pen-ios/red-pen-ios/ios/build/Build/Intermediates.noindex/swift-collections.build/Debug-iphonesimulator/OrderedCollections.build/Objects-normal/arm64/OrderedCollections-Swift.h (in target 'OrderedCollections' from project 'swift-collections')
    cd /Users/runner/work/red-pen-ios/red-pen-ios/ios/build/SourcePackages/checkouts/swift-collections
    builtin-swiftHeaderTool -arch arm64 /Users/runner/work/red-pen-ios/red-pen-ios/ios/build/Build/Intermediates.noindex/swift-collections.build/Debug-iphonesimulator/OrderedCollections.build/Objects-normal/arm64/OrderedCollections-Swift.h -o /Users/runner/work/red-pen-ios/red-pen-ios/ios/build/Build/Intermediates.noindex/GeneratedModuleMaps-iphonesimulator/OrderedCollections-Swift.h

Copy /Users/runner/work/red-pen-ios/red-pen-ios/ios/build/Build/Products/Debug-iphonesimulator/OrderedCollections.swiftmodule/arm64-apple-ios-simulator.swiftmodule /Users/runner/work/red-pen-ios/red-pen-ios/ios/build/Build/Intermediates.noindex/swift-collections.build/Debug-iphonesimulator/OrderedCollections.build/Objects-normal/arm64/OrderedCollections.swiftmodule (in target 'OrderedCollections' from project 'swift-collections')
    cd /Users/runner/work/red-pen-ios/red-pen-ios/ios/build/SourcePackages/checkouts/swift-collections
    builtin-copy -exclude .DS_Store -exclude CVS -exclude .svn -exclude .git -exclude .hg -resolve-src-symlinks -rename /Users/runner/work/red-pen-ios/red-pen-ios/ios/build/Build/Intermediates.noindex/swift-collections.build/Debug-iphonesimulator/OrderedCollections.build/Objects-normal/arm64/OrderedCollections.swiftmodule /Users/runner/work/red-pen-ios/red-pen-ios/ios/build/Build/Products/Debug-iphonesimulator/OrderedCollections.swiftmodule/arm64-apple-ios-simulator.swiftmodule

Copy /Users/runner/work/red-pen-ios/red-pen-ios/ios/build/Build/Products/Debug-iphonesimulator/OrderedCollections.swiftmodule/arm64-apple-ios-simulator.swiftdoc /Users/runner/work/red-pen-ios/red-pen-ios/ios/build/Build/Intermediates.noindex/swift-collections.build/Debug-iphonesimulator/OrderedCollections.build/Objects-normal/arm64/OrderedCollections.swiftdoc (in target 'OrderedCollections' from project 'swift-collections')
    cd /Users/runner/work/red-pen-ios/red-pen-ios/ios/build/SourcePackages/checkouts/swift-collections
    builtin-copy -exclude .DS_Store -exclude CVS -exclude .svn -exclude .git -exclude .hg -resolve-src-symlinks -rename /Users/runner/work/red-pen-ios/red-pen-ios/ios/build/Build/Intermediates.noindex/swift-collections.build/Debug-iphonesimulator/OrderedCollections.build/Objects-normal/arm64/OrderedCollections.swiftdoc /Users/runner/work/red-pen-ios/red-pen-ios/ios/build/Build/Products/Debug-iphonesimulator/OrderedCollections.swiftmodule/arm64-apple-ios-simulator.swiftdoc

Copy /Users/runner/work/red-pen-ios/red-pen-ios/ios/build/Build/Products/Debug-iphonesimulator/OrderedCollections.swiftmodule/arm64-apple-ios-simulator.abi.json /Users/runner/work/red-pen-ios/red-pen-ios/ios/build/Build/Intermediates.noindex/swift-collections.build/Debug-iphonesimulator/OrderedCollections.build/Objects-normal/arm64/OrderedCollections.abi.json (in target 'OrderedCollections' from project 'swift-collections')
    cd /Users/runner/work/red-pen-ios/red-pen-ios/ios/build/SourcePackages/checkouts/swift-collections
    builtin-copy -exclude .DS_Store -exclude CVS -exclude .svn -exclude .git -exclude .hg -resolve-src-symlinks -rename /Users/runner/work/red-pen-ios/red-pen-ios/ios/build/Build/Intermediates.noindex/swift-collections.build/Debug-iphonesimulator/OrderedCollections.build/Objects-normal/arm64/OrderedCollections.abi.json /Users/runner/work/red-pen-ios/red-pen-ios/ios/build/Build/Products/Debug-iphonesimulator/OrderedCollections.swiftmodule/arm64-apple-ios-simulator.abi.json

Copy /Users/runner/work/red-pen-ios/red-pen-ios/ios/build/Build/Products/Debug-iphonesimulator/OrderedCollections.swiftmodule/Project/arm64-apple-ios-simulator.swiftsourceinfo /Users/runner/work/red-pen-ios/red-pen-ios/ios/build/Build/Intermediates.noindex/swift-collections.build/Debug-iphonesimulator/OrderedCollections.build/Objects-normal/arm64/OrderedCollections.swiftsourceinfo (in target 'OrderedCollections' from project 'swift-collections')
    cd /Users/runner/work/red-pen-ios/red-pen-ios/ios/build/SourcePackages/checkouts/swift-collections
    builtin-copy -exclude .DS_Store -exclude CVS -exclude .svn -exclude .git -exclude .hg -resolve-src-symlinks -rename /Users/runner/work/red-pen-ios/red-pen-ios/ios/build/Build/Intermediates.noindex/swift-collections.build/Debug-iphonesimulator/OrderedCollections.build/Objects-normal/arm64/OrderedCollections.swiftsourceinfo /Users/runner/work/red-pen-ios/red-pen-ios/ios/build/Build/Products/Debug-iphonesimulator/OrderedCollections.swiftmodule/Project/arm64-apple-ios-simulator.swiftsourceinfo

Ld /Users/runner/work/red-pen-ios/red-pen-ios/ios/build/Build/Products/Debug/LocalLLMClientMacrosPlugin normal (in target 'LocalLLMClientMacrosPlugin' from project 'LocalLLMClient')
    cd /Users/runner/work/red-pen-ios/red-pen-ios/ios/build/SourcePackages/checkouts/LocalLLMClient
    /Applications/Xcode_26.6.app/Contents/Developer/Toolchains/XcodeDefault.xctoolchain/usr/bin/clang -Xlinker -reproducible -target arm64-apple-macos14.0 -isysroot /Applications/Xcode_26.6.app/Contents/Developer/Platforms/MacOSX.platform/Developer/SDKs/MacOSX26.5.sdk -O0 -w -L/Users/runner/work/red-pen-ios/red-pen-ios/ios/build/Build/Intermediates.noindex/EagerLinkingTBDs/Debug -L/Users/runner/work/red-pen-ios/red-pen-ios/ios/build/Build/Products/Debug -L/Applications/Xcode_26.6.app/Contents/Developer/Platforms/MacOSX.platform/Developer/usr/lib -F/Users/runner/work/red-pen-ios/red-pen-ios/ios/build/Build/Intermediates.noindex/EagerLinkingTBDs/Debug -F/Users/runner/work/red-pen-ios/red-pen-ios/ios/build/Build/Products/Debug -iframework /Applications/Xcode_26.6.app/Contents/Developer/Platforms/MacOSX.platform/Developer/Library/Frameworks -filelist /Users/runner/work/red-pen-ios/red-pen-ios/ios/build/Build/Intermediates.noindex/LocalLLMClient.build/Debug/LocalLLMClientMacrosPlugin.build/Objects-normal/arm64/LocalLLMClientMacrosPlugin.LinkFileList -Xlinker -rpath -Xlinker /usr/lib/swift -Xlinker -object_path_lto -Xlinker /Users/runner/work/red-pen-ios/red-pen-ios/ios/build/Build/Intermediates.noindex/LocalLLMClient.build/Debug/LocalLLMClientMacrosPlugin.build/Objects-normal/arm64/LocalLLMClientMacrosPlugin_lto.o -rdynamic -Xlinker -no_deduplicate -Xlinker -dependency_info -Xlinker /Users/runner/work/red-pen-ios/red-pen-ios/ios/build/Build/Intermediates.noindex/LocalLLMClient.build/Debug/LocalLLMClientMacrosPlugin.build/Objects-normal/arm64/LocalLLMClientMacrosPlugin_dependency_info.dat -fobjc-link-runtime -L/Applications/Xcode_26.6.app/Contents/Developer/Toolchains/XcodeDefault.xctoolchain/usr/lib/swift/macosx -L/usr/lib/swift -Xlinker -add_ast_path -Xlinker /Users/runner/work/red-pen-ios/red-pen-ios/ios/build/Build/Intermediates.noindex/LocalLLMClient.build/Debug/LocalLLMClientMacrosPlugin.build/Objects-normal/arm64/LocalLLMClientMacrosPlugin.swiftmodule -L /Users/runner/work/red-pen-ios/red-pen-ios/ios/build/SourcePackages/prebuilts/swift-syntax/603.0.2/swiftlang-6.3.3.1.3-macosx26.5-MacroSupport/lib -lMacroSupport -o /Users/runner/work/red-pen-ios/red-pen-ios/ios/build/Build/Products/Debug/LocalLLMClientMacrosPlugin

RegisterExecutionPolicyException /Users/runner/work/red-pen-ios/red-pen-ios/ios/build/Build/Products/Debug-iphonesimulator/LocalLLMClientUtility.o (in target 'LocalLLMClientUtility' from project 'LocalLLMClient')
    cd /Users/runner/work/red-pen-ios/red-pen-ios/ios/build/SourcePackages/checkouts/LocalLLMClient
    builtin-RegisterExecutionPolicyException /Users/runner/work/red-pen-ios/red-pen-ios/ios/build/Build/Products/Debug-iphonesimulator/LocalLLMClientUtility.o

RegisterExecutionPolicyException /Users/runner/work/red-pen-ios/red-pen-ios/ios/build/Build/Products/Debug-iphonesimulator/LocalLLMClientLlamaC.o (in target 'LocalLLMClientLlamaC' from project 'LocalLLMClient')
    cd /Users/runner/work/red-pen-ios/red-pen-ios/ios/build/SourcePackages/checkouts/LocalLLMClient
    builtin-RegisterExecutionPolicyException /Users/runner/work/red-pen-ios/red-pen-ios/ios/build/Build/Products/Debug-iphonesimulator/LocalLLMClientLlamaC.o

RegisterExecutionPolicyException /Users/runner/work/red-pen-ios/red-pen-ios/ios/build/Build/Products/Debug/LocalLLMClientMacrosPlugin (in target 'LocalLLMClientMacrosPlugin' from project 'LocalLLMClient')
    cd /Users/runner/work/red-pen-ios/red-pen-ios/ios/build/SourcePackages/checkouts/LocalLLMClient
    builtin-RegisterExecutionPolicyException /Users/runner/work/red-pen-ios/red-pen-ios/ios/build/Build/Products/Debug/LocalLLMClientMacrosPlugin

SwiftDriver Jinja normal arm64 com.apple.xcode.tools.swift.compiler (in target 'Jinja' from project 'Jinja')
    cd /Users/runner/work/red-pen-ios/red-pen-ios/ios/RedPen.xcodeproj
    builtin-SwiftDriver -- /Applications/Xcode_26.6.app/Contents/Developer/Toolchains/XcodeDefault.xctoolchain/usr/bin/swiftc -module-name Jinja -Onone @/Users/runner/work/red-pen-ios/red-pen-ios/ios/build/Build/Intermediates.noindex/Jinja.build/Debug-iphonesimulator/Jinja.build/Objects-normal/arm64/Jinja.SwiftFileList -DSWIFT_PACKAGE -DDEBUG -DSWIFT_MODULE_RESOURCE_BUNDLE_UNAVAILABLE -DXcode -plugin-path /Applications/Xcode_26.6.app/Contents/Developer/Toolchains/XcodeDefault.xctoolchain/usr/lib/swift/host/plugins/testing -enable-experimental-feature DebugDescriptionMacro -sdk /Applications/Xcode_26.6.app/Contents/Developer/Platforms/iPhoneSimulator.platform/Developer/SDKs/iPhoneSimulator26.5.sdk -target arm64-apple-ios16.0-simulator -g -module-cache-path /Users/runner/work/red-pen-ios/red-pen-ios/ios/build/ModuleCache.noindex -Xfrontend -serialize-debugging-options -enable-testing -suppress-warnings -index-store-path /Users/runner/work/red-pen-ios/red-pen-ios/ios/build/Index.noindex/DataStore -Xcc -D_LIBCPP_HARDENING_MODE\=_LIBCPP_HARDENING_MODE_DEBUG -swift-version 6 -I /Users/runner/work/red-pen-ios/red-pen-ios/ios/build/Build/Products/Debug-iphonesimulator -Isystem /Applications/Xcode_26.6.app/Contents/Developer/Platforms/iPhoneSimulator.platform/Developer/usr/lib -F /Users/runner/work/red-pen-ios/red-pen-ios/ios/build/Build/Products/Debug-iphonesimulator/PackageFrameworks -F /Users/runner/work/red-pen-ios/red-pen-ios/ios/build/Build/Products/Debug-iphonesimulator/PackageFrameworks -F /Users/runner/work/red-pen-ios/red-pen-ios/ios/build/Build/Products/Debug-iphonesimulator -F /Applications/Xcode_26.6.app/Contents/Developer/Platforms/iPhoneSimulator.platform/Developer/Library/Frameworks -F /Applications/Xcode_26.6.app/Contents/Developer/Platforms/iPhoneSimulator.platform/Developer/SDKs/iPhoneSimulator26.5.sdk/Developer/Library/Frameworks -c -j3 -enable-batch-mode -incremental -Xcc -ivfsstatcache -Xcc /Users/runner/work/red-pen-ios/red-pen-ios/ios/build/SDKStatCaches.noindex/iphonesimulator26.5-23F81a-688ef53f1462e2c8f657fdc38a81448ff45c64a1807a658693f2a61704f17a36.sdkstatcache -output-file-map /Users/runner/work/red-pen-ios/red-pen-ios/ios/build/Build/Intermediates.noindex/Jinja.build/Debug-iphonesimulator/Jinja.build/Objects-normal/arm64/Jinja-OutputFileMap.json -use-frontend-parseable-output -save-temps -no-color-diagnostics -serialize-diagnostics -emit-dependencies -emit-module -emit-module-path /Users/runner/work/red-pen-ios/red-pen-ios/ios/build/Build/Intermediates.noindex/Jinja.build/Debug-iphonesimulator/Jinja.build/Objects-normal/arm64/Jinja.swiftmodule -user-module-version 2.5.1 -validate-clang-modules-once -clang-build-session-file /Users/runner/work/red-pen-ios/red-pen-ios/ios/build/ModuleCache.noindex/Session.modulevalidation -package-name swift_jinja -Xcc -I/Users/runner/work/red-pen-ios/red-pen-ios/ios/build/Build/Intermediates.noindex/Jinja.build/Debug-iphonesimulator/Jinja.build/swift-overrides.hmap -emit-const-values -Xfrontend -const-gather-protocols-file -Xfrontend /Users/runner/work/red-pen-ios/red-pen-ios/ios/build/Build/Intermediates.noindex/Jinja.build/Debug-iphonesimulator/Jinja.build/Objects-normal/arm64/Jinja_const_extract_protocols.json -Xcc -I/Users/runner/work/red-pen-ios/red-pen-ios/ios/build/Build/Products/Debug-iphonesimulator/include -Xcc -I/Users/runner/work/red-pen-ios/red-pen-ios/ios/build/Build/Intermediates.noindex/Jinja.build/Debug-iphonesimulator/Jinja.build/DerivedSources-normal/arm64 -Xcc -I/Users/runner/work/red-pen-ios/red-pen-ios/ios/build/Build/Intermediates.noindex/Jinja.build/Debug-iphonesimulator/Jinja.build/DerivedSources/arm64 -Xcc -I/Users/runner/work/red-pen-ios/red-pen-ios/ios/build/Build/Intermediates.noindex/Jinja.build/Debug-iphonesimulator/Jinja.build/DerivedSources -Xcc -DSWIFT_PACKAGE -Xcc -DDEBUG\=1 -emit-objc-header -emit-objc-header-path /Users/runner/work/red-pen-ios/red-pen-ios/ios/build/Build/Intermediates.noindex/Jinja.build/Debug-iphonesimulator/Jinja.build/Objects-normal/arm64/Jinja-Swift.h -working-directory /Users/runner/work/red-pen-ios/red-pen-ios/ios/RedPen.xcodeproj -experimental-emit-module-separately -disable-cmo

SwiftEmitModule normal arm64 Emitting\ module\ for\ Jinja (in target 'Jinja' from project 'Jinja')
EmitSwiftModule normal arm64 (in target 'Jinja' from project 'Jinja')
    cd /Users/runner/work/red-pen-ios/red-pen-ios/ios/RedPen.xcodeproj
    

SwiftCompile normal arm64 Compiling\ AST.swift,\ Error.swift,\ Filters.swift,\ Globals.swift,\ Interpreter.swift /Users/runner/work/red-pen-ios/red-pen-ios/ios/build/SourcePackages/checkouts/swift-jinja/Sources/Jinja/AST.swift /Users/runner/work/red-pen-ios/red-pen-ios/ios/build/SourcePackages/checkouts/swift-jinja/Sources/Jinja/Error.swift /Users/runner/work/red-pen-ios/red-pen-ios/ios/build/SourcePackages/checkouts/swift-jinja/Sources/Jinja/Filters.swift /Users/runner/work/red-pen-ios/red-pen-ios/ios/build/SourcePackages/checkouts/swift-jinja/Sources/Jinja/Globals.swift /Users/runner/work/red-pen-ios/red-pen-ios/ios/build/SourcePackages/checkouts/swift-jinja/Sources/Jinja/Interpreter.swift (in target 'Jinja' from project 'Jinja')
SwiftCompile normal arm64 /Users/runner/work/red-pen-ios/red-pen-ios/ios/build/SourcePackages/checkouts/swift-jinja/Sources/Jinja/AST.swift (in target 'Jinja' from project 'Jinja')
    cd /Users/runner/work/red-pen-ios/red-pen-ios/ios/RedPen.xcodeproj
    

SwiftCompile normal arm64 /Users/runner/work/red-pen-ios/red-pen-ios/ios/build/SourcePackages/checkouts/swift-jinja/Sources/Jinja/Error.swift (in target 'Jinja' from project 'Jinja')
    cd /Users/runner/work/red-pen-ios/red-pen-ios/ios/RedPen.xcodeproj
    

SwiftCompile normal arm64 /Users/runner/work/red-pen-ios/red-pen-ios/ios/build/SourcePackages/checkouts/swift-jinja/Sources/Jinja/Filters.swift (in target 'Jinja' from project 'Jinja')
    cd /Users/runner/work/red-pen-ios/red-pen-ios/ios/RedPen.xcodeproj
    

SwiftCompile normal arm64 /Users/runner/work/red-pen-ios/red-pen-ios/ios/build/SourcePackages/checkouts/swift-jinja/Sources/Jinja/Globals.swift (in target 'Jinja' from project 'Jinja')
    cd /Users/runner/work/red-pen-ios/red-pen-ios/ios/RedPen.xcodeproj
    

SwiftCompile normal arm64 /Users/runner/work/red-pen-ios/red-pen-ios/ios/build/SourcePackages/checkouts/swift-jinja/Sources/Jinja/Interpreter.swift (in target 'Jinja' from project 'Jinja')
    cd /Users/runner/work/red-pen-ios/red-pen-ios/ios/RedPen.xcodeproj
    

SwiftDriverJobDiscovery normal arm64 Compiling _HashTable+Bucket.swift, _HashTable+BucketIterator.swift, _HashTable+Constants.swift, _HashTable+CustomStringConvertible.swift, _HashTable+Testing.swift, _HashTable+UnsafeHandle.swift, _HashTable.swift, _Hashtable+Header.swift, OrderedDictionary+Codable.swift, OrderedDictionary+CustomReflectable.swift, OrderedDictionary+Deprecations.swift, OrderedDictionary+Descriptions.swift, OrderedDictionary+Elements.SubSequence.swift, OrderedDictionary+Elements.swift, OrderedDictionary+Equatable.swift, OrderedDictionary+ExpressibleByDictionaryLiteral.swift, OrderedDictionary+Hashable.swift, OrderedDictionary+Initializers.swift, OrderedDictionary+Invariants.swift, OrderedDictionary+Move.swift, OrderedDictionary+Partial MutableCollection.swift (in target 'OrderedCollections' from project 'swift-collections')

SwiftCompile normal arm64 Compiling\ Template.swift,\ Tests.swift,\ Token.swift,\ Utilities.swift,\ Value.swift /Users/runner/work/red-pen-ios/red-pen-ios/ios/build/SourcePackages/checkouts/swift-jinja/Sources/Jinja/Template.swift /Users/runner/work/red-pen-ios/red-pen-ios/ios/build/SourcePackages/checkouts/swift-jinja/Sources/Jinja/Tests.swift /Users/runner/work/red-pen-ios/red-pen-ios/ios/build/SourcePackages/checkouts/swift-jinja/Sources/Jinja/Token.swift /Users/runner/work/red-pen-ios/red-pen-ios/ios/build/SourcePackages/checkouts/swift-jinja/Sources/Jinja/Utilities.swift /Users/runner/work/red-pen-ios/red-pen-ios/ios/build/SourcePackages/checkouts/swift-jinja/Sources/Jinja/Value.swift (in target 'Jinja' from project 'Jinja')

SwiftCompile normal arm64 /Users/runner/work/red-pen-ios/red-pen-ios/ios/build/SourcePackages/checkouts/swift-jinja/Sources/Jinja/Template.swift (in target 'Jinja' from project 'Jinja')
    cd /Users/runner/work/red-pen-ios/red-pen-ios/ios/RedPen.xcodeproj
    

SwiftCompile normal arm64 /Users/runner/work/red-pen-ios/red-pen-ios/ios/build/SourcePackages/checkouts/swift-jinja/Sources/Jinja/Tests.swift (in target 'Jinja' from project 'Jinja')
    cd /Users/runner/work/red-pen-ios/red-pen-ios/ios/RedPen.xcodeproj
    

SwiftCompile normal arm64 /Users/runner/work/red-pen-ios/red-pen-ios/ios/build/SourcePackages/checkouts/swift-jinja/Sources/Jinja/Token.swift (in target 'Jinja' from project 'Jinja')
    cd /Users/runner/work/red-pen-ios/red-pen-ios/ios/RedPen.xcodeproj
    

SwiftCompile normal arm64 /Users/runner/work/red-pen-ios/red-pen-ios/ios/build/SourcePackages/checkouts/swift-jinja/Sources/Jinja/Utilities.swift (in target 'Jinja' from project 'Jinja')
    cd /Users/runner/work/red-pen-ios/red-pen-ios/ios/RedPen.xcodeproj
    

SwiftCompile normal arm64 /Users/runner/work/red-pen-ios/red-pen-ios/ios/build/SourcePackages/checkouts/swift-jinja/Sources/Jinja/Value.swift (in target 'Jinja' from project 'Jinja')
    cd /Users/runner/work/red-pen-ios/red-pen-ios/ios/RedPen.xcodeproj
    

SwiftDriverJobDiscovery normal arm64 Compiling OrderedSet+Partial SetAlgebra intersection.swift, OrderedSet+Partial SetAlgebra isDisjoint.swift, OrderedSet+Partial SetAlgebra isEqualSet.swift, OrderedSet+Partial SetAlgebra isStrictSubset.swift, OrderedSet+Partial SetAlgebra isStrictSuperset.swift, OrderedSet+Partial SetAlgebra isSubset.swift, OrderedSet+Partial SetAlgebra isSuperset.swift, OrderedSet+Partial SetAlgebra subtract.swift, OrderedSet+Partial SetAlgebra subtracting.swift, OrderedSet+Partial SetAlgebra symmetricDifference.swift, OrderedSet+Partial SetAlgebra union.swift, OrderedSet+Partial SetAlgebra+Basics.swift, OrderedSet+RandomAccessCollection.swift, OrderedSet+ReserveCapacity.swift, OrderedSet+Sendable.swift, OrderedSet+SubSequence.swift, OrderedSet+Testing.swift, OrderedSet+UnorderedView.swift, OrderedSet+UnstableInternals.swift, OrderedSet.swift, _UnsafeBitset.swift (in target 'OrderedCollections' from project 'swift-collections')

SwiftDriver\ Compilation OrderedCollections normal arm64 com.apple.xcode.tools.swift.compiler (in target 'OrderedCollections' from project 'swift-collections')
    cd /Users/runner/work/red-pen-ios/red-pen-ios/ios/RedPen.xcodeproj
    builtin-Swift-Compilation -- /Applications/Xcode_26.6.app/Contents/Developer/Toolchains/XcodeDefault.xctoolchain/usr/bin/swiftc -module-name OrderedCollections -Onone @/Users/runner/work/red-pen-ios/red-pen-ios/ios/build/Build/Intermediates.noindex/swift-collections.build/Debug-iphonesimulator/OrderedCollections.build/Objects-normal/arm64/OrderedCollections.SwiftFileList -DSWIFT_PACKAGE -DDEBUG -DSWIFT_MODULE_RESOURCE_BUNDLE_UNAVAILABLE -DCOLLECTIONS_RANDOMIZED_TESTING -DXcode -enable-experimental-feature AvailabilityMacro\=SwiftStdlib\ 5.0:\ macOS\ 10.14.4,\ iOS\ 12.2,\ watchOS\ 5.2,\ tvOS\ 12.2 -enable-experimental-feature AvailabilityMacro\=SwiftStdlib\ 5.1:\ macOS\ 10.15,\ iOS\ 13.0,\ watchOS\ 6.0,\ tvOS\ 13.0 -enable-experimental-feature AvailabilityMacro\=SwiftStdlib\ 5.6:\ macOS\ 12.3,\ iOS\ 15.4,\ watchOS\ 8.5,\ tvOS\ 15.4 -enable-experimental-feature AvailabilityMacro\=SwiftStdlib\ 5.7:\ macOS\ 13.0,\ iOS\ 16.0,\ watchOS\ 9.0,\ tvOS\ 16.0 -enable-experimental-feature AvailabilityMacro\=SwiftStdlib\ 5.8:\ macOS\ 13.3,\ iOS\ 16.4,\ watchOS\ 9.4,\ tvOS\ 16.4 -enable-experimental-feature AvailabilityMacro\=SwiftStdlib\ 5.9:\ macOS\ 14.0,\ iOS\ 17.0,\ watchOS\ 10.0,\ tvOS\ 17.0 -enable-experimental-feature AvailabilityMacro\=SwiftStdlib\ 5.10:\ macOS\ 14.4,\ iOS\ 17.4,\ watchOS\ 10.4,\ tvOS\ 17.4,\ visionOS\ 1.1 -enable-experimental-feature AvailabilityMacro\=SwiftStdlib\ 6.0:\ macOS\ 15.0,\ iOS\ 18.0,\ watchOS\ 11.0,\ tvOS\ 18.0,\ visionOS\ 2.0 -enable-experimental-feature AvailabilityMacro\=SwiftStdlib\ 6.1:\ macOS\ 15.4,\ iOS\ 18.4,\ watchOS\ 11.4,\ tvOS\ 18.4,\ visionOS\ 2.4 -enable-experimental-feature AvailabilityMacro\=SwiftStdlib\ 6.2:\ macOS\ 26.0,\ iOS\ 26.0,\ watchOS\ 26.0,\ tvOS\ 26.0,\ visionOS\ 26.0 -enable-experimental-feature AvailabilityMacro\=SwiftStdlib\ 6.3:\ macOS\ 26.4,\ iOS\ 26.4,\ watchOS\ 26.4,\ tvOS\ 26.4,\ visionOS\ 26.4 -enable-experimental-feature AvailabilityMacro\=SwiftStdlib\ 6.4:\ macOS\ 9999,\ iOS\ 9999,\ watchOS\ 9999,\ tvOS\ 9999,\ visionOS\ 9999 -enable-experimental-feature AvailabilityMacro\=SwiftStdlib\ 6.5:\ macOS\ 9999,\ iOS\ 9999,\ watchOS\ 9999,\ tvOS\ 9999,\ visionOS\ 9999 -enable-upcoming-feature MemberImportVisibility -enable-experimental-feature BuiltinModule -enable-experimental-feature Lifetimes -enable-experimental-feature InoutLifetimeDependence -enable-experimental-feature AddressableParameters -enable-experimental-feature AddressableTypes -enable-experimental-feature SuppressedAssociatedTypesWithDefaults -plugin-path /Applications/Xcode_26.6.app/Contents/Developer/Toolchains/XcodeDefault.xctoolchain/usr/lib/swift/host/plugins/testing -enable-experimental-feature DebugDescriptionMacro -sdk /Applications/Xcode_26.6.app/Contents/Developer/Platforms/iPhoneSimulator.platform/Developer/SDKs/iPhoneSimulator26.5.sdk -target arm64-apple-ios12.0-simulator -g -module-cache-path /Users/runner/work/red-pen-ios/red-pen-ios/ios/build/ModuleCache.noindex -Xfrontend -serialize-debugging-options -enable-testing -suppress-warnings -index-store-path /Users/runner/work/red-pen-ios/red-pen-ios/ios/build/Index.noindex/DataStore -Xcc -D_LIBCPP_HARDENING_MODE\=_LIBCPP_HARDENING_MODE_DEBUG -swift-version 6 -I /Users/runner/work/red-pen-ios/red-pen-ios/ios/build/Build/Products/Debug-iphonesimulator -Isystem /Applications/Xcode_26.6.app/Contents/Developer/Platforms/iPhoneSimulator.platform/Developer/usr/lib -F /Users/runner/work/red-pen-ios/red-pen-ios/ios/build/Build/Products/Debug-iphonesimulator/PackageFrameworks -F /Users/runner/work/red-pen-ios/red-pen-ios/ios/build/Build/Products/Debug-iphonesimulator -F /Applications/Xcode_26.6.app/Contents/Developer/Platforms/iPhoneSimulator.platform/Developer/Library/Frameworks -F /Applications/Xcode_26.6.app/Contents/Developer/Platforms/iPhoneSimulator.platform/Developer/SDKs/iPhoneSimulator26.5.sdk/Developer/Library/Frameworks -c -j3 -enable-batch-mode -incremental -Xcc -ivfsstatcache -Xcc /Users/runner/work/red-pen-ios/red-pen-ios/ios/build/SDKStatCaches.noindex/iphonesimulator26.5-23F81a-688ef53f1462e2c8f657fdc38a81448ff45c64a1807a658693f2a61704f17a36.sdkstatcache -output-file-map /Users/runner/work/red-pen-ios/red-pen-ios/ios/build/Build/Intermediates.noindex/swift-collections.build/Debug-iphonesimulator/OrderedCollections.build/Objects-normal/arm64/OrderedCollections-OutputFileMap.json -use-frontend-parseable-output -save-temps -no-color-diagnostics -serialize-diagnostics -emit-dependencies -emit-module -emit-module-path /Users/runner/work/red-pen-ios/red-pen-ios/ios/build/Build/Intermediates.noindex/swift-collections.build/Debug-iphonesimulator/OrderedCollections.build/Objects-normal/arm64/OrderedCollections.swiftmodule -user-module-version 1.6.0 -validate-clang-modules-once -clang-build-session-file /Users/runner/work/red-pen-ios/red-pen-ios/ios/build/ModuleCache.noindex/Session.modulevalidation -package-name swift_collections -Xcc -I/Users/runner/work/red-pen-ios/red-pen-ios/ios/build/Build/Intermediates.noindex/swift-collections.build/Debug-iphonesimulator/OrderedCollections.build/swift-overrides.hmap -emit-const-values -Xfrontend -const-gather-protocols-file -Xfrontend /Users/runner/work/red-pen-ios/red-pen-ios/ios/build/Build/Intermediates.noindex/swift-collections.build/Debug-iphonesimulator/OrderedCollections.build/Objects-normal/arm64/OrderedCollections_const_extract_protocols.json -Xcc -I/Users/runner/work/red-pen-ios/red-pen-ios/ios/build/Build/Products/Debug-iphonesimulator/include -Xcc -I/Users/runner/work/red-pen-ios/red-pen-ios/ios/build/Build/Intermediates.noindex/swift-collections.build/Debug-iphonesimulator/OrderedCollections.build/DerivedSources-normal/arm64 -Xcc -I/Users/runner/work/red-pen-ios/red-pen-ios/ios/build/Build/Intermediates.noindex/swift-collections.build/Debug-iphonesimulator/OrderedCollections.build/DerivedSources/arm64 -Xcc -I/Users/runner/work/red-pen-ios/red-pen-ios/ios/build/Build/Intermediates.noindex/swift-collections.build/Debug-iphonesimulator/OrderedCollections.build/DerivedSources -Xcc -DSWIFT_PACKAGE -Xcc -DDEBUG\=1 -emit-objc-header -emit-objc-header-path /Users/runner/work/red-pen-ios/red-pen-ios/ios/build/Build/Intermediates.noindex/swift-collections.build/Debug-iphonesimulator/OrderedCollections.build/Objects-normal/arm64/OrderedCollections-Swift.h -working-directory /Users/runner/work/red-pen-ios/red-pen-ios/ios/RedPen.xcodeproj -experimental-emit-module-separately -disable-cmo

SwiftDriverJobDiscovery normal arm64 Emitting module for Jinja (in target 'Jinja' from project 'Jinja')

SwiftCompile normal arm64 Compiling\ JSON.swift,\ Lexer.swift,\ Macro.swift,\ Parser.swift,\ PropertyMembers.swift /Users/runner/work/red-pen-ios/red-pen-ios/ios/build/SourcePackages/checkouts/swift-jinja/Sources/Jinja/JSON.swift /Users/runner/work/red-pen-ios/red-pen-ios/ios/build/SourcePackages/checkouts/swift-jinja/Sources/Jinja/Lexer.swift /Users/runner/work/red-pen-ios/red-pen-ios/ios/build/SourcePackages/checkouts/swift-jinja/Sources/Jinja/Macro.swift /Users/runner/work/red-pen-ios/red-pen-ios/ios/build/SourcePackages/checkouts/swift-jinja/Sources/Jinja/Parser.swift /Users/runner/work/red-pen-ios/red-pen-ios/ios/build/SourcePackages/checkouts/swift-jinja/Sources/Jinja/PropertyMembers.swift (in target 'Jinja' from project 'Jinja')

SwiftCompile normal arm64 /Users/runner/work/red-pen-ios/red-pen-ios/ios/build/SourcePackages/checkouts/swift-jinja/Sources/Jinja/JSON.swift (in target 'Jinja' from project 'Jinja')
    cd /Users/runner/work/red-pen-ios/red-pen-ios/ios/RedPen.xcodeproj
    

SwiftCompile normal arm64 /Users/runner/work/red-pen-ios/red-pen-ios/ios/build/SourcePackages/checkouts/swift-jinja/Sources/Jinja/Lexer.swift (in target 'Jinja' from project 'Jinja')
    cd /Users/runner/work/red-pen-ios/red-pen-ios/ios/RedPen.xcodeproj
    

SwiftCompile normal arm64 /Users/runner/work/red-pen-ios/red-pen-ios/ios/build/SourcePackages/checkouts/swift-jinja/Sources/Jinja/Macro.swift (in target 'Jinja' from project 'Jinja')
    cd /Users/runner/work/red-pen-ios/red-pen-ios/ios/RedPen.xcodeproj
    

SwiftCompile normal arm64 /Users/runner/work/red-pen-ios/red-pen-ios/ios/build/SourcePackages/checkouts/swift-jinja/Sources/Jinja/Parser.swift (in target 'Jinja' from project 'Jinja')
    cd /Users/runner/work/red-pen-ios/red-pen-ios/ios/RedPen.xcodeproj
    

SwiftCompile normal arm64 /Users/runner/work/red-pen-ios/red-pen-ios/ios/build/SourcePackages/checkouts/swift-jinja/Sources/Jinja/PropertyMembers.swift (in target 'Jinja' from project 'Jinja')
    cd /Users/runner/work/red-pen-ios/red-pen-ios/ios/RedPen.xcodeproj
    

SwiftDriver\ Compilation\ Requirements Jinja normal arm64 com.apple.xcode.tools.swift.compiler (in target 'Jinja' from project 'Jinja')
    cd /Users/runner/work/red-pen-ios/red-pen-ios/ios/RedPen.xcodeproj
    builtin-Swift-Compilation-Requirements -- /Applications/Xcode_26.6.app/Contents/Developer/Toolchains/XcodeDefault.xctoolchain/usr/bin/swiftc -module-name Jinja -Onone @/Users/runner/work/red-pen-ios/red-pen-ios/ios/build/Build/Intermediates.noindex/Jinja.build/Debug-iphonesimulator/Jinja.build/Objects-normal/arm64/Jinja.SwiftFileList -DSWIFT_PACKAGE -DDEBUG -DSWIFT_MODULE_RESOURCE_BUNDLE_UNAVAILABLE -DXcode -plugin-path /Applications/Xcode_26.6.app/Contents/Developer/Toolchains/XcodeDefault.xctoolchain/usr/lib/swift/host/plugins/testing -enable-experimental-feature DebugDescriptionMacro -sdk /Applications/Xcode_26.6.app/Contents/Developer/Platforms/iPhoneSimulator.platform/Developer/SDKs/iPhoneSimulator26.5.sdk -target arm64-apple-ios16.0-simulator -g -module-cache-path /Users/runner/work/red-pen-ios/red-pen-ios/ios/build/ModuleCache.noindex -Xfrontend -serialize-debugging-options -enable-testing -suppress-warnings -index-store-path /Users/runner/work/red-pen-ios/red-pen-ios/ios/build/Index.noindex/DataStore -Xcc -D_LIBCPP_HARDENING_MODE\=_LIBCPP_HARDENING_MODE_DEBUG -swift-version 6 -I /Users/runner/work/red-pen-ios/red-pen-ios/ios/build/Build/Products/Debug-iphonesimulator -Isystem /Applications/Xcode_26.6.app/Contents/Developer/Platforms/iPhoneSimulator.platform/Developer/usr/lib -F /Users/runner/work/red-pen-ios/red-pen-ios/ios/build/Build/Products/Debug-iphonesimulator/PackageFrameworks -F /Users/runner/work/red-pen-ios/red-pen-ios/ios/build/Build/Products/Debug-iphonesimulator/PackageFrameworks -F /Users/runner/work/red-pen-ios/red-pen-ios/ios/build/Build/Products/Debug-iphonesimulator -F /Applications/Xcode_26.6.app/Contents/Developer/Platforms/iPhoneSimulator.platform/Developer/Library/Frameworks -F /Applications/Xcode_26.6.app/Contents/Developer/Platforms/iPhoneSimulator.platform/Developer/SDKs/iPhoneSimulator26.5.sdk/Developer/Library/Frameworks -c -j3 -enable-batch-mode -incremental -Xcc -ivfsstatcache -Xcc /Users/runner/work/red-pen-ios/red-pen-ios/ios/build/SDKStatCaches.noindex/iphonesimulator26.5-23F81a-688ef53f1462e2c8f657fdc38a81448ff45c64a1807a658693f2a61704f17a36.sdkstatcache -output-file-map /Users/runner/work/red-pen-ios/red-pen-ios/ios/build/Build/Intermediates.noindex/Jinja.build/Debug-iphonesimulator/Jinja.build/Objects-normal/arm64/Jinja-OutputFileMap.json -use-frontend-parseable-output -save-temps -no-color-diagnostics -serialize-diagnostics -emit-dependencies -emit-module -emit-module-path /Users/runner/work/red-pen-ios/red-pen-ios/ios/build/Build/Intermediates.noindex/Jinja.build/Debug-iphonesimulator/Jinja.build/Objects-normal/arm64/Jinja.swiftmodule -user-module-version 2.5.1 -validate-clang-modules-once -clang-build-session-file /Users/runner/work/red-pen-ios/red-pen-ios/ios/build/ModuleCache.noindex/Session.modulevalidation -package-name swift_jinja -Xcc -I/Users/runner/work/red-pen-ios/red-pen-ios/ios/build/Build/Intermediates.noindex/Jinja.build/Debug-iphonesimulator/Jinja.build/swift-overrides.hmap -emit-const-values -Xfrontend -const-gather-protocols-file -Xfrontend /Users/runner/work/red-pen-ios/red-pen-ios/ios/build/Build/Intermediates.noindex/Jinja.build/Debug-iphonesimulator/Jinja.build/Objects-normal/arm64/Jinja_const_extract_protocols.json -Xcc -I/Users/runner/work/red-pen-ios/red-pen-ios/ios/build/Build/Products/Debug-iphonesimulator/include -Xcc -I/Users/runner/work/red-pen-ios/red-pen-ios/ios/build/Build/Intermediates.noindex/Jinja.build/Debug-iphonesimulator/Jinja.build/DerivedSources-normal/arm64 -Xcc -I/Users/runner/work/red-pen-ios/red-pen-ios/ios/build/Build/Intermediates.noindex/Jinja.build/Debug-iphonesimulator/Jinja.build/DerivedSources/arm64 -Xcc -I/Users/runner/work/red-pen-ios/red-pen-ios/ios/build/Build/Intermediates.noindex/Jinja.build/Debug-iphonesimulator/Jinja.build/DerivedSources -Xcc -DSWIFT_PACKAGE -Xcc -DDEBUG\=1 -emit-objc-header -emit-objc-header-path /Users/runner/work/red-pen-ios/red-pen-ios/ios/build/Build/Intermediates.noindex/Jinja.build/Debug-iphonesimulator/Jinja.build/Objects-normal/arm64/Jinja-Swift.h -working-directory /Users/runner/work/red-pen-ios/red-pen-ios/ios/RedPen.xcodeproj -experimental-emit-module-separately -disable-cmo

SwiftDriverJobDiscovery normal arm64 Compiling JSON.swift, Lexer.swift, Macro.swift, Parser.swift, PropertyMembers.swift (in target 'Jinja' from project 'Jinja')

SwiftMergeGeneratedHeaders /Users/runner/work/red-pen-ios/red-pen-ios/ios/build/Build/Intermediates.noindex/GeneratedModuleMaps-iphonesimulator/Jinja-Swift.h /Users/runner/work/red-pen-ios/red-pen-ios/ios/build/Build/Intermediates.noindex/Jinja.build/Debug-iphonesimulator/Jinja.build/Objects-normal/arm64/Jinja-Swift.h (in target 'Jinja' from project 'Jinja')
    cd /Users/runner/work/red-pen-ios/red-pen-ios/ios/build/SourcePackages/checkouts/swift-jinja
    builtin-swiftHeaderTool -arch arm64 /Users/runner/work/red-pen-ios/red-pen-ios/ios/build/Build/Intermediates.noindex/Jinja.build/Debug-iphonesimulator/Jinja.build/Objects-normal/arm64/Jinja-Swift.h -o /Users/runner/work/red-pen-ios/red-pen-ios/ios/build/Build/Intermediates.noindex/GeneratedModuleMaps-iphonesimulator/Jinja-Swift.h

Copy /Users/runner/work/red-pen-ios/red-pen-ios/ios/build/Build/Products/Debug-iphonesimulator/Jinja.swiftmodule/arm64-apple-ios-simulator.swiftmodule /Users/runner/work/red-pen-ios/red-pen-ios/ios/build/Build/Intermediates.noindex/Jinja.build/Debug-iphonesimulator/Jinja.build/Objects-normal/arm64/Jinja.swiftmodule (in target 'Jinja' from project 'Jinja')
    cd /Users/runner/work/red-pen-ios/red-pen-ios/ios/build/SourcePackages/checkouts/swift-jinja
    builtin-copy -exclude .DS_Store -exclude CVS -exclude .svn -exclude .git -exclude .hg -resolve-src-symlinks -rename /Users/runner/work/red-pen-ios/red-pen-ios/ios/build/Build/Intermediates.noindex/Jinja.build/Debug-iphonesimulator/Jinja.build/Objects-normal/arm64/Jinja.swiftmodule /Users/runner/work/red-pen-ios/red-pen-ios/ios/build/Build/Products/Debug-iphonesimulator/Jinja.swiftmodule/arm64-apple-ios-simulator.swiftmodule

Copy /Users/runner/work/red-pen-ios/red-pen-ios/ios/build/Build/Products/Debug-iphonesimulator/Jinja.swiftmodule/arm64-apple-ios-simulator.swiftdoc /Users/runner/work/red-pen-ios/red-pen-ios/ios/build/Build/Intermediates.noindex/Jinja.build/Debug-iphonesimulator/Jinja.build/Objects-normal/arm64/Jinja.swiftdoc (in target 'Jinja' from project 'Jinja')
    cd /Users/runner/work/red-pen-ios/red-pen-ios/ios/build/SourcePackages/checkouts/swift-jinja
    builtin-copy -exclude .DS_Store -exclude CVS -exclude .svn -exclude .git -exclude .hg -resolve-src-symlinks -rename /Users/runner/work/red-pen-ios/red-pen-ios/ios/build/Build/Intermediates.noindex/Jinja.build/Debug-iphonesimulator/Jinja.build/Objects-normal/arm64/Jinja.swiftdoc /Users/runner/work/red-pen-ios/red-pen-ios/ios/build/Build/Products/Debug-iphonesimulator/Jinja.swiftmodule/arm64-apple-ios-simulator.swiftdoc

Copy /Users/runner/work/red-pen-ios/red-pen-ios/ios/build/Build/Products/Debug-iphonesimulator/Jinja.swiftmodule/arm64-apple-ios-simulator.abi.json /Users/runner/work/red-pen-ios/red-pen-ios/ios/build/Build/Intermediates.noindex/Jinja.build/Debug-iphonesimulator/Jinja.build/Objects-normal/arm64/Jinja.abi.json (in target 'Jinja' from project 'Jinja')
    cd /Users/runner/work/red-pen-ios/red-pen-ios/ios/build/SourcePackages/checkouts/swift-jinja
    builtin-copy -exclude .DS_Store -exclude CVS -exclude .svn -exclude .git -exclude .hg -resolve-src-symlinks -rename /Users/runner/work/red-pen-ios/red-pen-ios/ios/build/Build/Intermediates.noindex/Jinja.build/Debug-iphonesimulator/Jinja.build/Objects-normal/arm64/Jinja.abi.json /Users/runner/work/red-pen-ios/red-pen-ios/ios/build/Build/Products/Debug-iphonesimulator/Jinja.swiftmodule/arm64-apple-ios-simulator.abi.json

Copy /Users/runner/work/red-pen-ios/red-pen-ios/ios/build/Build/Products/Debug-iphonesimulator/Jinja.swiftmodule/Project/arm64-apple-ios-simulator.swiftsourceinfo /Users/runner/work/red-pen-ios/red-pen-ios/ios/build/Build/Intermediates.noindex/Jinja.build/Debug-iphonesimulator/Jinja.build/Objects-normal/arm64/Jinja.swiftsourceinfo (in target 'Jinja' from project 'Jinja')
    cd /Users/runner/work/red-pen-ios/red-pen-ios/ios/build/SourcePackages/checkouts/swift-jinja
    builtin-copy -exclude .DS_Store -exclude CVS -exclude .svn -exclude .git -exclude .hg -resolve-src-symlinks -rename /Users/runner/work/red-pen-ios/red-pen-ios/ios/build/Build/Intermediates.noindex/Jinja.build/Debug-iphonesimulator/Jinja.build/Objects-normal/arm64/Jinja.swiftsourceinfo /Users/runner/work/red-pen-ios/red-pen-ios/ios/build/Build/Products/Debug-iphonesimulator/Jinja.swiftmodule/Project/arm64-apple-ios-simulator.swiftsourceinfo

RegisterExecutionPolicyException /Users/runner/work/red-pen-ios/red-pen-ios/ios/build/Build/Products/Debug-iphonesimulator/InternalCollectionsUtilities.o (in target 'InternalCollectionsUtilities' from project 'swift-collections')
    cd /Users/runner/work/red-pen-ios/red-pen-ios/ios/build/SourcePackages/checkouts/swift-collections
    builtin-RegisterExecutionPolicyException /Users/runner/work/red-pen-ios/red-pen-ios/ios/build/Build/Products/Debug-iphonesimulator/InternalCollectionsUtilities.o

SwiftDriverJobDiscovery normal arm64 Compiling Template.swift, Tests.swift, Token.swift, Utilities.swift, Value.swift (in target 'Jinja' from project 'Jinja')

Ld /Users/runner/work/red-pen-ios/red-pen-ios/ios/build/Build/Products/Debug-iphonesimulator/OrderedCollections.o normal (in target 'OrderedCollections' from project 'swift-collections')
    cd /Users/runner/work/red-pen-ios/red-pen-ios/ios/build/SourcePackages/checkouts/swift-collections
    /Applications/Xcode_26.6.app/Contents/Developer/Toolchains/XcodeDefault.xctoolchain/usr/bin/clang -Xlinker -reproducible -target arm64-apple-ios12.0-simulator -r -isysroot /Applications/Xcode_26.6.app/Contents/Developer/Platforms/iPhoneSimulator.platform/Developer/SDKs/iPhoneSimulator26.5.sdk -O0 -w -F/Users/runner/work/red-pen-ios/red-pen-ios/ios/build/Build/Intermediates.noindex/EagerLinkingTBDs/Debug-iphonesimulator -F/Users/runner/work/red-pen-ios/red-pen-ios/ios/build/Build/Products/Debug-iphonesimulator/PackageFrameworks -F/Users/runner/work/red-pen-ios/red-pen-ios/ios/build/Build/Products/Debug-iphonesimulator -iframework /Applications/Xcode_26.6.app/Contents/Developer/Platforms/iPhoneSimulator.platform/Developer/Library/Frameworks -iframework /Applications/Xcode_26.6.app/Contents/Developer/Platforms/iPhoneSimulator.platform/Developer/SDKs/iPhoneSimulator26.5.sdk/Developer/Library/Frameworks -filelist /Users/runner/work/red-pen-ios/red-pen-ios/ios/build/Build/Intermediates.noindex/swift-collections.build/Debug-iphonesimulator/OrderedCollections.build/Objects-normal/arm64/OrderedCollections.LinkFileList -nostdlib -Xlinker -object_path_lto -Xlinker /Users/runner/work/red-pen-ios/red-pen-ios/ios/build/Build/Intermediates.noindex/swift-collections.build/Debug-iphonesimulator/OrderedCollections.build/Objects-normal/arm64/OrderedCollections_lto.o -Xlinker -no_deduplicate -Xlinker -objc_abi_version -Xlinker 2 -Xlinker -dependency_info -Xlinker /Users/runner/work/red-pen-ios/red-pen-ios/ios/build/Build/Intermediates.noindex/swift-collections.build/Debug-iphonesimulator/OrderedCollections.build/Objects-normal/arm64/OrderedCollections_dependency_info.dat -fobjc-link-runtime -L/Applications/Xcode_26.6.app/Contents/Developer/Toolchains/XcodeDefault.xctoolchain/usr/lib/swift/iphonesimulator -L/usr/lib/swift -Xlinker -add_ast_path -Xlinker /Users/runner/work/red-pen-ios/red-pen-ios/ios/build/Build/Intermediates.noindex/swift-collections.build/Debug-iphonesimulator/OrderedCollections.build/Objects-normal/arm64/OrderedCollections.swiftmodule -o /Users/runner/work/red-pen-ios/red-pen-ios/ios/build/Build/Products/Debug-iphonesimulator/OrderedCollections.o

SwiftDriver LocalLLMClientCore normal arm64 com.apple.xcode.tools.swift.compiler (in target 'LocalLLMClientCore' from project 'LocalLLMClient')
    cd /Users/runner/work/red-pen-ios/red-pen-ios/ios/RedPen.xcodeproj
    builtin-SwiftDriver -- /Applications/Xcode_26.6.app/Contents/Developer/Toolchains/XcodeDefault.xctoolchain/usr/bin/swiftc -module-name LocalLLMClientCore -Onone @/Users/runner/work/red-pen-ios/red-pen-ios/ios/build/Build/Intermediates.noindex/LocalLLMClient.build/Debug-iphonesimulator/LocalLLMClientCore.build/Objects-normal/arm64/LocalLLMClientCore.SwiftFileList -DSWIFT_PACKAGE -DDEBUG -DSWIFT_MODULE_RESOURCE_BUNDLE_UNAVAILABLE -DXcode -plugin-path /Applications/Xcode_26.6.app/Contents/Developer/Toolchains/XcodeDefault.xctoolchain/usr/lib/swift/host/plugins/testing -enable-experimental-feature DebugDescriptionMacro -sdk /Applications/Xcode_26.6.app/Contents/Developer/Platforms/iPhoneSimulator.platform/Developer/SDKs/iPhoneSimulator26.5.sdk -target arm64-apple-ios17.0-simulator -g -module-cache-path /Users/runner/work/red-pen-ios/red-pen-ios/ios/build/ModuleCache.noindex -Xfrontend -serialize-debugging-options -enable-testing -suppress-warnings -index-store-path /Users/runner/work/red-pen-ios/red-pen-ios/ios/build/Index.noindex/DataStore -Xcc -D_LIBCPP_HARDENING_MODE\=_LIBCPP_HARDENING_MODE_DEBUG -swift-version 6 -I /Users/runner/work/red-pen-ios/red-pen-ios/ios/build/Build/Products/Debug-iphonesimulator -Isystem /Applications/Xcode_26.6.app/Contents/Developer/Platforms/iPhoneSimulator.platform/Developer/usr/lib -F /Users/runner/work/red-pen-ios/red-pen-ios/ios/build/Build/Products/Debug-iphonesimulator/PackageFrameworks -F /Users/runner/work/red-pen-ios/red-pen-ios/ios/build/Build/Products/Debug-iphonesimulator/PackageFrameworks -F /Users/runner/work/red-pen-ios/red-pen-ios/ios/build/Build/Products/Debug-iphonesimulator/PackageFrameworks -F /Users/runner/work/red-pen-ios/red-pen-ios/ios/build/Build/Products/Debug-iphonesimulator/PackageFrameworks -F /Users/runner/work/red-pen-ios/red-pen-ios/ios/build/Build/Products/Debug-iphonesimulator -F /Applications/Xcode_26.6.app/Contents/Developer/Platforms/iPhoneSimulator.platform/Developer/Library/Frameworks -F /Applications/Xcode_26.6.app/Contents/Developer/Platforms/iPhoneSimulator.platform/Developer/SDKs/iPhoneSimulator26.5.sdk/Developer/Library/Frameworks -c -j3 -enable-batch-mode -incremental -Xcc -ivfsstatcache -Xcc /Users/runner/work/red-pen-ios/red-pen-ios/ios/build/SDKStatCaches.noindex/iphonesimulator26.5-23F81a-688ef53f1462e2c8f657fdc38a81448ff45c64a1807a658693f2a61704f17a36.sdkstatcache -output-file-map /Users/runner/work/red-pen-ios/red-pen-ios/ios/build/Build/Intermediates.noindex/LocalLLMClient.build/Debug-iphonesimulator/LocalLLMClientCore.build/Objects-normal/arm64/LocalLLMClientCore-OutputFileMap.json -use-frontend-parseable-output -save-temps -no-color-diagnostics -serialize-diagnostics -emit-dependencies -emit-module -emit-module-path /Users/runner/work/red-pen-ios/red-pen-ios/ios/build/Build/Intermediates.noindex/LocalLLMClient.build/Debug-iphonesimulator/LocalLLMClientCore.build/Objects-normal/arm64/LocalLLMClientCore.swiftmodule -validate-clang-modules-once -clang-build-session-file /Users/runner/work/red-pen-ios/red-pen-ios/ios/build/ModuleCache.noindex/Session.modulevalidation -package-name localllmclient -Xcc -I/Users/runner/work/red-pen-ios/red-pen-ios/ios/build/Build/Intermediates.noindex/LocalLLMClient.build/Debug-iphonesimulator/LocalLLMClientCore.build/swift-overrides.hmap -emit-const-values -Xfrontend -const-gather-protocols-file -Xfrontend /Users/runner/work/red-pen-ios/red-pen-ios/ios/build/Build/Intermediates.noindex/LocalLLMClient.build/Debug-iphonesimulator/LocalLLMClientCore.build/Objects-normal/arm64/LocalLLMClientCore_const_extract_protocols.json -Xcc -I/Users/runner/work/red-pen-ios/red-pen-ios/ios/build/Build/Products/Debug-iphonesimulator/include -Xcc -I/Users/runner/work/red-pen-ios/red-pen-ios/ios/build/Build/Intermediates.noindex/LocalLLMClient.build/Debug-iphonesimulator/LocalLLMClientCore.build/DerivedSources-normal/arm64 -Xcc -I/Users/runner/work/red-pen-ios/red-pen-ios/ios/build/Build/Intermediates.noindex/LocalLLMClient.build/Debug-iphonesimulator/LocalLLMClientCore.build/DerivedSources/arm64 -Xcc -I/Users/runner/work/red-pen-ios/red-pen-ios/ios/build/Build/Intermediates.noindex/LocalLLMClient.build/Debug-iphonesimulator/LocalLLMClientCore.build/DerivedSources -Xcc -DSWIFT_PACKAGE -Xcc -DDEBUG\=1 -emit-objc-header -emit-objc-header-path /Users/runner/work/red-pen-ios/red-pen-ios/ios/build/Build/Intermediates.noindex/LocalLLMClient.build/Debug-iphonesimulator/LocalLLMClientCore.build/Objects-normal/arm64/LocalLLMClientCore-Swift.h -working-directory /Users/runner/work/red-pen-ios/red-pen-ios/ios/RedPen.xcodeproj -experimental-emit-module-separately -disable-cmo

SwiftEmitModule normal arm64 Emitting\ module\ for\ LocalLLMClientCore (in target 'LocalLLMClientCore' from project 'LocalLLMClient')
EmitSwiftModule normal arm64 (in target 'LocalLLMClientCore' from project 'LocalLLMClient')
    cd /Users/runner/work/red-pen-ios/red-pen-ios/ios/RedPen.xcodeproj
    

SwiftCompile normal arm64 Compiling\ AnyLLMClient.swift,\ Async+.swift,\ LLMClient.swift,\ LLMError.swift,\ LLMInput.swift,\ LLMSession.swift,\ PauseHandler.swift /Users/runner/work/red-pen-ios/red-pen-ios/ios/build/SourcePackages/checkouts/LocalLLMClient/Sources/LocalLLMClientCore/AnyLLMClient.swift /Users/runner/work/red-pen-ios/red-pen-ios/ios/build/SourcePackages/checkouts/LocalLLMClient/Sources/LocalLLMClientCore/Async+.swift /Users/runner/work/red-pen-ios/red-pen-ios/ios/build/SourcePackages/checkouts/LocalLLMClient/Sources/LocalLLMClientCore/LLMClient.swift /Users/runner/work/red-pen-ios/red-pen-ios/ios/build/SourcePackages/checkouts/LocalLLMClient/Sources/LocalLLMClientCore/LLMError.swift /Users/runner/work/red-pen-ios/red-pen-ios/ios/build/SourcePackages/checkouts/LocalLLMClient/Sources/LocalLLMClientCore/LLMInput.swift /Users/runner/work/red-pen-ios/red-pen-ios/ios/build/SourcePackages/checkouts/LocalLLMClient/Sources/LocalLLMClientCore/LLMSession.swift /Users/runner/work/red-pen-ios/red-pen-ios/ios/build/SourcePackages/checkouts/LocalLLMClient/Sources/LocalLLMClientCore/PauseHandler.swift (in target 'LocalLLMClientCore' from project 'LocalLLMClient')
SwiftCompile normal arm64 /Users/runner/work/red-pen-ios/red-pen-ios/ios/build/SourcePackages/checkouts/LocalLLMClient/Sources/LocalLLMClientCore/AnyLLMClient.swift (in target 'LocalLLMClientCore' from project 'LocalLLMClient')
    cd /Users/runner/work/red-pen-ios/red-pen-ios/ios/RedPen.xcodeproj
    

SwiftCompile normal arm64 /Users/runner/work/red-pen-ios/red-pen-ios/ios/build/SourcePackages/checkouts/LocalLLMClient/Sources/LocalLLMClientCore/Async+.swift (in target 'LocalLLMClientCore' from project 'LocalLLMClient')
    cd /Users/runner/work/red-pen-ios/red-pen-ios/ios/RedPen.xcodeproj
    

SwiftCompile normal arm64 /Users/runner/work/red-pen-ios/red-pen-ios/ios/build/SourcePackages/checkouts/LocalLLMClient/Sources/LocalLLMClientCore/LLMClient.swift (in target 'LocalLLMClientCore' from project 'LocalLLMClient')
    cd /Users/runner/work/red-pen-ios/red-pen-ios/ios/RedPen.xcodeproj
    

SwiftCompile normal arm64 /Users/runner/work/red-pen-ios/red-pen-ios/ios/build/SourcePackages/checkouts/LocalLLMClient/Sources/LocalLLMClientCore/LLMError.swift (in target 'LocalLLMClientCore' from project 'LocalLLMClient')
    cd /Users/runner/work/red-pen-ios/red-pen-ios/ios/RedPen.xcodeproj
    

SwiftCompile normal arm64 /Users/runner/work/red-pen-ios/red-pen-ios/ios/build/SourcePackages/checkouts/LocalLLMClient/Sources/LocalLLMClientCore/LLMInput.swift (in target 'LocalLLMClientCore' from project 'LocalLLMClient')
    cd /Users/runner/work/red-pen-ios/red-pen-ios/ios/RedPen.xcodeproj
    

SwiftCompile normal arm64 /Users/runner/work/red-pen-ios/red-pen-ios/ios/build/SourcePackages/checkouts/LocalLLMClient/Sources/LocalLLMClientCore/LLMSession.swift (in target 'LocalLLMClientCore' from project 'LocalLLMClient')
    cd /Users/runner/work/red-pen-ios/red-pen-ios/ios/RedPen.xcodeproj
    

SwiftCompile normal arm64 /Users/runner/work/red-pen-ios/red-pen-ios/ios/build/SourcePackages/checkouts/LocalLLMClient/Sources/LocalLLMClientCore/PauseHandler.swift (in target 'LocalLLMClientCore' from project 'LocalLLMClient')
    cd /Users/runner/work/red-pen-ios/red-pen-ios/ios/RedPen.xcodeproj
    

SwiftDriverJobDiscovery normal arm64 Compiling AST.swift, Error.swift, Filters.swift, Globals.swift, Interpreter.swift (in target 'Jinja' from project 'Jinja')

SwiftCompile normal arm64 Compiling\ StreamingToolCallProcessor.swift,\ ToolArgument.swift,\ ToolArgumentType.swift,\ ToolExecutor.swift,\ ToolOutput.swift,\ ToolSchemaGeneratable.swift /Users/runner/work/red-pen-ios/red-pen-ios/ios/build/SourcePackages/checkouts/LocalLLMClient/Sources/LocalLLMClientCore/Tools/StreamingToolCallProcessor.swift /Users/runner/work/red-pen-ios/red-pen-ios/ios/build/SourcePackages/checkouts/LocalLLMClient/Sources/LocalLLMClientCore/Tools/ToolArgument.swift /Users/runner/work/red-pen-ios/red-pen-ios/ios/build/SourcePackages/checkouts/LocalLLMClient/Sources/LocalLLMClientCore/Tools/ToolArgumentType.swift /Users/runner/work/red-pen-ios/red-pen-ios/ios/build/SourcePackages/checkouts/LocalLLMClient/Sources/LocalLLMClientCore/Tools/ToolExecutor.swift /Users/runner/work/red-pen-ios/red-pen-ios/ios/build/SourcePackages/checkouts/LocalLLMClient/Sources/LocalLLMClientCore/Tools/ToolOutput.swift /Users/runner/work/red-pen-ios/red-pen-ios/ios/build/SourcePackages/checkouts/LocalLLMClient/Sources/LocalLLMClientCore/Tools/ToolSchemaGeneratable.swift (in target 'LocalLLMClientCore' from project 'LocalLLMClient')

SwiftCompile normal arm64 /Users/runner/work/red-pen-ios/red-pen-ios/ios/build/SourcePackages/checkouts/LocalLLMClient/Sources/LocalLLMClientCore/Tools/StreamingToolCallProcessor.swift (in target 'LocalLLMClientCore' from project 'LocalLLMClient')
    cd /Users/runner/work/red-pen-ios/red-pen-ios/ios/RedPen.xcodeproj
    

SwiftCompile normal arm64 /Users/runner/work/red-pen-ios/red-pen-ios/ios/build/SourcePackages/checkouts/LocalLLMClient/Sources/LocalLLMClientCore/Tools/ToolArgument.swift (in target 'LocalLLMClientCore' from project 'LocalLLMClient')
    cd /Users/runner/work/red-pen-ios/red-pen-ios/ios/RedPen.xcodeproj
    

SwiftCompile normal arm64 /Users/runner/work/red-pen-ios/red-pen-ios/ios/build/SourcePackages/checkouts/LocalLLMClient/Sources/LocalLLMClientCore/Tools/ToolArgumentType.swift (in target 'LocalLLMClientCore' from project 'LocalLLMClient')
    cd /Users/runner/work/red-pen-ios/red-pen-ios/ios/RedPen.xcodeproj
    

SwiftCompile normal arm64 /Users/runner/work/red-pen-ios/red-pen-ios/ios/build/SourcePackages/checkouts/LocalLLMClient/Sources/LocalLLMClientCore/Tools/ToolExecutor.swift (in target 'LocalLLMClientCore' from project 'LocalLLMClient')
    cd /Users/runner/work/red-pen-ios/red-pen-ios/ios/RedPen.xcodeproj
    

SwiftCompile normal arm64 /Users/runner/work/red-pen-ios/red-pen-ios/ios/build/SourcePackages/checkouts/LocalLLMClient/Sources/LocalLLMClientCore/Tools/ToolOutput.swift (in target 'LocalLLMClientCore' from project 'LocalLLMClient')
    cd /Users/runner/work/red-pen-ios/red-pen-ios/ios/RedPen.xcodeproj
    

SwiftCompile normal arm64 /Users/runner/work/red-pen-ios/red-pen-ios/ios/build/SourcePackages/checkouts/LocalLLMClient/Sources/LocalLLMClientCore/Tools/ToolSchemaGeneratable.swift (in target 'LocalLLMClientCore' from project 'LocalLLMClient')
    cd /Users/runner/work/red-pen-ios/red-pen-ios/ios/RedPen.xcodeproj
    

SwiftCompile normal arm64 Compiling\ AnyLLMTool+OpenAI.swift,\ AnyLLMTool.swift,\ DynamicLLMTool.swift,\ GeneratedContent.swift,\ LLMTool.swift,\ LLMToolCall.swift,\ StreamingChunk.swift /Users/runner/work/red-pen-ios/red-pen-ios/ios/build/SourcePackages/checkouts/LocalLLMClient/Sources/LocalLLMClientCore/Tools/AnyLLMTool+OpenAI.swift /Users/runner/work/red-pen-ios/red-pen-ios/ios/build/SourcePackages/checkouts/LocalLLMClient/Sources/LocalLLMClientCore/Tools/AnyLLMTool.swift /Users/runner/work/red-pen-ios/red-pen-ios/ios/build/SourcePackages/checkouts/LocalLLMClient/Sources/LocalLLMClientCore/Tools/DynamicLLMTool.swift /Users/runner/work/red-pen-ios/red-pen-ios/ios/build/SourcePackages/checkouts/LocalLLMClient/Sources/LocalLLMClientCore/Tools/GeneratedContent.swift /Users/runner/work/red-pen-ios/red-pen-ios/ios/build/SourcePackages/checkouts/LocalLLMClient/Sources/LocalLLMClientCore/Tools/LLMTool.swift /Users/runner/work/red-pen-ios/red-pen-ios/ios/build/SourcePackages/checkouts/LocalLLMClient/Sources/LocalLLMClientCore/Tools/LLMToolCall.swift /Users/runner/work/red-pen-ios/red-pen-ios/ios/build/SourcePackages/checkouts/LocalLLMClient/Sources/LocalLLMClientCore/Tools/StreamingChunk.swift (in target 'LocalLLMClientCore' from project 'LocalLLMClient')

SwiftCompile normal arm64 /Users/runner/work/red-pen-ios/red-pen-ios/ios/build/SourcePackages/checkouts/LocalLLMClient/Sources/LocalLLMClientCore/Tools/AnyLLMTool+OpenAI.swift (in target 'LocalLLMClientCore' from project 'LocalLLMClient')
    cd /Users/runner/work/red-pen-ios/red-pen-ios/ios/RedPen.xcodeproj
    

SwiftCompile normal arm64 /Users/runner/work/red-pen-ios/red-pen-ios/ios/build/SourcePackages/checkouts/LocalLLMClient/Sources/LocalLLMClientCore/Tools/AnyLLMTool.swift (in target 'LocalLLMClientCore' from project 'LocalLLMClient')
    cd /Users/runner/work/red-pen-ios/red-pen-ios/ios/RedPen.xcodeproj
    

SwiftCompile normal arm64 /Users/runner/work/red-pen-ios/red-pen-ios/ios/build/SourcePackages/checkouts/LocalLLMClient/Sources/LocalLLMClientCore/Tools/DynamicLLMTool.swift (in target 'LocalLLMClientCore' from project 'LocalLLMClient')
    cd /Users/runner/work/red-pen-ios/red-pen-ios/ios/RedPen.xcodeproj
    

SwiftCompile normal arm64 /Users/runner/work/red-pen-ios/red-pen-ios/ios/build/SourcePackages/checkouts/LocalLLMClient/Sources/LocalLLMClientCore/Tools/GeneratedContent.swift (in target 'LocalLLMClientCore' from project 'LocalLLMClient')
    cd /Users/runner/work/red-pen-ios/red-pen-ios/ios/RedPen.xcodeproj
    

SwiftCompile normal arm64 /Users/runner/work/red-pen-ios/red-pen-ios/ios/build/SourcePackages/checkouts/LocalLLMClient/Sources/LocalLLMClientCore/Tools/LLMTool.swift (in target 'LocalLLMClientCore' from project 'LocalLLMClient')
    cd /Users/runner/work/red-pen-ios/red-pen-ios/ios/RedPen.xcodeproj
    

SwiftCompile normal arm64 /Users/runner/work/red-pen-ios/red-pen-ios/ios/build/SourcePackages/checkouts/LocalLLMClient/Sources/LocalLLMClientCore/Tools/LLMToolCall.swift (in target 'LocalLLMClientCore' from project 'LocalLLMClient')
    cd /Users/runner/work/red-pen-ios/red-pen-ios/ios/RedPen.xcodeproj
    

SwiftCompile normal arm64 /Users/runner/work/red-pen-ios/red-pen-ios/ios/build/SourcePackages/checkouts/LocalLLMClient/Sources/LocalLLMClientCore/Tools/StreamingChunk.swift (in target 'LocalLLMClientCore' from project 'LocalLLMClient')
    cd /Users/runner/work/red-pen-ios/red-pen-ios/ios/RedPen.xcodeproj
    

SwiftDriverJobDiscovery normal arm64 Emitting module for LocalLLMClientCore (in target 'LocalLLMClientCore' from project 'LocalLLMClient')

SwiftDriver\ Compilation\ Requirements LocalLLMClientCore normal arm64 com.apple.xcode.tools.swift.compiler (in target 'LocalLLMClientCore' from project 'LocalLLMClient')
    cd /Users/runner/work/red-pen-ios/red-pen-ios/ios/RedPen.xcodeproj
    builtin-Swift-Compilation-Requirements -- /Applications/Xcode_26.6.app/Contents/Developer/Toolchains/XcodeDefault.xctoolchain/usr/bin/swiftc -module-name LocalLLMClientCore -Onone @/Users/runner/work/red-pen-ios/red-pen-ios/ios/build/Build/Intermediates.noindex/LocalLLMClient.build/Debug-iphonesimulator/LocalLLMClientCore.build/Objects-normal/arm64/LocalLLMClientCore.SwiftFileList -DSWIFT_PACKAGE -DDEBUG -DSWIFT_MODULE_RESOURCE_BUNDLE_UNAVAILABLE -DXcode -plugin-path /Applications/Xcode_26.6.app/Contents/Developer/Toolchains/XcodeDefault.xctoolchain/usr/lib/swift/host/plugins/testing -enable-experimental-feature DebugDescriptionMacro -sdk /Applications/Xcode_26.6.app/Contents/Developer/Platforms/iPhoneSimulator.platform/Developer/SDKs/iPhoneSimulator26.5.sdk -target arm64-apple-ios17.0-simulator -g -module-cache-path /Users/runner/work/red-pen-ios/red-pen-ios/ios/build/ModuleCache.noindex -Xfrontend -serialize-debugging-options -enable-testing -suppress-warnings -index-store-path /Users/runner/work/red-pen-ios/red-pen-ios/ios/build/Index.noindex/DataStore -Xcc -D_LIBCPP_HARDENING_MODE\=_LIBCPP_HARDENING_MODE_DEBUG -swift-version 6 -I /Users/runner/work/red-pen-ios/red-pen-ios/ios/build/Build/Products/Debug-iphonesimulator -Isystem /Applications/Xcode_26.6.app/Contents/Developer/Platforms/iPhoneSimulator.platform/Developer/usr/lib -F /Users/runner/work/red-pen-ios/red-pen-ios/ios/build/Build/Products/Debug-iphonesimulator/PackageFrameworks -F /Users/runner/work/red-pen-ios/red-pen-ios/ios/build/Build/Products/Debug-iphonesimulator/PackageFrameworks -F /Users/runner/work/red-pen-ios/red-pen-ios/ios/build/Build/Products/Debug-iphonesimulator/PackageFrameworks -F /Users/runner/work/red-pen-ios/red-pen-ios/ios/build/Build/Products/Debug-iphonesimulator/PackageFrameworks -F /Users/runner/work/red-pen-ios/red-pen-ios/ios/build/Build/Products/Debug-iphonesimulator -F /Applications/Xcode_26.6.app/Contents/Developer/Platforms/iPhoneSimulator.platform/Developer/Library/Frameworks -F /Applications/Xcode_26.6.app/Contents/Developer/Platforms/iPhoneSimulator.platform/Developer/SDKs/iPhoneSimulator26.5.sdk/Developer/Library/Frameworks -c -j3 -enable-batch-mode -incremental -Xcc -ivfsstatcache -Xcc /Users/runner/work/red-pen-ios/red-pen-ios/ios/build/SDKStatCaches.noindex/iphonesimulator26.5-23F81a-688ef53f1462e2c8f657fdc38a81448ff45c64a1807a658693f2a61704f17a36.sdkstatcache -output-file-map /Users/runner/work/red-pen-ios/red-pen-ios/ios/build/Build/Intermediates.noindex/LocalLLMClient.build/Debug-iphonesimulator/LocalLLMClientCore.build/Objects-normal/arm64/LocalLLMClientCore-OutputFileMap.json -use-frontend-parseable-output -save-temps -no-color-diagnostics -serialize-diagnostics -emit-dependencies -emit-module -emit-module-path /Users/runner/work/red-pen-ios/red-pen-ios/ios/build/Build/Intermediates.noindex/LocalLLMClient.build/Debug-iphonesimulator/LocalLLMClientCore.build/Objects-normal/arm64/LocalLLMClientCore.swiftmodule -validate-clang-modules-once -clang-build-session-file /Users/runner/work/red-pen-ios/red-pen-ios/ios/build/ModuleCache.noindex/Session.modulevalidation -package-name localllmclient -Xcc -I/Users/runner/work/red-pen-ios/red-pen-ios/ios/build/Build/Intermediates.noindex/LocalLLMClient.build/Debug-iphonesimulator/LocalLLMClientCore.build/swift-overrides.hmap -emit-const-values -Xfrontend -const-gather-protocols-file -Xfrontend /Users/runner/work/red-pen-ios/red-pen-ios/ios/build/Build/Intermediates.noindex/LocalLLMClient.build/Debug-iphonesimulator/LocalLLMClientCore.build/Objects-normal/arm64/LocalLLMClientCore_const_extract_protocols.json -Xcc -I/Users/runner/work/red-pen-ios/red-pen-ios/ios/build/Build/Products/Debug-iphonesimulator/include -Xcc -I/Users/runner/work/red-pen-ios/red-pen-ios/ios/build/Build/Intermediates.noindex/LocalLLMClient.build/Debug-iphonesimulator/LocalLLMClientCore.build/DerivedSources-normal/arm64 -Xcc -I/Users/runner/work/red-pen-ios/red-pen-ios/ios/build/Build/Intermediates.noindex/LocalLLMClient.build/Debug-iphonesimulator/LocalLLMClientCore.build/DerivedSources/arm64 -Xcc -I/Users/runner/work/red-pen-ios/red-pen-ios/ios/build/Build/Intermediates.noindex/LocalLLMClient.build/Debug-iphonesimulator/LocalLLMClientCore.build/DerivedSources -Xcc -DSWIFT_PACKAGE -Xcc -DDEBUG\=1 -emit-objc-header -emit-objc-header-path /Users/runner/work/red-pen-ios/red-pen-ios/ios/build/Build/Intermediates.noindex/LocalLLMClient.build/Debug-iphonesimulator/LocalLLMClientCore.build/Objects-normal/arm64/LocalLLMClientCore-Swift.h -working-directory /Users/runner/work/red-pen-ios/red-pen-ios/ios/RedPen.xcodeproj -experimental-emit-module-separately -disable-cmo

SwiftDriverJobDiscovery normal arm64 Compiling StreamingToolCallProcessor.swift, ToolArgument.swift, ToolArgumentType.swift, ToolExecutor.swift, ToolOutput.swift, ToolSchemaGeneratable.swift (in target 'LocalLLMClientCore' from project 'LocalLLMClient')

SwiftDriver\ Compilation Jinja normal arm64 com.apple.xcode.tools.swift.compiler (in target 'Jinja' from project 'Jinja')
    cd /Users/runner/work/red-pen-ios/red-pen-ios/ios/RedPen.xcodeproj
    builtin-Swift-Compilation -- /Applications/Xcode_26.6.app/Contents/Developer/Toolchains/XcodeDefault.xctoolchain/usr/bin/swiftc -module-name Jinja -Onone @/Users/runner/work/red-pen-ios/red-pen-ios/ios/build/Build/Intermediates.noindex/Jinja.build/Debug-iphonesimulator/Jinja.build/Objects-normal/arm64/Jinja.SwiftFileList -DSWIFT_PACKAGE -DDEBUG -DSWIFT_MODULE_RESOURCE_BUNDLE_UNAVAILABLE -DXcode -plugin-path /Applications/Xcode_26.6.app/Contents/Developer/Toolchains/XcodeDefault.xctoolchain/usr/lib/swift/host/plugins/testing -enable-experimental-feature DebugDescriptionMacro -sdk /Applications/Xcode_26.6.app/Contents/Developer/Platforms/iPhoneSimulator.platform/Developer/SDKs/iPhoneSimulator26.5.sdk -target arm64-apple-ios16.0-simulator -g -module-cache-path /Users/runner/work/red-pen-ios/red-pen-ios/ios/build/ModuleCache.noindex -Xfrontend -serialize-debugging-options -enable-testing -suppress-warnings -index-store-path /Users/runner/work/red-pen-ios/red-pen-ios/ios/build/Index.noindex/DataStore -Xcc -D_LIBCPP_HARDENING_MODE\=_LIBCPP_HARDENING_MODE_DEBUG -swift-version 6 -I /Users/runner/work/red-pen-ios/red-pen-ios/ios/build/Build/Products/Debug-iphonesimulator -Isystem /Applications/Xcode_26.6.app/Contents/Developer/Platforms/iPhoneSimulator.platform/Developer/usr/lib -F /Users/runner/work/red-pen-ios/red-pen-ios/ios/build/Build/Products/Debug-iphonesimulator/PackageFrameworks -F /Users/runner/work/red-pen-ios/red-pen-ios/ios/build/Build/Products/Debug-iphonesimulator/PackageFrameworks -F /Users/runner/work/red-pen-ios/red-pen-ios/ios/build/Build/Products/Debug-iphonesimulator -F /Applications/Xcode_26.6.app/Contents/Developer/Platforms/iPhoneSimulator.platform/Developer/Library/Frameworks -F /Applications/Xcode_26.6.app/Contents/Developer/Platforms/iPhoneSimulator.platform/Developer/SDKs/iPhoneSimulator26.5.sdk/Developer/Library/Frameworks -c -j3 -enable-batch-mode -incremental -Xcc -ivfsstatcache -Xcc /Users/runner/work/red-pen-ios/red-pen-ios/ios/build/SDKStatCaches.noindex/iphonesimulator26.5-23F81a-688ef53f1462e2c8f657fdc38a81448ff45c64a1807a658693f2a61704f17a36.sdkstatcache -output-file-map /Users/runner/work/red-pen-ios/red-pen-ios/ios/build/Build/Intermediates.noindex/Jinja.build/Debug-iphonesimulator/Jinja.build/Objects-normal/arm64/Jinja-OutputFileMap.json -use-frontend-parseable-output -save-temps -no-color-diagnostics -serialize-diagnostics -emit-dependencies -emit-module -emit-module-path /Users/runner/work/red-pen-ios/red-pen-ios/ios/build/Build/Intermediates.noindex/Jinja.build/Debug-iphonesimulator/Jinja.build/Objects-normal/arm64/Jinja.swiftmodule -user-module-version 2.5.1 -validate-clang-modules-once -clang-build-session-file /Users/runner/work/red-pen-ios/red-pen-ios/ios/build/ModuleCache.noindex/Session.modulevalidation -package-name swift_jinja -Xcc -I/Users/runner/work/red-pen-ios/red-pen-ios/ios/build/Build/Intermediates.noindex/Jinja.build/Debug-iphonesimulator/Jinja.build/swift-overrides.hmap -emit-const-values -Xfrontend -const-gather-protocols-file -Xfrontend /Users/runner/work/red-pen-ios/red-pen-ios/ios/build/Build/Intermediates.noindex/Jinja.build/Debug-iphonesimulator/Jinja.build/Objects-normal/arm64/Jinja_const_extract_protocols.json -Xcc -I/Users/runner/work/red-pen-ios/red-pen-ios/ios/build/Build/Products/Debug-iphonesimulator/include -Xcc -I/Users/runner/work/red-pen-ios/red-pen-ios/ios/build/Build/Intermediates.noindex/Jinja.build/Debug-iphonesimulator/Jinja.build/DerivedSources-normal/arm64 -Xcc -I/Users/runner/work/red-pen-ios/red-pen-ios/ios/build/Build/Intermediates.noindex/Jinja.build/Debug-iphonesimulator/Jinja.build/DerivedSources/arm64 -Xcc -I/Users/runner/work/red-pen-ios/red-pen-ios/ios/build/Build/Intermediates.noindex/Jinja.build/Debug-iphonesimulator/Jinja.build/DerivedSources -Xcc -DSWIFT_PACKAGE -Xcc -DDEBUG\=1 -emit-objc-header -emit-objc-header-path /Users/runner/work/red-pen-ios/red-pen-ios/ios/build/Build/Intermediates.noindex/Jinja.build/Debug-iphonesimulator/Jinja.build/Objects-normal/arm64/Jinja-Swift.h -working-directory /Users/runner/work/red-pen-ios/red-pen-ios/ios/RedPen.xcodeproj -experimental-emit-module-separately -disable-cmo

SwiftMergeGeneratedHeaders /Users/runner/work/red-pen-ios/red-pen-ios/ios/build/Build/Intermediates.noindex/GeneratedModuleMaps-iphonesimulator/LocalLLMClientCore-Swift.h /Users/runner/work/red-pen-ios/red-pen-ios/ios/build/Build/Intermediates.noindex/LocalLLMClient.build/Debug-iphonesimulator/LocalLLMClientCore.build/Objects-normal/arm64/LocalLLMClientCore-Swift.h (in target 'LocalLLMClientCore' from project 'LocalLLMClient')
    cd /Users/runner/work/red-pen-ios/red-pen-ios/ios/build/SourcePackages/checkouts/LocalLLMClient
    builtin-swiftHeaderTool -arch arm64 /Users/runner/work/red-pen-ios/red-pen-ios/ios/build/Build/Intermediates.noindex/LocalLLMClient.build/Debug-iphonesimulator/LocalLLMClientCore.build/Objects-normal/arm64/LocalLLMClientCore-Swift.h -o /Users/runner/work/red-pen-ios/red-pen-ios/ios/build/Build/Intermediates.noindex/GeneratedModuleMaps-iphonesimulator/LocalLLMClientCore-Swift.h

Copy /Users/runner/work/red-pen-ios/red-pen-ios/ios/build/Build/Products/Debug-iphonesimulator/LocalLLMClientCore.swiftmodule/arm64-apple-ios-simulator.swiftmodule /Users/runner/work/red-pen-ios/red-pen-ios/ios/build/Build/Intermediates.noindex/LocalLLMClient.build/Debug-iphonesimulator/LocalLLMClientCore.build/Objects-normal/arm64/LocalLLMClientCore.swiftmodule (in target 'LocalLLMClientCore' from project 'LocalLLMClient')
    cd /Users/runner/work/red-pen-ios/red-pen-ios/ios/build/SourcePackages/checkouts/LocalLLMClient
    builtin-copy -exclude .DS_Store -exclude CVS -exclude .svn -exclude .git -exclude .hg -resolve-src-symlinks -rename /Users/runner/work/red-pen-ios/red-pen-ios/ios/build/Build/Intermediates.noindex/LocalLLMClient.build/Debug-iphonesimulator/LocalLLMClientCore.build/Objects-normal/arm64/LocalLLMClientCore.swiftmodule /Users/runner/work/red-pen-ios/red-pen-ios/ios/build/Build/Products/Debug-iphonesimulator/LocalLLMClientCore.swiftmodule/arm64-apple-ios-simulator.swiftmodule

Copy /Users/runner/work/red-pen-ios/red-pen-ios/ios/build/Build/Products/Debug-iphonesimulator/LocalLLMClientCore.swiftmodule/arm64-apple-ios-simulator.swiftdoc /Users/runner/work/red-pen-ios/red-pen-ios/ios/build/Build/Intermediates.noindex/LocalLLMClient.build/Debug-iphonesimulator/LocalLLMClientCore.build/Objects-normal/arm64/LocalLLMClientCore.swiftdoc (in target 'LocalLLMClientCore' from project 'LocalLLMClient')
    cd /Users/runner/work/red-pen-ios/red-pen-ios/ios/build/SourcePackages/checkouts/LocalLLMClient
    builtin-copy -exclude .DS_Store -exclude CVS -exclude .svn -exclude .git -exclude .hg -resolve-src-symlinks -rename /Users/runner/work/red-pen-ios/red-pen-ios/ios/build/Build/Intermediates.noindex/LocalLLMClient.build/Debug-iphonesimulator/LocalLLMClientCore.build/Objects-normal/arm64/LocalLLMClientCore.swiftdoc /Users/runner/work/red-pen-ios/red-pen-ios/ios/build/Build/Products/Debug-iphonesimulator/LocalLLMClientCore.swiftmodule/arm64-apple-ios-simulator.swiftdoc

Copy /Users/runner/work/red-pen-ios/red-pen-ios/ios/build/Build/Products/Debug-iphonesimulator/LocalLLMClientCore.swiftmodule/arm64-apple-ios-simulator.abi.json /Users/runner/work/red-pen-ios/red-pen-ios/ios/build/Build/Intermediates.noindex/LocalLLMClient.build/Debug-iphonesimulator/LocalLLMClientCore.build/Objects-normal/arm64/LocalLLMClientCore.abi.json (in target 'LocalLLMClientCore' from project 'LocalLLMClient')
    cd /Users/runner/work/red-pen-ios/red-pen-ios/ios/build/SourcePackages/checkouts/LocalLLMClient
    builtin-copy -exclude .DS_Store -exclude CVS -exclude .svn -exclude .git -exclude .hg -resolve-src-symlinks -rename /Users/runner/work/red-pen-ios/red-pen-ios/ios/build/Build/Intermediates.noindex/LocalLLMClient.build/Debug-iphonesimulator/LocalLLMClientCore.build/Objects-normal/arm64/LocalLLMClientCore.abi.json /Users/runner/work/red-pen-ios/red-pen-ios/ios/build/Build/Products/Debug-iphonesimulator/LocalLLMClientCore.swiftmodule/arm64-apple-ios-simulator.abi.json

Copy /Users/runner/work/red-pen-ios/red-pen-ios/ios/build/Build/Products/Debug-iphonesimulator/LocalLLMClientCore.swiftmodule/Project/arm64-apple-ios-simulator.swiftsourceinfo /Users/runner/work/red-pen-ios/red-pen-ios/ios/build/Build/Intermediates.noindex/LocalLLMClient.build/Debug-iphonesimulator/LocalLLMClientCore.build/Objects-normal/arm64/LocalLLMClientCore.swiftsourceinfo (in target 'LocalLLMClientCore' from project 'LocalLLMClient')
    cd /Users/runner/work/red-pen-ios/red-pen-ios/ios/build/SourcePackages/checkouts/LocalLLMClient
    builtin-copy -exclude .DS_Store -exclude CVS -exclude .svn -exclude .git -exclude .hg -resolve-src-symlinks -rename /Users/runner/work/red-pen-ios/red-pen-ios/ios/build/Build/Intermediates.noindex/LocalLLMClient.build/Debug-iphonesimulator/LocalLLMClientCore.build/Objects-normal/arm64/LocalLLMClientCore.swiftsourceinfo /Users/runner/work/red-pen-ios/red-pen-ios/ios/build/Build/Products/Debug-iphonesimulator/LocalLLMClientCore.swiftmodule/Project/arm64-apple-ios-simulator.swiftsourceinfo

ExtractAppIntentsMetadata (in target 'OrderedCollections' from project 'swift-collections')
    cd /Users/runner/work/red-pen-ios/red-pen-ios/ios/build/SourcePackages/checkouts/swift-collections
    /Applications/Xcode_26.6.app/Contents/Developer/Toolchains/XcodeDefault.xctoolchain/usr/bin/appintentsmetadataprocessor --toolchain-dir /var/run/com.apple.security.cryptexd/mnt/com.apple.MobileAsset.MetalToolchain-v17.6.109.0.6Ukyi4/Metal.xctoolchain --module-name OrderedCollections --sdk-root /Applications/Xcode_26.6.app/Contents/Developer/Platforms/iPhoneSimulator.platform/Developer/SDKs/iPhoneSimulator26.5.sdk --xcode-version 17F113 --platform-family iOS --deployment-target 12.0 --bundle-identifier swift-collections.OrderedCollections --output /Users/runner/work/red-pen-ios/red-pen-ios/ios/build/Build/Products/Debug-iphonesimulator/OrderedCollections.appintents --target-triple arm64-apple-ios12.0-simulator --binary-file /Users/runner/work/red-pen-ios/red-pen-ios/ios/build/Build/Products/Debug-iphonesimulator/OrderedCollections.o --dependency-file /Users/runner/work/red-pen-ios/red-pen-ios/ios/build/Build/Intermediates.noindex/swift-collections.build/Debug-iphonesimulator/OrderedCollections.build/Objects-normal/arm64/OrderedCollections_dependency_info.dat --stringsdata-file /Users/runner/work/red-pen-ios/red-pen-ios/ios/build/Build/Intermediates.noindex/swift-collections.build/Debug-iphonesimulator/OrderedCollections.build/Objects-normal/arm64/ExtractedAppShortcutsMetadata.stringsdata --source-file-list /Users/runner/work/red-pen-ios/red-pen-ios/ios/build/Build/Intermediates.noindex/swift-collections.build/Debug-iphonesimulator/OrderedCollections.build/Objects-normal/arm64/OrderedCollections.SwiftFileList --metadata-file-list /Users/runner/work/red-pen-ios/red-pen-ios/ios/build/Build/Intermediates.noindex/swift-collections.build/Debug-iphonesimulator/OrderedCollections.build/OrderedCollections.DependencyMetadataFileList --static-metadata-file-list /Users/runner/work/red-pen-ios/red-pen-ios/ios/build/Build/Intermediates.noindex/swift-collections.build/Debug-iphonesimulator/OrderedCollections.build/OrderedCollections.DependencyStaticMetadataFileList --swift-const-vals-list /Users/runner/work/red-pen-ios/red-pen-ios/ios/build/Build/Intermediates.noindex/swift-collections.build/Debug-iphonesimulator/OrderedCollections.build/Objects-normal/arm64/OrderedCollections.SwiftConstValuesFileList --force --compile-time-extraction --deployment-aware-processing --validate-assistant-intents --no-app-shortcuts-localization
2026-09-19 07:38:15.720 appintentsmetadataprocessor[5924:20480] Starting appintentsmetadataprocessor export
2026-09-19 07:38:15.739 appintentsmetadataprocessor[5924:20480] Extracted no relevant App Intents symbols, skipping writing output

SwiftDriver LocalLLMClientMacros normal arm64 com.apple.xcode.tools.swift.compiler (in target 'LocalLLMClientMacros' from project 'LocalLLMClient')
    cd /Users/runner/work/red-pen-ios/red-pen-ios/ios/RedPen.xcodeproj
    builtin-SwiftDriver -- /Applications/Xcode_26.6.app/Contents/Developer/Toolchains/XcodeDefault.xctoolchain/usr/bin/swiftc -module-name LocalLLMClientMacros -Onone @/Users/runner/work/red-pen-ios/red-pen-ios/ios/build/Build/Intermediates.noindex/LocalLLMClient.build/Debug-iphonesimulator/LocalLLMClientMacros.build/Objects-normal/arm64/LocalLLMClientMacros.SwiftFileList -DSWIFT_PACKAGE -DDEBUG -DSWIFT_MODULE_RESOURCE_BUNDLE_UNAVAILABLE -DXcode -plugin-path /Applications/Xcode_26.6.app/Contents/Developer/Toolchains/XcodeDefault.xctoolchain/usr/lib/swift/host/plugins/testing -enable-experimental-feature DebugDescriptionMacro -sdk /Applications/Xcode_26.6.app/Contents/Developer/Platforms/iPhoneSimulator.platform/Developer/SDKs/iPhoneSimulator26.5.sdk -target arm64-apple-ios17.0-simulator -g -module-cache-path /Users/runner/work/red-pen-ios/red-pen-ios/ios/build/ModuleCache.noindex -Xfrontend -serialize-debugging-options -enable-testing -suppress-warnings -index-store-path /Users/runner/work/red-pen-ios/red-pen-ios/ios/build/Index.noindex/DataStore -Xcc -D_LIBCPP_HARDENING_MODE\=_LIBCPP_HARDENING_MODE_DEBUG -swift-version 6 -I /Users/runner/work/red-pen-ios/red-pen-ios/ios/build/Build/Products/Debug-iphonesimulator -Isystem /Applications/Xcode_26.6.app/Contents/Developer/Platforms/iPhoneSimulator.platform/Developer/usr/lib -F /Users/runner/work/red-pen-ios/red-pen-ios/ios/build/Build/Products/Debug-iphonesimulator/PackageFrameworks -F /Users/runner/work/red-pen-ios/red-pen-ios/ios/build/Build/Products/Debug-iphonesimulator/PackageFrameworks -F /Users/runner/work/red-pen-ios/red-pen-ios/ios/build/Build/Products/Debug-iphonesimulator/PackageFrameworks -F /Users/runner/work/red-pen-ios/red-pen-ios/ios/build/Build/Products/Debug-iphonesimulator/PackageFrameworks -F /Users/runner/work/red-pen-ios/red-pen-ios/ios/build/Build/Products/Debug-iphonesimulator/PackageFrameworks -F /Users/runner/work/red-pen-ios/red-pen-ios/ios/build/Build/Products/Debug-iphonesimulator -F /Applications/Xcode_26.6.app/Contents/Developer/Platforms/iPhoneSimulator.platform/Developer/Library/Frameworks -F /Applications/Xcode_26.6.app/Contents/Developer/Platforms/iPhoneSimulator.platform/Developer/SDKs/iPhoneSimulator26.5.sdk/Developer/Library/Frameworks -Xfrontend -load-plugin-executable -Xfrontend /Users/runner/work/red-pen-ios/red-pen-ios/ios/build/Build/Products/Debug/LocalLLMClientMacrosPlugin\#LocalLLMClientMacrosPlugin -parse-as-library -c -j3 -enable-batch-mode -incremental -Xcc -ivfsstatcache -Xcc /Users/runner/work/red-pen-ios/red-pen-ios/ios/build/SDKStatCaches.noindex/iphonesimulator26.5-23F81a-688ef53f1462e2c8f657fdc38a81448ff45c64a1807a658693f2a61704f17a36.sdkstatcache -output-file-map /Users/runner/work/red-pen-ios/red-pen-ios/ios/build/Build/Intermediates.noindex/LocalLLMClient.build/Debug-iphonesimulator/LocalLLMClientMacros.build/Objects-normal/arm64/LocalLLMClientMacros-OutputFileMap.json -use-frontend-parseable-output -save-temps -no-color-diagnostics -serialize-diagnostics -emit-dependencies -emit-module -emit-module-path /Users/runner/work/red-pen-ios/red-pen-ios/ios/build/Build/Intermediates.noindex/LocalLLMClient.build/Debug-iphonesimulator/LocalLLMClientMacros.build/Objects-normal/arm64/LocalLLMClientMacros.swiftmodule -validate-clang-modules-once -clang-build-session-file /Users/runner/work/red-pen-ios/red-pen-ios/ios/build/ModuleCache.noindex/Session.modulevalidation -package-name localllmclient -Xcc -I/Users/runner/work/red-pen-ios/red-pen-ios/ios/build/Build/Intermediates.noindex/LocalLLMClient.build/Debug-iphonesimulator/LocalLLMClientMacros.build/swift-overrides.hmap -emit-const-values -Xfrontend -const-gather-protocols-file -Xfrontend /Users/runner/work/red-pen-ios/red-pen-ios/ios/build/Build/Intermediates.noindex/LocalLLMClient.build/Debug-iphonesimulator/LocalLLMClientMacros.build/Objects-normal/arm64/LocalLLMClientMacros_const_extract_protocols.json -Xcc -I/Users/runner/work/red-pen-ios/red-pen-ios/ios/build/Build/Products/Debug-iphonesimulator/include -Xcc -I/Users/runner/work/red-pen-ios/red-pen-ios/ios/build/Build/Intermediates.noindex/LocalLLMClient.build/Debug-iphonesimulator/LocalLLMClientMacros.build/DerivedSources-normal/arm64 -Xcc -I/Users/runner/work/red-pen-ios/red-pen-ios/ios/build/Build/Intermediates.noindex/LocalLLMClient.build/Debug-iphonesimulator/LocalLLMClientMacros.build/DerivedSources/arm64 -Xcc -I/Users/runner/work/red-pen-ios/red-pen-ios/ios/build/Build/Intermediates.noindex/LocalLLMClient.build/Debug-iphonesimulator/LocalLLMClientMacros.build/DerivedSources -Xcc -DSWIFT_PACKAGE -Xcc -DDEBUG\=1 -emit-objc-header -emit-objc-header-path /Users/runner/work/red-pen-ios/red-pen-ios/ios/build/Build/Intermediates.noindex/LocalLLMClient.build/Debug-iphonesimulator/LocalLLMClientMacros.build/Objects-normal/arm64/LocalLLMClientMacros-Swift.h -working-directory /Users/runner/work/red-pen-ios/red-pen-ios/ios/RedPen.xcodeproj -experimental-emit-module-separately -disable-cmo

RegisterExecutionPolicyException /Users/runner/work/red-pen-ios/red-pen-ios/ios/build/Build/Products/Debug-iphonesimulator/OrderedCollections.o (in target 'OrderedCollections' from project 'swift-collections')
    cd /Users/runner/work/red-pen-ios/red-pen-ios/ios/build/SourcePackages/checkouts/swift-collections
    builtin-RegisterExecutionPolicyException /Users/runner/work/red-pen-ios/red-pen-ios/ios/build/Build/Products/Debug-iphonesimulator/OrderedCollections.o

SwiftEmitModule normal arm64 Emitting\ module\ for\ LocalLLMClientMacros (in target 'LocalLLMClientMacros' from project 'LocalLLMClient')

SwiftCompile normal arm64 /Users/runner/work/red-pen-ios/red-pen-ios/ios/build/SourcePackages/checkouts/LocalLLMClient/Sources/LocalLLMClientMacros/LocalLLMClientMacros.swift (in target 'LocalLLMClientMacros' from project 'LocalLLMClient')
    cd /Users/runner/work/red-pen-ios/red-pen-ios/ios/RedPen.xcodeproj
    

SwiftCompile normal arm64 Compiling\ LocalLLMClientMacros.swift /Users/runner/work/red-pen-ios/red-pen-ios/ios/build/SourcePackages/checkouts/LocalLLMClient/Sources/LocalLLMClientMacros/LocalLLMClientMacros.swift (in target 'LocalLLMClientMacros' from project 'LocalLLMClient')

SwiftCompile normal arm64 /Users/runner/work/red-pen-ios/red-pen-ios/ios/build/SourcePackages/checkouts/LocalLLMClient/Sources/LocalLLMClientMacros/LocalLLMClientMacros.swift (in target 'LocalLLMClientMacros' from project 'LocalLLMClient')
    cd /Users/runner/work/red-pen-ios/red-pen-ios/ios/RedPen.xcodeproj
    

SwiftDriverJobDiscovery normal arm64 Compiling AnyLLMTool+OpenAI.swift, AnyLLMTool.swift, DynamicLLMTool.swift, GeneratedContent.swift, LLMTool.swift, LLMToolCall.swift, StreamingChunk.swift (in target 'LocalLLMClientCore' from project 'LocalLLMClient')

SwiftDriverJobDiscovery normal arm64 Emitting module for LocalLLMClientMacros (in target 'LocalLLMClientMacros' from project 'LocalLLMClient')

SwiftDriver\ Compilation\ Requirements LocalLLMClientMacros normal arm64 com.apple.xcode.tools.swift.compiler (in target 'LocalLLMClientMacros' from project 'LocalLLMClient')
    cd /Users/runner/work/red-pen-ios/red-pen-ios/ios/RedPen.xcodeproj
    builtin-Swift-Compilation-Requirements -- /Applications/Xcode_26.6.app/Contents/Developer/Toolchains/XcodeDefault.xctoolchain/usr/bin/swiftc -module-name LocalLLMClientMacros -Onone @/Users/runner/work/red-pen-ios/red-pen-ios/ios/build/Build/Intermediates.noindex/LocalLLMClient.build/Debug-iphonesimulator/LocalLLMClientMacros.build/Objects-normal/arm64/LocalLLMClientMacros.SwiftFileList -DSWIFT_PACKAGE -DDEBUG -DSWIFT_MODULE_RESOURCE_BUNDLE_UNAVAILABLE -DXcode -plugin-path /Applications/Xcode_26.6.app/Contents/Developer/Toolchains/XcodeDefault.xctoolchain/usr/lib/swift/host/plugins/testing -enable-experimental-feature DebugDescriptionMacro -sdk /Applications/Xcode_26.6.app/Contents/Developer/Platforms/iPhoneSimulator.platform/Developer/SDKs/iPhoneSimulator26.5.sdk -target arm64-apple-ios17.0-simulator -g -module-cache-path /Users/runner/work/red-pen-ios/red-pen-ios/ios/build/ModuleCache.noindex -Xfrontend -serialize-debugging-options -enable-testing -suppress-warnings -index-store-path /Users/runner/work/red-pen-ios/red-pen-ios/ios/build/Index.noindex/DataStore -Xcc -D_LIBCPP_HARDENING_MODE\=_LIBCPP_HARDENING_MODE_DEBUG -swift-version 6 -I /Users/runner/work/red-pen-ios/red-pen-ios/ios/build/Build/Products/Debug-iphonesimulator -Isystem /Applications/Xcode_26.6.app/Contents/Developer/Platforms/iPhoneSimulator.platform/Developer/usr/lib -F /Users/runner/work/red-pen-ios/red-pen-ios/ios/build/Build/Products/Debug-iphonesimulator/PackageFrameworks -F /Users/runner/work/red-pen-ios/red-pen-ios/ios/build/Build/Products/Debug-iphonesimulator/PackageFrameworks -F /Users/runner/work/red-pen-ios/red-pen-ios/ios/build/Build/Products/Debug-iphonesimulator/PackageFrameworks -F /Users/runner/work/red-pen-ios/red-pen-ios/ios/build/Build/Products/Debug-iphonesimulator/PackageFrameworks -F /Users/runner/work/red-pen-ios/red-pen-ios/ios/build/Build/Products/Debug-iphonesimulator/PackageFrameworks -F /Users/runner/work/red-pen-ios/red-pen-ios/ios/build/Build/Products/Debug-iphonesimulator -F /Applications/Xcode_26.6.app/Contents/Developer/Platforms/iPhoneSimulator.platform/Developer/Library/Frameworks -F /Applications/Xcode_26.6.app/Contents/Developer/Platforms/iPhoneSimulator.platform/Developer/SDKs/iPhoneSimulator26.5.sdk/Developer/Library/Frameworks -Xfrontend -load-plugin-executable -Xfrontend /Users/runner/work/red-pen-ios/red-pen-ios/ios/build/Build/Products/Debug/LocalLLMClientMacrosPlugin\#LocalLLMClientMacrosPlugin -parse-as-library -c -j3 -enable-batch-mode -incremental -Xcc -ivfsstatcache -Xcc /Users/runner/work/red-pen-ios/red-pen-ios/ios/build/SDKStatCaches.noindex/iphonesimulator26.5-23F81a-688ef53f1462e2c8f657fdc38a81448ff45c64a1807a658693f2a61704f17a36.sdkstatcache -output-file-map /Users/runner/work/red-pen-ios/red-pen-ios/ios/build/Build/Intermediates.noindex/LocalLLMClient.build/Debug-iphonesimulator/LocalLLMClientMacros.build/Objects-normal/arm64/LocalLLMClientMacros-OutputFileMap.json -use-frontend-parseable-output -save-temps -no-color-diagnostics -serialize-diagnostics -emit-dependencies -emit-module -emit-module-path /Users/runner/work/red-pen-ios/red-pen-ios/ios/build/Build/Intermediates.noindex/LocalLLMClient.build/Debug-iphonesimulator/LocalLLMClientMacros.build/Objects-normal/arm64/LocalLLMClientMacros.swiftmodule -validate-clang-modules-once -clang-build-session-file /Users/runner/work/red-pen-ios/red-pen-ios/ios/build/ModuleCache.noindex/Session.modulevalidation -package-name localllmclient -Xcc -I/Users/runner/work/red-pen-ios/red-pen-ios/ios/build/Build/Intermediates.noindex/LocalLLMClient.build/Debug-iphonesimulator/LocalLLMClientMacros.build/swift-overrides.hmap -emit-const-values -Xfrontend -const-gather-protocols-file -Xfrontend /Users/runner/work/red-pen-ios/red-pen-ios/ios/build/Build/Intermediates.noindex/LocalLLMClient.build/Debug-iphonesimulator/LocalLLMClientMacros.build/Objects-normal/arm64/LocalLLMClientMacros_const_extract_protocols.json -Xcc -I/Users/runner/work/red-pen-ios/red-pen-ios/ios/build/Build/Products/Debug-iphonesimulator/include -Xcc -I/Users/runner/work/red-pen-ios/red-pen-ios/ios/build/Build/Intermediates.noindex/LocalLLMClient.build/Debug-iphonesimulator/LocalLLMClientMacros.build/DerivedSources-normal/arm64 -Xcc -I/Users/runner/work/red-pen-ios/red-pen-ios/ios/build/Build/Intermediates.noindex/LocalLLMClient.build/Debug-iphonesimulator/LocalLLMClientMacros.build/DerivedSources/arm64 -Xcc -I/Users/runner/work/red-pen-ios/red-pen-ios/ios/build/Build/Intermediates.noindex/LocalLLMClient.build/Debug-iphonesimulator/LocalLLMClientMacros.build/DerivedSources -Xcc -DSWIFT_PACKAGE -Xcc -DDEBUG\=1 -emit-objc-header -emit-objc-header-path /Users/runner/work/red-pen-ios/red-pen-ios/ios/build/Build/Intermediates.noindex/LocalLLMClient.build/Debug-iphonesimulator/LocalLLMClientMacros.build/Objects-normal/arm64/LocalLLMClientMacros-Swift.h -working-directory /Users/runner/work/red-pen-ios/red-pen-ios/ios/RedPen.xcodeproj -experimental-emit-module-separately -disable-cmo

SwiftMergeGeneratedHeaders /Users/runner/work/red-pen-ios/red-pen-ios/ios/build/Build/Intermediates.noindex/GeneratedModuleMaps-iphonesimulator/LocalLLMClientMacros-Swift.h /Users/runner/work/red-pen-ios/red-pen-ios/ios/build/Build/Intermediates.noindex/LocalLLMClient.build/Debug-iphonesimulator/LocalLLMClientMacros.build/Objects-normal/arm64/LocalLLMClientMacros-Swift.h (in target 'LocalLLMClientMacros' from project 'LocalLLMClient')
    cd /Users/runner/work/red-pen-ios/red-pen-ios/ios/build/SourcePackages/checkouts/LocalLLMClient
    builtin-swiftHeaderTool -arch arm64 /Users/runner/work/red-pen-ios/red-pen-ios/ios/build/Build/Intermediates.noindex/LocalLLMClient.build/Debug-iphonesimulator/LocalLLMClientMacros.build/Objects-normal/arm64/LocalLLMClientMacros-Swift.h -o /Users/runner/work/red-pen-ios/red-pen-ios/ios/build/Build/Intermediates.noindex/GeneratedModuleMaps-iphonesimulator/LocalLLMClientMacros-Swift.h

Copy /Users/runner/work/red-pen-ios/red-pen-ios/ios/build/Build/Products/Debug-iphonesimulator/LocalLLMClientMacros.swiftmodule/arm64-apple-ios-simulator.swiftmodule /Users/runner/work/red-pen-ios/red-pen-ios/ios/build/Build/Intermediates.noindex/LocalLLMClient.build/Debug-iphonesimulator/LocalLLMClientMacros.build/Objects-normal/arm64/LocalLLMClientMacros.swiftmodule (in target 'LocalLLMClientMacros' from project 'LocalLLMClient')
    cd /Users/runner/work/red-pen-ios/red-pen-ios/ios/build/SourcePackages/checkouts/LocalLLMClient
    builtin-copy -exclude .DS_Store -exclude CVS -exclude .svn -exclude .git -exclude .hg -resolve-src-symlinks -rename /Users/runner/work/red-pen-ios/red-pen-ios/ios/build/Build/Intermediates.noindex/LocalLLMClient.build/Debug-iphonesimulator/LocalLLMClientMacros.build/Objects-normal/arm64/LocalLLMClientMacros.swiftmodule /Users/runner/work/red-pen-ios/red-pen-ios/ios/build/Build/Products/Debug-iphonesimulator/LocalLLMClientMacros.swiftmodule/arm64-apple-ios-simulator.swiftmodule

Copy /Users/runner/work/red-pen-ios/red-pen-ios/ios/build/Build/Products/Debug-iphonesimulator/LocalLLMClientMacros.swiftmodule/arm64-apple-ios-simulator.swiftdoc /Users/runner/work/red-pen-ios/red-pen-ios/ios/build/Build/Intermediates.noindex/LocalLLMClient.build/Debug-iphonesimulator/LocalLLMClientMacros.build/Objects-normal/arm64/LocalLLMClientMacros.swiftdoc (in target 'LocalLLMClientMacros' from project 'LocalLLMClient')
    cd /Users/runner/work/red-pen-ios/red-pen-ios/ios/build/SourcePackages/checkouts/LocalLLMClient
    builtin-copy -exclude .DS_Store -exclude CVS -exclude .svn -exclude .git -exclude .hg -resolve-src-symlinks -rename /Users/runner/work/red-pen-ios/red-pen-ios/ios/build/Build/Intermediates.noindex/LocalLLMClient.build/Debug-iphonesimulator/LocalLLMClientMacros.build/Objects-normal/arm64/LocalLLMClientMacros.swiftdoc /Users/runner/work/red-pen-ios/red-pen-ios/ios/build/Build/Products/Debug-iphonesimulator/LocalLLMClientMacros.swiftmodule/arm64-apple-ios-simulator.swiftdoc

Copy /Users/runner/work/red-pen-ios/red-pen-ios/ios/build/Build/Products/Debug-iphonesimulator/LocalLLMClientMacros.swiftmodule/arm64-apple-ios-simulator.abi.json /Users/runner/work/red-pen-ios/red-pen-ios/ios/build/Build/Intermediates.noindex/LocalLLMClient.build/Debug-iphonesimulator/LocalLLMClientMacros.build/Objects-normal/arm64/LocalLLMClientMacros.abi.json (in target 'LocalLLMClientMacros' from project 'LocalLLMClient')
    cd /Users/runner/work/red-pen-ios/red-pen-ios/ios/build/SourcePackages/checkouts/LocalLLMClient
    builtin-copy -exclude .DS_Store -exclude CVS -exclude .svn -exclude .git -exclude .hg -resolve-src-symlinks -rename /Users/runner/work/red-pen-ios/red-pen-ios/ios/build/Build/Intermediates.noindex/LocalLLMClient.build/Debug-iphonesimulator/LocalLLMClientMacros.build/Objects-normal/arm64/LocalLLMClientMacros.abi.json /Users/runner/work/red-pen-ios/red-pen-ios/ios/build/Build/Products/Debug-iphonesimulator/LocalLLMClientMacros.swiftmodule/arm64-apple-ios-simulator.abi.json

SwiftDriverJobDiscovery normal arm64 Compiling LocalLLMClientMacros.swift (in target 'LocalLLMClientMacros' from project 'LocalLLMClient')

Copy /Users/runner/work/red-pen-ios/red-pen-ios/ios/build/Build/Products/Debug-iphonesimulator/LocalLLMClientMacros.swiftmodule/Project/arm64-apple-ios-simulator.swiftsourceinfo /Users/runner/work/red-pen-ios/red-pen-ios/ios/build/Build/Intermediates.noindex/LocalLLMClient.build/Debug-iphonesimulator/LocalLLMClientMacros.build/Objects-normal/arm64/LocalLLMClientMacros.swiftsourceinfo (in target 'LocalLLMClientMacros' from project 'LocalLLMClient')
    cd /Users/runner/work/red-pen-ios/red-pen-ios/ios/build/SourcePackages/checkouts/LocalLLMClient
    builtin-copy -exclude .DS_Store -exclude CVS -exclude .svn -exclude .git -exclude .hg -resolve-src-symlinks -rename /Users/runner/work/red-pen-ios/red-pen-ios/ios/build/Build/Intermediates.noindex/LocalLLMClient.build/Debug-iphonesimulator/LocalLLMClientMacros.build/Objects-normal/arm64/LocalLLMClientMacros.swiftsourceinfo /Users/runner/work/red-pen-ios/red-pen-ios/ios/build/Build/Products/Debug-iphonesimulator/LocalLLMClientMacros.swiftmodule/Project/arm64-apple-ios-simulator.swiftsourceinfo

SwiftDriver\ Compilation LocalLLMClientMacros normal arm64 com.apple.xcode.tools.swift.compiler (in target 'LocalLLMClientMacros' from project 'LocalLLMClient')
    cd /Users/runner/work/red-pen-ios/red-pen-ios/ios/RedPen.xcodeproj
    builtin-Swift-Compilation -- /Applications/Xcode_26.6.app/Contents/Developer/Toolchains/XcodeDefault.xctoolchain/usr/bin/swiftc -module-name LocalLLMClientMacros -Onone @/Users/runner/work/red-pen-ios/red-pen-ios/ios/build/Build/Intermediates.noindex/LocalLLMClient.build/Debug-iphonesimulator/LocalLLMClientMacros.build/Objects-normal/arm64/LocalLLMClientMacros.SwiftFileList -DSWIFT_PACKAGE -DDEBUG -DSWIFT_MODULE_RESOURCE_BUNDLE_UNAVAILABLE -DXcode -plugin-path /Applications/Xcode_26.6.app/Contents/Developer/Toolchains/XcodeDefault.xctoolchain/usr/lib/swift/host/plugins/testing -enable-experimental-feature DebugDescriptionMacro -sdk /Applications/Xcode_26.6.app/Contents/Developer/Platforms/iPhoneSimulator.platform/Developer/SDKs/iPhoneSimulator26.5.sdk -target arm64-apple-ios17.0-simulator -g -module-cache-path /Users/runner/work/red-pen-ios/red-pen-ios/ios/build/ModuleCache.noindex -Xfrontend -serialize-debugging-options -enable-testing -suppress-warnings -index-store-path /Users/runner/work/red-pen-ios/red-pen-ios/ios/build/Index.noindex/DataStore -Xcc -D_LIBCPP_HARDENING_MODE\=_LIBCPP_HARDENING_MODE_DEBUG -swift-version 6 -I /Users/runner/work/red-pen-ios/red-pen-ios/ios/build/Build/Products/Debug-iphonesimulator -Isystem /Applications/Xcode_26.6.app/Contents/Developer/Platforms/iPhoneSimulator.platform/Developer/usr/lib -F /Users/runner/work/red-pen-ios/red-pen-ios/ios/build/Build/Products/Debug-iphonesimulator/PackageFrameworks -F /Users/runner/work/red-pen-ios/red-pen-ios/ios/build/Build/Products/Debug-iphonesimulator/PackageFrameworks -F /Users/runner/work/red-pen-ios/red-pen-ios/ios/build/Build/Products/Debug-iphonesimulator/PackageFrameworks -F /Users/runner/work/red-pen-ios/red-pen-ios/ios/build/Build/Products/Debug-iphonesimulator/PackageFrameworks -F /Users/runner/work/red-pen-ios/red-pen-ios/ios/build/Build/Products/Debug-iphonesimulator/PackageFrameworks -F /Users/runner/work/red-pen-ios/red-pen-ios/ios/build/Build/Products/Debug-iphonesimulator -F /Applications/Xcode_26.6.app/Contents/Developer/Platforms/iPhoneSimulator.platform/Developer/Library/Frameworks -F /Applications/Xcode_26.6.app/Contents/Developer/Platforms/iPhoneSimulator.platform/Developer/SDKs/iPhoneSimulator26.5.sdk/Developer/Library/Frameworks -Xfrontend -load-plugin-executable -Xfrontend /Users/runner/work/red-pen-ios/red-pen-ios/ios/build/Build/Products/Debug/LocalLLMClientMacrosPlugin\#LocalLLMClientMacrosPlugin -parse-as-library -c -j3 -enable-batch-mode -incremental -Xcc -ivfsstatcache -Xcc /Users/runner/work/red-pen-ios/red-pen-ios/ios/build/SDKStatCaches.noindex/iphonesimulator26.5-23F81a-688ef53f1462e2c8f657fdc38a81448ff45c64a1807a658693f2a61704f17a36.sdkstatcache -output-file-map /Users/runner/work/red-pen-ios/red-pen-ios/ios/build/Build/Intermediates.noindex/LocalLLMClient.build/Debug-iphonesimulator/LocalLLMClientMacros.build/Objects-normal/arm64/LocalLLMClientMacros-OutputFileMap.json -use-frontend-parseable-output -save-temps -no-color-diagnostics -serialize-diagnostics -emit-dependencies -emit-module -emit-module-path /Users/runner/work/red-pen-ios/red-pen-ios/ios/build/Build/Intermediates.noindex/LocalLLMClient.build/Debug-iphonesimulator/LocalLLMClientMacros.build/Objects-normal/arm64/LocalLLMClientMacros.swiftmodule -validate-clang-modules-once -clang-build-session-file /Users/runner/work/red-pen-ios/red-pen-ios/ios/build/ModuleCache.noindex/Session.modulevalidation -package-name localllmclient -Xcc -I/Users/runner/work/red-pen-ios/red-pen-ios/ios/build/Build/Intermediates.noindex/LocalLLMClient.build/Debug-iphonesimulator/LocalLLMClientMacros.build/swift-overrides.hmap -emit-const-values -Xfrontend -const-gather-protocols-file -Xfrontend /Users/runner/work/red-pen-ios/red-pen-ios/ios/build/Build/Intermediates.noindex/LocalLLMClient.build/Debug-iphonesimulator/LocalLLMClientMacros.build/Objects-normal/arm64/LocalLLMClientMacros_const_extract_protocols.json -Xcc -I/Users/runner/work/red-pen-ios/red-pen-ios/ios/build/Build/Products/Debug-iphonesimulator/include -Xcc -I/Users/runner/work/red-pen-ios/red-pen-ios/ios/build/Build/Intermediates.noindex/LocalLLMClient.build/Debug-iphonesimulator/LocalLLMClientMacros.build/DerivedSources-normal/arm64 -Xcc -I/Users/runner/work/red-pen-ios/red-pen-ios/ios/build/Build/Intermediates.noindex/LocalLLMClient.build/Debug-iphonesimulator/LocalLLMClientMacros.build/DerivedSources/arm64 -Xcc -I/Users/runner/work/red-pen-ios/red-pen-ios/ios/build/Build/Intermediates.noindex/LocalLLMClient.build/Debug-iphonesimulator/LocalLLMClientMacros.build/DerivedSources -Xcc -DSWIFT_PACKAGE -Xcc -DDEBUG\=1 -emit-objc-header -emit-objc-header-path /Users/runner/work/red-pen-ios/red-pen-ios/ios/build/Build/Intermediates.noindex/LocalLLMClient.build/Debug-iphonesimulator/LocalLLMClientMacros.build/Objects-normal/arm64/LocalLLMClientMacros-Swift.h -working-directory /Users/runner/work/red-pen-ios/red-pen-ios/ios/RedPen.xcodeproj -experimental-emit-module-separately -disable-cmo

Ld /Users/runner/work/red-pen-ios/red-pen-ios/ios/build/Build/Products/Debug-iphonesimulator/Jinja.o normal (in target 'Jinja' from project 'Jinja')
    cd /Users/runner/work/red-pen-ios/red-pen-ios/ios/build/SourcePackages/checkouts/swift-jinja
    /Applications/Xcode_26.6.app/Contents/Developer/Toolchains/XcodeDefault.xctoolchain/usr/bin/clang -Xlinker -reproducible -target arm64-apple-ios16.0-simulator -r -isysroot /Applications/Xcode_26.6.app/Contents/Developer/Platforms/iPhoneSimulator.platform/Developer/SDKs/iPhoneSimulator26.5.sdk -O0 -w -F/Users/runner/work/red-pen-ios/red-pen-ios/ios/build/Build/Intermediates.noindex/EagerLinkingTBDs/Debug-iphonesimulator -F/Users/runner/work/red-pen-ios/red-pen-ios/ios/build/Build/Products/Debug-iphonesimulator/PackageFrameworks -F/Users/runner/work/red-pen-ios/red-pen-ios/ios/build/Build/Products/Debug-iphonesimulator/PackageFrameworks -F/Users/runner/work/red-pen-ios/red-pen-ios/ios/build/Build/Products/Debug-iphonesimulator -iframework /Applications/Xcode_26.6.app/Contents/Developer/Platforms/iPhoneSimulator.platform/Developer/Library/Frameworks -iframework /Applications/Xcode_26.6.app/Contents/Developer/Platforms/iPhoneSimulator.platform/Developer/SDKs/iPhoneSimulator26.5.sdk/Developer/Library/Frameworks -filelist /Users/runner/work/red-pen-ios/red-pen-ios/ios/build/Build/Intermediates.noindex/Jinja.build/Debug-iphonesimulator/Jinja.build/Objects-normal/arm64/Jinja.LinkFileList -nostdlib -Xlinker -object_path_lto -Xlinker /Users/runner/work/red-pen-ios/red-pen-ios/ios/build/Build/Intermediates.noindex/Jinja.build/Debug-iphonesimulator/Jinja.build/Objects-normal/arm64/Jinja_lto.o -Xlinker -no_deduplicate -Xlinker -objc_abi_version -Xlinker 2 -Xlinker -dependency_info -Xlinker /Users/runner/work/red-pen-ios/red-pen-ios/ios/build/Build/Intermediates.noindex/Jinja.build/Debug-iphonesimulator/Jinja.build/Objects-normal/arm64/Jinja_dependency_info.dat -fobjc-link-runtime -L/Applications/Xcode_26.6.app/Contents/Developer/Toolchains/XcodeDefault.xctoolchain/usr/lib/swift/iphonesimulator -L/usr/lib/swift -Xlinker -add_ast_path -Xlinker /Users/runner/work/red-pen-ios/red-pen-ios/ios/build/Build/Intermediates.noindex/Jinja.build/Debug-iphonesimulator/Jinja.build/Objects-normal/arm64/Jinja.swiftmodule -o /Users/runner/work/red-pen-ios/red-pen-ios/ios/build/Build/Products/Debug-iphonesimulator/Jinja.o

SwiftDriver LocalLLMClientLlama normal arm64 com.apple.xcode.tools.swift.compiler (in target 'LocalLLMClientLlama' from project 'LocalLLMClient')
    cd /Users/runner/work/red-pen-ios/red-pen-ios/ios/RedPen.xcodeproj
    builtin-SwiftDriver -- /Applications/Xcode_26.6.app/Contents/Developer/Toolchains/XcodeDefault.xctoolchain/usr/bin/swiftc -module-name LocalLLMClientLlama -Onone @/Users/runner/work/red-pen-ios/red-pen-ios/ios/build/Build/Intermediates.noindex/LocalLLMClient.build/Debug-iphonesimulator/LocalLLMClientLlama.build/Objects-normal/arm64/LocalLLMClientLlama.SwiftFileList -DSWIFT_PACKAGE -DDEBUG -DSWIFT_MODULE_RESOURCE_BUNDLE_AVAILABLE -DXcode -cxx-interoperability-mode\=default -Xcc -std\=c++17 -plugin-path /Applications/Xcode_26.6.app/Contents/Developer/Toolchains/XcodeDefault.xctoolchain/usr/lib/swift/host/plugins/testing -enable-experimental-feature DebugDescriptionMacro -sdk /Applications/Xcode_26.6.app/Contents/Developer/Platforms/iPhoneSimulator.platform/Developer/SDKs/iPhoneSimulator26.5.sdk -target arm64-apple-ios17.0-simulator -g -module-cache-path /Users/runner/work/red-pen-ios/red-pen-ios/ios/build/ModuleCache.noindex -Xfrontend -serialize-debugging-options -enable-testing -suppress-warnings -index-store-path /Users/runner/work/red-pen-ios/red-pen-ios/ios/build/Index.noindex/DataStore -Xcc -D_LIBCPP_HARDENING_MODE\=_LIBCPP_HARDENING_MODE_DEBUG -swift-version 6 -I /Users/runner/work/red-pen-ios/red-pen-ios/ios/build/Build/Products/Debug-iphonesimulator -Isystem /Applications/Xcode_26.6.app/Contents/Developer/Platforms/iPhoneSimulator.platform/Developer/usr/lib -F /Users/runner/work/red-pen-ios/red-pen-ios/ios/build/Build/Products/Debug-iphonesimulator/PackageFrameworks -F /Users/runner/work/red-pen-ios/red-pen-ios/ios/build/Build/Products/Debug-iphonesimulator/PackageFrameworks -F /Users/runner/work/red-pen-ios/red-pen-ios/ios/build/Build/Products/Debug-iphonesimulator/PackageFrameworks -F /Users/runner/work/red-pen-ios/red-pen-ios/ios/build/Build/Products/Debug-iphonesimulator/PackageFrameworks -F /Users/runner/work/red-pen-ios/red-pen-ios/ios/build/Build/Products/Debug-iphonesimulator/PackageFrameworks -F /Users/runner/work/red-pen-ios/red-pen-ios/ios/build/Build/Products/Debug-iphonesimulator/PackageFrameworks -F /Users/runner/work/red-pen-ios/red-pen-ios/ios/build/Build/Products/Debug-iphonesimulator -F /Applications/Xcode_26.6.app/Contents/Developer/Platforms/iPhoneSimulator.platform/Developer/Library/Frameworks -F /Applications/Xcode_26.6.app/Contents/Developer/Platforms/iPhoneSimulator.platform/Developer/SDKs/iPhoneSimulator26.5.sdk/Developer/Library/Frameworks -c -j3 -enable-batch-mode -incremental -Xcc -ivfsstatcache -Xcc /Users/runner/work/red-pen-ios/red-pen-ios/ios/build/SDKStatCaches.noindex/iphonesimulator26.5-23F81a-688ef53f1462e2c8f657fdc38a81448ff45c64a1807a658693f2a61704f17a36.sdkstatcache -output-file-map /Users/runner/work/red-pen-ios/red-pen-ios/ios/build/Build/Intermediates.noindex/LocalLLMClient.build/Debug-iphonesimulator/LocalLLMClientLlama.build/Objects-normal/arm64/LocalLLMClientLlama-OutputFileMap.json -use-frontend-parseable-output -save-temps -no-color-diagnostics -serialize-diagnostics -emit-dependencies -emit-module -emit-module-path /Users/runner/work/red-pen-ios/red-pen-ios/ios/build/Build/Intermediates.noindex/LocalLLMClient.build/Debug-iphonesimulator/LocalLLMClientLlama.build/Objects-normal/arm64/LocalLLMClientLlama.swiftmodule -validate-clang-modules-once -clang-build-session-file /Users/runner/work/red-pen-ios/red-pen-ios/ios/build/ModuleCache.noindex/Session.modulevalidation -package-name localllmclient -Xcc -I/Users/runner/work/red-pen-ios/red-pen-ios/ios/build/Build/Intermediates.noindex/LocalLLMClient.build/Debug-iphonesimulator/LocalLLMClientLlama.build/swift-overrides.hmap -emit-const-values -Xfrontend -const-gather-protocols-file -Xfrontend /Users/runner/work/red-pen-ios/red-pen-ios/ios/build/Build/Intermediates.noindex/LocalLLMClient.build/Debug-iphonesimulator/LocalLLMClientLlama.build/Objects-normal/arm64/LocalLLMClientLlama_const_extract_protocols.json -Xcc -I/Users/runner/work/red-pen-ios/red-pen-ios/ios/build/SourcePackages/checkouts/LocalLLMClient/Sources/LocalLLMClientLlamaC/include -Xcc -I/Users/runner/work/red-pen-ios/red-pen-ios/ios/build/Build/Products/Debug-iphonesimulator/include -Xcc -I/Users/runner/work/red-pen-ios/red-pen-ios/ios/build/Build/Intermediates.noindex/LocalLLMClient.build/Debug-iphonesimulator/LocalLLMClientLlama.build/DerivedSources-normal/arm64 -Xcc -I/Users/runner/work/red-pen-ios/red-pen-ios/ios/build/Build/Intermediates.noindex/LocalLLMClient.build/Debug-iphonesimulator/LocalLLMClientLlama.build/DerivedSources/arm64 -Xcc -I/Users/runner/work/red-pen-ios/red-pen-ios/ios/build/Build/Intermediates.noindex/LocalLLMClient.build/Debug-iphonesimulator/LocalLLMClientLlama.build/DerivedSources -Xcc -DSWIFT_PACKAGE -Xcc -DDEBUG\=1 -emit-objc-header -emit-objc-header-path /Users/runner/work/red-pen-ios/red-pen-ios/ios/build/Build/Intermediates.noindex/LocalLLMClient.build/Debug-iphonesimulator/LocalLLMClientLlama.build/Objects-normal/arm64/LocalLLMClientLlama-Swift.h -working-directory /Users/runner/work/red-pen-ios/red-pen-ios/ios/RedPen.xcodeproj -experimental-emit-module-separately -disable-cmo

SwiftEmitModule normal arm64 Emitting\ module\ for\ LocalLLMClientLlama (in target 'LocalLLMClientLlama' from project 'LocalLLMClient')
EmitSwiftModule normal arm64 (in target 'LocalLLMClientLlama' from project 'LocalLLMClient')
    cd /Users/runner/work/red-pen-ios/red-pen-ios/ios/RedPen.xcodeproj
    

SwiftCompile normal arm64 Compiling\ Logger.swift,\ ChatTemplateRenderer.swift,\ LlamaSpecificDecoder.swift,\ MessageChunk.swift,\ MessageProcessor.swift,\ MessageTransformer.swift,\ MultimodalChunkExtractor.swift,\ ToolInstructionProcessor.swift /Users/runner/work/red-pen-ios/red-pen-ios/ios/build/SourcePackages/checkouts/LocalLLMClient/Sources/LocalLLMClientLlama/Logger.swift /Users/runner/work/red-pen-ios/red-pen-ios/ios/build/SourcePackages/checkouts/LocalLLMClient/Sources/LocalLLMClientLlama/MessageProcessing/ChatTemplateRenderer.swift /Users/runner/work/red-pen-ios/red-pen-ios/ios/build/SourcePackages/checkouts/LocalLLMClient/Sources/LocalLLMClientLlama/MessageProcessing/LlamaSpecificDecoder.swift /Users/runner/work/red-pen-ios/red-pen-ios/ios/build/SourcePackages/checkouts/LocalLLMClient/Sources/LocalLLMClientLlama/MessageProcessing/MessageChunk.swift /Users/runner/work/red-pen-ios/red-pen-ios/ios/build/SourcePackages/checkouts/LocalLLMClient/Sources/LocalLLMClientLlama/MessageProcessing/MessageProcessor.swift /Users/runner/work/red-pen-ios/red-pen-ios/ios/build/SourcePackages/checkouts/LocalLLMClient/Sources/LocalLLMClientLlama/MessageProcessing/MessageTransformer.swift /Users/runner/work/red-pen-ios/red-pen-ios/ios/build/SourcePackages/checkouts/LocalLLMClient/Sources/LocalLLMClientLlama/MessageProcessing/MultimodalChunkExtractor.swift /Users/runner/work/red-pen-ios/red-pen-ios/ios/build/SourcePackages/checkouts/LocalLLMClient/Sources/LocalLLMClientLlama/MessageProcessing/ToolInstructionProcessor.swift (in target 'LocalLLMClientLlama' from project 'LocalLLMClient')
SwiftCompile normal arm64 /Users/runner/work/red-pen-ios/red-pen-ios/ios/build/SourcePackages/checkouts/LocalLLMClient/Sources/LocalLLMClientLlama/Logger.swift (in target 'LocalLLMClientLlama' from project 'LocalLLMClient')
    cd /Users/runner/work/red-pen-ios/red-pen-ios/ios/RedPen.xcodeproj
    

SwiftCompile normal arm64 /Users/runner/work/red-pen-ios/red-pen-ios/ios/build/SourcePackages/checkouts/LocalLLMClient/Sources/LocalLLMClientLlama/MessageProcessing/ChatTemplateRenderer.swift (in target 'LocalLLMClientLlama' from project 'LocalLLMClient')
    cd /Users/runner/work/red-pen-ios/red-pen-ios/ios/RedPen.xcodeproj
    

SwiftCompile normal arm64 /Users/runner/work/red-pen-ios/red-pen-ios/ios/build/SourcePackages/checkouts/LocalLLMClient/Sources/LocalLLMClientLlama/MessageProcessing/LlamaSpecificDecoder.swift (in target 'LocalLLMClientLlama' from project 'LocalLLMClient')
    cd /Users/runner/work/red-pen-ios/red-pen-ios/ios/RedPen.xcodeproj
    

SwiftCompile normal arm64 /Users/runner/work/red-pen-ios/red-pen-ios/ios/build/SourcePackages/checkouts/LocalLLMClient/Sources/LocalLLMClientLlama/MessageProcessing/MessageChunk.swift (in target 'LocalLLMClientLlama' from project 'LocalLLMClient')
    cd /Users/runner/work/red-pen-ios/red-pen-ios/ios/RedPen.xcodeproj
    

SwiftCompile normal arm64 /Users/runner/work/red-pen-ios/red-pen-ios/ios/build/SourcePackages/checkouts/LocalLLMClient/Sources/LocalLLMClientLlama/MessageProcessing/MessageProcessor.swift (in target 'LocalLLMClientLlama' from project 'LocalLLMClient')
    cd /Users/runner/work/red-pen-ios/red-pen-ios/ios/RedPen.xcodeproj
    

SwiftCompile normal arm64 /Users/runner/work/red-pen-ios/red-pen-ios/ios/build/SourcePackages/checkouts/LocalLLMClient/Sources/LocalLLMClientLlama/MessageProcessing/MessageTransformer.swift (in target 'LocalLLMClientLlama' from project 'LocalLLMClient')
    cd /Users/runner/work/red-pen-ios/red-pen-ios/ios/RedPen.xcodeproj
    

SwiftCompile normal arm64 /Users/runner/work/red-pen-ios/red-pen-ios/ios/build/SourcePackages/checkouts/LocalLLMClient/Sources/LocalLLMClientLlama/MessageProcessing/MultimodalChunkExtractor.swift (in target 'LocalLLMClientLlama' from project 'LocalLLMClient')
    cd /Users/runner/work/red-pen-ios/red-pen-ios/ios/RedPen.xcodeproj
    

SwiftCompile normal arm64 /Users/runner/work/red-pen-ios/red-pen-ios/ios/build/SourcePackages/checkouts/LocalLLMClient/Sources/LocalLLMClientLlama/MessageProcessing/ToolInstructionProcessor.swift (in target 'LocalLLMClientLlama' from project 'LocalLLMClient')
    cd /Users/runner/work/red-pen-ios/red-pen-ios/ios/RedPen.xcodeproj
    

SwiftCompile normal arm64 Compiling\ Model.swift,\ Multimodal.swift,\ Parameter.swift,\ Sampler.swift,\ Token.swift,\ ToolExecution.swift,\ Utility.swift,\ stb_image.swift /Users/runner/work/red-pen-ios/red-pen-ios/ios/build/SourcePackages/checkouts/LocalLLMClient/Sources/LocalLLMClientLlama/Model.swift /Users/runner/work/red-pen-ios/red-pen-ios/ios/build/SourcePackages/checkouts/LocalLLMClient/Sources/LocalLLMClientLlama/Multimodal.swift /Users/runner/work/red-pen-ios/red-pen-ios/ios/build/SourcePackages/checkouts/LocalLLMClient/Sources/LocalLLMClientLlama/Parameter.swift /Users/runner/work/red-pen-ios/red-pen-ios/ios/build/SourcePackages/checkouts/LocalLLMClient/Sources/LocalLLMClientLlama/Sampler.swift /Users/runner/work/red-pen-ios/red-pen-ios/ios/build/SourcePackages/checkouts/LocalLLMClient/Sources/LocalLLMClientLlama/Token.swift /Users/runner/work/red-pen-ios/red-pen-ios/ios/build/SourcePackages/checkouts/LocalLLMClient/Sources/LocalLLMClientLlama/ToolExecution.swift /Users/runner/work/red-pen-ios/red-pen-ios/ios/build/SourcePackages/checkouts/LocalLLMClient/Sources/LocalLLMClientLlama/Utility.swift /Users/runner/work/red-pen-ios/red-pen-ios/ios/build/SourcePackages/checkouts/LocalLLMClient/Sources/LocalLLMClientLlama/stb_image.swift (in target 'LocalLLMClientLlama' from project 'LocalLLMClient')
SwiftCompile normal arm64 /Users/runner/work/red-pen-ios/red-pen-ios/ios/build/SourcePackages/checkouts/LocalLLMClient/Sources/LocalLLMClientLlama/Model.swift (in target 'LocalLLMClientLlama' from project 'LocalLLMClient')
    cd /Users/runner/work/red-pen-ios/red-pen-ios/ios/RedPen.xcodeproj
    

SwiftCompile normal arm64 /Users/runner/work/red-pen-ios/red-pen-ios/ios/build/SourcePackages/checkouts/LocalLLMClient/Sources/LocalLLMClientLlama/Multimodal.swift (in target 'LocalLLMClientLlama' from project 'LocalLLMClient')
    cd /Users/runner/work/red-pen-ios/red-pen-ios/ios/RedPen.xcodeproj
    

SwiftCompile normal arm64 /Users/runner/work/red-pen-ios/red-pen-ios/ios/build/SourcePackages/checkouts/LocalLLMClient/Sources/LocalLLMClientLlama/Parameter.swift (in target 'LocalLLMClientLlama' from project 'LocalLLMClient')
    cd /Users/runner/work/red-pen-ios/red-pen-ios/ios/RedPen.xcodeproj
    

SwiftCompile normal arm64 /Users/runner/work/red-pen-ios/red-pen-ios/ios/build/SourcePackages/checkouts/LocalLLMClient/Sources/LocalLLMClientLlama/Sampler.swift (in target 'LocalLLMClientLlama' from project 'LocalLLMClient')
    cd /Users/runner/work/red-pen-ios/red-pen-ios/ios/RedPen.xcodeproj
    

SwiftCompile normal arm64 /Users/runner/work/red-pen-ios/red-pen-ios/ios/build/SourcePackages/checkouts/LocalLLMClient/Sources/LocalLLMClientLlama/Token.swift (in target 'LocalLLMClientLlama' from project 'LocalLLMClient')
    cd /Users/runner/work/red-pen-ios/red-pen-ios/ios/RedPen.xcodeproj
    

SwiftCompile normal arm64 /Users/runner/work/red-pen-ios/red-pen-ios/ios/build/SourcePackages/checkouts/LocalLLMClient/Sources/LocalLLMClientLlama/ToolExecution.swift (in target 'LocalLLMClientLlama' from project 'LocalLLMClient')
    cd /Users/runner/work/red-pen-ios/red-pen-ios/ios/RedPen.xcodeproj
    

SwiftCompile normal arm64 /Users/runner/work/red-pen-ios/red-pen-ios/ios/build/SourcePackages/checkouts/LocalLLMClient/Sources/LocalLLMClientLlama/Utility.swift (in target 'LocalLLMClientLlama' from project 'LocalLLMClient')
    cd /Users/runner/work/red-pen-ios/red-pen-ios/ios/RedPen.xcodeproj
    

SwiftCompile normal arm64 /Users/runner/work/red-pen-ios/red-pen-ios/ios/build/SourcePackages/checkouts/LocalLLMClient/Sources/LocalLLMClientLlama/stb_image.swift (in target 'LocalLLMClientLlama' from project 'LocalLLMClient')
    cd /Users/runner/work/red-pen-ios/red-pen-ios/ios/RedPen.xcodeproj
    

SwiftDriverJobDiscovery normal arm64 Compiling AnyLLMClient.swift, Async+.swift, LLMClient.swift, LLMError.swift, LLMInput.swift, LLMSession.swift, PauseHandler.swift (in target 'LocalLLMClientCore' from project 'LocalLLMClient')

SwiftCompile normal arm64 Compiling\ resource_bundle_accessor.swift,\ Batch.swift,\ Context.swift,\ Decoder.swift,\ Generator.swift,\ LLMSession+Llama.swift,\ LlamaClient.swift,\ LlamaToolCallParser.swift /Users/runner/work/red-pen-ios/red-pen-ios/ios/build/Build/Intermediates.noindex/LocalLLMClient.build/Debug-iphonesimulator/LocalLLMClientLlama.build/DerivedSources/resource_bundle_accessor.swift /Users/runner/work/red-pen-ios/red-pen-ios/ios/build/SourcePackages/checkouts/LocalLLMClient/Sources/LocalLLMClientLlama/Batch.swift /Users/runner/work/red-pen-ios/red-pen-ios/ios/build/SourcePackages/checkouts/LocalLLMClient/Sources/LocalLLMClientLlama/Context.swift /Users/runner/work/red-pen-ios/red-pen-ios/ios/build/SourcePackages/checkouts/LocalLLMClient/Sources/LocalLLMClientLlama/Decoder.swift /Users/runner/work/red-pen-ios/red-pen-ios/ios/build/SourcePackages/checkouts/LocalLLMClient/Sources/LocalLLMClientLlama/Generator.swift /Users/runner/work/red-pen-ios/red-pen-ios/ios/build/SourcePackages/checkouts/LocalLLMClient/Sources/LocalLLMClientLlama/LLMSession+Llama.swift /Users/runner/work/red-pen-ios/red-pen-ios/ios/build/SourcePackages/checkouts/LocalLLMClient/Sources/LocalLLMClientLlama/LlamaClient.swift /Users/runner/work/red-pen-ios/red-pen-ios/ios/build/SourcePackages/checkouts/LocalLLMClient/Sources/LocalLLMClientLlama/LlamaToolCallParser.swift (in target 'LocalLLMClientLlama' from project 'LocalLLMClient')

SwiftCompile normal arm64 /Users/runner/work/red-pen-ios/red-pen-ios/ios/build/Build/Intermediates.noindex/LocalLLMClient.build/Debug-iphonesimulator/LocalLLMClientLlama.build/DerivedSources/resource_bundle_accessor.swift (in target 'LocalLLMClientLlama' from project 'LocalLLMClient')
    cd /Users/runner/work/red-pen-ios/red-pen-ios/ios/RedPen.xcodeproj
    

SwiftCompile normal arm64 /Users/runner/work/red-pen-ios/red-pen-ios/ios/build/SourcePackages/checkouts/LocalLLMClient/Sources/LocalLLMClientLlama/Batch.swift (in target 'LocalLLMClientLlama' from project 'LocalLLMClient')
    cd /Users/runner/work/red-pen-ios/red-pen-ios/ios/RedPen.xcodeproj
    

SwiftCompile normal arm64 /Users/runner/work/red-pen-ios/red-pen-ios/ios/build/SourcePackages/checkouts/LocalLLMClient/Sources/LocalLLMClientLlama/Context.swift (in target 'LocalLLMClientLlama' from project 'LocalLLMClient')
    cd /Users/runner/work/red-pen-ios/red-pen-ios/ios/RedPen.xcodeproj
    

SwiftCompile normal arm64 /Users/runner/work/red-pen-ios/red-pen-ios/ios/build/SourcePackages/checkouts/LocalLLMClient/Sources/LocalLLMClientLlama/Decoder.swift (in target 'LocalLLMClientLlama' from project 'LocalLLMClient')
    cd /Users/runner/work/red-pen-ios/red-pen-ios/ios/RedPen.xcodeproj
    

SwiftCompile normal arm64 /Users/runner/work/red-pen-ios/red-pen-ios/ios/build/SourcePackages/checkouts/LocalLLMClient/Sources/LocalLLMClientLlama/Generator.swift (in target 'LocalLLMClientLlama' from project 'LocalLLMClient')
    cd /Users/runner/work/red-pen-ios/red-pen-ios/ios/RedPen.xcodeproj
    

SwiftCompile normal arm64 /Users/runner/work/red-pen-ios/red-pen-ios/ios/build/SourcePackages/checkouts/LocalLLMClient/Sources/LocalLLMClientLlama/LLMSession+Llama.swift (in target 'LocalLLMClientLlama' from project 'LocalLLMClient')
    cd /Users/runner/work/red-pen-ios/red-pen-ios/ios/RedPen.xcodeproj
    

SwiftCompile normal arm64 /Users/runner/work/red-pen-ios/red-pen-ios/ios/build/SourcePackages/checkouts/LocalLLMClient/Sources/LocalLLMClientLlama/LlamaClient.swift (in target 'LocalLLMClientLlama' from project 'LocalLLMClient')
    cd /Users/runner/work/red-pen-ios/red-pen-ios/ios/RedPen.xcodeproj
    

SwiftCompile normal arm64 /Users/runner/work/red-pen-ios/red-pen-ios/ios/build/SourcePackages/checkouts/LocalLLMClient/Sources/LocalLLMClientLlama/LlamaToolCallParser.swift (in target 'LocalLLMClientLlama' from project 'LocalLLMClient')
    cd /Users/runner/work/red-pen-ios/red-pen-ios/ios/RedPen.xcodeproj
    

SwiftDriverJobDiscovery normal arm64 Emitting module for LocalLLMClientLlama (in target 'LocalLLMClientLlama' from project 'LocalLLMClient')

SwiftDriver\ Compilation\ Requirements LocalLLMClientLlama normal arm64 com.apple.xcode.tools.swift.compiler (in target 'LocalLLMClientLlama' from project 'LocalLLMClient')
    cd /Users/runner/work/red-pen-ios/red-pen-ios/ios/RedPen.xcodeproj
    builtin-Swift-Compilation-Requirements -- /Applications/Xcode_26.6.app/Contents/Developer/Toolchains/XcodeDefault.xctoolchain/usr/bin/swiftc -module-name LocalLLMClientLlama -Onone @/Users/runner/work/red-pen-ios/red-pen-ios/ios/build/Build/Intermediates.noindex/LocalLLMClient.build/Debug-iphonesimulator/LocalLLMClientLlama.build/Objects-normal/arm64/LocalLLMClientLlama.SwiftFileList -DSWIFT_PACKAGE -DDEBUG -DSWIFT_MODULE_RESOURCE_BUNDLE_AVAILABLE -DXcode -cxx-interoperability-mode\=default -Xcc -std\=c++17 -plugin-path /Applications/Xcode_26.6.app/Contents/Developer/Toolchains/XcodeDefault.xctoolchain/usr/lib/swift/host/plugins/testing -enable-experimental-feature DebugDescriptionMacro -sdk /Applications/Xcode_26.6.app/Contents/Developer/Platforms/iPhoneSimulator.platform/Developer/SDKs/iPhoneSimulator26.5.sdk -target arm64-apple-ios17.0-simulator -g -module-cache-path /Users/runner/work/red-pen-ios/red-pen-ios/ios/build/ModuleCache.noindex -Xfrontend -serialize-debugging-options -enable-testing -suppress-warnings -index-store-path /Users/runner/work/red-pen-ios/red-pen-ios/ios/build/Index.noindex/DataStore -Xcc -D_LIBCPP_HARDENING_MODE\=_LIBCPP_HARDENING_MODE_DEBUG -swift-version 6 -I /Users/runner/work/red-pen-ios/red-pen-ios/ios/build/Build/Products/Debug-iphonesimulator -Isystem /Applications/Xcode_26.6.app/Contents/Developer/Platforms/iPhoneSimulator.platform/Developer/usr/lib -F /Users/runner/work/red-pen-ios/red-pen-ios/ios/build/Build/Products/Debug-iphonesimulator/PackageFrameworks -F /Users/runner/work/red-pen-ios/red-pen-ios/ios/build/Build/Products/Debug-iphonesimulator/PackageFrameworks -F /Users/runner/work/red-pen-ios/red-pen-ios/ios/build/Build/Products/Debug-iphonesimulator/PackageFrameworks -F /Users/runner/work/red-pen-ios/red-pen-ios/ios/build/Build/Products/Debug-iphonesimulator/PackageFrameworks -F /Users/runner/work/red-pen-ios/red-pen-ios/ios/build/Build/Products/Debug-iphonesimulator/PackageFrameworks -F /Users/runner/work/red-pen-ios/red-pen-ios/ios/build/Build/Products/Debug-iphonesimulator/PackageFrameworks -F /Users/runner/work/red-pen-ios/red-pen-ios/ios/build/Build/Products/Debug-iphonesimulator -F /Applications/Xcode_26.6.app/Contents/Developer/Platforms/iPhoneSimulator.platform/Developer/Library/Frameworks -F /Applications/Xcode_26.6.app/Contents/Developer/Platforms/iPhoneSimulator.platform/Developer/SDKs/iPhoneSimulator26.5.sdk/Developer/Library/Frameworks -c -j3 -enable-batch-mode -incremental -Xcc -ivfsstatcache -Xcc /Users/runner/work/red-pen-ios/red-pen-ios/ios/build/SDKStatCaches.noindex/iphonesimulator26.5-23F81a-688ef53f1462e2c8f657fdc38a81448ff45c64a1807a658693f2a61704f17a36.sdkstatcache -output-file-map /Users/runner/work/red-pen-ios/red-pen-ios/ios/build/Build/Intermediates.noindex/LocalLLMClient.build/Debug-iphonesimulator/LocalLLMClientLlama.build/Objects-normal/arm64/LocalLLMClientLlama-OutputFileMap.json -use-frontend-parseable-output -save-temps -no-color-diagnostics -serialize-diagnostics -emit-dependencies -emit-module -emit-module-path /Users/runner/work/red-pen-ios/red-pen-ios/ios/build/Build/Intermediates.noindex/LocalLLMClient.build/Debug-iphonesimulator/LocalLLMClientLlama.build/Objects-normal/arm64/LocalLLMClientLlama.swiftmodule -validate-clang-modules-once -clang-build-session-file /Users/runner/work/red-pen-ios/red-pen-ios/ios/build/ModuleCache.noindex/Session.modulevalidation -package-name localllmclient -Xcc -I/Users/runner/work/red-pen-ios/red-pen-ios/ios/build/Build/Intermediates.noindex/LocalLLMClient.build/Debug-iphonesimulator/LocalLLMClientLlama.build/swift-overrides.hmap -emit-const-values -Xfrontend -const-gather-protocols-file -Xfrontend /Users/runner/work/red-pen-ios/red-pen-ios/ios/build/Build/Intermediates.noindex/LocalLLMClient.build/Debug-iphonesimulator/LocalLLMClientLlama.build/Objects-normal/arm64/LocalLLMClientLlama_const_extract_protocols.json -Xcc -I/Users/runner/work/red-pen-ios/red-pen-ios/ios/build/SourcePackages/checkouts/LocalLLMClient/Sources/LocalLLMClientLlamaC/include -Xcc -I/Users/runner/work/red-pen-ios/red-pen-ios/ios/build/Build/Products/Debug-iphonesimulator/include -Xcc -I/Users/runner/work/red-pen-ios/red-pen-ios/ios/build/Build/Intermediates.noindex/LocalLLMClient.build/Debug-iphonesimulator/LocalLLMClientLlama.build/DerivedSources-normal/arm64 -Xcc -I/Users/runner/work/red-pen-ios/red-pen-ios/ios/build/Build/Intermediates.noindex/LocalLLMClient.build/Debug-iphonesimulator/LocalLLMClientLlama.build/DerivedSources/arm64 -Xcc -I/Users/runner/work/red-pen-ios/red-pen-ios/ios/build/Build/Intermediates.noindex/LocalLLMClient.build/Debug-iphonesimulator/LocalLLMClientLlama.build/DerivedSources -Xcc -DSWIFT_PACKAGE -Xcc -DDEBUG\=1 -emit-objc-header -emit-objc-header-path /Users/runner/work/red-pen-ios/red-pen-ios/ios/build/Build/Intermediates.noindex/LocalLLMClient.build/Debug-iphonesimulator/LocalLLMClientLlama.build/Objects-normal/arm64/LocalLLMClientLlama-Swift.h -working-directory /Users/runner/work/red-pen-ios/red-pen-ios/ios/RedPen.xcodeproj -experimental-emit-module-separately -disable-cmo

SwiftDriverJobDiscovery normal arm64 Compiling Logger.swift, ChatTemplateRenderer.swift, LlamaSpecificDecoder.swift, MessageChunk.swift, MessageProcessor.swift, MessageTransformer.swift, MultimodalChunkExtractor.swift, ToolInstructionProcessor.swift (in target 'LocalLLMClientLlama' from project 'LocalLLMClient')

SwiftDriver\ Compilation LocalLLMClientCore normal arm64 com.apple.xcode.tools.swift.compiler (in target 'LocalLLMClientCore' from project 'LocalLLMClient')
    cd /Users/runner/work/red-pen-ios/red-pen-ios/ios/RedPen.xcodeproj
    builtin-Swift-Compilation -- /Applications/Xcode_26.6.app/Contents/Developer/Toolchains/XcodeDefault.xctoolchain/usr/bin/swiftc -module-name LocalLLMClientCore -Onone @/Users/runner/work/red-pen-ios/red-pen-ios/ios/build/Build/Intermediates.noindex/LocalLLMClient.build/Debug-iphonesimulator/LocalLLMClientCore.build/Objects-normal/arm64/LocalLLMClientCore.SwiftFileList -DSWIFT_PACKAGE -DDEBUG -DSWIFT_MODULE_RESOURCE_BUNDLE_UNAVAILABLE -DXcode -plugin-path /Applications/Xcode_26.6.app/Contents/Developer/Toolchains/XcodeDefault.xctoolchain/usr/lib/swift/host/plugins/testing -enable-experimental-feature DebugDescriptionMacro -sdk /Applications/Xcode_26.6.app/Contents/Developer/Platforms/iPhoneSimulator.platform/Developer/SDKs/iPhoneSimulator26.5.sdk -target arm64-apple-ios17.0-simulator -g -module-cache-path /Users/runner/work/red-pen-ios/red-pen-ios/ios/build/ModuleCache.noindex -Xfrontend -serialize-debugging-options -enable-testing -suppress-warnings -index-store-path /Users/runner/work/red-pen-ios/red-pen-ios/ios/build/Index.noindex/DataStore -Xcc -D_LIBCPP_HARDENING_MODE\=_LIBCPP_HARDENING_MODE_DEBUG -swift-version 6 -I /Users/runner/work/red-pen-ios/red-pen-ios/ios/build/Build/Products/Debug-iphonesimulator -Isystem /Applications/Xcode_26.6.app/Contents/Developer/Platforms/iPhoneSimulator.platform/Developer/usr/lib -F /Users/runner/work/red-pen-ios/red-pen-ios/ios/build/Build/Products/Debug-iphonesimulator/PackageFrameworks -F /Users/runner/work/red-pen-ios/red-pen-ios/ios/build/Build/Products/Debug-iphonesimulator/PackageFrameworks -F /Users/runner/work/red-pen-ios/red-pen-ios/ios/build/Build/Products/Debug-iphonesimulator/PackageFrameworks -F /Users/runner/work/red-pen-ios/red-pen-ios/ios/build/Build/Products/Debug-iphonesimulator/PackageFrameworks -F /Users/runner/work/red-pen-ios/red-pen-ios/ios/build/Build/Products/Debug-iphonesimulator -F /Applications/Xcode_26.6.app/Contents/Developer/Platforms/iPhoneSimulator.platform/Developer/Library/Frameworks -F /Applications/Xcode_26.6.app/Contents/Developer/Platforms/iPhoneSimulator.platform/Developer/SDKs/iPhoneSimulator26.5.sdk/Developer/Library/Frameworks -c -j3 -enable-batch-mode -incremental -Xcc -ivfsstatcache -Xcc /Users/runner/work/red-pen-ios/red-pen-ios/ios/build/SDKStatCaches.noindex/iphonesimulator26.5-23F81a-688ef53f1462e2c8f657fdc38a81448ff45c64a1807a658693f2a61704f17a36.sdkstatcache -output-file-map /Users/runner/work/red-pen-ios/red-pen-ios/ios/build/Build/Intermediates.noindex/LocalLLMClient.build/Debug-iphonesimulator/LocalLLMClientCore.build/Objects-normal/arm64/LocalLLMClientCore-OutputFileMap.json -use-frontend-parseable-output -save-temps -no-color-diagnostics -serialize-diagnostics -emit-dependencies -emit-module -emit-module-path /Users/runner/work/red-pen-ios/red-pen-ios/ios/build/Build/Intermediates.noindex/LocalLLMClient.build/Debug-iphonesimulator/LocalLLMClientCore.build/Objects-normal/arm64/LocalLLMClientCore.swiftmodule -validate-clang-modules-once -clang-build-session-file /Users/runner/work/red-pen-ios/red-pen-ios/ios/build/ModuleCache.noindex/Session.modulevalidation -package-name localllmclient -Xcc -I/Users/runner/work/red-pen-ios/red-pen-ios/ios/build/Build/Intermediates.noindex/LocalLLMClient.build/Debug-iphonesimulator/LocalLLMClientCore.build/swift-overrides.hmap -emit-const-values -Xfrontend -const-gather-protocols-file -Xfrontend /Users/runner/work/red-pen-ios/red-pen-ios/ios/build/Build/Intermediates.noindex/LocalLLMClient.build/Debug-iphonesimulator/LocalLLMClientCore.build/Objects-normal/arm64/LocalLLMClientCore_const_extract_protocols.json -Xcc -I/Users/runner/work/red-pen-ios/red-pen-ios/ios/build/Build/Products/Debug-iphonesimulator/include -Xcc -I/Users/runner/work/red-pen-ios/red-pen-ios/ios/build/Build/Intermediates.noindex/LocalLLMClient.build/Debug-iphonesimulator/LocalLLMClientCore.build/DerivedSources-normal/arm64 -Xcc -I/Users/runner/work/red-pen-ios/red-pen-ios/ios/build/Build/Intermediates.noindex/LocalLLMClient.build/Debug-iphonesimulator/LocalLLMClientCore.build/DerivedSources/arm64 -Xcc -I/Users/runner/work/red-pen-ios/red-pen-ios/ios/build/Build/Intermediates.noindex/LocalLLMClient.build/Debug-iphonesimulator/LocalLLMClientCore.build/DerivedSources -Xcc -DSWIFT_PACKAGE -Xcc -DDEBUG\=1 -emit-objc-header -emit-objc-header-path /Users/runner/work/red-pen-ios/red-pen-ios/ios/build/Build/Intermediates.noindex/LocalLLMClient.build/Debug-iphonesimulator/LocalLLMClientCore.build/Objects-normal/arm64/LocalLLMClientCore-Swift.h -working-directory /Users/runner/work/red-pen-ios/red-pen-ios/ios/RedPen.xcodeproj -experimental-emit-module-separately -disable-cmo

SwiftMergeGeneratedHeaders /Users/runner/work/red-pen-ios/red-pen-ios/ios/build/Build/Intermediates.noindex/GeneratedModuleMaps-iphonesimulator/LocalLLMClientLlama-Swift.h /Users/runner/work/red-pen-ios/red-pen-ios/ios/build/Build/Intermediates.noindex/LocalLLMClient.build/Debug-iphonesimulator/LocalLLMClientLlama.build/Objects-normal/arm64/LocalLLMClientLlama-Swift.h (in target 'LocalLLMClientLlama' from project 'LocalLLMClient')
    cd /Users/runner/work/red-pen-ios/red-pen-ios/ios/build/SourcePackages/checkouts/LocalLLMClient
    builtin-swiftHeaderTool -arch arm64 /Users/runner/work/red-pen-ios/red-pen-ios/ios/build/Build/Intermediates.noindex/LocalLLMClient.build/Debug-iphonesimulator/LocalLLMClientLlama.build/Objects-normal/arm64/LocalLLMClientLlama-Swift.h -o /Users/runner/work/red-pen-ios/red-pen-ios/ios/build/Build/Intermediates.noindex/GeneratedModuleMaps-iphonesimulator/LocalLLMClientLlama-Swift.h

Copy /Users/runner/work/red-pen-ios/red-pen-ios/ios/build/Build/Products/Debug-iphonesimulator/LocalLLMClientLlama.swiftmodule/arm64-apple-ios-simulator.swiftmodule /Users/runner/work/red-pen-ios/red-pen-ios/ios/build/Build/Intermediates.noindex/LocalLLMClient.build/Debug-iphonesimulator/LocalLLMClientLlama.build/Objects-normal/arm64/LocalLLMClientLlama.swiftmodule (in target 'LocalLLMClientLlama' from project 'LocalLLMClient')
    cd /Users/runner/work/red-pen-ios/red-pen-ios/ios/build/SourcePackages/checkouts/LocalLLMClient
    builtin-copy -exclude .DS_Store -exclude CVS -exclude .svn -exclude .git -exclude .hg -resolve-src-symlinks -rename /Users/runner/work/red-pen-ios/red-pen-ios/ios/build/Build/Intermediates.noindex/LocalLLMClient.build/Debug-iphonesimulator/LocalLLMClientLlama.build/Objects-normal/arm64/LocalLLMClientLlama.swiftmodule /Users/runner/work/red-pen-ios/red-pen-ios/ios/build/Build/Products/Debug-iphonesimulator/LocalLLMClientLlama.swiftmodule/arm64-apple-ios-simulator.swiftmodule

Copy /Users/runner/work/red-pen-ios/red-pen-ios/ios/build/Build/Products/Debug-iphonesimulator/LocalLLMClientLlama.swiftmodule/arm64-apple-ios-simulator.swiftdoc /Users/runner/work/red-pen-ios/red-pen-ios/ios/build/Build/Intermediates.noindex/LocalLLMClient.build/Debug-iphonesimulator/LocalLLMClientLlama.build/Objects-normal/arm64/LocalLLMClientLlama.swiftdoc (in target 'LocalLLMClientLlama' from project 'LocalLLMClient')
    cd /Users/runner/work/red-pen-ios/red-pen-ios/ios/build/SourcePackages/checkouts/LocalLLMClient
    builtin-copy -exclude .DS_Store -exclude CVS -exclude .svn -exclude .git -exclude .hg -resolve-src-symlinks -rename /Users/runner/work/red-pen-ios/red-pen-ios/ios/build/Build/Intermediates.noindex/LocalLLMClient.build/Debug-iphonesimulator/LocalLLMClientLlama.build/Objects-normal/arm64/LocalLLMClientLlama.swiftdoc /Users/runner/work/red-pen-ios/red-pen-ios/ios/build/Build/Products/Debug-iphonesimulator/LocalLLMClientLlama.swiftmodule/arm64-apple-ios-simulator.swiftdoc

Copy /Users/runner/work/red-pen-ios/red-pen-ios/ios/build/Build/Products/Debug-iphonesimulator/LocalLLMClientLlama.swiftmodule/arm64-apple-ios-simulator.abi.json /Users/runner/work/red-pen-ios/red-pen-ios/ios/build/Build/Intermediates.noindex/LocalLLMClient.build/Debug-iphonesimulator/LocalLLMClientLlama.build/Objects-normal/arm64/LocalLLMClientLlama.abi.json (in target 'LocalLLMClientLlama' from project 'LocalLLMClient')
    cd /Users/runner/work/red-pen-ios/red-pen-ios/ios/build/SourcePackages/checkouts/LocalLLMClient
    builtin-copy -exclude .DS_Store -exclude CVS -exclude .svn -exclude .git -exclude .hg -resolve-src-symlinks -rename /Users/runner/work/red-pen-ios/red-pen-ios/ios/build/Build/Intermediates.noindex/LocalLLMClient.build/Debug-iphonesimulator/LocalLLMClientLlama.build/Objects-normal/arm64/LocalLLMClientLlama.abi.json /Users/runner/work/red-pen-ios/red-pen-ios/ios/build/Build/Products/Debug-iphonesimulator/LocalLLMClientLlama.swiftmodule/arm64-apple-ios-simulator.abi.json

Copy /Users/runner/work/red-pen-ios/red-pen-ios/ios/build/Build/Products/Debug-iphonesimulator/LocalLLMClientLlama.swiftmodule/Project/arm64-apple-ios-simulator.swiftsourceinfo /Users/runner/work/red-pen-ios/red-pen-ios/ios/build/Build/Intermediates.noindex/LocalLLMClient.build/Debug-iphonesimulator/LocalLLMClientLlama.build/Objects-normal/arm64/LocalLLMClientLlama.swiftsourceinfo (in target 'LocalLLMClientLlama' from project 'LocalLLMClient')
    cd /Users/runner/work/red-pen-ios/red-pen-ios/ios/build/SourcePackages/checkouts/LocalLLMClient
    builtin-copy -exclude .DS_Store -exclude CVS -exclude .svn -exclude .git -exclude .hg -resolve-src-symlinks -rename /Users/runner/work/red-pen-ios/red-pen-ios/ios/build/Build/Intermediates.noindex/LocalLLMClient.build/Debug-iphonesimulator/LocalLLMClientLlama.build/Objects-normal/arm64/LocalLLMClientLlama.swiftsourceinfo /Users/runner/work/red-pen-ios/red-pen-ios/ios/build/Build/Products/Debug-iphonesimulator/LocalLLMClientLlama.swiftmodule/Project/arm64-apple-ios-simulator.swiftsourceinfo

ExtractAppIntentsMetadata (in target 'Jinja' from project 'Jinja')
    cd /Users/runner/work/red-pen-ios/red-pen-ios/ios/build/SourcePackages/checkouts/swift-jinja
    /Applications/Xcode_26.6.app/Contents/Developer/Toolchains/XcodeDefault.xctoolchain/usr/bin/appintentsmetadataprocessor --toolchain-dir /var/run/com.apple.security.cryptexd/mnt/com.apple.MobileAsset.MetalToolchain-v17.6.109.0.6Ukyi4/Metal.xctoolchain --module-name Jinja --sdk-root /Applications/Xcode_26.6.app/Contents/Developer/Platforms/iPhoneSimulator.platform/Developer/SDKs/iPhoneSimulator26.5.sdk --xcode-version 17F113 --platform-family iOS --deployment-target 16.0 --bundle-identifier swift-jinja.Jinja --output /Users/runner/work/red-pen-ios/red-pen-ios/ios/build/Build/Products/Debug-iphonesimulator/Jinja.appintents --target-triple arm64-apple-ios16.0-simulator --binary-file /Users/runner/work/red-pen-ios/red-pen-ios/ios/build/Build/Products/Debug-iphonesimulator/Jinja.o --dependency-file /Users/runner/work/red-pen-ios/red-pen-ios/ios/build/Build/Intermediates.noindex/Jinja.build/Debug-iphonesimulator/Jinja.build/Objects-normal/arm64/Jinja_dependency_info.dat --stringsdata-file /Users/runner/work/red-pen-ios/red-pen-ios/ios/build/Build/Intermediates.noindex/Jinja.build/Debug-iphonesimulator/Jinja.build/Objects-normal/arm64/ExtractedAppShortcutsMetadata.stringsdata --source-file-list /Users/runner/work/red-pen-ios/red-pen-ios/ios/build/Build/Intermediates.noindex/Jinja.build/Debug-iphonesimulator/Jinja.build/Objects-normal/arm64/Jinja.SwiftFileList --metadata-file-list /Users/runner/work/red-pen-ios/red-pen-ios/ios/build/Build/Intermediates.noindex/Jinja.build/Debug-iphonesimulator/Jinja.build/Jinja.DependencyMetadataFileList --static-metadata-file-list /Users/runner/work/red-pen-ios/red-pen-ios/ios/build/Build/Intermediates.noindex/Jinja.build/Debug-iphonesimulator/Jinja.build/Jinja.DependencyStaticMetadataFileList --swift-const-vals-list /Users/runner/work/red-pen-ios/red-pen-ios/ios/build/Build/Intermediates.noindex/Jinja.build/Debug-iphonesimulator/Jinja.build/Objects-normal/arm64/Jinja.SwiftConstValuesFileList --force --compile-time-extraction --deployment-aware-processing --validate-assistant-intents --no-app-shortcuts-localization
2026-09-19 07:38:33.995 appintentsmetadataprocessor[6408:21759] Starting appintentsmetadataprocessor export
2026-09-19 07:38:34.025 appintentsmetadataprocessor[6408:21759] Extracted no relevant App Intents symbols, skipping writing output

SwiftDriver LocalLLMClient normal arm64 com.apple.xcode.tools.swift.compiler (in target 'LocalLLMClient' from project 'LocalLLMClient')
    cd /Users/runner/work/red-pen-ios/red-pen-ios/ios/RedPen.xcodeproj
    builtin-SwiftDriver -- /Applications/Xcode_26.6.app/Contents/Developer/Toolchains/XcodeDefault.xctoolchain/usr/bin/swiftc -module-name LocalLLMClient -Onone @/Users/runner/work/red-pen-ios/red-pen-ios/ios/build/Build/Intermediates.noindex/LocalLLMClient.build/Debug-iphonesimulator/LocalLLMClient.build/Objects-normal/arm64/LocalLLMClient.SwiftFileList -DSWIFT_PACKAGE -DDEBUG -DSWIFT_MODULE_RESOURCE_BUNDLE_UNAVAILABLE -DXcode -plugin-path /Applications/Xcode_26.6.app/Contents/Developer/Toolchains/XcodeDefault.xctoolchain/usr/lib/swift/host/plugins/testing -enable-experimental-feature DebugDescriptionMacro -sdk /Applications/Xcode_26.6.app/Contents/Developer/Platforms/iPhoneSimulator.platform/Developer/SDKs/iPhoneSimulator26.5.sdk -target arm64-apple-ios17.0-simulator -g -module-cache-path /Users/runner/work/red-pen-ios/red-pen-ios/ios/build/ModuleCache.noindex -Xfrontend -serialize-debugging-options -enable-testing -suppress-warnings -index-store-path /Users/runner/work/red-pen-ios/red-pen-ios/ios/build/Index.noindex/DataStore -Xcc -D_LIBCPP_HARDENING_MODE\=_LIBCPP_HARDENING_MODE_DEBUG -swift-version 6 -I /Users/runner/work/red-pen-ios/red-pen-ios/ios/build/Build/Products/Debug-iphonesimulator -Isystem /Applications/Xcode_26.6.app/Contents/Developer/Platforms/iPhoneSimulator.platform/Developer/usr/lib -F /Users/runner/work/red-pen-ios/red-pen-ios/ios/build/Build/Products/Debug-iphonesimulator/PackageFrameworks -F /Users/runner/work/red-pen-ios/red-pen-ios/ios/build/Build/Products/Debug-iphonesimulator/PackageFrameworks -F /Users/runner/work/red-pen-ios/red-pen-ios/ios/build/Build/Products/Debug-iphonesimulator/PackageFrameworks -F /Users/runner/work/red-pen-ios/red-pen-ios/ios/build/Build/Products/Debug-iphonesimulator/PackageFrameworks -F /Users/runner/work/red-pen-ios/red-pen-ios/ios/build/Build/Products/Debug-iphonesimulator/PackageFrameworks -F /Users/runner/work/red-pen-ios/red-pen-ios/ios/build/Build/Products/Debug-iphonesimulator/PackageFrameworks -F /Users/runner/work/red-pen-ios/red-pen-ios/ios/build/Build/Products/Debug-iphonesimulator -F /Applications/Xcode_26.6.app/Contents/Developer/Platforms/iPhoneSimulator.platform/Developer/Library/Frameworks -F /Applications/Xcode_26.6.app/Contents/Developer/Platforms/iPhoneSimulator.platform/Developer/SDKs/iPhoneSimulator26.5.sdk/Developer/Library/Frameworks -Xfrontend -load-plugin-executable -Xfrontend /Users/runner/work/red-pen-ios/red-pen-ios/ios/build/Build/Products/Debug/LocalLLMClientMacrosPlugin\#LocalLLMClientMacrosPlugin -parse-as-library -c -j3 -enable-batch-mode -incremental -Xcc -ivfsstatcache -Xcc /Users/runner/work/red-pen-ios/red-pen-ios/ios/build/SDKStatCaches.noindex/iphonesimulator26.5-23F81a-688ef53f1462e2c8f657fdc38a81448ff45c64a1807a658693f2a61704f17a36.sdkstatcache -output-file-map /Users/runner/work/red-pen-ios/red-pen-ios/ios/build/Build/Intermediates.noindex/LocalLLMClient.build/Debug-iphonesimulator/LocalLLMClient.build/Objects-normal/arm64/LocalLLMClient-OutputFileMap.json -use-frontend-parseable-output -save-temps -no-color-diagnostics -serialize-diagnostics -emit-dependencies -emit-module -emit-module-path /Users/runner/work/red-pen-ios/red-pen-ios/ios/build/Build/Intermediates.noindex/LocalLLMClient.build/Debug-iphonesimulator/LocalLLMClient.build/Objects-normal/arm64/LocalLLMClient.swiftmodule -validate-clang-modules-once -clang-build-session-file /Users/runner/work/red-pen-ios/red-pen-ios/ios/build/ModuleCache.noindex/Session.modulevalidation -package-name localllmclient -Xcc -I/Users/runner/work/red-pen-ios/red-pen-ios/ios/build/Build/Intermediates.noindex/LocalLLMClient.build/Debug-iphonesimulator/LocalLLMClient.build/swift-overrides.hmap -emit-const-values -Xfrontend -const-gather-protocols-file -Xfrontend /Users/runner/work/red-pen-ios/red-pen-ios/ios/build/Build/Intermediates.noindex/LocalLLMClient.build/Debug-iphonesimulator/LocalLLMClient.build/Objects-normal/arm64/LocalLLMClient_const_extract_protocols.json -Xcc -I/Users/runner/work/red-pen-ios/red-pen-ios/ios/build/Build/Products/Debug-iphonesimulator/include -Xcc -I/Users/runner/work/red-pen-ios/red-pen-ios/ios/build/Build/Intermediates.noindex/LocalLLMClient.build/Debug-iphonesimulator/LocalLLMClient.build/DerivedSources-normal/arm64 -Xcc -I/Users/runner/work/red-pen-ios/red-pen-ios/ios/build/Build/Intermediates.noindex/LocalLLMClient.build/Debug-iphonesimulator/LocalLLMClient.build/DerivedSources/arm64 -Xcc -I/Users/runner/work/red-pen-ios/red-pen-ios/ios/build/Build/Intermediates.noindex/LocalLLMClient.build/Debug-iphonesimulator/LocalLLMClient.build/DerivedSources -Xcc -DSWIFT_PACKAGE -Xcc -DDEBUG\=1 -emit-objc-header -emit-objc-header-path /Users/runner/work/red-pen-ios/red-pen-ios/ios/build/Build/Intermediates.noindex/LocalLLMClient.build/Debug-iphonesimulator/LocalLLMClient.build/Objects-normal/arm64/LocalLLMClient-Swift.h -working-directory /Users/runner/work/red-pen-ios/red-pen-ios/ios/RedPen.xcodeproj -experimental-emit-module-separately -disable-cmo

SwiftEmitModule normal arm64 Emitting\ module\ for\ LocalLLMClient (in target 'LocalLLMClient' from project 'LocalLLMClient')

SwiftCompile normal arm64 /Users/runner/work/red-pen-ios/red-pen-ios/ios/build/SourcePackages/checkouts/LocalLLMClient/Sources/LocalLLMClient/LocalLLMClient.swift (in target 'LocalLLMClient' from project 'LocalLLMClient')
    cd /Users/runner/work/red-pen-ios/red-pen-ios/ios/RedPen.xcodeproj
    

SwiftCompile normal arm64 Compiling\ LocalLLMClient.swift /Users/runner/work/red-pen-ios/red-pen-ios/ios/build/SourcePackages/checkouts/LocalLLMClient/Sources/LocalLLMClient/LocalLLMClient.swift (in target 'LocalLLMClient' from project 'LocalLLMClient')

SwiftCompile normal arm64 /Users/runner/work/red-pen-ios/red-pen-ios/ios/build/SourcePackages/checkouts/LocalLLMClient/Sources/LocalLLMClient/LocalLLMClient.swift (in target 'LocalLLMClient' from project 'LocalLLMClient')
    cd /Users/runner/work/red-pen-ios/red-pen-ios/ios/RedPen.xcodeproj
    

SwiftDriverJobDiscovery normal arm64 Emitting module for LocalLLMClient (in target 'LocalLLMClient' from project 'LocalLLMClient')

SwiftDriver\ Compilation\ Requirements LocalLLMClient normal arm64 com.apple.xcode.tools.swift.compiler (in target 'LocalLLMClient' from project 'LocalLLMClient')
    cd /Users/runner/work/red-pen-ios/red-pen-ios/ios/RedPen.xcodeproj
    builtin-Swift-Compilation-Requirements -- /Applications/Xcode_26.6.app/Contents/Developer/Toolchains/XcodeDefault.xctoolchain/usr/bin/swiftc -module-name LocalLLMClient -Onone @/Users/runner/work/red-pen-ios/red-pen-ios/ios/build/Build/Intermediates.noindex/LocalLLMClient.build/Debug-iphonesimulator/LocalLLMClient.build/Objects-normal/arm64/LocalLLMClient.SwiftFileList -DSWIFT_PACKAGE -DDEBUG -DSWIFT_MODULE_RESOURCE_BUNDLE_UNAVAILABLE -DXcode -plugin-path /Applications/Xcode_26.6.app/Contents/Developer/Toolchains/XcodeDefault.xctoolchain/usr/lib/swift/host/plugins/testing -enable-experimental-feature DebugDescriptionMacro -sdk /Applications/Xcode_26.6.app/Contents/Developer/Platforms/iPhoneSimulator.platform/Developer/SDKs/iPhoneSimulator26.5.sdk -target arm64-apple-ios17.0-simulator -g -module-cache-path /Users/runner/work/red-pen-ios/red-pen-ios/ios/build/ModuleCache.noindex -Xfrontend -serialize-debugging-options -enable-testing -suppress-warnings -index-store-path /Users/runner/work/red-pen-ios/red-pen-ios/ios/build/Index.noindex/DataStore -Xcc -D_LIBCPP_HARDENING_MODE\=_LIBCPP_HARDENING_MODE_DEBUG -swift-version 6 -I /Users/runner/work/red-pen-ios/red-pen-ios/ios/build/Build/Products/Debug-iphonesimulator -Isystem /Applications/Xcode_26.6.app/Contents/Developer/Platforms/iPhoneSimulator.platform/Developer/usr/lib -F /Users/runner/work/red-pen-ios/red-pen-ios/ios/build/Build/Products/Debug-iphonesimulator/PackageFrameworks -F /Users/runner/work/red-pen-ios/red-pen-ios/ios/build/Build/Products/Debug-iphonesimulator/PackageFrameworks -F /Users/runner/work/red-pen-ios/red-pen-ios/ios/build/Build/Products/Debug-iphonesimulator/PackageFrameworks -F /Users/runner/work/red-pen-ios/red-pen-ios/ios/build/Build/Products/Debug-iphonesimulator/PackageFrameworks -F /Users/runner/work/red-pen-ios/red-pen-ios/ios/build/Build/Products/Debug-iphonesimulator/PackageFrameworks -F /Users/runner/work/red-pen-ios/red-pen-ios/ios/build/Build/Products/Debug-iphonesimulator/PackageFrameworks -F /Users/runner/work/red-pen-ios/red-pen-ios/ios/build/Build/Products/Debug-iphonesimulator -F /Applications/Xcode_26.6.app/Contents/Developer/Platforms/iPhoneSimulator.platform/Developer/Library/Frameworks -F /Applications/Xcode_26.6.app/Contents/Developer/Platforms/iPhoneSimulator.platform/Developer/SDKs/iPhoneSimulator26.5.sdk/Developer/Library/Frameworks -Xfrontend -load-plugin-executable -Xfrontend /Users/runner/work/red-pen-ios/red-pen-ios/ios/build/Build/Products/Debug/LocalLLMClientMacrosPlugin\#LocalLLMClientMacrosPlugin -parse-as-library -c -j3 -enable-batch-mode -incremental -Xcc -ivfsstatcache -Xcc /Users/runner/work/red-pen-ios/red-pen-ios/ios/build/SDKStatCaches.noindex/iphonesimulator26.5-23F81a-688ef53f1462e2c8f657fdc38a81448ff45c64a1807a658693f2a61704f17a36.sdkstatcache -output-file-map /Users/runner/work/red-pen-ios/red-pen-ios/ios/build/Build/Intermediates.noindex/LocalLLMClient.build/Debug-iphonesimulator/LocalLLMClient.build/Objects-normal/arm64/LocalLLMClient-OutputFileMap.json -use-frontend-parseable-output -save-temps -no-color-diagnostics -serialize-diagnostics -emit-dependencies -emit-module -emit-module-path /Users/runner/work/red-pen-ios/red-pen-ios/ios/build/Build/Intermediates.noindex/LocalLLMClient.build/Debug-iphonesimulator/LocalLLMClient.build/Objects-normal/arm64/LocalLLMClient.swiftmodule -validate-clang-modules-once -clang-build-session-file /Users/runner/work/red-pen-ios/red-pen-ios/ios/build/ModuleCache.noindex/Session.modulevalidation -package-name localllmclient -Xcc -I/Users/runner/work/red-pen-ios/red-pen-ios/ios/build/Build/Intermediates.noindex/LocalLLMClient.build/Debug-iphonesimulator/LocalLLMClient.build/swift-overrides.hmap -emit-const-values -Xfrontend -const-gather-protocols-file -Xfrontend /Users/runner/work/red-pen-ios/red-pen-ios/ios/build/Build/Intermediates.noindex/LocalLLMClient.build/Debug-iphonesimulator/LocalLLMClient.build/Objects-normal/arm64/LocalLLMClient_const_extract_protocols.json -Xcc -I/Users/runner/work/red-pen-ios/red-pen-ios/ios/build/Build/Products/Debug-iphonesimulator/include -Xcc -I/Users/runner/work/red-pen-ios/red-pen-ios/ios/build/Build/Intermediates.noindex/LocalLLMClient.build/Debug-iphonesimulator/LocalLLMClient.build/DerivedSources-normal/arm64 -Xcc -I/Users/runner/work/red-pen-ios/red-pen-ios/ios/build/Build/Intermediates.noindex/LocalLLMClient.build/Debug-iphonesimulator/LocalLLMClient.build/DerivedSources/arm64 -Xcc -I/Users/runner/work/red-pen-ios/red-pen-ios/ios/build/Build/Intermediates.noindex/LocalLLMClient.build/Debug-iphonesimulator/LocalLLMClient.build/DerivedSources -Xcc -DSWIFT_PACKAGE -Xcc -DDEBUG\=1 -emit-objc-header -emit-objc-header-path /Users/runner/work/red-pen-ios/red-pen-ios/ios/build/Build/Intermediates.noindex/LocalLLMClient.build/Debug-iphonesimulator/LocalLLMClient.build/Objects-normal/arm64/LocalLLMClient-Swift.h -working-directory /Users/runner/work/red-pen-ios/red-pen-ios/ios/RedPen.xcodeproj -experimental-emit-module-separately -disable-cmo

SwiftDriverJobDiscovery normal arm64 Compiling LocalLLMClient.swift (in target 'LocalLLMClient' from project 'LocalLLMClient')

SwiftMergeGeneratedHeaders /Users/runner/work/red-pen-ios/red-pen-ios/ios/build/Build/Intermediates.noindex/GeneratedModuleMaps-iphonesimulator/LocalLLMClient-Swift.h /Users/runner/work/red-pen-ios/red-pen-ios/ios/build/Build/Intermediates.noindex/LocalLLMClient.build/Debug-iphonesimulator/LocalLLMClient.build/Objects-normal/arm64/LocalLLMClient-Swift.h (in target 'LocalLLMClient' from project 'LocalLLMClient')
    cd /Users/runner/work/red-pen-ios/red-pen-ios/ios/build/SourcePackages/checkouts/LocalLLMClient
    builtin-swiftHeaderTool -arch arm64 /Users/runner/work/red-pen-ios/red-pen-ios/ios/build/Build/Intermediates.noindex/LocalLLMClient.build/Debug-iphonesimulator/LocalLLMClient.build/Objects-normal/arm64/LocalLLMClient-Swift.h -o /Users/runner/work/red-pen-ios/red-pen-ios/ios/build/Build/Intermediates.noindex/GeneratedModuleMaps-iphonesimulator/LocalLLMClient-Swift.h

Copy /Users/runner/work/red-pen-ios/red-pen-ios/ios/build/Build/Products/Debug-iphonesimulator/LocalLLMClient.swiftmodule/arm64-apple-ios-simulator.swiftmodule /Users/runner/work/red-pen-ios/red-pen-ios/ios/build/Build/Intermediates.noindex/LocalLLMClient.build/Debug-iphonesimulator/LocalLLMClient.build/Objects-normal/arm64/LocalLLMClient.swiftmodule (in target 'LocalLLMClient' from project 'LocalLLMClient')
    cd /Users/runner/work/red-pen-ios/red-pen-ios/ios/build/SourcePackages/checkouts/LocalLLMClient
    builtin-copy -exclude .DS_Store -exclude CVS -exclude .svn -exclude .git -exclude .hg -resolve-src-symlinks -rename /Users/runner/work/red-pen-ios/red-pen-ios/ios/build/Build/Intermediates.noindex/LocalLLMClient.build/Debug-iphonesimulator/LocalLLMClient.build/Objects-normal/arm64/LocalLLMClient.swiftmodule /Users/runner/work/red-pen-ios/red-pen-ios/ios/build/Build/Products/Debug-iphonesimulator/LocalLLMClient.swiftmodule/arm64-apple-ios-simulator.swiftmodule

Copy /Users/runner/work/red-pen-ios/red-pen-ios/ios/build/Build/Products/Debug-iphonesimulator/LocalLLMClient.swiftmodule/arm64-apple-ios-simulator.swiftdoc /Users/runner/work/red-pen-ios/red-pen-ios/ios/build/Build/Intermediates.noindex/LocalLLMClient.build/Debug-iphonesimulator/LocalLLMClient.build/Objects-normal/arm64/LocalLLMClient.swiftdoc (in target 'LocalLLMClient' from project 'LocalLLMClient')
    cd /Users/runner/work/red-pen-ios/red-pen-ios/ios/build/SourcePackages/checkouts/LocalLLMClient
    builtin-copy -exclude .DS_Store -exclude CVS -exclude .svn -exclude .git -exclude .hg -resolve-src-symlinks -rename /Users/runner/work/red-pen-ios/red-pen-ios/ios/build/Build/Intermediates.noindex/LocalLLMClient.build/Debug-iphonesimulator/LocalLLMClient.build/Objects-normal/arm64/LocalLLMClient.swiftdoc /Users/runner/work/red-pen-ios/red-pen-ios/ios/build/Build/Products/Debug-iphonesimulator/LocalLLMClient.swiftmodule/arm64-apple-ios-simulator.swiftdoc

Copy /Users/runner/work/red-pen-ios/red-pen-ios/ios/build/Build/Products/Debug-iphonesimulator/LocalLLMClient.swiftmodule/arm64-apple-ios-simulator.abi.json /Users/runner/work/red-pen-ios/red-pen-ios/ios/build/Build/Intermediates.noindex/LocalLLMClient.build/Debug-iphonesimulator/LocalLLMClient.build/Objects-normal/arm64/LocalLLMClient.abi.json (in target 'LocalLLMClient' from project 'LocalLLMClient')
    cd /Users/runner/work/red-pen-ios/red-pen-ios/ios/build/SourcePackages/checkouts/LocalLLMClient
    builtin-copy -exclude .DS_Store -exclude CVS -exclude .svn -exclude .git -exclude .hg -resolve-src-symlinks -rename /Users/runner/work/red-pen-ios/red-pen-ios/ios/build/Build/Intermediates.noindex/LocalLLMClient.build/Debug-iphonesimulator/LocalLLMClient.build/Objects-normal/arm64/LocalLLMClient.abi.json /Users/runner/work/red-pen-ios/red-pen-ios/ios/build/Build/Products/Debug-iphonesimulator/LocalLLMClient.swiftmodule/arm64-apple-ios-simulator.abi.json

Copy /Users/runner/work/red-pen-ios/red-pen-ios/ios/build/Build/Products/Debug-iphonesimulator/LocalLLMClient.swiftmodule/Project/arm64-apple-ios-simulator.swiftsourceinfo /Users/runner/work/red-pen-ios/red-pen-ios/ios/build/Build/Intermediates.noindex/LocalLLMClient.build/Debug-iphonesimulator/LocalLLMClient.build/Objects-normal/arm64/LocalLLMClient.swiftsourceinfo (in target 'LocalLLMClient' from project 'LocalLLMClient')
    cd /Users/runner/work/red-pen-ios/red-pen-ios/ios/build/SourcePackages/checkouts/LocalLLMClient
    builtin-copy -exclude .DS_Store -exclude CVS -exclude .svn -exclude .git -exclude .hg -resolve-src-symlinks -rename /Users/runner/work/red-pen-ios/red-pen-ios/ios/build/Build/Intermediates.noindex/LocalLLMClient.build/Debug-iphonesimulator/LocalLLMClient.build/Objects-normal/arm64/LocalLLMClient.swiftsourceinfo /Users/runner/work/red-pen-ios/red-pen-ios/ios/build/Build/Products/Debug-iphonesimulator/LocalLLMClient.swiftmodule/Project/arm64-apple-ios-simulator.swiftsourceinfo

SwiftDriver\ Compilation LocalLLMClient normal arm64 com.apple.xcode.tools.swift.compiler (in target 'LocalLLMClient' from project 'LocalLLMClient')
    cd /Users/runner/work/red-pen-ios/red-pen-ios/ios/RedPen.xcodeproj
    builtin-Swift-Compilation -- /Applications/Xcode_26.6.app/Contents/Developer/Toolchains/XcodeDefault.xctoolchain/usr/bin/swiftc -module-name LocalLLMClient -Onone @/Users/runner/work/red-pen-ios/red-pen-ios/ios/build/Build/Intermediates.noindex/LocalLLMClient.build/Debug-iphonesimulator/LocalLLMClient.build/Objects-normal/arm64/LocalLLMClient.SwiftFileList -DSWIFT_PACKAGE -DDEBUG -DSWIFT_MODULE_RESOURCE_BUNDLE_UNAVAILABLE -DXcode -plugin-path /Applications/Xcode_26.6.app/Contents/Developer/Toolchains/XcodeDefault.xctoolchain/usr/lib/swift/host/plugins/testing -enable-experimental-feature DebugDescriptionMacro -sdk /Applications/Xcode_26.6.app/Contents/Developer/Platforms/iPhoneSimulator.platform/Developer/SDKs/iPhoneSimulator26.5.sdk -target arm64-apple-ios17.0-simulator -g -module-cache-path /Users/runner/work/red-pen-ios/red-pen-ios/ios/build/ModuleCache.noindex -Xfrontend -serialize-debugging-options -enable-testing -suppress-warnings -index-store-path /Users/runner/work/red-pen-ios/red-pen-ios/ios/build/Index.noindex/DataStore -Xcc -D_LIBCPP_HARDENING_MODE\=_LIBCPP_HARDENING_MODE_DEBUG -swift-version 6 -I /Users/runner/work/red-pen-ios/red-pen-ios/ios/build/Build/Products/Debug-iphonesimulator -Isystem /Applications/Xcode_26.6.app/Contents/Developer/Platforms/iPhoneSimulator.platform/Developer/usr/lib -F /Users/runner/work/red-pen-ios/red-pen-ios/ios/build/Build/Products/Debug-iphonesimulator/PackageFrameworks -F /Users/runner/work/red-pen-ios/red-pen-ios/ios/build/Build/Products/Debug-iphonesimulator/PackageFrameworks -F /Users/runner/work/red-pen-ios/red-pen-ios/ios/build/Build/Products/Debug-iphonesimulator/PackageFrameworks -F /Users/runner/work/red-pen-ios/red-pen-ios/ios/build/Build/Products/Debug-iphonesimulator/PackageFrameworks -F /Users/runner/work/red-pen-ios/red-pen-ios/ios/build/Build/Products/Debug-iphonesimulator/PackageFrameworks -F /Users/runner/work/red-pen-ios/red-pen-ios/ios/build/Build/Products/Debug-iphonesimulator/PackageFrameworks -F /Users/runner/work/red-pen-ios/red-pen-ios/ios/build/Build/Products/Debug-iphonesimulator -F /Applications/Xcode_26.6.app/Contents/Developer/Platforms/iPhoneSimulator.platform/Developer/Library/Frameworks -F /Applications/Xcode_26.6.app/Contents/Developer/Platforms/iPhoneSimulator.platform/Developer/SDKs/iPhoneSimulator26.5.sdk/Developer/Library/Frameworks -Xfrontend -load-plugin-executable -Xfrontend /Users/runner/work/red-pen-ios/red-pen-ios/ios/build/Build/Products/Debug/LocalLLMClientMacrosPlugin\#LocalLLMClientMacrosPlugin -parse-as-library -c -j3 -enable-batch-mode -incremental -Xcc -ivfsstatcache -Xcc /Users/runner/work/red-pen-ios/red-pen-ios/ios/build/SDKStatCaches.noindex/iphonesimulator26.5-23F81a-688ef53f1462e2c8f657fdc38a81448ff45c64a1807a658693f2a61704f17a36.sdkstatcache -output-file-map /Users/runner/work/red-pen-ios/red-pen-ios/ios/build/Build/Intermediates.noindex/LocalLLMClient.build/Debug-iphonesimulator/LocalLLMClient.build/Objects-normal/arm64/LocalLLMClient-OutputFileMap.json -use-frontend-parseable-output -save-temps -no-color-diagnostics -serialize-diagnostics -emit-dependencies -emit-module -emit-module-path /Users/runner/work/red-pen-ios/red-pen-ios/ios/build/Build/Intermediates.noindex/LocalLLMClient.build/Debug-iphonesimulator/LocalLLMClient.build/Objects-normal/arm64/LocalLLMClient.swiftmodule -validate-clang-modules-once -clang-build-session-file /Users/runner/work/red-pen-ios/red-pen-ios/ios/build/ModuleCache.noindex/Session.modulevalidation -package-name localllmclient -Xcc -I/Users/runner/work/red-pen-ios/red-pen-ios/ios/build/Build/Intermediates.noindex/LocalLLMClient.build/Debug-iphonesimulator/LocalLLMClient.build/swift-overrides.hmap -emit-const-values -Xfrontend -const-gather-protocols-file -Xfrontend /Users/runner/work/red-pen-ios/red-pen-ios/ios/build/Build/Intermediates.noindex/LocalLLMClient.build/Debug-iphonesimulator/LocalLLMClient.build/Objects-normal/arm64/LocalLLMClient_const_extract_protocols.json -Xcc -I/Users/runner/work/red-pen-ios/red-pen-ios/ios/build/Build/Products/Debug-iphonesimulator/include -Xcc -I/Users/runner/work/red-pen-ios/red-pen-ios/ios/build/Build/Intermediates.noindex/LocalLLMClient.build/Debug-iphonesimulator/LocalLLMClient.build/DerivedSources-normal/arm64 -Xcc -I/Users/runner/work/red-pen-ios/red-pen-ios/ios/build/Build/Intermediates.noindex/LocalLLMClient.build/Debug-iphonesimulator/LocalLLMClient.build/DerivedSources/arm64 -Xcc -I/Users/runner/work/red-pen-ios/red-pen-ios/ios/build/Build/Intermediates.noindex/LocalLLMClient.build/Debug-iphonesimulator/LocalLLMClient.build/DerivedSources -Xcc -DSWIFT_PACKAGE -Xcc -DDEBUG\=1 -emit-objc-header -emit-objc-header-path /Users/runner/work/red-pen-ios/red-pen-ios/ios/build/Build/Intermediates.noindex/LocalLLMClient.build/Debug-iphonesimulator/LocalLLMClient.build/Objects-normal/arm64/LocalLLMClient-Swift.h -working-directory /Users/runner/work/red-pen-ios/red-pen-ios/ios/RedPen.xcodeproj -experimental-emit-module-separately -disable-cmo

MkDir /Users/runner/work/red-pen-ios/red-pen-ios/ios/build/Build/Intermediates.noindex/RedPen.build/Debug-iphonesimulator/RedPen.build/assetcatalog_output/unthinned (in target 'RedPen' from project 'RedPen')
    cd /Users/runner/work/red-pen-ios/red-pen-ios/ios
    /bin/mkdir -p /Users/runner/work/red-pen-ios/red-pen-ios/ios/build/Build/Intermediates.noindex/RedPen.build/Debug-iphonesimulator/RedPen.build/assetcatalog_output/unthinned

MkDir /Users/runner/work/red-pen-ios/red-pen-ios/ios/build/Build/Intermediates.noindex/RedPen.build/Debug-iphonesimulator/RedPen.build/assetcatalog_output/thinned (in target 'RedPen' from project 'RedPen')
    cd /Users/runner/work/red-pen-ios/red-pen-ios/ios
    /bin/mkdir -p /Users/runner/work/red-pen-ios/red-pen-ios/ios/build/Build/Intermediates.noindex/RedPen.build/Debug-iphonesimulator/RedPen.build/assetcatalog_output/thinned

GenerateAssetSymbols /Users/runner/work/red-pen-ios/red-pen-ios/ios/RedPen/Assets.xcassets (in target 'RedPen' from project 'RedPen')
    cd /Users/runner/work/red-pen-ios/red-pen-ios/ios
    /Applications/Xcode_26.6.app/Contents/Developer/usr/bin/actool /Users/runner/work/red-pen-ios/red-pen-ios/ios/RedPen/Assets.xcassets --compile /Users/runner/work/red-pen-ios/red-pen-ios/ios/build/Build/Products/Debug-iphonesimulator/RedPen.app --output-format human-readable-text --notices --warnings --export-dependency-info /Users/runner/work/red-pen-ios/red-pen-ios/ios/build/Build/Intermediates.noindex/RedPen.build/Debug-iphonesimulator/RedPen.build/assetcatalog_dependencies --output-partial-info-plist /Users/runner/work/red-pen-ios/red-pen-ios/ios/build/Build/Intermediates.noindex/RedPen.build/Debug-iphonesimulator/RedPen.build/assetcatalog_generated_info.plist --app-icon AppIcon --compress-pngs --enable-on-demand-resources YES --development-region en --target-device iphone --target-device ipad --minimum-deployment-target 26.0 --platform iphonesimulator --bundle-identifier com.cramdown.app --generate-swift-asset-symbol-extensions NO --generate-swift-asset-symbols /Users/runner/work/red-pen-ios/red-pen-ios/ios/build/Build/Intermediates.noindex/RedPen.build/Debug-iphonesimulator/RedPen.build/DerivedSources/GeneratedAssetSymbols.swift --generate-objc-asset-symbols /Users/runner/work/red-pen-ios/red-pen-ios/ios/build/Build/Intermediates.noindex/RedPen.build/Debug-iphonesimulator/RedPen.build/DerivedSources/GeneratedAssetSymbols.h --generate-asset-symbol-index /Users/runner/work/red-pen-ios/red-pen-ios/ios/build/Build/Intermediates.noindex/RedPen.build/Debug-iphonesimulator/RedPen.build/DerivedSources/GeneratedAssetSymbols-Index.plist
/* com.apple.actool.compilation-results */
/Users/runner/work/red-pen-ios/red-pen-ios/ios/build/Build/Intermediates.noindex/RedPen.build/Debug-iphonesimulator/RedPen.build/DerivedSources/GeneratedAssetSymbols-Index.plist
/Users/runner/work/red-pen-ios/red-pen-ios/ios/build/Build/Intermediates.noindex/RedPen.build/Debug-iphonesimulator/RedPen.build/DerivedSources/GeneratedAssetSymbols.h
/Users/runner/work/red-pen-ios/red-pen-ios/ios/build/Build/Intermediates.noindex/RedPen.build/Debug-iphonesimulator/RedPen.build/DerivedSources/GeneratedAssetSymbols.swift


CompileAssetCatalogVariant thinned /Users/runner/work/red-pen-ios/red-pen-ios/ios/build/Build/Products/Debug-iphonesimulator/RedPen.app /Users/runner/work/red-pen-ios/red-pen-ios/ios/RedPen/Assets.xcassets (in target 'RedPen' from project 'RedPen')
    cd /Users/runner/work/red-pen-ios/red-pen-ios/ios
    /Applications/Xcode_26.6.app/Contents/Developer/usr/bin/actool /Users/runner/work/red-pen-ios/red-pen-ios/ios/RedPen/Assets.xcassets --compile /Users/runner/work/red-pen-ios/red-pen-ios/ios/build/Build/Intermediates.noindex/RedPen.build/Debug-iphonesimulator/RedPen.build/assetcatalog_output/thinned --output-format human-readable-text --notices --warnings --export-dependency-info /Users/runner/work/red-pen-ios/red-pen-ios/ios/build/Build/Intermediates.noindex/RedPen.build/Debug-iphonesimulator/RedPen.build/assetcatalog_dependencies_thinned --output-partial-info-plist /Users/runner/work/red-pen-ios/red-pen-ios/ios/build/Build/Intermediates.noindex/RedPen.build/Debug-iphonesimulator/RedPen.build/assetcatalog_generated_info.plist_thinned --app-icon AppIcon --compress-pngs --enable-on-demand-resources YES --filter-for-thinning-device-configuration iPad17,4-A --filter-for-device-os-version 26.5 --development-region en --target-device iphone --target-device ipad --minimum-deployment-target 26.0 --platform iphonesimulator
/* com.apple.actool.compilation-results */
/Users/runner/work/red-pen-ios/red-pen-ios/ios/build/Build/Intermediates.noindex/RedPen.build/Debug-iphonesimulator/RedPen.build/assetcatalog_generated_info.plist_thinned
/Users/runner/work/red-pen-ios/red-pen-ios/ios/build/Build/Intermediates.noindex/RedPen.build/Debug-iphonesimulator/RedPen.build/assetcatalog_output/thinned/AppIcon60x60@2x.png
/Users/runner/work/red-pen-ios/red-pen-ios/ios/build/Build/Intermediates.noindex/RedPen.build/Debug-iphonesimulator/RedPen.build/assetcatalog_output/thinned/AppIcon76x76@2x~ipad.png
/Users/runner/work/red-pen-ios/red-pen-ios/ios/build/Build/Intermediates.noindex/RedPen.build/Debug-iphonesimulator/RedPen.build/assetcatalog_output/thinned/Assets.car


SwiftDriverJobDiscovery normal arm64 Compiling resource_bundle_accessor.swift, Batch.swift, Context.swift, Decoder.swift, Generator.swift, LLMSession+Llama.swift, LlamaClient.swift, LlamaToolCallParser.swift (in target 'LocalLLMClientLlama' from project 'LocalLLMClient')

SwiftDriver RedPen normal arm64 com.apple.xcode.tools.swift.compiler (in target 'RedPen' from project 'RedPen')
    cd /Users/runner/work/red-pen-ios/red-pen-ios/ios
    builtin-SwiftDriver -- /Applications/Xcode_26.6.app/Contents/Developer/Toolchains/XcodeDefault.xctoolchain/usr/bin/swiftc -module-name RedPen -Onone @/Users/runner/work/red-pen-ios/red-pen-ios/ios/build/Build/Intermediates.noindex/RedPen.build/Debug-iphonesimulator/RedPen.build/Objects-normal/arm64/RedPen.SwiftFileList -DDEBUG -cxx-interoperability-mode\=default -enable-bare-slash-regex -enable-experimental-feature DebugDescriptionMacro -sdk /Applications/Xcode_26.6.app/Contents/Developer/Platforms/iPhoneSimulator.platform/Developer/SDKs/iPhoneSimulator26.5.sdk -target arm64-apple-ios26.0-simulator -g -module-cache-path /Users/runner/work/red-pen-ios/red-pen-ios/ios/build/ModuleCache.noindex -Xfrontend -serialize-debugging-options -enable-testing -index-store-path /Users/runner/work/red-pen-ios/red-pen-ios/ios/build/Index.noindex/DataStore -Xcc -D_LIBCPP_HARDENING_MODE\=_LIBCPP_HARDENING_MODE_DEBUG -swift-version 5 -I /Users/runner/work/red-pen-ios/red-pen-ios/ios/build/Build/Products/Debug-iphonesimulator -F /Users/runner/work/red-pen-ios/red-pen-ios/ios/build/Build/Products/Debug-iphonesimulator/PackageFrameworks -F /Users/runner/work/red-pen-ios/red-pen-ios/ios/build/Build/Products/Debug-iphonesimulator/PackageFrameworks -F /Users/runner/work/red-pen-ios/red-pen-ios/ios/build/Build/Products/Debug-iphonesimulator/PackageFrameworks -F /Users/runner/work/red-pen-ios/red-pen-ios/ios/build/Build/Products/Debug-iphonesimulator/PackageFrameworks -F /Users/runner/work/red-pen-ios/red-pen-ios/ios/build/Build/Products/Debug-iphonesimulator/PackageFrameworks -F /Users/runner/work/red-pen-ios/red-pen-ios/ios/build/Build/Products/Debug-iphonesimulator/PackageFrameworks -F /Users/runner/work/red-pen-ios/red-pen-ios/ios/build/Build/Products/Debug-iphonesimulator/PackageFrameworks -F /Users/runner/work/red-pen-ios/red-pen-ios/ios/build/Build/Products/Debug-iphonesimulator/PackageFrameworks -F /Users/runner/work/red-pen-ios/red-pen-ios/ios/build/Build/Products/Debug-iphonesimulator/PackageFrameworks -F /Users/runner/work/red-pen-ios/red-pen-ios/ios/build/Build/Products/Debug-iphonesimulator -Xfrontend -load-plugin-executable -Xfrontend /Users/runner/work/red-pen-ios/red-pen-ios/ios/build/Build/Products/Debug/LocalLLMClientMacrosPlugin\#LocalLLMClientMacrosPlugin -c -j3 -enable-batch-mode -incremental -Xcc -ivfsstatcache -Xcc /Users/runner/work/red-pen-ios/red-pen-ios/ios/build/SDKStatCaches.noindex/iphonesimulator26.5-23F81a-688ef53f1462e2c8f657fdc38a81448ff45c64a1807a658693f2a61704f17a36.sdkstatcache -output-file-map /Users/runner/work/red-pen-ios/red-pen-ios/ios/build/Build/Intermediates.noindex/RedPen.build/Debug-iphonesimulator/RedPen.build/Objects-normal/arm64/RedPen-OutputFileMap.json -use-frontend-parseable-output -save-temps -no-color-diagnostics -serialize-diagnostics -emit-dependencies -emit-module -emit-module-path /Users/runner/work/red-pen-ios/red-pen-ios/ios/build/Build/Intermediates.noindex/RedPen.build/Debug-iphonesimulator/RedPen.build/Objects-normal/arm64/RedPen.swiftmodule -validate-clang-modules-once -clang-build-session-file /Users/runner/work/red-pen-ios/red-pen-ios/ios/build/ModuleCache.noindex/Session.modulevalidation -Xcc -I/Users/runner/work/red-pen-ios/red-pen-ios/ios/build/Build/Intermediates.noindex/RedPen.build/Debug-iphonesimulator/RedPen.build/swift-overrides.hmap -emit-const-values -Xfrontend -const-gather-protocols-file -Xfrontend /Users/runner/work/red-pen-ios/red-pen-ios/ios/build/Build/Intermediates.noindex/RedPen.build/Debug-iphonesimulator/RedPen.build/Objects-normal/arm64/RedPen_const_extract_protocols.json -Xcc -iquote -Xcc /Users/runner/work/red-pen-ios/red-pen-ios/ios/build/Build/Intermediates.noindex/RedPen.build/Debug-iphonesimulator/RedPen.build/RedPen-generated-files.hmap -Xcc -I/Users/runner/work/red-pen-ios/red-pen-ios/ios/build/Build/Intermediates.noindex/RedPen.build/Debug-iphonesimulator/RedPen.build/RedPen-own-target-headers.hmap -Xcc -I/Users/runner/work/red-pen-ios/red-pen-ios/ios/build/Build/Intermediates.noindex/RedPen.build/Debug-iphonesimulator/RedPen.build/RedPen-all-non-framework-target-headers.hmap -Xcc -ivfsoverlay -Xcc /Users/runner/work/red-pen-ios/red-pen-ios/ios/build/Build/Intermediates.noindex/RedPen.build/Debug-iphonesimulator/RedPen-599707e14dd5256a6604c828c0c573bf-VFS-iphonesimulator/all-product-headers.yaml -Xcc -iquote -Xcc /Users/runner/work/red-pen-ios/red-pen-ios/ios/build/Build/Intermediates.noindex/RedPen.build/Debug-iphonesimulator/RedPen.build/RedPen-project-headers.hmap -Xcc -I/Users/runner/work/red-pen-ios/red-pen-ios/ios/build/SourcePackages/checkouts/LocalLLMClient/Sources/LocalLLMClientLlamaC/include -Xcc -I/Users/runner/work/red-pen-ios/red-pen-ios/ios/build/Build/Products/Debug-iphonesimulator/include -Xcc -I/Users/runner/work/red-pen-ios/red-pen-ios/ios/build/Build/Intermediates.noindex/RedPen.build/Debug-iphonesimulator/RedPen.build/DerivedSources-normal/arm64 -Xcc -I/Users/runner/work/red-pen-ios/red-pen-ios/ios/build/Build/Intermediates.noindex/RedPen.build/Debug-iphonesimulator/RedPen.build/DerivedSources/arm64 -Xcc -I/Users/runner/work/red-pen-ios/red-pen-ios/ios/build/Build/Intermediates.noindex/RedPen.build/Debug-iphonesimulator/RedPen.build/DerivedSources -Xcc -DDEBUG\=1 -emit-objc-header -emit-objc-header-path /Users/runner/work/red-pen-ios/red-pen-ios/ios/build/Build/Intermediates.noindex/RedPen.build/Debug-iphonesimulator/RedPen.build/Objects-normal/arm64/RedPen-Swift.h -working-directory /Users/runner/work/red-pen-ios/red-pen-ios/ios -experimental-emit-module-separately -disable-cmo

SwiftEmitModule normal arm64 Emitting\ module\ for\ RedPen (in target 'RedPen' from project 'RedPen')
EmitSwiftModule normal arm64 (in target 'RedPen' from project 'RedPen')
    cd /Users/runner/work/red-pen-ios/red-pen-ios/ios
    

SwiftCompile normal arm64 Compiling\ DeckPDFPages.swift,\ DeckPalette.swift,\ DocxText.swift,\ DueTodayView.swift,\ Entitlement.swift,\ Explanation.swift,\ FigureFinder.swift,\ FigureGrid.swift,\ FixWordSheet.swift,\ GemmaDownload.swift,\ GemmaGenerate.swift,\ GemmaModel.swift,\ Highlight.swift,\ ImageSpoiler.swift,\ Keychain.swift,\ LectureAudio.swift,\ LectureImporter.swift,\ LecturePDFSection.swift,\ LecturePlayer.swift,\ LectureTranscriber.swift,\ LibraryChrome.swift,\ LibraryRows.swift,\ LibrarySheets.swift /Users/runner/work/red-pen-ios/red-pen-ios/ios/RedPen/Shared/DeckPDFPages.swift /Users/runner/work/red-pen-ios/red-pen-ios/ios/RedPen/Shared/DeckPalette.swift /Users/runner/work/red-pen-ios/red-pen-ios/ios/RedPen/Shared/DocxText.swift /Users/runner/work/red-pen-ios/red-pen-ios/ios/RedPen/Features/Anki/DueTodayView.swift /Users/runner/work/red-pen-ios/red-pen-ios/ios/RedPen/Shared/Entitlement.swift /Users/runner/work/red-pen-ios/red-pen-ios/ios/RedPen/Shared/Explanation.swift /Users/runner/work/red-pen-ios/red-pen-ios/ios/RedPen/Shared/FigureFinder.swift /Users/runner/work/red-pen-ios/red-pen-ios/ios/RedPen/Shared/FigureGrid.swift /Users/runner/work/red-pen-ios/red-pen-ios/ios/RedPen/Features/Narrate/FixWordSheet.swift /Users/runner/work/red-pen-ios/red-pen-ios/ios/RedPen/Shared/GemmaDownload.swift /Users/runner/work/red-pen-ios/red-pen-ios/ios/RedPen/Shared/GemmaGenerate.swift /Users/runner/work/red-pen-ios/red-pen-ios/ios/RedPen/Shared/GemmaModel.swift /Users/runner/work/red-pen-ios/red-pen-ios/ios/RedPen/Shared/Highlight.swift /Users/runner/work/red-pen-ios/red-pen-ios/ios/RedPen/Shared/ImageSpoiler.swift /Users/runner/work/red-pen-ios/red-pen-ios/ios/RedPen/Persistence/Keychain.swift /Users/runner/work/red-pen-ios/red-pen-ios/ios/RedPen/Shared/LectureAudio.swift /Users/runner/work/red-pen-ios/red-pen-ios/ios/RedPen/Features/Narrate/LectureImporter.swift /Users/runner/work/red-pen-ios/red-pen-ios/ios/RedPen/Features/Library/LecturePDFSection.swift /Users/runner/work/red-pen-ios/red-pen-ios/ios/RedPen/Shared/LecturePlayer.swift /Users/runner/work/red-pen-ios/red-pen-ios/ios/RedPen/Shared/LectureTranscriber.swift /Users/runner/work/red-pen-ios/red-pen-ios/ios/RedPen/Features/Library/LibraryChrome.swift /Users/runner/work/red-pen-ios/red-pen-ios/ios/RedPen/Features/Library/LibraryRows.swift /Users/runner/work/red-pen-ios/red-pen-ios/ios/RedPen/Features/Library/LibrarySheets.swift (in target 'RedPen' from project 'RedPen')
SwiftCompile normal arm64 /Users/runner/work/red-pen-ios/red-pen-ios/ios/RedPen/Shared/DeckPDFPages.swift (in target 'RedPen' from project 'RedPen')
    cd /Users/runner/work/red-pen-ios/red-pen-ios/ios
    

SwiftCompile normal arm64 /Users/runner/work/red-pen-ios/red-pen-ios/ios/RedPen/Shared/DeckPalette.swift (in target 'RedPen' from project 'RedPen')
    cd /Users/runner/work/red-pen-ios/red-pen-ios/ios
    

SwiftCompile normal arm64 /Users/runner/work/red-pen-ios/red-pen-ios/ios/RedPen/Shared/DocxText.swift (in target 'RedPen' from project 'RedPen')
    cd /Users/runner/work/red-pen-ios/red-pen-ios/ios
    

SwiftCompile normal arm64 /Users/runner/work/red-pen-ios/red-pen-ios/ios/RedPen/Features/Anki/DueTodayView.swift (in target 'RedPen' from project 'RedPen')
    cd /Users/runner/work/red-pen-ios/red-pen-ios/ios
    

SwiftCompile normal arm64 /Users/runner/work/red-pen-ios/red-pen-ios/ios/RedPen/Shared/Entitlement.swift (in target 'RedPen' from project 'RedPen')
    cd /Users/runner/work/red-pen-ios/red-pen-ios/ios
    

SwiftCompile normal arm64 /Users/runner/work/red-pen-ios/red-pen-ios/ios/RedPen/Shared/Explanation.swift (in target 'RedPen' from project 'RedPen')
    cd /Users/runner/work/red-pen-ios/red-pen-ios/ios
    

SwiftCompile normal arm64 /Users/runner/work/red-pen-ios/red-pen-ios/ios/RedPen/Shared/FigureFinder.swift (in target 'RedPen' from project 'RedPen')
    cd /Users/runner/work/red-pen-ios/red-pen-ios/ios
    

SwiftCompile normal arm64 /Users/runner/work/red-pen-ios/red-pen-ios/ios/RedPen/Shared/FigureGrid.swift (in target 'RedPen' from project 'RedPen')
    cd /Users/runner/work/red-pen-ios/red-pen-ios/ios
    

SwiftCompile normal arm64 /Users/runner/work/red-pen-ios/red-pen-ios/ios/RedPen/Features/Narrate/FixWordSheet.swift (in target 'RedPen' from project 'RedPen')
    cd /Users/runner/work/red-pen-ios/red-pen-ios/ios
    

SwiftCompile normal arm64 /Users/runner/work/red-pen-ios/red-pen-ios/ios/RedPen/Shared/GemmaDownload.swift (in target 'RedPen' from project 'RedPen')
    cd /Users/runner/work/red-pen-ios/red-pen-ios/ios
    

SwiftCompile normal arm64 /Users/runner/work/red-pen-ios/red-pen-ios/ios/RedPen/Shared/GemmaGenerate.swift (in target 'RedPen' from project 'RedPen')
    cd /Users/runner/work/red-pen-ios/red-pen-ios/ios
    
/Users/runner/work/red-pen-ios/red-pen-ios/ios/RedPen/Shared/GemmaGenerate.swift:73:44: warning: no 'async' operations occur within 'await' expression
                for try await chunk in try await llm.textStream(from: input) {
                                           ^
/Users/runner/work/red-pen-ios/red-pen-ios/ios/RedPen/Shared/GemmaGenerate.swift:108:36: warning: no 'async' operations occur within 'await' expression
        for try await chunk in try await llm.textStream(from: input) {
                                   ^

SwiftCompile normal arm64 /Users/runner/work/red-pen-ios/red-pen-ios/ios/RedPen/Shared/GemmaModel.swift (in target 'RedPen' from project 'RedPen')
    cd /Users/runner/work/red-pen-ios/red-pen-ios/ios
    
/Users/runner/work/red-pen-ios/red-pen-ios/ios/RedPen/Shared/GemmaModel.swift:76:22: warning: left side of nil coalescing operator '??' has non-optional type 'Int64', so the right side is never used
        return (size ?? 0) > Int64(Double(approxSize) * 0.9)
                ~~~~~^~~~
                    

SwiftCompile normal arm64 /Users/runner/work/red-pen-ios/red-pen-ios/ios/RedPen/Shared/Highlight.swift (in target 'RedPen' from project 'RedPen')
    cd /Users/runner/work/red-pen-ios/red-pen-ios/ios
    

SwiftCompile normal arm64 /Users/runner/work/red-pen-ios/red-pen-ios/ios/RedPen/Shared/ImageSpoiler.swift (in target 'RedPen' from project 'RedPen')
    cd /Users/runner/work/red-pen-ios/red-pen-ios/ios
    

SwiftCompile normal arm64 /Users/runner/work/red-pen-ios/red-pen-ios/ios/RedPen/Persistence/Keychain.swift (in target 'RedPen' from project 'RedPen')
    cd /Users/runner/work/red-pen-ios/red-pen-ios/ios
    

SwiftCompile normal arm64 /Users/runner/work/red-pen-ios/red-pen-ios/ios/RedPen/Shared/LectureAudio.swift (in target 'RedPen' from project 'RedPen')
    cd /Users/runner/work/red-pen-ios/red-pen-ios/ios
    

SwiftCompile normal arm64 /Users/runner/work/red-pen-ios/red-pen-ios/ios/RedPen/Features/Narrate/LectureImporter.swift (in target 'RedPen' from project 'RedPen')
    cd /Users/runner/work/red-pen-ios/red-pen-ios/ios
    

SwiftCompile normal arm64 /Users/runner/work/red-pen-ios/red-pen-ios/ios/RedPen/Features/Library/LecturePDFSection.swift (in target 'RedPen' from project 'RedPen')
    cd /Users/runner/work/red-pen-ios/red-pen-ios/ios
    

SwiftCompile normal arm64 /Users/runner/work/red-pen-ios/red-pen-ios/ios/RedPen/Shared/LecturePlayer.swift (in target 'RedPen' from project 'RedPen')
    cd /Users/runner/work/red-pen-ios/red-pen-ios/ios
    

SwiftCompile normal arm64 /Users/runner/work/red-pen-ios/red-pen-ios/ios/RedPen/Shared/LectureTranscriber.swift (in target 'RedPen' from project 'RedPen')
    cd /Users/runner/work/red-pen-ios/red-pen-ios/ios
    

SwiftCompile normal arm64 /Users/runner/work/red-pen-ios/red-pen-ios/ios/RedPen/Features/Library/LibraryChrome.swift (in target 'RedPen' from project 'RedPen')
    cd /Users/runner/work/red-pen-ios/red-pen-ios/ios
    

SwiftCompile normal arm64 /Users/runner/work/red-pen-ios/red-pen-ios/ios/RedPen/Features/Library/LibraryRows.swift (in target 'RedPen' from project 'RedPen')
    cd /Users/runner/work/red-pen-ios/red-pen-ios/ios
    

SwiftCompile normal arm64 /Users/runner/work/red-pen-ios/red-pen-ios/ios/RedPen/Features/Library/LibrarySheets.swift (in target 'RedPen' from project 'RedPen')
    cd /Users/runner/work/red-pen-ios/red-pen-ios/ios
    

SwiftDriverJobDiscovery normal arm64 Compiling Model.swift, Multimodal.swift, Parameter.swift, Sampler.swift, Token.swift, ToolExecution.swift, Utility.swift, stb_image.swift (in target 'LocalLLMClientLlama' from project 'LocalLLMClient')

SwiftCompile normal arm64 Compiling\ LibraryView.swift,\ LiquidGlass.swift,\ MCQCoverage.swift,\ MCQEdit.swift,\ MCQGenerateForm.swift,\ MCQGenerator.swift,\ MCQPrompt.swift,\ MCQQuestion.swift,\ MCQQuizView.swift,\ MCQSummaryView.swift,\ ModeTabs.swift,\ NarrateAudioBar.swift,\ NarrateReading.swift,\ NarrateReviewView.swift,\ NarrateSegment.swift,\ NarrateWordFlow.swift,\ NewSetView.swift,\ OfficeIngest.swift,\ OnDeviceLearning.swift,\ OsceChecklist.swift,\ OsceGenerateSection.swift,\ OsceGenerator.swift,\ OsceReviewView.swift /Users/runner/work/red-pen-ios/red-pen-ios/ios/RedPen/Features/Library/LibraryView.swift /Users/runner/work/red-pen-ios/red-pen-ios/ios/RedPen/Shared/LiquidGlass.swift /Users/runner/work/red-pen-ios/red-pen-ios/ios/RedPen/Shared/MCQCoverage.swift /Users/runner/work/red-pen-ios/red-pen-ios/ios/RedPen/Shared/MCQEdit.swift /Users/runner/work/red-pen-ios/red-pen-ios/ios/RedPen/Features/Library/MCQGenerateForm.swift /Users/runner/work/red-pen-ios/red-pen-ios/ios/RedPen/Shared/MCQGenerator.swift /Users/runner/work/red-pen-ios/red-pen-ios/ios/RedPen/Shared/MCQPrompt.swift /Users/runner/work/red-pen-ios/red-pen-ios/ios/RedPen/Models/MCQQuestion.swift /Users/runner/work/red-pen-ios/red-pen-ios/ios/RedPen/Features/MCQ/MCQQuizView.swift /Users/runner/work/red-pen-ios/red-pen-ios/ios/RedPen/Features/MCQ/MCQSummaryView.swift /Users/runner/work/red-pen-ios/red-pen-ios/ios/RedPen/Features/Library/ModeTabs.swift /Users/runner/work/red-pen-ios/red-pen-ios/ios/RedPen/Features/Narrate/NarrateAudioBar.swift /Users/runner/work/red-pen-ios/red-pen-ios/ios/RedPen/Features/Narrate/NarrateReading.swift /Users/runner/work/red-pen-ios/red-pen-ios/ios/RedPen/Features/Narrate/NarrateReviewView.swift /Users/runner/work/red-pen-ios/red-pen-ios/ios/RedPen/Models/NarrateSegment.swift /Users/runner/work/red-pen-ios/red-pen-ios/ios/RedPen/Features/Narrate/NarrateWordFlow.swift /Users/runner/work/red-pen-ios/red-pen-ios/ios/RedPen/Features/Library/NewSetView.swift /Users/runner/work/red-pen-ios/red-pen-ios/ios/RedPen/Shared/OfficeIngest.swift /Users/runner/work/red-pen-ios/red-pen-ios/ios/RedPen/Shared/OnDeviceLearning.swift /Users/runner/work/red-pen-ios/red-pen-ios/ios/RedPen/Models/OsceChecklist.swift /Users/runner/work/red-pen-ios/red-pen-ios/ios/RedPen/Features/OSCE/OsceGenerateSection.swift /Users/runner/work/red-pen-ios/red-pen-ios/ios/RedPen/Shared/OsceGenerator.swift /Users/runner/work/red-pen-ios/red-pen-ios/ios/RedPen/Features/OSCE/OsceReviewView.swift (in target 'RedPen' from project 'RedPen')

SwiftCompile normal arm64 /Users/runner/work/red-pen-ios/red-pen-ios/ios/RedPen/Features/Library/LibraryView.swift (in target 'RedPen' from project 'RedPen')
    cd /Users/runner/work/red-pen-ios/red-pen-ios/ios
    

SwiftCompile normal arm64 /Users/runner/work/red-pen-ios/red-pen-ios/ios/RedPen/Shared/LiquidGlass.swift (in target 'RedPen' from project 'RedPen')
    cd /Users/runner/work/red-pen-ios/red-pen-ios/ios
    

SwiftCompile normal arm64 /Users/runner/work/red-pen-ios/red-pen-ios/ios/RedPen/Shared/MCQCoverage.swift (in target 'RedPen' from project 'RedPen')
    cd /Users/runner/work/red-pen-ios/red-pen-ios/ios
    

SwiftCompile normal arm64 /Users/runner/work/red-pen-ios/red-pen-ios/ios/RedPen/Shared/MCQEdit.swift (in target 'RedPen' from project 'RedPen')
    cd /Users/runner/work/red-pen-ios/red-pen-ios/ios
    

SwiftCompile normal arm64 /Users/runner/work/red-pen-ios/red-pen-ios/ios/RedPen/Features/Library/MCQGenerateForm.swift (in target 'RedPen' from project 'RedPen')
    cd /Users/runner/work/red-pen-ios/red-pen-ios/ios
    

SwiftCompile normal arm64 /Users/runner/work/red-pen-ios/red-pen-ios/ios/RedPen/Shared/MCQGenerator.swift (in target 'RedPen' from project 'RedPen')
    cd /Users/runner/work/red-pen-ios/red-pen-ios/ios
    

SwiftCompile normal arm64 /Users/runner/work/red-pen-ios/red-pen-ios/ios/RedPen/Shared/MCQPrompt.swift (in target 'RedPen' from project 'RedPen')
    cd /Users/runner/work/red-pen-ios/red-pen-ios/ios
    

SwiftCompile normal arm64 /Users/runner/work/red-pen-ios/red-pen-ios/ios/RedPen/Models/MCQQuestion.swift (in target 'RedPen' from project 'RedPen')
    cd /Users/runner/work/red-pen-ios/red-pen-ios/ios
    

SwiftCompile normal arm64 /Users/runner/work/red-pen-ios/red-pen-ios/ios/RedPen/Features/MCQ/MCQQuizView.swift (in target 'RedPen' from project 'RedPen')
    cd /Users/runner/work/red-pen-ios/red-pen-ios/ios
    

SwiftCompile normal arm64 /Users/runner/work/red-pen-ios/red-pen-ios/ios/RedPen/Features/MCQ/MCQSummaryView.swift (in target 'RedPen' from project 'RedPen')
    cd /Users/runner/work/red-pen-ios/red-pen-ios/ios
    

SwiftCompile normal arm64 /Users/runner/work/red-pen-ios/red-pen-ios/ios/RedPen/Features/Library/ModeTabs.swift (in target 'RedPen' from project 'RedPen')
    cd /Users/runner/work/red-pen-ios/red-pen-ios/ios
    

SwiftCompile normal arm64 /Users/runner/work/red-pen-ios/red-pen-ios/ios/RedPen/Features/Narrate/NarrateAudioBar.swift (in target 'RedPen' from project 'RedPen')
    cd /Users/runner/work/red-pen-ios/red-pen-ios/ios
    

SwiftCompile normal arm64 /Users/runner/work/red-pen-ios/red-pen-ios/ios/RedPen/Features/Narrate/NarrateReading.swift (in target 'RedPen' from project 'RedPen')
    cd /Users/runner/work/red-pen-ios/red-pen-ios/ios
    

SwiftCompile normal arm64 /Users/runner/work/red-pen-ios/red-pen-ios/ios/RedPen/Features/Narrate/NarrateReviewView.swift (in target 'RedPen' from project 'RedPen')
    cd /Users/runner/work/red-pen-ios/red-pen-ios/ios
    

SwiftCompile normal arm64 /Users/runner/work/red-pen-ios/red-pen-ios/ios/RedPen/Models/NarrateSegment.swift (in target 'RedPen' from project 'RedPen')
    cd /Users/runner/work/red-pen-ios/red-pen-ios/ios
    

SwiftCompile normal arm64 /Users/runner/work/red-pen-ios/red-pen-ios/ios/RedPen/Features/Narrate/NarrateWordFlow.swift (in target 'RedPen' from project 'RedPen')
    cd /Users/runner/work/red-pen-ios/red-pen-ios/ios
    

SwiftCompile normal arm64 /Users/runner/work/red-pen-ios/red-pen-ios/ios/RedPen/Features/Library/NewSetView.swift (in target 'RedPen' from project 'RedPen')
    cd /Users/runner/work/red-pen-ios/red-pen-ios/ios
    

SwiftCompile normal arm64 /Users/runner/work/red-pen-ios/red-pen-ios/ios/RedPen/Shared/OfficeIngest.swift (in target 'RedPen' from project 'RedPen')
    cd /Users/runner/work/red-pen-ios/red-pen-ios/ios
    

SwiftCompile normal arm64 /Users/runner/work/red-pen-ios/red-pen-ios/ios/RedPen/Shared/OnDeviceLearning.swift (in target 'RedPen' from project 'RedPen')
    cd /Users/runner/work/red-pen-ios/red-pen-ios/ios
    

SwiftCompile normal arm64 /Users/runner/work/red-pen-ios/red-pen-ios/ios/RedPen/Models/OsceChecklist.swift (in target 'RedPen' from project 'RedPen')
    cd /Users/runner/work/red-pen-ios/red-pen-ios/ios
    

SwiftCompile normal arm64 /Users/runner/work/red-pen-ios/red-pen-ios/ios/RedPen/Features/OSCE/OsceGenerateSection.swift (in target 'RedPen' from project 'RedPen')
    cd /Users/runner/work/red-pen-ios/red-pen-ios/ios
    

SwiftCompile normal arm64 /Users/runner/work/red-pen-ios/red-pen-ios/ios/RedPen/Shared/OsceGenerator.swift (in target 'RedPen' from project 'RedPen')
    cd /Users/runner/work/red-pen-ios/red-pen-ios/ios
    

SwiftCompile normal arm64 /Users/runner/work/red-pen-ios/red-pen-ios/ios/RedPen/Features/OSCE/OsceReviewView.swift (in target 'RedPen' from project 'RedPen')
    cd /Users/runner/work/red-pen-ios/red-pen-ios/ios
    

LinkAssetCatalog /Users/runner/work/red-pen-ios/red-pen-ios/ios/RedPen/Assets.xcassets (in target 'RedPen' from project 'RedPen')
    cd /Users/runner/work/red-pen-ios/red-pen-ios/ios
    builtin-linkAssetCatalog --thinned /Users/runner/work/red-pen-ios/red-pen-ios/ios/build/Build/Intermediates.noindex/RedPen.build/Debug-iphonesimulator/RedPen.build/assetcatalog_output/thinned --thinned-dependencies /Users/runner/work/red-pen-ios/red-pen-ios/ios/build/Build/Intermediates.noindex/RedPen.build/Debug-iphonesimulator/RedPen.build/assetcatalog_dependencies_thinned --thinned-info-plist-content /Users/runner/work/red-pen-ios/red-pen-ios/ios/build/Build/Intermediates.noindex/RedPen.build/Debug-iphonesimulator/RedPen.build/assetcatalog_generated_info.plist_thinned --unthinned /Users/runner/work/red-pen-ios/red-pen-ios/ios/build/Build/Intermediates.noindex/RedPen.build/Debug-iphonesimulator/RedPen.build/assetcatalog_output/unthinned --unthinned-dependencies /Users/runner/work/red-pen-ios/red-pen-ios/ios/build/Build/Intermediates.noindex/RedPen.build/Debug-iphonesimulator/RedPen.build/assetcatalog_dependencies_unthinned --unthinned-info-plist-content /Users/runner/work/red-pen-ios/red-pen-ios/ios/build/Build/Intermediates.noindex/RedPen.build/Debug-iphonesimulator/RedPen.build/assetcatalog_generated_info.plist_unthinned --output /Users/runner/work/red-pen-ios/red-pen-ios/ios/build/Build/Products/Debug-iphonesimulator/RedPen.app --plist-output /Users/runner/work/red-pen-ios/red-pen-ios/ios/build/Build/Intermediates.noindex/RedPen.build/Debug-iphonesimulator/RedPen.build/assetcatalog_generated_info.plist
note: Emplaced /Users/runner/work/red-pen-ios/red-pen-ios/ios/build/Build/Products/Debug-iphonesimulator/RedPen.app/AppIcon60x60@2x.png (in target 'RedPen' from project 'RedPen')
note: Emplaced /Users/runner/work/red-pen-ios/red-pen-ios/ios/build/Build/Products/Debug-iphonesimulator/RedPen.app/Assets.car (in target 'RedPen' from project 'RedPen')
note: Emplaced /Users/runner/work/red-pen-ios/red-pen-ios/ios/build/Build/Products/Debug-iphonesimulator/RedPen.app/AppIcon76x76@2x~ipad.png (in target 'RedPen' from project 'RedPen')

SwiftDriverJobDiscovery normal arm64 Emitting module for RedPen (in target 'RedPen' from project 'RedPen')

SwiftDriver\ Compilation\ Requirements RedPen normal arm64 com.apple.xcode.tools.swift.compiler (in target 'RedPen' from project 'RedPen')
    cd /Users/runner/work/red-pen-ios/red-pen-ios/ios
    builtin-Swift-Compilation-Requirements -- /Applications/Xcode_26.6.app/Contents/Developer/Toolchains/XcodeDefault.xctoolchain/usr/bin/swiftc -module-name RedPen -Onone @/Users/runner/work/red-pen-ios/red-pen-ios/ios/build/Build/Intermediates.noindex/RedPen.build/Debug-iphonesimulator/RedPen.build/Objects-normal/arm64/RedPen.SwiftFileList -DDEBUG -cxx-interoperability-mode\=default -enable-bare-slash-regex -enable-experimental-feature DebugDescriptionMacro -sdk /Applications/Xcode_26.6.app/Contents/Developer/Platforms/iPhoneSimulator.platform/Developer/SDKs/iPhoneSimulator26.5.sdk -target arm64-apple-ios26.0-simulator -g -module-cache-path /Users/runner/work/red-pen-ios/red-pen-ios/ios/build/ModuleCache.noindex -Xfrontend -serialize-debugging-options -enable-testing -index-store-path /Users/runner/work/red-pen-ios/red-pen-ios/ios/build/Index.noindex/DataStore -Xcc -D_LIBCPP_HARDENING_MODE\=_LIBCPP_HARDENING_MODE_DEBUG -swift-version 5 -I /Users/runner/work/red-pen-ios/red-pen-ios/ios/build/Build/Products/Debug-iphonesimulator -F /Users/runner/work/red-pen-ios/red-pen-ios/ios/build/Build/Products/Debug-iphonesimulator/PackageFrameworks -F /Users/runner/work/red-pen-ios/red-pen-ios/ios/build/Build/Products/Debug-iphonesimulator/PackageFrameworks -F /Users/runner/work/red-pen-ios/red-pen-ios/ios/build/Build/Products/Debug-iphonesimulator/PackageFrameworks -F /Users/runner/work/red-pen-ios/red-pen-ios/ios/build/Build/Products/Debug-iphonesimulator/PackageFrameworks -F /Users/runner/work/red-pen-ios/red-pen-ios/ios/build/Build/Products/Debug-iphonesimulator/PackageFrameworks -F /Users/runner/work/red-pen-ios/red-pen-ios/ios/build/Build/Products/Debug-iphonesimulator/PackageFrameworks -F /Users/runner/work/red-pen-ios/red-pen-ios/ios/build/Build/Products/Debug-iphonesimulator/PackageFrameworks -F /Users/runner/work/red-pen-ios/red-pen-ios/ios/build/Build/Products/Debug-iphonesimulator/PackageFrameworks -F /Users/runner/work/red-pen-ios/red-pen-ios/ios/build/Build/Products/Debug-iphonesimulator/PackageFrameworks -F /Users/runner/work/red-pen-ios/red-pen-ios/ios/build/Build/Products/Debug-iphonesimulator -Xfrontend -load-plugin-executable -Xfrontend /Users/runner/work/red-pen-ios/red-pen-ios/ios/build/Build/Products/Debug/LocalLLMClientMacrosPlugin\#LocalLLMClientMacrosPlugin -c -j3 -enable-batch-mode -incremental -Xcc -ivfsstatcache -Xcc /Users/runner/work/red-pen-ios/red-pen-ios/ios/build/SDKStatCaches.noindex/iphonesimulator26.5-23F81a-688ef53f1462e2c8f657fdc38a81448ff45c64a1807a658693f2a61704f17a36.sdkstatcache -output-file-map /Users/runner/work/red-pen-ios/red-pen-ios/ios/build/Build/Intermediates.noindex/RedPen.build/Debug-iphonesimulator/RedPen.build/Objects-normal/arm64/RedPen-OutputFileMap.json -use-frontend-parseable-output -save-temps -no-color-diagnostics -serialize-diagnostics -emit-dependencies -emit-module -emit-module-path /Users/runner/work/red-pen-ios/red-pen-ios/ios/build/Build/Intermediates.noindex/RedPen.build/Debug-iphonesimulator/RedPen.build/Objects-normal/arm64/RedPen.swiftmodule -validate-clang-modules-once -clang-build-session-file /Users/runner/work/red-pen-ios/red-pen-ios/ios/build/ModuleCache.noindex/Session.modulevalidation -Xcc -I/Users/runner/work/red-pen-ios/red-pen-ios/ios/build/Build/Intermediates.noindex/RedPen.build/Debug-iphonesimulator/RedPen.build/swift-overrides.hmap -emit-const-values -Xfrontend -const-gather-protocols-file -Xfrontend /Users/runner/work/red-pen-ios/red-pen-ios/ios/build/Build/Intermediates.noindex/RedPen.build/Debug-iphonesimulator/RedPen.build/Objects-normal/arm64/RedPen_const_extract_protocols.json -Xcc -iquote -Xcc /Users/runner/work/red-pen-ios/red-pen-ios/ios/build/Build/Intermediates.noindex/RedPen.build/Debug-iphonesimulator/RedPen.build/RedPen-generated-files.hmap -Xcc -I/Users/runner/work/red-pen-ios/red-pen-ios/ios/build/Build/Intermediates.noindex/RedPen.build/Debug-iphonesimulator/RedPen.build/RedPen-own-target-headers.hmap -Xcc -I/Users/runner/work/red-pen-ios/red-pen-ios/ios/build/Build/Intermediates.noindex/RedPen.build/Debug-iphonesimulator/RedPen.build/RedPen-all-non-framework-target-headers.hmap -Xcc -ivfsoverlay -Xcc /Users/runner/work/red-pen-ios/red-pen-ios/ios/build/Build/Intermediates.noindex/RedPen.build/Debug-iphonesimulator/RedPen-599707e14dd5256a6604c828c0c573bf-VFS-iphonesimulator/all-product-headers.yaml -Xcc -iquote -Xcc /Users/runner/work/red-pen-ios/red-pen-ios/ios/build/Build/Intermediates.noindex/RedPen.build/Debug-iphonesimulator/RedPen.build/RedPen-project-headers.hmap -Xcc -I/Users/runner/work/red-pen-ios/red-pen-ios/ios/build/SourcePackages/checkouts/LocalLLMClient/Sources/LocalLLMClientLlamaC/include -Xcc -I/Users/runner/work/red-pen-ios/red-pen-ios/ios/build/Build/Products/Debug-iphonesimulator/include -Xcc -I/Users/runner/work/red-pen-ios/red-pen-ios/ios/build/Build/Intermediates.noindex/RedPen.build/Debug-iphonesimulator/RedPen.build/DerivedSources-normal/arm64 -Xcc -I/Users/runner/work/red-pen-ios/red-pen-ios/ios/build/Build/Intermediates.noindex/RedPen.build/Debug-iphonesimulator/RedPen.build/DerivedSources/arm64 -Xcc -I/Users/runner/work/red-pen-ios/red-pen-ios/ios/build/Build/Intermediates.noindex/RedPen.build/Debug-iphonesimulator/RedPen.build/DerivedSources -Xcc -DDEBUG\=1 -emit-objc-header -emit-objc-header-path /Users/runner/work/red-pen-ios/red-pen-ios/ios/build/Build/Intermediates.noindex/RedPen.build/Debug-iphonesimulator/RedPen.build/Objects-normal/arm64/RedPen-Swift.h -working-directory /Users/runner/work/red-pen-ios/red-pen-ios/ios -experimental-emit-module-separately -disable-cmo

SwiftCompile normal arm64 Compiling\ SourceDoc.swift,\ SourceFiles.swift,\ SourceIngest.swift,\ SourcePageReader.swift,\ SourcePreviewView.swift,\ SourceSearch.swift,\ SourceText.swift,\ Store.swift,\ StoreSync.swift,\ StudySet.swift,\ SubscriptionStore.swift,\ SyncAPI.swift,\ SyncDoc.swift,\ SyncDocuments.swift,\ SyncEngine.swift,\ SyncMerge.swift,\ SyncPush.swift,\ SyncState.swift,\ Theme.swift,\ WordTiming.swift,\ Zip.swift,\ GeneratedAssetSymbols.swift /Users/runner/work/red-pen-ios/red-pen-ios/ios/RedPen/Models/SourceDoc.swift /Users/runner/work/red-pen-ios/red-pen-ios/ios/RedPen/Persistence/SourceFiles.swift /Users/runner/work/red-pen-ios/red-pen-ios/ios/RedPen/Shared/SourceIngest.swift /Users/runner/work/red-pen-ios/red-pen-ios/ios/RedPen/Features/Sources/SourcePageReader.swift /Users/runner/work/red-pen-ios/red-pen-ios/ios/RedPen/Features/Sources/SourcePreviewView.swift /Users/runner/work/red-pen-ios/red-pen-ios/ios/RedPen/Shared/SourceSearch.swift /Users/runner/work/red-pen-ios/red-pen-ios/ios/RedPen/Shared/SourceText.swift /Users/runner/work/red-pen-ios/red-pen-ios/ios/RedPen/Persistence/Store.swift /Users/runner/work/red-pen-ios/red-pen-ios/ios/RedPen/Persistence/StoreSync.swift /Users/runner/work/red-pen-ios/red-pen-ios/ios/RedPen/Models/StudySet.swift /Users/runner/work/red-pen-ios/red-pen-ios/ios/RedPen/Shared/SubscriptionStore.swift /Users/runner/work/red-pen-ios/red-pen-ios/ios/RedPen/Shared/SyncAPI.swift /Users/runner/work/red-pen-ios/red-pen-ios/ios/RedPen/Models/SyncDoc.swift /Users/runner/work/red-pen-ios/red-pen-ios/ios/RedPen/Shared/SyncDocuments.swift /Users/runner/work/red-pen-ios/red-pen-ios/ios/RedPen/Persistence/SyncEngine.swift /Users/runner/work/red-pen-ios/red-pen-ios/ios/RedPen/Shared/SyncMerge.swift /Users/runner/work/red-pen-ios/red-pen-ios/ios/RedPen/Persistence/SyncPush.swift /Users/runner/work/red-pen-ios/red-pen-ios/ios/RedPen/Persistence/SyncState.swift /Users/runner/work/red-pen-ios/red-pen-ios/ios/RedPen/Shared/Theme.swift /Users/runner/work/red-pen-ios/red-pen-ios/ios/RedPen/Shared/WordTiming.swift /Users/runner/work/red-pen-ios/red-pen-ios/ios/RedPen/Shared/Zip.swift /Users/runner/work/red-pen-ios/red-pen-ios/ios/build/Build/Intermediates.noindex/RedPen.build/Debug-iphonesimulator/RedPen.build/DerivedSources/GeneratedAssetSymbols.swift (in target 'RedPen' from project 'RedPen')
SwiftCompile normal arm64 /Users/runner/work/red-pen-ios/red-pen-ios/ios/RedPen/Models/SourceDoc.swift (in target 'RedPen' from project 'RedPen')
    cd /Users/runner/work/red-pen-ios/red-pen-ios/ios
    

SwiftCompile normal arm64 /Users/runner/work/red-pen-ios/red-pen-ios/ios/RedPen/Persistence/SourceFiles.swift (in target 'RedPen' from project 'RedPen')
    cd /Users/runner/work/red-pen-ios/red-pen-ios/ios
    

SwiftCompile normal arm64 /Users/runner/work/red-pen-ios/red-pen-ios/ios/RedPen/Shared/SourceIngest.swift (in target 'RedPen' from project 'RedPen')
    cd /Users/runner/work/red-pen-ios/red-pen-ios/ios
    

SwiftCompile normal arm64 /Users/runner/work/red-pen-ios/red-pen-ios/ios/RedPen/Features/Sources/SourcePageReader.swift (in target 'RedPen' from project 'RedPen')
    cd /Users/runner/work/red-pen-ios/red-pen-ios/ios
    

SwiftCompile normal arm64 /Users/runner/work/red-pen-ios/red-pen-ios/ios/RedPen/Features/Sources/SourcePreviewView.swift (in target 'RedPen' from project 'RedPen')
    cd /Users/runner/work/red-pen-ios/red-pen-ios/ios
    
/Users/runner/work/red-pen-ios/red-pen-ios/ios/RedPen/Features/Sources/SourcePreviewView.swift:235:76: warning: '+' was deprecated in iOS 26.0: Use string interpolation on `Text` instead: `Text("Hello \(name)")`
        return Text(before) + Text(match).bold().foregroundColor(modeTint) + Text(after)
                                                                           ^
/Users/runner/work/red-pen-ios/red-pen-ios/ios/RedPen/Features/Sources/SourcePreviewView.swift:235:29: warning: '+' was deprecated in iOS 26.0: Use string interpolation on `Text` instead: `Text("Hello \(name)")`
        return Text(before) + Text(match).bold().foregroundColor(modeTint) + Text(after)
                            ^

SwiftCompile normal arm64 /Users/runner/work/red-pen-ios/red-pen-ios/ios/RedPen/Shared/SourceSearch.swift (in target 'RedPen' from project 'RedPen')
    cd /Users/runner/work/red-pen-ios/red-pen-ios/ios
    

SwiftCompile normal arm64 /Users/runner/work/red-pen-ios/red-pen-ios/ios/RedPen/Shared/SourceText.swift (in target 'RedPen' from project 'RedPen')
    cd /Users/runner/work/red-pen-ios/red-pen-ios/ios
    

SwiftCompile normal arm64 /Users/runner/work/red-pen-ios/red-pen-ios/ios/RedPen/Persistence/Store.swift (in target 'RedPen' from project 'RedPen')
    cd /Users/runner/work/red-pen-ios/red-pen-ios/ios
    

SwiftCompile normal arm64 /Users/runner/work/red-pen-ios/red-pen-ios/ios/RedPen/Persistence/StoreSync.swift (in target 'RedPen' from project 'RedPen')
    cd /Users/runner/work/red-pen-ios/red-pen-ios/ios
    

SwiftCompile normal arm64 /Users/runner/work/red-pen-ios/red-pen-ios/ios/RedPen/Models/StudySet.swift (in target 'RedPen' from project 'RedPen')
    cd /Users/runner/work/red-pen-ios/red-pen-ios/ios
    

SwiftCompile normal arm64 /Users/runner/work/red-pen-ios/red-pen-ios/ios/RedPen/Shared/SubscriptionStore.swift (in target 'RedPen' from project 'RedPen')
    cd /Users/runner/work/red-pen-ios/red-pen-ios/ios
    

SwiftCompile normal arm64 /Users/runner/work/red-pen-ios/red-pen-ios/ios/RedPen/Shared/SyncAPI.swift (in target 'RedPen' from project 'RedPen')
    cd /Users/runner/work/red-pen-ios/red-pen-ios/ios
    

SwiftCompile normal arm64 /Users/runner/work/red-pen-ios/red-pen-ios/ios/RedPen/Models/SyncDoc.swift (in target 'RedPen' from project 'RedPen')
    cd /Users/runner/work/red-pen-ios/red-pen-ios/ios
    

SwiftCompile normal arm64 /Users/runner/work/red-pen-ios/red-pen-ios/ios/RedPen/Shared/SyncDocuments.swift (in target 'RedPen' from project 'RedPen')
    cd /Users/runner/work/red-pen-ios/red-pen-ios/ios
    

SwiftCompile normal arm64 /Users/runner/work/red-pen-ios/red-pen-ios/ios/RedPen/Persistence/SyncEngine.swift (in target 'RedPen' from project 'RedPen')
    cd /Users/runner/work/red-pen-ios/red-pen-ios/ios
    

SwiftCompile normal arm64 /Users/runner/work/red-pen-ios/red-pen-ios/ios/RedPen/Shared/SyncMerge.swift (in target 'RedPen' from project 'RedPen')
    cd /Users/runner/work/red-pen-ios/red-pen-ios/ios
    

SwiftCompile normal arm64 /Users/runner/work/red-pen-ios/red-pen-ios/ios/RedPen/Persistence/SyncPush.swift (in target 'RedPen' from project 'RedPen')
    cd /Users/runner/work/red-pen-ios/red-pen-ios/ios
    

SwiftCompile normal arm64 /Users/runner/work/red-pen-ios/red-pen-ios/ios/RedPen/Persistence/SyncState.swift (in target 'RedPen' from project 'RedPen')
    cd /Users/runner/work/red-pen-ios/red-pen-ios/ios
    

SwiftCompile normal arm64 /Users/runner/work/red-pen-ios/red-pen-ios/ios/RedPen/Shared/Theme.swift (in target 'RedPen' from project 'RedPen')
    cd /Users/runner/work/red-pen-ios/red-pen-ios/ios
    

SwiftCompile normal arm64 /Users/runner/work/red-pen-ios/red-pen-ios/ios/RedPen/Shared/WordTiming.swift (in target 'RedPen' from project 'RedPen')
    cd /Users/runner/work/red-pen-ios/red-pen-ios/ios
    

SwiftCompile normal arm64 /Users/runner/work/red-pen-ios/red-pen-ios/ios/RedPen/Shared/Zip.swift (in target 'RedPen' from project 'RedPen')
    cd /Users/runner/work/red-pen-ios/red-pen-ios/ios
    

SwiftCompile normal arm64 /Users/runner/work/red-pen-ios/red-pen-ios/ios/build/Build/Intermediates.noindex/RedPen.build/Debug-iphonesimulator/RedPen.build/DerivedSources/GeneratedAssetSymbols.swift (in target 'RedPen' from project 'RedPen')
    cd /Users/runner/work/red-pen-ios/red-pen-ios/ios
    

SwiftMergeGeneratedHeaders /Users/runner/work/red-pen-ios/red-pen-ios/ios/build/Build/Intermediates.noindex/RedPen.build/Debug-iphonesimulator/RedPen.build/DerivedSources/RedPen-Swift.h /Users/runner/work/red-pen-ios/red-pen-ios/ios/build/Build/Intermediates.noindex/RedPen.build/Debug-iphonesimulator/RedPen.build/Objects-normal/arm64/RedPen-Swift.h (in target 'RedPen' from project 'RedPen')
    cd /Users/runner/work/red-pen-ios/red-pen-ios/ios
    builtin-swiftHeaderTool -arch arm64 /Users/runner/work/red-pen-ios/red-pen-ios/ios/build/Build/Intermediates.noindex/RedPen.build/Debug-iphonesimulator/RedPen.build/Objects-normal/arm64/RedPen-Swift.h -o /Users/runner/work/red-pen-ios/red-pen-ios/ios/build/Build/Intermediates.noindex/RedPen.build/Debug-iphonesimulator/RedPen.build/DerivedSources/RedPen-Swift.h

SwiftDriverJobDiscovery normal arm64 Compiling LibraryView.swift, LiquidGlass.swift, MCQCoverage.swift, MCQEdit.swift, MCQGenerateForm.swift, MCQGenerator.swift, MCQPrompt.swift, MCQQuestion.swift, MCQQuizView.swift, MCQSummaryView.swift, ModeTabs.swift, NarrateAudioBar.swift, NarrateReading.swift, NarrateReviewView.swift, NarrateSegment.swift, NarrateWordFlow.swift, NewSetView.swift, OfficeIngest.swift, OnDeviceLearning.swift, OsceChecklist.swift, OsceGenerateSection.swift, OsceGenerator.swift, OsceReviewView.swift (in target 'RedPen' from project 'RedPen')

Copy /Users/runner/work/red-pen-ios/red-pen-ios/ios/build/Build/Products/Debug-iphonesimulator/RedPen.swiftmodule/arm64-apple-ios-simulator.swiftmodule /Users/runner/work/red-pen-ios/red-pen-ios/ios/build/Build/Intermediates.noindex/RedPen.build/Debug-iphonesimulator/RedPen.build/Objects-normal/arm64/RedPen.swiftmodule (in target 'RedPen' from project 'RedPen')
    cd /Users/runner/work/red-pen-ios/red-pen-ios/ios
    builtin-copy -exclude .DS_Store -exclude CVS -exclude .svn -exclude .git -exclude .hg -resolve-src-symlinks -rename /Users/runner/work/red-pen-ios/red-pen-ios/ios/build/Build/Intermediates.noindex/RedPen.build/Debug-iphonesimulator/RedPen.build/Objects-normal/arm64/RedPen.swiftmodule /Users/runner/work/red-pen-ios/red-pen-ios/ios/build/Build/Products/Debug-iphonesimulator/RedPen.swiftmodule/arm64-apple-ios-simulator.swiftmodule

Copy /Users/runner/work/red-pen-ios/red-pen-ios/ios/build/Build/Products/Debug-iphonesimulator/RedPen.swiftmodule/arm64-apple-ios-simulator.swiftdoc /Users/runner/work/red-pen-ios/red-pen-ios/ios/build/Build/Intermediates.noindex/RedPen.build/Debug-iphonesimulator/RedPen.build/Objects-normal/arm64/RedPen.swiftdoc (in target 'RedPen' from project 'RedPen')
    cd /Users/runner/work/red-pen-ios/red-pen-ios/ios
    builtin-copy -exclude .DS_Store -exclude CVS -exclude .svn -exclude .git -exclude .hg -resolve-src-symlinks -rename /Users/runner/work/red-pen-ios/red-pen-ios/ios/build/Build/Intermediates.noindex/RedPen.build/Debug-iphonesimulator/RedPen.build/Objects-normal/arm64/RedPen.swiftdoc /Users/runner/work/red-pen-ios/red-pen-ios/ios/build/Build/Products/Debug-iphonesimulator/RedPen.swiftmodule/arm64-apple-ios-simulator.swiftdoc

Copy /Users/runner/work/red-pen-ios/red-pen-ios/ios/build/Build/Products/Debug-iphonesimulator/RedPen.swiftmodule/arm64-apple-ios-simulator.abi.json /Users/runner/work/red-pen-ios/red-pen-ios/ios/build/Build/Intermediates.noindex/RedPen.build/Debug-iphonesimulator/RedPen.build/Objects-normal/arm64/RedPen.abi.json (in target 'RedPen' from project 'RedPen')
    cd /Users/runner/work/red-pen-ios/red-pen-ios/ios
    builtin-copy -exclude .DS_Store -exclude CVS -exclude .svn -exclude .git -exclude .hg -resolve-src-symlinks -rename /Users/runner/work/red-pen-ios/red-pen-ios/ios/build/Build/Intermediates.noindex/RedPen.build/Debug-iphonesimulator/RedPen.build/Objects-normal/arm64/RedPen.abi.json /Users/runner/work/red-pen-ios/red-pen-ios/ios/build/Build/Products/Debug-iphonesimulator/RedPen.swiftmodule/arm64-apple-ios-simulator.abi.json

Copy /Users/runner/work/red-pen-ios/red-pen-ios/ios/build/Build/Products/Debug-iphonesimulator/RedPen.swiftmodule/Project/arm64-apple-ios-simulator.swiftsourceinfo /Users/runner/work/red-pen-ios/red-pen-ios/ios/build/Build/Intermediates.noindex/RedPen.build/Debug-iphonesimulator/RedPen.build/Objects-normal/arm64/RedPen.swiftsourceinfo (in target 'RedPen' from project 'RedPen')
    cd /Users/runner/work/red-pen-ios/red-pen-ios/ios
    builtin-copy -exclude .DS_Store -exclude CVS -exclude .svn -exclude .git -exclude .hg -resolve-src-symlinks -rename /Users/runner/work/red-pen-ios/red-pen-ios/ios/build/Build/Intermediates.noindex/RedPen.build/Debug-iphonesimulator/RedPen.build/Objects-normal/arm64/RedPen.swiftsourceinfo /Users/runner/work/red-pen-ios/red-pen-ios/ios/build/Build/Products/Debug-iphonesimulator/RedPen.swiftmodule/Project/arm64-apple-ios-simulator.swiftsourceinfo

SwiftCompile normal arm64 Compiling\ Account.swift,\ AccountStore.swift,\ AccountView.swift,\ AnkiCard.swift,\ AnkiCardFace.swift,\ AnkiReviewView.swift,\ AnkiScheduler.swift,\ ApkgExporter.swift,\ AuthAPI.swift,\ AuthRules.swift,\ BlobCache.swift,\ BlobRefs.swift,\ BookPages.swift,\ BookReaderView.swift,\ Brand.swift,\ CardEditSheets.swift,\ CardQuality.swift,\ CardsEditorView.swift,\ Corrections.swift,\ DeckCard.swift,\ DeckExportIntents.swift,\ DeckPDF.swift,\ DeckPDFBlocks.swift /Users/runner/work/red-pen-ios/red-pen-ios/ios/RedPen/Models/Account.swift /Users/runner/work/red-pen-ios/red-pen-ios/ios/RedPen/Persistence/AccountStore.swift /Users/runner/work/red-pen-ios/red-pen-ios/ios/RedPen/Features/Auth/AccountView.swift /Users/runner/work/red-pen-ios/red-pen-ios/ios/RedPen/Models/AnkiCard.swift /Users/runner/work/red-pen-ios/red-pen-ios/ios/RedPen/Features/Anki/AnkiCardFace.swift /Users/runner/work/red-pen-ios/red-pen-ios/ios/RedPen/Features/Anki/AnkiReviewView.swift /Users/runner/work/red-pen-ios/red-pen-ios/ios/RedPen/Features/Anki/AnkiScheduler.swift /Users/runner/work/red-pen-ios/red-pen-ios/ios/RedPen/Shared/ApkgExporter.swift /Users/runner/work/red-pen-ios/red-pen-ios/ios/RedPen/Shared/AuthAPI.swift /Users/runner/work/red-pen-ios/red-pen-ios/ios/RedPen/Shared/AuthRules.swift /Users/runner/work/red-pen-ios/red-pen-ios/ios/RedPen/Persistence/BlobCache.swift /Users/runner/work/red-pen-ios/red-pen-ios/ios/RedPen/Shared/BlobRefs.swift /Users/runner/work/red-pen-ios/red-pen-ios/ios/RedPen/Shared/BookPages.swift /Users/runner/work/red-pen-ios/red-pen-ios/ios/RedPen/Features/Book/BookReaderView.swift /Users/runner/work/red-pen-ios/red-pen-ios/ios/RedPen/Shared/Brand.swift /Users/runner/work/red-pen-ios/red-pen-ios/ios/RedPen/Features/Library/CardEditSheets.swift /Users/runner/work/red-pen-ios/red-pen-ios/ios/RedPen/Shared/CardQuality.swift /Users/runner/work/red-pen-ios/red-pen-ios/ios/RedPen/Features/Library/CardsEditorView.swift /Users/runner/work/red-pen-ios/red-pen-ios/ios/RedPen/Shared/Corrections.swift /Users/runner/work/red-pen-ios/red-pen-ios/ios/RedPen/Shared/DeckCard.swift /Users/runner/work/red-pen-ios/red-pen-ios/ios/RedPen/Features/Library/DeckExportIntents.swift /Users/runner/work/red-pen-ios/red-pen-ios/ios/RedPen/Shared/DeckPDF.swift /Users/runner/work/red-pen-ios/red-pen-ios/ios/RedPen/Shared/DeckPDFBlocks.swift (in target 'RedPen' from project 'RedPen')
SwiftCompile normal arm64 /Users/runner/work/red-pen-ios/red-pen-ios/ios/RedPen/Models/Account.swift (in target 'RedPen' from project 'RedPen')
    cd /Users/runner/work/red-pen-ios/red-pen-ios/ios
    

SwiftCompile normal arm64 /Users/runner/work/red-pen-ios/red-pen-ios/ios/RedPen/Persistence/AccountStore.swift (in target 'RedPen' from project 'RedPen')
    cd /Users/runner/work/red-pen-ios/red-pen-ios/ios
    

SwiftCompile normal arm64 /Users/runner/work/red-pen-ios/red-pen-ios/ios/RedPen/Features/Auth/AccountView.swift (in target 'RedPen' from project 'RedPen')
    cd /Users/runner/work/red-pen-ios/red-pen-ios/ios
    

SwiftCompile normal arm64 /Users/runner/work/red-pen-ios/red-pen-ios/ios/RedPen/Models/AnkiCard.swift (in target 'RedPen' from project 'RedPen')
    cd /Users/runner/work/red-pen-ios/red-pen-ios/ios
    

SwiftCompile normal arm64 /Users/runner/work/red-pen-ios/red-pen-ios/ios/RedPen/Features/Anki/AnkiCardFace.swift (in target 'RedPen' from project 'RedPen')
    cd /Users/runner/work/red-pen-ios/red-pen-ios/ios
    

SwiftCompile normal arm64 /Users/runner/work/red-pen-ios/red-pen-ios/ios/RedPen/Features/Anki/AnkiReviewView.swift (in target 'RedPen' from project 'RedPen')
    cd /Users/runner/work/red-pen-ios/red-pen-ios/ios
    

SwiftCompile normal arm64 /Users/runner/work/red-pen-ios/red-pen-ios/ios/RedPen/Features/Anki/AnkiScheduler.swift (in target 'RedPen' from project 'RedPen')
    cd /Users/runner/work/red-pen-ios/red-pen-ios/ios
    

SwiftCompile normal arm64 /Users/runner/work/red-pen-ios/red-pen-ios/ios/RedPen/Shared/ApkgExporter.swift (in target 'RedPen' from project 'RedPen')
    cd /Users/runner/work/red-pen-ios/red-pen-ios/ios
    

SwiftCompile normal arm64 /Users/runner/work/red-pen-ios/red-pen-ios/ios/RedPen/Shared/AuthAPI.swift (in target 'RedPen' from project 'RedPen')
    cd /Users/runner/work/red-pen-ios/red-pen-ios/ios
    

SwiftCompile normal arm64 /Users/runner/work/red-pen-ios/red-pen-ios/ios/RedPen/Shared/AuthRules.swift (in target 'RedPen' from project 'RedPen')
    cd /Users/runner/work/red-pen-ios/red-pen-ios/ios
    

SwiftCompile normal arm64 /Users/runner/work/red-pen-ios/red-pen-ios/ios/RedPen/Persistence/BlobCache.swift (in target 'RedPen' from project 'RedPen')
    cd /Users/runner/work/red-pen-ios/red-pen-ios/ios
    

SwiftCompile normal arm64 /Users/runner/work/red-pen-ios/red-pen-ios/ios/RedPen/Shared/BlobRefs.swift (in target 'RedPen' from project 'RedPen')
    cd /Users/runner/work/red-pen-ios/red-pen-ios/ios
    

SwiftCompile normal arm64 /Users/runner/work/red-pen-ios/red-pen-ios/ios/RedPen/Shared/BookPages.swift (in target 'RedPen' from project 'RedPen')
    cd /Users/runner/work/red-pen-ios/red-pen-ios/ios
    

SwiftCompile normal arm64 /Users/runner/work/red-pen-ios/red-pen-ios/ios/RedPen/Features/Book/BookReaderView.swift (in target 'RedPen' from project 'RedPen')
    cd /Users/runner/work/red-pen-ios/red-pen-ios/ios
    

SwiftCompile normal arm64 /Users/runner/work/red-pen-ios/red-pen-ios/ios/RedPen/Shared/Brand.swift (in target 'RedPen' from project 'RedPen')
    cd /Users/runner/work/red-pen-ios/red-pen-ios/ios
    

SwiftCompile normal arm64 /Users/runner/work/red-pen-ios/red-pen-ios/ios/RedPen/Features/Library/CardEditSheets.swift (in target 'RedPen' from project 'RedPen')
    cd /Users/runner/work/red-pen-ios/red-pen-ios/ios
    

SwiftCompile normal arm64 /Users/runner/work/red-pen-ios/red-pen-ios/ios/RedPen/Shared/CardQuality.swift (in target 'RedPen' from project 'RedPen')
    cd /Users/runner/work/red-pen-ios/red-pen-ios/ios
    
/Users/runner/work/red-pen-ios/red-pen-ios/ios/RedPen/Shared/CardQuality.swift:119:13: warning: initialization of immutable value 'why' was never used; consider replacing with assignment to '_' or removing it
        let why = card.why.trimmingCharacters(in: .whitespacesAndNewlines)
        ~~~~^~~
        _

SwiftCompile normal arm64 /Users/runner/work/red-pen-ios/red-pen-ios/ios/RedPen/Features/Library/CardsEditorView.swift (in target 'RedPen' from project 'RedPen')
    cd /Users/runner/work/red-pen-ios/red-pen-ios/ios
    

SwiftCompile normal arm64 /Users/runner/work/red-pen-ios/red-pen-ios/ios/RedPen/Shared/Corrections.swift (in target 'RedPen' from project 'RedPen')
    cd /Users/runner/work/red-pen-ios/red-pen-ios/ios
    

SwiftCompile normal arm64 /Users/runner/work/red-pen-ios/red-pen-ios/ios/RedPen/Shared/DeckCard.swift (in target 'RedPen' from project 'RedPen')
    cd /Users/runner/work/red-pen-ios/red-pen-ios/ios
    

SwiftCompile normal arm64 /Users/runner/work/red-pen-ios/red-pen-ios/ios/RedPen/Features/Library/DeckExportIntents.swift (in target 'RedPen' from project 'RedPen')
    cd /Users/runner/work/red-pen-ios/red-pen-ios/ios
    

SwiftCompile normal arm64 /Users/runner/work/red-pen-ios/red-pen-ios/ios/RedPen/Shared/DeckPDF.swift (in target 'RedPen' from project 'RedPen')
    cd /Users/runner/work/red-pen-ios/red-pen-ios/ios
    

SwiftCompile normal arm64 /Users/runner/work/red-pen-ios/red-pen-ios/ios/RedPen/Shared/DeckPDFBlocks.swift (in target 'RedPen' from project 'RedPen')
    cd /Users/runner/work/red-pen-ios/red-pen-ios/ios
    

SwiftDriverJobDiscovery normal arm64 Compiling DeckPDFPages.swift, DeckPalette.swift, DocxText.swift, DueTodayView.swift, Entitlement.swift, Explanation.swift, FigureFinder.swift, FigureGrid.swift, FixWordSheet.swift, GemmaDownload.swift, GemmaGenerate.swift, GemmaModel.swift, Highlight.swift, ImageSpoiler.swift, Keychain.swift, LectureAudio.swift, LectureImporter.swift, LecturePDFSection.swift, LecturePlayer.swift, LectureTranscriber.swift, LibraryChrome.swift, LibraryRows.swift, LibrarySheets.swift (in target 'RedPen' from project 'RedPen')

SwiftCompile normal arm64 Compiling\ OsceStations.swift,\ PDFExporter.swift,\ PDFOcclusion.swift,\ PaywallView.swift,\ PlainTextImport.swift,\ PptxText.swift,\ PreviewAccount.swift,\ PreviewExtras.swift,\ PreviewLaunch.swift,\ PronunciationLibrary.swift,\ PronunciationStore.swift,\ Provenance.swift,\ QACard.swift,\ QACardsView.swift,\ QuizFromCards.swift,\ RedPenApp.swift,\ RedPenOCR.swift,\ ReviewPlan.swift,\ ReviewStore.swift,\ ShareSheet.swift,\ SignInView.swift,\ SocialSignIn.swift,\ SoundKey.swift /Users/runner/work/red-pen-ios/red-pen-ios/ios/RedPen/Shared/OsceStations.swift /Users/runner/work/red-pen-ios/red-pen-ios/ios/RedPen/Shared/PDFExporter.swift /Users/runner/work/red-pen-ios/red-pen-ios/ios/RedPen/Shared/PDFOcclusion.swift /Users/runner/work/red-pen-ios/red-pen-ios/ios/RedPen/Features/Paywall/PaywallView.swift /Users/runner/work/red-pen-ios/red-pen-ios/ios/RedPen/Shared/PlainTextImport.swift /Users/runner/work/red-pen-ios/red-pen-ios/ios/RedPen/Shared/PptxText.swift /Users/runner/work/red-pen-ios/red-pen-ios/ios/RedPen/Shared/PreviewAccount.swift /Users/runner/work/red-pen-ios/red-pen-ios/ios/RedPen/Shared/PreviewExtras.swift /Users/runner/work/red-pen-ios/red-pen-ios/ios/RedPen/Shared/PreviewLaunch.swift /Users/runner/work/red-pen-ios/red-pen-ios/ios/RedPen/Shared/PronunciationLibrary.swift /Users/runner/work/red-pen-ios/red-pen-ios/ios/RedPen/Shared/PronunciationStore.swift /Users/runner/work/red-pen-ios/red-pen-ios/ios/RedPen/Shared/Provenance.swift /Users/runner/work/red-pen-ios/red-pen-ios/ios/RedPen/Models/QACard.swift /Users/runner/work/red-pen-ios/red-pen-ios/ios/RedPen/Features/QA/QACardsView.swift /Users/runner/work/red-pen-ios/red-pen-ios/ios/RedPen/Shared/QuizFromCards.swift /Users/runner/work/red-pen-ios/red-pen-ios/ios/RedPen/RedPenApp.swift /Users/runner/work/red-pen-ios/red-pen-ios/ios/RedPen/Shared/RedPenOCR.swift /Users/runner/work/red-pen-ios/red-pen-ios/ios/RedPen/Shared/ReviewPlan.swift /Users/runner/work/red-pen-ios/red-pen-ios/ios/RedPen/Persistence/ReviewStore.swift /Users/runner/work/red-pen-ios/red-pen-ios/ios/RedPen/Shared/ShareSheet.swift /Users/runner/work/red-pen-ios/red-pen-ios/ios/RedPen/Features/Auth/SignInView.swift /Users/runner/work/red-pen-ios/red-pen-ios/ios/RedPen/Shared/SocialSignIn.swift /Users/runner/work/red-pen-ios/red-pen-ios/ios/RedPen/Shared/SoundKey.swift (in target 'RedPen' from project 'RedPen')

SwiftCompile normal arm64 /Users/runner/work/red-pen-ios/red-pen-ios/ios/RedPen/Shared/OsceStations.swift (in target 'RedPen' from project 'RedPen')
    cd /Users/runner/work/red-pen-ios/red-pen-ios/ios
    

SwiftCompile normal arm64 /Users/runner/work/red-pen-ios/red-pen-ios/ios/RedPen/Shared/PDFExporter.swift (in target 'RedPen' from project 'RedPen')
    cd /Users/runner/work/red-pen-ios/red-pen-ios/ios
    

SwiftCompile normal arm64 /Users/runner/work/red-pen-ios/red-pen-ios/ios/RedPen/Shared/PDFOcclusion.swift (in target 'RedPen' from project 'RedPen')
    cd /Users/runner/work/red-pen-ios/red-pen-ios/ios
    

SwiftCompile normal arm64 /Users/runner/work/red-pen-ios/red-pen-ios/ios/RedPen/Features/Paywall/PaywallView.swift (in target 'RedPen' from project 'RedPen')
    cd /Users/runner/work/red-pen-ios/red-pen-ios/ios
    

SwiftCompile normal arm64 /Users/runner/work/red-pen-ios/red-pen-ios/ios/RedPen/Shared/PlainTextImport.swift (in target 'RedPen' from project 'RedPen')
    cd /Users/runner/work/red-pen-ios/red-pen-ios/ios
    

SwiftCompile normal arm64 /Users/runner/work/red-pen-ios/red-pen-ios/ios/RedPen/Shared/PptxText.swift (in target 'RedPen' from project 'RedPen')
    cd /Users/runner/work/red-pen-ios/red-pen-ios/ios
    

SwiftCompile normal arm64 /Users/runner/work/red-pen-ios/red-pen-ios/ios/RedPen/Shared/PreviewAccount.swift (in target 'RedPen' from project 'RedPen')
    cd /Users/runner/work/red-pen-ios/red-pen-ios/ios
    

SwiftCompile normal arm64 /Users/runner/work/red-pen-ios/red-pen-ios/ios/RedPen/Shared/PreviewExtras.swift (in target 'RedPen' from project 'RedPen')
    cd /Users/runner/work/red-pen-ios/red-pen-ios/ios
    

SwiftCompile normal arm64 /Users/runner/work/red-pen-ios/red-pen-ios/ios/RedPen/Shared/PreviewLaunch.swift (in target 'RedPen' from project 'RedPen')
    cd /Users/runner/work/red-pen-ios/red-pen-ios/ios
    
/Users/runner/work/red-pen-ios/red-pen-ios/ios/RedPen/Shared/PreviewLaunch.swift:51:22: warning: 'interfaceOrientation' was deprecated in iOS 26.0: Use effectiveGeometry.interfaceOrientation instead.
            if scene.interfaceOrientation.isLandscape {
                     ^
/Users/runner/work/red-pen-ios/red-pen-ios/ios/RedPen/Shared/PreviewLaunch.swift:59:22: warning: 'interfaceOrientation' was deprecated in iOS 26.0: Use effectiveGeometry.interfaceOrientation instead.
            if scene.interfaceOrientation.isLandscape {
                     ^

SwiftCompile normal arm64 /Users/runner/work/red-pen-ios/red-pen-ios/ios/RedPen/Shared/PronunciationLibrary.swift (in target 'RedPen' from project 'RedPen')
    cd /Users/runner/work/red-pen-ios/red-pen-ios/ios
    

SwiftCompile normal arm64 /Users/runner/work/red-pen-ios/red-pen-ios/ios/RedPen/Shared/PronunciationStore.swift (in target 'RedPen' from project 'RedPen')
    cd /Users/runner/work/red-pen-ios/red-pen-ios/ios
    

SwiftCompile normal arm64 /Users/runner/work/red-pen-ios/red-pen-ios/ios/RedPen/Shared/Provenance.swift (in target 'RedPen' from project 'RedPen')
    cd /Users/runner/work/red-pen-ios/red-pen-ios/ios
    

SwiftCompile normal arm64 /Users/runner/work/red-pen-ios/red-pen-ios/ios/RedPen/Models/QACard.swift (in target 'RedPen' from project 'RedPen')
    cd /Users/runner/work/red-pen-ios/red-pen-ios/ios
    

SwiftCompile normal arm64 /Users/runner/work/red-pen-ios/red-pen-ios/ios/RedPen/Features/QA/QACardsView.swift (in target 'RedPen' from project 'RedPen')
    cd /Users/runner/work/red-pen-ios/red-pen-ios/ios
    

SwiftCompile normal arm64 /Users/runner/work/red-pen-ios/red-pen-ios/ios/RedPen/Shared/QuizFromCards.swift (in target 'RedPen' from project 'RedPen')
    cd /Users/runner/work/red-pen-ios/red-pen-ios/ios
    

SwiftCompile normal arm64 /Users/runner/work/red-pen-ios/red-pen-ios/ios/RedPen/RedPenApp.swift (in target 'RedPen' from project 'RedPen')
    cd /Users/runner/work/red-pen-ios/red-pen-ios/ios
    

SwiftCompile normal arm64 /Users/runner/work/red-pen-ios/red-pen-ios/ios/RedPen/Shared/RedPenOCR.swift (in target 'RedPen' from project 'RedPen')
    cd /Users/runner/work/red-pen-ios/red-pen-ios/ios
    

SwiftCompile normal arm64 /Users/runner/work/red-pen-ios/red-pen-ios/ios/RedPen/Shared/ReviewPlan.swift (in target 'RedPen' from project 'RedPen')
    cd /Users/runner/work/red-pen-ios/red-pen-ios/ios
    

SwiftCompile normal arm64 /Users/runner/work/red-pen-ios/red-pen-ios/ios/RedPen/Persistence/ReviewStore.swift (in target 'RedPen' from project 'RedPen')
    cd /Users/runner/work/red-pen-ios/red-pen-ios/ios
    

SwiftCompile normal arm64 /Users/runner/work/red-pen-ios/red-pen-ios/ios/RedPen/Shared/ShareSheet.swift (in target 'RedPen' from project 'RedPen')
    cd /Users/runner/work/red-pen-ios/red-pen-ios/ios
    

SwiftCompile normal arm64 /Users/runner/work/red-pen-ios/red-pen-ios/ios/RedPen/Features/Auth/SignInView.swift (in target 'RedPen' from project 'RedPen')
    cd /Users/runner/work/red-pen-ios/red-pen-ios/ios
    

SwiftCompile normal arm64 /Users/runner/work/red-pen-ios/red-pen-ios/ios/RedPen/Shared/SocialSignIn.swift (in target 'RedPen' from project 'RedPen')
    cd /Users/runner/work/red-pen-ios/red-pen-ios/ios
    
/Users/runner/work/red-pen-ios/red-pen-ios/ios/RedPen/Shared/SocialSignIn.swift:79:72: warning: 'init()' was deprecated in iOS 26.0: Use init(windowScene:) instead.
            .compactMap { ($0 as? UIWindowScene)?.keyWindow }.first ?? ASPresentationAnchor()
                                                                       ^

SwiftCompile normal arm64 /Users/runner/work/red-pen-ios/red-pen-ios/ios/RedPen/Shared/SoundKey.swift (in target 'RedPen' from project 'RedPen')
    cd /Users/runner/work/red-pen-ios/red-pen-ios/ios
    

SwiftDriver\ Compilation LocalLLMClientLlama normal arm64 com.apple.xcode.tools.swift.compiler (in target 'LocalLLMClientLlama' from project 'LocalLLMClient')
    cd /Users/runner/work/red-pen-ios/red-pen-ios/ios/RedPen.xcodeproj
    builtin-Swift-Compilation -- /Applications/Xcode_26.6.app/Contents/Developer/Toolchains/XcodeDefault.xctoolchain/usr/bin/swiftc -module-name LocalLLMClientLlama -Onone @/Users/runner/work/red-pen-ios/red-pen-ios/ios/build/Build/Intermediates.noindex/LocalLLMClient.build/Debug-iphonesimulator/LocalLLMClientLlama.build/Objects-normal/arm64/LocalLLMClientLlama.SwiftFileList -DSWIFT_PACKAGE -DDEBUG -DSWIFT_MODULE_RESOURCE_BUNDLE_AVAILABLE -DXcode -cxx-interoperability-mode\=default -Xcc -std\=c++17 -plugin-path /Applications/Xcode_26.6.app/Contents/Developer/Toolchains/XcodeDefault.xctoolchain/usr/lib/swift/host/plugins/testing -enable-experimental-feature DebugDescriptionMacro -sdk /Applications/Xcode_26.6.app/Contents/Developer/Platforms/iPhoneSimulator.platform/Developer/SDKs/iPhoneSimulator26.5.sdk -target arm64-apple-ios17.0-simulator -g -module-cache-path /Users/runner/work/red-pen-ios/red-pen-ios/ios/build/ModuleCache.noindex -Xfrontend -serialize-debugging-options -enable-testing -suppress-warnings -index-store-path /Users/runner/work/red-pen-ios/red-pen-ios/ios/build/Index.noindex/DataStore -Xcc -D_LIBCPP_HARDENING_MODE\=_LIBCPP_HARDENING_MODE_DEBUG -swift-version 6 -I /Users/runner/work/red-pen-ios/red-pen-ios/ios/build/Build/Products/Debug-iphonesimulator -Isystem /Applications/Xcode_26.6.app/Contents/Developer/Platforms/iPhoneSimulator.platform/Developer/usr/lib -F /Users/runner/work/red-pen-ios/red-pen-ios/ios/build/Build/Products/Debug-iphonesimulator/PackageFrameworks -F /Users/runner/work/red-pen-ios/red-pen-ios/ios/build/Build/Products/Debug-iphonesimulator/PackageFrameworks -F /Users/runner/work/red-pen-ios/red-pen-ios/ios/build/Build/Products/Debug-iphonesimulator/PackageFrameworks -F /Users/runner/work/red-pen-ios/red-pen-ios/ios/build/Build/Products/Debug-iphonesimulator/PackageFrameworks -F /Users/runner/work/red-pen-ios/red-pen-ios/ios/build/Build/Products/Debug-iphonesimulator/PackageFrameworks -F /Users/runner/work/red-pen-ios/red-pen-ios/ios/build/Build/Products/Debug-iphonesimulator/PackageFrameworks -F /Users/runner/work/red-pen-ios/red-pen-ios/ios/build/Build/Products/Debug-iphonesimulator -F /Applications/Xcode_26.6.app/Contents/Developer/Platforms/iPhoneSimulator.platform/Developer/Library/Frameworks -F /Applications/Xcode_26.6.app/Contents/Developer/Platforms/iPhoneSimulator.platform/Developer/SDKs/iPhoneSimulator26.5.sdk/Developer/Library/Frameworks -c -j3 -enable-batch-mode -incremental -Xcc -ivfsstatcache -Xcc /Users/runner/work/red-pen-ios/red-pen-ios/ios/build/SDKStatCaches.noindex/iphonesimulator26.5-23F81a-688ef53f1462e2c8f657fdc38a81448ff45c64a1807a658693f2a61704f17a36.sdkstatcache -output-file-map /Users/runner/work/red-pen-ios/red-pen-ios/ios/build/Build/Intermediates.noindex/LocalLLMClient.build/Debug-iphonesimulator/LocalLLMClientLlama.build/Objects-normal/arm64/LocalLLMClientLlama-OutputFileMap.json -use-frontend-parseable-output -save-temps -no-color-diagnostics -serialize-diagnostics -emit-dependencies -emit-module -emit-module-path /Users/runner/work/red-pen-ios/red-pen-ios/ios/build/Build/Intermediates.noindex/LocalLLMClient.build/Debug-iphonesimulator/LocalLLMClientLlama.build/Objects-normal/arm64/LocalLLMClientLlama.swiftmodule -validate-clang-modules-once -clang-build-session-file /Users/runner/work/red-pen-ios/red-pen-ios/ios/build/ModuleCache.noindex/Session.modulevalidation -package-name localllmclient -Xcc -I/Users/runner/work/red-pen-ios/red-pen-ios/ios/build/Build/Intermediates.noindex/LocalLLMClient.build/Debug-iphonesimulator/LocalLLMClientLlama.build/swift-overrides.hmap -emit-const-values -Xfrontend -const-gather-protocols-file -Xfrontend /Users/runner/work/red-pen-ios/red-pen-ios/ios/build/Build/Intermediates.noindex/LocalLLMClient.build/Debug-iphonesimulator/LocalLLMClientLlama.build/Objects-normal/arm64/LocalLLMClientLlama_const_extract_protocols.json -Xcc -I/Users/runner/work/red-pen-ios/red-pen-ios/ios/build/SourcePackages/checkouts/LocalLLMClient/Sources/LocalLLMClientLlamaC/include -Xcc -I/Users/runner/work/red-pen-ios/red-pen-ios/ios/build/Build/Products/Debug-iphonesimulator/include -Xcc -I/Users/runner/work/red-pen-ios/red-pen-ios/ios/build/Build/Intermediates.noindex/LocalLLMClient.build/Debug-iphonesimulator/LocalLLMClientLlama.build/DerivedSources-normal/arm64 -Xcc -I/Users/runner/work/red-pen-ios/red-pen-ios/ios/build/Build/Intermediates.noindex/LocalLLMClient.build/Debug-iphonesimulator/LocalLLMClientLlama.build/DerivedSources/arm64 -Xcc -I/Users/runner/work/red-pen-ios/red-pen-ios/ios/build/Build/Intermediates.noindex/LocalLLMClient.build/Debug-iphonesimulator/LocalLLMClientLlama.build/DerivedSources -Xcc -DSWIFT_PACKAGE -Xcc -DDEBUG\=1 -emit-objc-header -emit-objc-header-path /Users/runner/work/red-pen-ios/red-pen-ios/ios/build/Build/Intermediates.noindex/LocalLLMClient.build/Debug-iphonesimulator/LocalLLMClientLlama.build/Objects-normal/arm64/LocalLLMClientLlama-Swift.h -working-directory /Users/runner/work/red-pen-ios/red-pen-ios/ios/RedPen.xcodeproj -experimental-emit-module-separately -disable-cmo

SwiftDriverJobDiscovery normal arm64 Compiling SourceDoc.swift, SourceFiles.swift, SourceIngest.swift, SourcePageReader.swift, SourcePreviewView.swift, SourceSearch.swift, SourceText.swift, Store.swift, StoreSync.swift, StudySet.swift, SubscriptionStore.swift, SyncAPI.swift, SyncDoc.swift, SyncDocuments.swift, SyncEngine.swift, SyncMerge.swift, SyncPush.swift, SyncState.swift, Theme.swift, WordTiming.swift, Zip.swift, GeneratedAssetSymbols.swift (in target 'RedPen' from project 'RedPen')

RegisterExecutionPolicyException /Users/runner/work/red-pen-ios/red-pen-ios/ios/build/Build/Products/Debug-iphonesimulator/Jinja.o (in target 'Jinja' from project 'Jinja')
    cd /Users/runner/work/red-pen-ios/red-pen-ios/ios/build/SourcePackages/checkouts/swift-jinja
    builtin-RegisterExecutionPolicyException /Users/runner/work/red-pen-ios/red-pen-ios/ios/build/Build/Products/Debug-iphonesimulator/Jinja.o

Ld /Users/runner/work/red-pen-ios/red-pen-ios/ios/build/Build/Products/Debug-iphonesimulator/LocalLLMClientCore.o normal (in target 'LocalLLMClientCore' from project 'LocalLLMClient')
    cd /Users/runner/work/red-pen-ios/red-pen-ios/ios/build/SourcePackages/checkouts/LocalLLMClient
    /Applications/Xcode_26.6.app/Contents/Developer/Toolchains/XcodeDefault.xctoolchain/usr/bin/clang -Xlinker -reproducible -target arm64-apple-ios17.0-simulator -r -isysroot /Applications/Xcode_26.6.app/Contents/Developer/Platforms/iPhoneSimulator.platform/Developer/SDKs/iPhoneSimulator26.5.sdk -O0 -w -F/Users/runner/work/red-pen-ios/red-pen-ios/ios/build/Build/Intermediates.noindex/EagerLinkingTBDs/Debug-iphonesimulator -F/Users/runner/work/red-pen-ios/red-pen-ios/ios/build/Build/Products/Debug-iphonesimulator/PackageFrameworks -F/Users/runner/work/red-pen-ios/red-pen-ios/ios/build/Build/Products/Debug-iphonesimulator/PackageFrameworks -F/Users/runner/work/red-pen-ios/red-pen-ios/ios/build/Build/Products/Debug-iphonesimulator/PackageFrameworks -F/Users/runner/work/red-pen-ios/red-pen-ios/ios/build/Build/Products/Debug-iphonesimulator/PackageFrameworks -F/Users/runner/work/red-pen-ios/red-pen-ios/ios/build/Build/Products/Debug-iphonesimulator -iframework /Applications/Xcode_26.6.app/Contents/Developer/Platforms/iPhoneSimulator.platform/Developer/Library/Frameworks -iframework /Applications/Xcode_26.6.app/Contents/Developer/Platforms/iPhoneSimulator.platform/Developer/SDKs/iPhoneSimulator26.5.sdk/Developer/Library/Frameworks -filelist /Users/runner/work/red-pen-ios/red-pen-ios/ios/build/Build/Intermediates.noindex/LocalLLMClient.build/Debug-iphonesimulator/LocalLLMClientCore.build/Objects-normal/arm64/LocalLLMClientCore.LinkFileList -nostdlib -Xlinker -object_path_lto -Xlinker /Users/runner/work/red-pen-ios/red-pen-ios/ios/build/Build/Intermediates.noindex/LocalLLMClient.build/Debug-iphonesimulator/LocalLLMClientCore.build/Objects-normal/arm64/LocalLLMClientCore_lto.o -Xlinker -no_deduplicate -Xlinker -objc_abi_version -Xlinker 2 -Xlinker -dependency_info -Xlinker /Users/runner/work/red-pen-ios/red-pen-ios/ios/build/Build/Intermediates.noindex/LocalLLMClient.build/Debug-iphonesimulator/LocalLLMClientCore.build/Objects-normal/arm64/LocalLLMClientCore_dependency_info.dat -fobjc-link-runtime -L/Applications/Xcode_26.6.app/Contents/Developer/Toolchains/XcodeDefault.xctoolchain/usr/lib/swift/iphonesimulator -L/usr/lib/swift -Xlinker -add_ast_path -Xlinker /Users/runner/work/red-pen-ios/red-pen-ios/ios/build/Build/Intermediates.noindex/LocalLLMClient.build/Debug-iphonesimulator/LocalLLMClientCore.build/Objects-normal/arm64/LocalLLMClientCore.swiftmodule -o /Users/runner/work/red-pen-ios/red-pen-ios/ios/build/Build/Products/Debug-iphonesimulator/LocalLLMClientCore.o

ExtractAppIntentsMetadata (in target 'LocalLLMClientCore' from project 'LocalLLMClient')
    cd /Users/runner/work/red-pen-ios/red-pen-ios/ios/build/SourcePackages/checkouts/LocalLLMClient
    /Applications/Xcode_26.6.app/Contents/Developer/Toolchains/XcodeDefault.xctoolchain/usr/bin/appintentsmetadataprocessor --toolchain-dir /var/run/com.apple.security.cryptexd/mnt/com.apple.MobileAsset.MetalToolchain-v17.6.109.0.6Ukyi4/Metal.xctoolchain --module-name LocalLLMClientCore --sdk-root /Applications/Xcode_26.6.app/Contents/Developer/Platforms/iPhoneSimulator.platform/Developer/SDKs/iPhoneSimulator26.5.sdk --xcode-version 17F113 --platform-family iOS --deployment-target 17.0 --bundle-identifier localllmclient.LocalLLMClientCore --output /Users/runner/work/red-pen-ios/red-pen-ios/ios/build/Build/Products/Debug-iphonesimulator/LocalLLMClientCore.appintents --target-triple arm64-apple-ios17.0-simulator --binary-file /Users/runner/work/red-pen-ios/red-pen-ios/ios/build/Build/Products/Debug-iphonesimulator/LocalLLMClientCore.o --dependency-file /Users/runner/work/red-pen-ios/red-pen-ios/ios/build/Build/Intermediates.noindex/LocalLLMClient.build/Debug-iphonesimulator/LocalLLMClientCore.build/Objects-normal/arm64/LocalLLMClientCore_dependency_info.dat --stringsdata-file /Users/runner/work/red-pen-ios/red-pen-ios/ios/build/Build/Intermediates.noindex/LocalLLMClient.build/Debug-iphonesimulator/LocalLLMClientCore.build/Objects-normal/arm64/ExtractedAppShortcutsMetadata.stringsdata --source-file-list /Users/runner/work/red-pen-ios/red-pen-ios/ios/build/Build/Intermediates.noindex/LocalLLMClient.build/Debug-iphonesimulator/LocalLLMClientCore.build/Objects-normal/arm64/LocalLLMClientCore.SwiftFileList --metadata-file-list /Users/runner/work/red-pen-ios/red-pen-ios/ios/build/Build/Intermediates.noindex/LocalLLMClient.build/Debug-iphonesimulator/LocalLLMClientCore.build/LocalLLMClientCore.DependencyMetadataFileList --static-metadata-file-list /Users/runner/work/red-pen-ios/red-pen-ios/ios/build/Build/Intermediates.noindex/LocalLLMClient.build/Debug-iphonesimulator/LocalLLMClientCore.build/LocalLLMClientCore.DependencyStaticMetadataFileList --swift-const-vals-list /Users/runner/work/red-pen-ios/red-pen-ios/ios/build/Build/Intermediates.noindex/LocalLLMClient.build/Debug-iphonesimulator/LocalLLMClientCore.build/Objects-normal/arm64/LocalLLMClientCore.SwiftConstValuesFileList --force --compile-time-extraction --deployment-aware-processing --validate-assistant-intents --no-app-shortcuts-localization
2026-09-19 07:39:04.074 appintentsmetadataprocessor[7267:24092] Starting appintentsmetadataprocessor export
2026-09-19 07:39:04.106 appintentsmetadataprocessor[7267:24092] Extracted no relevant App Intents symbols, skipping writing output

RegisterExecutionPolicyException /Users/runner/work/red-pen-ios/red-pen-ios/ios/build/Build/Products/Debug-iphonesimulator/LocalLLMClientCore.o (in target 'LocalLLMClientCore' from project 'LocalLLMClient')
    cd /Users/runner/work/red-pen-ios/red-pen-ios/ios/build/SourcePackages/checkouts/LocalLLMClient
    builtin-RegisterExecutionPolicyException /Users/runner/work/red-pen-ios/red-pen-ios/ios/build/Build/Products/Debug-iphonesimulator/LocalLLMClientCore.o

Ld /Users/runner/work/red-pen-ios/red-pen-ios/ios/build/Build/Products/Debug-iphonesimulator/LocalLLMClientMacros.o normal (in target 'LocalLLMClientMacros' from project 'LocalLLMClient')
    cd /Users/runner/work/red-pen-ios/red-pen-ios/ios/build/SourcePackages/checkouts/LocalLLMClient
    /Applications/Xcode_26.6.app/Contents/Developer/Toolchains/XcodeDefault.xctoolchain/usr/bin/clang -Xlinker -reproducible -target arm64-apple-ios17.0-simulator -r -isysroot /Applications/Xcode_26.6.app/Contents/Developer/Platforms/iPhoneSimulator.platform/Developer/SDKs/iPhoneSimulator26.5.sdk -O0 -w -F/Users/runner/work/red-pen-ios/red-pen-ios/ios/build/Build/Intermediates.noindex/EagerLinkingTBDs/Debug-iphonesimulator -F/Users/runner/work/red-pen-ios/red-pen-ios/ios/build/Build/Products/Debug-iphonesimulator/PackageFrameworks -F/Users/runner/work/red-pen-ios/red-pen-ios/ios/build/Build/Products/Debug-iphonesimulator/PackageFrameworks -F/Users/runner/work/red-pen-ios/red-pen-ios/ios/build/Build/Products/Debug-iphonesimulator/PackageFrameworks -F/Users/runner/work/red-pen-ios/red-pen-ios/ios/build/Build/Products/Debug-iphonesimulator/PackageFrameworks -F/Users/runner/work/red-pen-ios/red-pen-ios/ios/build/Build/Products/Debug-iphonesimulator/PackageFrameworks -F/Users/runner/work/red-pen-ios/red-pen-ios/ios/build/Build/Products/Debug-iphonesimulator -iframework /Applications/Xcode_26.6.app/Contents/Developer/Platforms/iPhoneSimulator.platform/Developer/Library/Frameworks -iframework /Applications/Xcode_26.6.app/Contents/Developer/Platforms/iPhoneSimulator.platform/Developer/SDKs/iPhoneSimulator26.5.sdk/Developer/Library/Frameworks -filelist /Users/runner/work/red-pen-ios/red-pen-ios/ios/build/Build/Intermediates.noindex/LocalLLMClient.build/Debug-iphonesimulator/LocalLLMClientMacros.build/Objects-normal/arm64/LocalLLMClientMacros.LinkFileList -nostdlib -Xlinker -object_path_lto -Xlinker /Users/runner/work/red-pen-ios/red-pen-ios/ios/build/Build/Intermediates.noindex/LocalLLMClient.build/Debug-iphonesimulator/LocalLLMClientMacros.build/Objects-normal/arm64/LocalLLMClientMacros_lto.o -Xlinker -no_deduplicate -Xlinker -objc_abi_version -Xlinker 2 -Xlinker -dependency_info -Xlinker /Users/runner/work/red-pen-ios/red-pen-ios/ios/build/Build/Intermediates.noindex/LocalLLMClient.build/Debug-iphonesimulator/LocalLLMClientMacros.build/Objects-normal/arm64/LocalLLMClientMacros_dependency_info.dat -fobjc-link-runtime -L/Applications/Xcode_26.6.app/Contents/Developer/Toolchains/XcodeDefault.xctoolchain/usr/lib/swift/iphonesimulator -L/usr/lib/swift -Xlinker -add_ast_path -Xlinker /Users/runner/work/red-pen-ios/red-pen-ios/ios/build/Build/Intermediates.noindex/LocalLLMClient.build/Debug-iphonesimulator/LocalLLMClientMacros.build/Objects-normal/arm64/LocalLLMClientMacros.swiftmodule -o /Users/runner/work/red-pen-ios/red-pen-ios/ios/build/Build/Products/Debug-iphonesimulator/LocalLLMClientMacros.o

Ld /Users/runner/work/red-pen-ios/red-pen-ios/ios/build/Build/Products/Debug-iphonesimulator/LocalLLMClientLlama.o normal (in target 'LocalLLMClientLlama' from project 'LocalLLMClient')
    cd /Users/runner/work/red-pen-ios/red-pen-ios/ios/build/SourcePackages/checkouts/LocalLLMClient
    /Applications/Xcode_26.6.app/Contents/Developer/Toolchains/XcodeDefault.xctoolchain/usr/bin/clang -Xlinker -reproducible -target arm64-apple-ios17.0-simulator -r -isysroot /Applications/Xcode_26.6.app/Contents/Developer/Platforms/iPhoneSimulator.platform/Developer/SDKs/iPhoneSimulator26.5.sdk -O0 -w -F/Users/runner/work/red-pen-ios/red-pen-ios/ios/build/Build/Intermediates.noindex/EagerLinkingTBDs/Debug-iphonesimulator -F/Users/runner/work/red-pen-ios/red-pen-ios/ios/build/Build/Products/Debug-iphonesimulator/PackageFrameworks -F/Users/runner/work/red-pen-ios/red-pen-ios/ios/build/Build/Products/Debug-iphonesimulator/PackageFrameworks -F/Users/runner/work/red-pen-ios/red-pen-ios/ios/build/Build/Products/Debug-iphonesimulator/PackageFrameworks -F/Users/runner/work/red-pen-ios/red-pen-ios/ios/build/Build/Products/Debug-iphonesimulator/PackageFrameworks -F/Users/runner/work/red-pen-ios/red-pen-ios/ios/build/Build/Products/Debug-iphonesimulator/PackageFrameworks -F/Users/runner/work/red-pen-ios/red-pen-ios/ios/build/Build/Products/Debug-iphonesimulator/PackageFrameworks -F/Users/runner/work/red-pen-ios/red-pen-ios/ios/build/Build/Products/Debug-iphonesimulator -iframework /Applications/Xcode_26.6.app/Contents/Developer/Platforms/iPhoneSimulator.platform/Developer/Library/Frameworks -iframework /Applications/Xcode_26.6.app/Contents/Developer/Platforms/iPhoneSimulator.platform/Developer/SDKs/iPhoneSimulator26.5.sdk/Developer/Library/Frameworks -filelist /Users/runner/work/red-pen-ios/red-pen-ios/ios/build/Build/Intermediates.noindex/LocalLLMClient.build/Debug-iphonesimulator/LocalLLMClientLlama.build/Objects-normal/arm64/LocalLLMClientLlama.LinkFileList -nostdlib -Xlinker -object_path_lto -Xlinker /Users/runner/work/red-pen-ios/red-pen-ios/ios/build/Build/Intermediates.noindex/LocalLLMClient.build/Debug-iphonesimulator/LocalLLMClientLlama.build/Objects-normal/arm64/LocalLLMClientLlama_lto.o -Xlinker -no_deduplicate -Xlinker -objc_abi_version -Xlinker 2 -Xlinker -dependency_info -Xlinker /Users/runner/work/red-pen-ios/red-pen-ios/ios/build/Build/Intermediates.noindex/LocalLLMClient.build/Debug-iphonesimulator/LocalLLMClientLlama.build/Objects-normal/arm64/LocalLLMClientLlama_dependency_info.dat -fobjc-link-runtime -L/Applications/Xcode_26.6.app/Contents/Developer/Toolchains/XcodeDefault.xctoolchain/usr/lib/swift/iphonesimulator -L/usr/lib/swift -Xlinker -add_ast_path -Xlinker /Users/runner/work/red-pen-ios/red-pen-ios/ios/build/Build/Intermediates.noindex/LocalLLMClient.build/Debug-iphonesimulator/LocalLLMClientLlama.build/Objects-normal/arm64/LocalLLMClientLlama.swiftmodule -o /Users/runner/work/red-pen-ios/red-pen-ios/ios/build/Build/Products/Debug-iphonesimulator/LocalLLMClientLlama.o

ExtractAppIntentsMetadata (in target 'LocalLLMClientMacros' from project 'LocalLLMClient')
    cd /Users/runner/work/red-pen-ios/red-pen-ios/ios/build/SourcePackages/checkouts/LocalLLMClient
    /Applications/Xcode_26.6.app/Contents/Developer/Toolchains/XcodeDefault.xctoolchain/usr/bin/appintentsmetadataprocessor --toolchain-dir /var/run/com.apple.security.cryptexd/mnt/com.apple.MobileAsset.MetalToolchain-v17.6.109.0.6Ukyi4/Metal.xctoolchain --module-name LocalLLMClientMacros --sdk-root /Applications/Xcode_26.6.app/Contents/Developer/Platforms/iPhoneSimulator.platform/Developer/SDKs/iPhoneSimulator26.5.sdk --xcode-version 17F113 --platform-family iOS --deployment-target 17.0 --bundle-identifier localllmclient.LocalLLMClientMacros --output /Users/runner/work/red-pen-ios/red-pen-ios/ios/build/Build/Products/Debug-iphonesimulator/LocalLLMClientMacros.appintents --target-triple arm64-apple-ios17.0-simulator --binary-file /Users/runner/work/red-pen-ios/red-pen-ios/ios/build/Build/Products/Debug-iphonesimulator/LocalLLMClientMacros.o --dependency-file /Users/runner/work/red-pen-ios/red-pen-ios/ios/build/Build/Intermediates.noindex/LocalLLMClient.build/Debug-iphonesimulator/LocalLLMClientMacros.build/Objects-normal/arm64/LocalLLMClientMacros_dependency_info.dat --stringsdata-file /Users/runner/work/red-pen-ios/red-pen-ios/ios/build/Build/Intermediates.noindex/LocalLLMClient.build/Debug-iphonesimulator/LocalLLMClientMacros.build/Objects-normal/arm64/ExtractedAppShortcutsMetadata.stringsdata --source-file-list /Users/runner/work/red-pen-ios/red-pen-ios/ios/build/Build/Intermediates.noindex/LocalLLMClient.build/Debug-iphonesimulator/LocalLLMClientMacros.build/Objects-normal/arm64/LocalLLMClientMacros.SwiftFileList --metadata-file-list /Users/runner/work/red-pen-ios/red-pen-ios/ios/build/Build/Intermediates.noindex/LocalLLMClient.build/Debug-iphonesimulator/LocalLLMClientMacros.build/LocalLLMClientMacros.DependencyMetadataFileList --static-metadata-file-list /Users/runner/work/red-pen-ios/red-pen-ios/ios/build/Build/Intermediates.noindex/LocalLLMClient.build/Debug-iphonesimulator/LocalLLMClientMacros.build/LocalLLMClientMacros.DependencyStaticMetadataFileList --swift-const-vals-list /Users/runner/work/red-pen-ios/red-pen-ios/ios/build/Build/Intermediates.noindex/LocalLLMClient.build/Debug-iphonesimulator/LocalLLMClientMacros.build/Objects-normal/arm64/LocalLLMClientMacros.SwiftConstValuesFileList --force --compile-time-extraction --deployment-aware-processing --validate-assistant-intents --no-app-shortcuts-localization
2026-09-19 07:39:04.303 appintentsmetadataprocessor[7314:24195] Starting appintentsmetadataprocessor export
2026-09-19 07:39:04.327 appintentsmetadataprocessor[7314:24195] Extracted no relevant App Intents symbols, skipping writing output

ExtractAppIntentsMetadata (in target 'LocalLLMClientLlama' from project 'LocalLLMClient')
    cd /Users/runner/work/red-pen-ios/red-pen-ios/ios/build/SourcePackages/checkouts/LocalLLMClient
    /Applications/Xcode_26.6.app/Contents/Developer/Toolchains/XcodeDefault.xctoolchain/usr/bin/appintentsmetadataprocessor --toolchain-dir /var/run/com.apple.security.cryptexd/mnt/com.apple.MobileAsset.MetalToolchain-v17.6.109.0.6Ukyi4/Metal.xctoolchain --module-name LocalLLMClientLlama --sdk-root /Applications/Xcode_26.6.app/Contents/Developer/Platforms/iPhoneSimulator.platform/Developer/SDKs/iPhoneSimulator26.5.sdk --xcode-version 17F113 --platform-family iOS --deployment-target 17.0 --bundle-identifier localllmclient.LocalLLMClientLlama --output /Users/runner/work/red-pen-ios/red-pen-ios/ios/build/Build/Products/Debug-iphonesimulator/LocalLLMClientLlama.appintents --target-triple arm64-apple-ios17.0-simulator --binary-file /Users/runner/work/red-pen-ios/red-pen-ios/ios/build/Build/Products/Debug-iphonesimulator/LocalLLMClientLlama.o --dependency-file /Users/runner/work/red-pen-ios/red-pen-ios/ios/build/Build/Intermediates.noindex/LocalLLMClient.build/Debug-iphonesimulator/LocalLLMClientLlama.build/Objects-normal/arm64/LocalLLMClientLlama_dependency_info.dat --stringsdata-file /Users/runner/work/red-pen-ios/red-pen-ios/ios/build/Build/Intermediates.noindex/LocalLLMClient.build/Debug-iphonesimulator/LocalLLMClientLlama.build/Objects-normal/arm64/ExtractedAppShortcutsMetadata.stringsdata --source-file-list /Users/runner/work/red-pen-ios/red-pen-ios/ios/build/Build/Intermediates.noindex/LocalLLMClient.build/Debug-iphonesimulator/LocalLLMClientLlama.build/Objects-normal/arm64/LocalLLMClientLlama.SwiftFileList --metadata-file-list /Users/runner/work/red-pen-ios/red-pen-ios/ios/build/Build/Intermediates.noindex/LocalLLMClient.build/Debug-iphonesimulator/LocalLLMClientLlama.build/LocalLLMClientLlama.DependencyMetadataFileList --static-metadata-file-list /Users/runner/work/red-pen-ios/red-pen-ios/ios/build/Build/Intermediates.noindex/LocalLLMClient.build/Debug-iphonesimulator/LocalLLMClientLlama.build/LocalLLMClientLlama.DependencyStaticMetadataFileList --swift-const-vals-list /Users/runner/work/red-pen-ios/red-pen-ios/ios/build/Build/Intermediates.noindex/LocalLLMClient.build/Debug-iphonesimulator/LocalLLMClientLlama.build/Objects-normal/arm64/LocalLLMClientLlama.SwiftConstValuesFileList --force --compile-time-extraction --deployment-aware-processing --validate-assistant-intents --no-app-shortcuts-localization
2026-09-19 07:39:04.347 appintentsmetadataprocessor[7327:24228] Starting appintentsmetadataprocessor export
2026-09-19 07:39:04.365 appintentsmetadataprocessor[7327:24228] Extracted no relevant App Intents symbols, skipping writing output

RegisterExecutionPolicyException /Users/runner/work/red-pen-ios/red-pen-ios/ios/build/Build/Products/Debug-iphonesimulator/LocalLLMClientMacros.o (in target 'LocalLLMClientMacros' from project 'LocalLLMClient')
    cd /Users/runner/work/red-pen-ios/red-pen-ios/ios/build/SourcePackages/checkouts/LocalLLMClient
    builtin-RegisterExecutionPolicyException /Users/runner/work/red-pen-ios/red-pen-ios/ios/build/Build/Products/Debug-iphonesimulator/LocalLLMClientMacros.o

RegisterExecutionPolicyException /Users/runner/work/red-pen-ios/red-pen-ios/ios/build/Build/Products/Debug-iphonesimulator/LocalLLMClientLlama.o (in target 'LocalLLMClientLlama' from project 'LocalLLMClient')
    cd /Users/runner/work/red-pen-ios/red-pen-ios/ios/build/SourcePackages/checkouts/LocalLLMClient
    builtin-RegisterExecutionPolicyException /Users/runner/work/red-pen-ios/red-pen-ios/ios/build/Build/Products/Debug-iphonesimulator/LocalLLMClientLlama.o

Ld /Users/runner/work/red-pen-ios/red-pen-ios/ios/build/Build/Products/Debug-iphonesimulator/LocalLLMClient.o normal (in target 'LocalLLMClient' from project 'LocalLLMClient')
    cd /Users/runner/work/red-pen-ios/red-pen-ios/ios/build/SourcePackages/checkouts/LocalLLMClient
    /Applications/Xcode_26.6.app/Contents/Developer/Toolchains/XcodeDefault.xctoolchain/usr/bin/clang -Xlinker -reproducible -target arm64-apple-ios17.0-simulator -r -isysroot /Applications/Xcode_26.6.app/Contents/Developer/Platforms/iPhoneSimulator.platform/Developer/SDKs/iPhoneSimulator26.5.sdk -O0 -w -F/Users/runner/work/red-pen-ios/red-pen-ios/ios/build/Build/Intermediates.noindex/EagerLinkingTBDs/Debug-iphonesimulator -F/Users/runner/work/red-pen-ios/red-pen-ios/ios/build/Build/Products/Debug-iphonesimulator/PackageFrameworks -F/Users/runner/work/red-pen-ios/red-pen-ios/ios/build/Build/Products/Debug-iphonesimulator/PackageFrameworks -F/Users/runner/work/red-pen-ios/red-pen-ios/ios/build/Build/Products/Debug-iphonesimulator/PackageFrameworks -F/Users/runner/work/red-pen-ios/red-pen-ios/ios/build/Build/Products/Debug-iphonesimulator/PackageFrameworks -F/Users/runner/work/red-pen-ios/red-pen-ios/ios/build/Build/Products/Debug-iphonesimulator/PackageFrameworks -F/Users/runner/work/red-pen-ios/red-pen-ios/ios/build/Build/Products/Debug-iphonesimulator/PackageFrameworks -F/Users/runner/work/red-pen-ios/red-pen-ios/ios/build/Build/Products/Debug-iphonesimulator -iframework /Applications/Xcode_26.6.app/Contents/Developer/Platforms/iPhoneSimulator.platform/Developer/Library/Frameworks -iframework /Applications/Xcode_26.6.app/Contents/Developer/Platforms/iPhoneSimulator.platform/Developer/SDKs/iPhoneSimulator26.5.sdk/Developer/Library/Frameworks -filelist /Users/runner/work/red-pen-ios/red-pen-ios/ios/build/Build/Intermediates.noindex/LocalLLMClient.build/Debug-iphonesimulator/LocalLLMClient.build/Objects-normal/arm64/LocalLLMClient.LinkFileList -nostdlib -Xlinker -object_path_lto -Xlinker /Users/runner/work/red-pen-ios/red-pen-ios/ios/build/Build/Intermediates.noindex/LocalLLMClient.build/Debug-iphonesimulator/LocalLLMClient.build/Objects-normal/arm64/LocalLLMClient_lto.o -Xlinker -no_deduplicate -Xlinker -objc_abi_version -Xlinker 2 -Xlinker -dependency_info -Xlinker /Users/runner/work/red-pen-ios/red-pen-ios/ios/build/Build/Intermediates.noindex/LocalLLMClient.build/Debug-iphonesimulator/LocalLLMClient.build/Objects-normal/arm64/LocalLLMClient_dependency_info.dat -fobjc-link-runtime -L/Applications/Xcode_26.6.app/Contents/Developer/Toolchains/XcodeDefault.xctoolchain/usr/lib/swift/iphonesimulator -L/usr/lib/swift -Xlinker -add_ast_path -Xlinker /Users/runner/work/red-pen-ios/red-pen-ios/ios/build/Build/Intermediates.noindex/LocalLLMClient.build/Debug-iphonesimulator/LocalLLMClient.build/Objects-normal/arm64/LocalLLMClient.swiftmodule -o /Users/runner/work/red-pen-ios/red-pen-ios/ios/build/Build/Products/Debug-iphonesimulator/LocalLLMClient.o

ExtractAppIntentsMetadata (in target 'LocalLLMClient' from project 'LocalLLMClient')
    cd /Users/runner/work/red-pen-ios/red-pen-ios/ios/build/SourcePackages/checkouts/LocalLLMClient
    /Applications/Xcode_26.6.app/Contents/Developer/Toolchains/XcodeDefault.xctoolchain/usr/bin/appintentsmetadataprocessor --toolchain-dir /var/run/com.apple.security.cryptexd/mnt/com.apple.MobileAsset.MetalToolchain-v17.6.109.0.6Ukyi4/Metal.xctoolchain --module-name LocalLLMClient --sdk-root /Applications/Xcode_26.6.app/Contents/Developer/Platforms/iPhoneSimulator.platform/Developer/SDKs/iPhoneSimulator26.5.sdk --xcode-version 17F113 --platform-family iOS --deployment-target 17.0 --bundle-identifier localllmclient.LocalLLMClient --output /Users/runner/work/red-pen-ios/red-pen-ios/ios/build/Build/Products/Debug-iphonesimulator/LocalLLMClient.appintents --target-triple arm64-apple-ios17.0-simulator --binary-file /Users/runner/work/red-pen-ios/red-pen-ios/ios/build/Build/Products/Debug-iphonesimulator/LocalLLMClient.o --dependency-file /Users/runner/work/red-pen-ios/red-pen-ios/ios/build/Build/Intermediates.noindex/LocalLLMClient.build/Debug-iphonesimulator/LocalLLMClient.build/Objects-normal/arm64/LocalLLMClient_dependency_info.dat --stringsdata-file /Users/runner/work/red-pen-ios/red-pen-ios/ios/build/Build/Intermediates.noindex/LocalLLMClient.build/Debug-iphonesimulator/LocalLLMClient.build/Objects-normal/arm64/ExtractedAppShortcutsMetadata.stringsdata --source-file-list /Users/runner/work/red-pen-ios/red-pen-ios/ios/build/Build/Intermediates.noindex/LocalLLMClient.build/Debug-iphonesimulator/LocalLLMClient.build/Objects-normal/arm64/LocalLLMClient.SwiftFileList --metadata-file-list /Users/runner/work/red-pen-ios/red-pen-ios/ios/build/Build/Intermediates.noindex/LocalLLMClient.build/Debug-iphonesimulator/LocalLLMClient.build/LocalLLMClient.DependencyMetadataFileList --static-metadata-file-list /Users/runner/work/red-pen-ios/red-pen-ios/ios/build/Build/Intermediates.noindex/LocalLLMClient.build/Debug-iphonesimulator/LocalLLMClient.build/LocalLLMClient.DependencyStaticMetadataFileList --swift-const-vals-list /Users/runner/work/red-pen-ios/red-pen-ios/ios/build/Build/Intermediates.noindex/LocalLLMClient.build/Debug-iphonesimulator/LocalLLMClient.build/Objects-normal/arm64/LocalLLMClient.SwiftConstValuesFileList --force --compile-time-extraction --deployment-aware-processing --validate-assistant-intents --no-app-shortcuts-localization
2026-09-19 07:39:04.439 appintentsmetadataprocessor[7347:24272] Starting appintentsmetadataprocessor export
2026-09-19 07:39:04.449 appintentsmetadataprocessor[7347:24272] Extracted no relevant App Intents symbols, skipping writing output

RegisterExecutionPolicyException /Users/runner/work/red-pen-ios/red-pen-ios/ios/build/Build/Products/Debug-iphonesimulator/LocalLLMClient.o (in target 'LocalLLMClient' from project 'LocalLLMClient')
    cd /Users/runner/work/red-pen-ios/red-pen-ios/ios/build/SourcePackages/checkouts/LocalLLMClient
    builtin-RegisterExecutionPolicyException /Users/runner/work/red-pen-ios/red-pen-ios/ios/build/Build/Products/Debug-iphonesimulator/LocalLLMClient.o

Ld /Users/runner/work/red-pen-ios/red-pen-ios/ios/build/Build/Products/Debug-iphonesimulator/RedPen.app/__preview.dylib normal (in target 'RedPen' from project 'RedPen')
    cd /Users/runner/work/red-pen-ios/red-pen-ios/ios
    /Applications/Xcode_26.6.app/Contents/Developer/Toolchains/XcodeDefault.xctoolchain/usr/bin/clang -Xlinker -reproducible -target arm64-apple-ios26.0-simulator -dynamiclib -isysroot /Applications/Xcode_26.6.app/Contents/Developer/Platforms/iPhoneSimulator.platform/Developer/SDKs/iPhoneSimulator26.5.sdk -O0 -L/Users/runner/work/red-pen-ios/red-pen-ios/ios/build/Build/Products/Debug-iphonesimulator -F/Users/runner/work/red-pen-ios/red-pen-ios/ios/build/Build/Products/Debug-iphonesimulator/PackageFrameworks -F/Users/runner/work/red-pen-ios/red-pen-ios/ios/build/Build/Products/Debug-iphonesimulator/PackageFrameworks -F/Users/runner/work/red-pen-ios/red-pen-ios/ios/build/Build/Products/Debug-iphonesimulator/PackageFrameworks -F/Users/runner/work/red-pen-ios/red-pen-ios/ios/build/Build/Products/Debug-iphonesimulator/PackageFrameworks -F/Users/runner/work/red-pen-ios/red-pen-ios/ios/build/Build/Products/Debug-iphonesimulator/PackageFrameworks -F/Users/runner/work/red-pen-ios/red-pen-ios/ios/build/Build/Products/Debug-iphonesimulator/PackageFrameworks -F/Users/runner/work/red-pen-ios/red-pen-ios/ios/build/Build/Products/Debug-iphonesimulator/PackageFrameworks -F/Users/runner/work/red-pen-ios/red-pen-ios/ios/build/Build/Products/Debug-iphonesimulator/PackageFrameworks -F/Users/runner/work/red-pen-ios/red-pen-ios/ios/build/Build/Products/Debug-iphonesimulator/PackageFrameworks -F/Users/runner/work/red-pen-ios/red-pen-ios/ios/build/Build/Products/Debug-iphonesimulator -install_name @rpath/RedPen.debug.dylib -Xlinker -dead_strip -rdynamic -Xlinker -no_deduplicate -Xlinker -objc_abi_version -Xlinker 2 -Xlinker -dependency_info -Xlinker /Users/runner/work/red-pen-ios/red-pen-ios/ios/build/Build/Intermediates.noindex/RedPen.build/Debug-iphonesimulator/RedPen.build/Objects-normal/arm64/RedPen_dependency_info.dat -o /Users/runner/work/red-pen-ios/red-pen-ios/ios/build/Build/Products/Debug-iphonesimulator/RedPen.app/__preview.dylib

CpResource /Users/runner/work/red-pen-ios/red-pen-ios/ios/build/Build/Products/Debug-iphonesimulator/RedPen.app/RedPen.storekit /Users/runner/work/red-pen-ios/red-pen-ios/ios/RedPen/RedPen.storekit (in target 'RedPen' from project 'RedPen')
    cd /Users/runner/work/red-pen-ios/red-pen-ios/ios
    builtin-copy -exclude .DS_Store -exclude CVS -exclude .svn -exclude .git -exclude .hg -resolve-src-symlinks /Users/runner/work/red-pen-ios/red-pen-ios/ios/RedPen/RedPen.storekit /Users/runner/work/red-pen-ios/red-pen-ios/ios/build/Build/Products/Debug-iphonesimulator/RedPen.app

Copy /Users/runner/work/red-pen-ios/red-pen-ios/ios/build/Build/Products/Debug-iphonesimulator/RedPen.app/LocalLLMClient_LocalLLMClientLlama.bundle /Users/runner/work/red-pen-ios/red-pen-ios/ios/build/Build/Products/Debug-iphonesimulator/LocalLLMClient_LocalLLMClientLlama.bundle (in target 'RedPen' from project 'RedPen')
    cd /Users/runner/work/red-pen-ios/red-pen-ios/ios
    builtin-copy -exclude .DS_Store -exclude CVS -exclude .svn -exclude .git -exclude .hg -resolve-src-symlinks /Users/runner/work/red-pen-ios/red-pen-ios/ios/build/Build/Products/Debug-iphonesimulator/LocalLLMClient_LocalLLMClientLlama.bundle /Users/runner/work/red-pen-ios/red-pen-ios/ios/build/Build/Products/Debug-iphonesimulator/RedPen.app

Copy /Users/runner/work/red-pen-ios/red-pen-ios/ios/build/Build/Products/Debug-iphonesimulator/RedPen.app/Frameworks/llama.framework /Users/runner/work/red-pen-ios/red-pen-ios/ios/build/SourcePackages/artifacts/localllmclient/LocalLLMClientLlamaFramework/llama.xcframework/ios-arm64_x86_64-simulator/llama.framework (in target 'RedPen' from project 'RedPen')
    cd /Users/runner/work/red-pen-ios/red-pen-ios/ios
    builtin-copy -exclude .DS_Store -exclude CVS -exclude .svn -exclude .git -exclude .hg -exclude Headers -exclude PrivateHeaders -exclude Modules -exclude \*.tbd -resolve-src-symlinks -remove-static-executable /Users/runner/work/red-pen-ios/red-pen-ios/ios/build/SourcePackages/artifacts/localllmclient/LocalLLMClientLlamaFramework/llama.xcframework/ios-arm64_x86_64-simulator/llama.framework /Users/runner/work/red-pen-ios/red-pen-ios/ios/build/Build/Products/Debug-iphonesimulator/RedPen.app/Frameworks

ProcessInfoPlistFile /Users/runner/work/red-pen-ios/red-pen-ios/ios/build/Build/Products/Debug-iphonesimulator/RedPen.app/Info.plist /Users/runner/work/red-pen-ios/red-pen-ios/ios/RedPen/Info.plist (in target 'RedPen' from project 'RedPen')
    cd /Users/runner/work/red-pen-ios/red-pen-ios/ios
    builtin-infoPlistUtility /Users/runner/work/red-pen-ios/red-pen-ios/ios/RedPen/Info.plist -producttype com.apple.product-type.application -genpkginfo /Users/runner/work/red-pen-ios/red-pen-ios/ios/build/Build/Products/Debug-iphonesimulator/RedPen.app/PkgInfo -expandbuildsettings -format binary -platform iphonesimulator -additionalcontentfile /Users/runner/work/red-pen-ios/red-pen-ios/ios/build/Build/Intermediates.noindex/RedPen.build/Debug-iphonesimulator/RedPen.build/assetcatalog_generated_info.plist -scanforprivacyfile /Users/runner/work/red-pen-ios/red-pen-ios/ios/build/Build/Products/Debug-iphonesimulator/RedPen.app/Frameworks/llama.framework -scanforprivacyfile /Users/runner/work/red-pen-ios/red-pen-ios/ios/build/Build/Products/Debug-iphonesimulator/RedPen.app/LocalLLMClient_LocalLLMClientLlama.bundle -o /Users/runner/work/red-pen-ios/red-pen-ios/ios/build/Build/Products/Debug-iphonesimulator/RedPen.app/Info.plist
warning: 'UIRequiresFullScreen' has been deprecated starting in iOS 26.0 and will be ignored in a future release. See the UIRequiresFullScreen documentation for more details. (in target 'RedPen' from project 'RedPen')

SwiftDriverJobDiscovery normal arm64 Compiling OsceStations.swift, PDFExporter.swift, PDFOcclusion.swift, PaywallView.swift, PlainTextImport.swift, PptxText.swift, PreviewAccount.swift, PreviewExtras.swift, PreviewLaunch.swift, PronunciationLibrary.swift, PronunciationStore.swift, Provenance.swift, QACard.swift, QACardsView.swift, QuizFromCards.swift, RedPenApp.swift, RedPenOCR.swift, ReviewPlan.swift, ReviewStore.swift, ShareSheet.swift, SignInView.swift, SocialSignIn.swift, SoundKey.swift (in target 'RedPen' from project 'RedPen')

SwiftDriverJobDiscovery normal arm64 Compiling Account.swift, AccountStore.swift, AccountView.swift, AnkiCard.swift, AnkiCardFace.swift, AnkiReviewView.swift, AnkiScheduler.swift, ApkgExporter.swift, AuthAPI.swift, AuthRules.swift, BlobCache.swift, BlobRefs.swift, BookPages.swift, BookReaderView.swift, Brand.swift, CardEditSheets.swift, CardQuality.swift, CardsEditorView.swift, Corrections.swift, DeckCard.swift, DeckExportIntents.swift, DeckPDF.swift, DeckPDFBlocks.swift (in target 'RedPen' from project 'RedPen')

SwiftDriver\ Compilation RedPen normal arm64 com.apple.xcode.tools.swift.compiler (in target 'RedPen' from project 'RedPen')
    cd /Users/runner/work/red-pen-ios/red-pen-ios/ios
    builtin-Swift-Compilation -- /Applications/Xcode_26.6.app/Contents/Developer/Toolchains/XcodeDefault.xctoolchain/usr/bin/swiftc -module-name RedPen -Onone @/Users/runner/work/red-pen-ios/red-pen-ios/ios/build/Build/Intermediates.noindex/RedPen.build/Debug-iphonesimulator/RedPen.build/Objects-normal/arm64/RedPen.SwiftFileList -DDEBUG -cxx-interoperability-mode\=default -enable-bare-slash-regex -enable-experimental-feature DebugDescriptionMacro -sdk /Applications/Xcode_26.6.app/Contents/Developer/Platforms/iPhoneSimulator.platform/Developer/SDKs/iPhoneSimulator26.5.sdk -target arm64-apple-ios26.0-simulator -g -module-cache-path /Users/runner/work/red-pen-ios/red-pen-ios/ios/build/ModuleCache.noindex -Xfrontend -serialize-debugging-options -enable-testing -index-store-path /Users/runner/work/red-pen-ios/red-pen-ios/ios/build/Index.noindex/DataStore -Xcc -D_LIBCPP_HARDENING_MODE\=_LIBCPP_HARDENING_MODE_DEBUG -swift-version 5 -I /Users/runner/work/red-pen-ios/red-pen-ios/ios/build/Build/Products/Debug-iphonesimulator -F /Users/runner/work/red-pen-ios/red-pen-ios/ios/build/Build/Products/Debug-iphonesimulator/PackageFrameworks -F /Users/runner/work/red-pen-ios/red-pen-ios/ios/build/Build/Products/Debug-iphonesimulator/PackageFrameworks -F /Users/runner/work/red-pen-ios/red-pen-ios/ios/build/Build/Products/Debug-iphonesimulator/PackageFrameworks -F /Users/runner/work/red-pen-ios/red-pen-ios/ios/build/Build/Products/Debug-iphonesimulator/PackageFrameworks -F /Users/runner/work/red-pen-ios/red-pen-ios/ios/build/Build/Products/Debug-iphonesimulator/PackageFrameworks -F /Users/runner/work/red-pen-ios/red-pen-ios/ios/build/Build/Products/Debug-iphonesimulator/PackageFrameworks -F /Users/runner/work/red-pen-ios/red-pen-ios/ios/build/Build/Products/Debug-iphonesimulator/PackageFrameworks -F /Users/runner/work/red-pen-ios/red-pen-ios/ios/build/Build/Products/Debug-iphonesimulator/PackageFrameworks -F /Users/runner/work/red-pen-ios/red-pen-ios/ios/build/Build/Products/Debug-iphonesimulator/PackageFrameworks -F /Users/runner/work/red-pen-ios/red-pen-ios/ios/build/Build/Products/Debug-iphonesimulator -Xfrontend -load-plugin-executable -Xfrontend /Users/runner/work/red-pen-ios/red-pen-ios/ios/build/Build/Products/Debug/LocalLLMClientMacrosPlugin\#LocalLLMClientMacrosPlugin -c -j3 -enable-batch-mode -incremental -Xcc -ivfsstatcache -Xcc /Users/runner/work/red-pen-ios/red-pen-ios/ios/build/SDKStatCaches.noindex/iphonesimulator26.5-23F81a-688ef53f1462e2c8f657fdc38a81448ff45c64a1807a658693f2a61704f17a36.sdkstatcache -output-file-map /Users/runner/work/red-pen-ios/red-pen-ios/ios/build/Build/Intermediates.noindex/RedPen.build/Debug-iphonesimulator/RedPen.build/Objects-normal/arm64/RedPen-OutputFileMap.json -use-frontend-parseable-output -save-temps -no-color-diagnostics -serialize-diagnostics -emit-dependencies -emit-module -emit-module-path /Users/runner/work/red-pen-ios/red-pen-ios/ios/build/Build/Intermediates.noindex/RedPen.build/Debug-iphonesimulator/RedPen.build/Objects-normal/arm64/RedPen.swiftmodule -validate-clang-modules-once -clang-build-session-file /Users/runner/work/red-pen-ios/red-pen-ios/ios/build/ModuleCache.noindex/Session.modulevalidation -Xcc -I/Users/runner/work/red-pen-ios/red-pen-ios/ios/build/Build/Intermediates.noindex/RedPen.build/Debug-iphonesimulator/RedPen.build/swift-overrides.hmap -emit-const-values -Xfrontend -const-gather-protocols-file -Xfrontend /Users/runner/work/red-pen-ios/red-pen-ios/ios/build/Build/Intermediates.noindex/RedPen.build/Debug-iphonesimulator/RedPen.build/Objects-normal/arm64/RedPen_const_extract_protocols.json -Xcc -iquote -Xcc /Users/runner/work/red-pen-ios/red-pen-ios/ios/build/Build/Intermediates.noindex/RedPen.build/Debug-iphonesimulator/RedPen.build/RedPen-generated-files.hmap -Xcc -I/Users/runner/work/red-pen-ios/red-pen-ios/ios/build/Build/Intermediates.noindex/RedPen.build/Debug-iphonesimulator/RedPen.build/RedPen-own-target-headers.hmap -Xcc -I/Users/runner/work/red-pen-ios/red-pen-ios/ios/build/Build/Intermediates.noindex/RedPen.build/Debug-iphonesimulator/RedPen.build/RedPen-all-non-framework-target-headers.hmap -Xcc -ivfsoverlay -Xcc /Users/runner/work/red-pen-ios/red-pen-ios/ios/build/Build/Intermediates.noindex/RedPen.build/Debug-iphonesimulator/RedPen-599707e14dd5256a6604c828c0c573bf-VFS-iphonesimulator/all-product-headers.yaml -Xcc -iquote -Xcc /Users/runner/work/red-pen-ios/red-pen-ios/ios/build/Build/Intermediates.noindex/RedPen.build/Debug-iphonesimulator/RedPen.build/RedPen-project-headers.hmap -Xcc -I/Users/runner/work/red-pen-ios/red-pen-ios/ios/build/SourcePackages/checkouts/LocalLLMClient/Sources/LocalLLMClientLlamaC/include -Xcc -I/Users/runner/work/red-pen-ios/red-pen-ios/ios/build/Build/Products/Debug-iphonesimulator/include -Xcc -I/Users/runner/work/red-pen-ios/red-pen-ios/ios/build/Build/Intermediates.noindex/RedPen.build/Debug-iphonesimulator/RedPen.build/DerivedSources-normal/arm64 -Xcc -I/Users/runner/work/red-pen-ios/red-pen-ios/ios/build/Build/Intermediates.noindex/RedPen.build/Debug-iphonesimulator/RedPen.build/DerivedSources/arm64 -Xcc -I/Users/runner/work/red-pen-ios/red-pen-ios/ios/build/Build/Intermediates.noindex/RedPen.build/Debug-iphonesimulator/RedPen.build/DerivedSources -Xcc -DDEBUG\=1 -emit-objc-header -emit-objc-header-path /Users/runner/work/red-pen-ios/red-pen-ios/ios/build/Build/Intermediates.noindex/RedPen.build/Debug-iphonesimulator/RedPen.build/Objects-normal/arm64/RedPen-Swift.h -working-directory /Users/runner/work/red-pen-ios/red-pen-ios/ios -experimental-emit-module-separately -disable-cmo

Ld /Users/runner/work/red-pen-ios/red-pen-ios/ios/build/Build/Products/Debug-iphonesimulator/RedPen.app/RedPen.debug.dylib normal (in target 'RedPen' from project 'RedPen')
    cd /Users/runner/work/red-pen-ios/red-pen-ios/ios
    /Applications/Xcode_26.6.app/Contents/Developer/Toolchains/XcodeDefault.xctoolchain/usr/bin/clang -Xlinker -reproducible -target arm64-apple-ios26.0-simulator -dynamiclib -isysroot /Applications/Xcode_26.6.app/Contents/Developer/Platforms/iPhoneSimulator.platform/Developer/SDKs/iPhoneSimulator26.5.sdk -O0 -L/Users/runner/work/red-pen-ios/red-pen-ios/ios/build/Build/Intermediates.noindex/EagerLinkingTBDs/Debug-iphonesimulator -L/Users/runner/work/red-pen-ios/red-pen-ios/ios/build/Build/Products/Debug-iphonesimulator -F/Users/runner/work/red-pen-ios/red-pen-ios/ios/build/Build/Intermediates.noindex/EagerLinkingTBDs/Debug-iphonesimulator -F/Users/runner/work/red-pen-ios/red-pen-ios/ios/build/Build/Products/Debug-iphonesimulator/PackageFrameworks -F/Users/runner/work/red-pen-ios/red-pen-ios/ios/build/Build/Products/Debug-iphonesimulator/PackageFrameworks -F/Users/runner/work/red-pen-ios/red-pen-ios/ios/build/Build/Products/Debug-iphonesimulator/PackageFrameworks -F/Users/runner/work/red-pen-ios/red-pen-ios/ios/build/Build/Products/Debug-iphonesimulator/PackageFrameworks -F/Users/runner/work/red-pen-ios/red-pen-ios/ios/build/Build/Products/Debug-iphonesimulator/PackageFrameworks -F/Users/runner/work/red-pen-ios/red-pen-ios/ios/build/Build/Products/Debug-iphonesimulator/PackageFrameworks -F/Users/runner/work/red-pen-ios/red-pen-ios/ios/build/Build/Products/Debug-iphonesimulator/PackageFrameworks -F/Users/runner/work/red-pen-ios/red-pen-ios/ios/build/Build/Products/Debug-iphonesimulator/PackageFrameworks -F/Users/runner/work/red-pen-ios/red-pen-ios/ios/build/Build/Products/Debug-iphonesimulator/PackageFrameworks -F/Users/runner/work/red-pen-ios/red-pen-ios/ios/build/Build/Products/Debug-iphonesimulator -filelist /Users/runner/work/red-pen-ios/red-pen-ios/ios/build/Build/Intermediates.noindex/RedPen.build/Debug-iphonesimulator/RedPen.build/Objects-normal/arm64/RedPen.LinkFileList -install_name @rpath/RedPen.debug.dylib -Xlinker -rpath -Xlinker /Users/runner/work/red-pen-ios/red-pen-ios/ios/build/Build/Products/Debug-iphonesimulator/PackageFrameworks -Xlinker -rpath -Xlinker @executable_path/Frameworks -Xlinker -dead_strip -Xlinker -object_path_lto -Xlinker /Users/runner/work/red-pen-ios/red-pen-ios/ios/build/Build/Intermediates.noindex/RedPen.build/Debug-iphonesimulator/RedPen.build/Objects-normal/arm64/RedPen_lto.o -rdynamic -Xlinker -no_deduplicate -Xlinker -objc_abi_version -Xlinker 2 -Xlinker -dependency_info -Xlinker /Users/runner/work/red-pen-ios/red-pen-ios/ios/build/Build/Intermediates.noindex/RedPen.build/Debug-iphonesimulator/RedPen.build/Objects-normal/arm64/RedPen_dependency_info.dat -fobjc-link-runtime -L/Applications/Xcode_26.6.app/Contents/Developer/Toolchains/XcodeDefault.xctoolchain/usr/lib/swift/iphonesimulator -L/usr/lib/swift -Xlinker -add_ast_path -Xlinker /Users/runner/work/red-pen-ios/red-pen-ios/ios/build/Build/Intermediates.noindex/RedPen.build/Debug-iphonesimulator/RedPen.build/Objects-normal/arm64/RedPen.swiftmodule -Wl,-no_warn_duplicate_libraries -Wl,-no_warn_duplicate_libraries -Wl,-no_warn_duplicate_libraries -Wl,-no_warn_duplicate_libraries -Wl,-no_warn_duplicate_libraries -lc++ -Wl,-no_warn_duplicate_libraries -Wl,-no_warn_duplicate_libraries -Wl,-no_warn_duplicate_libraries -Wl,-no_warn_duplicate_libraries -Xlinker -alias -Xlinker _main -Xlinker ___debug_main_executable_dylib_entry_point -framework llama -o /Users/runner/work/red-pen-ios/red-pen-ios/ios/build/Build/Products/Debug-iphonesimulator/RedPen.app/RedPen.debug.dylib -Xlinker -add_ast_path -Xlinker /Users/runner/work/red-pen-ios/red-pen-ios/ios/build/Build/Intermediates.noindex/LocalLLMClient.build/Debug-iphonesimulator/LocalLLMClient.build/Objects-normal/arm64/LocalLLMClient.swiftmodule -Xlinker -add_ast_path -Xlinker /Users/runner/work/red-pen-ios/red-pen-ios/ios/build/Build/Intermediates.noindex/LocalLLMClient.build/Debug-iphonesimulator/LocalLLMClientUtility.build/Objects-normal/arm64/LocalLLMClientUtility.swiftmodule -Xlinker -add_ast_path -Xlinker /Users/runner/work/red-pen-ios/red-pen-ios/ios/build/Build/Intermediates.noindex/Jinja.build/Debug-iphonesimulator/Jinja.build/Objects-normal/arm64/Jinja.swiftmodule -Xlinker -add_ast_path -Xlinker /Users/runner/work/red-pen-ios/red-pen-ios/ios/build/Build/Intermediates.noindex/swift-collections.build/Debug-iphonesimulator/OrderedCollections.build/Objects-normal/arm64/OrderedCollections.swiftmodule -Xlinker -add_ast_path -Xlinker /Users/runner/work/red-pen-ios/red-pen-ios/ios/build/Build/Intermediates.noindex/swift-collections.build/Debug-iphonesimulator/InternalCollectionsUtilities.build/Objects-normal/arm64/InternalCollectionsUtilities.swiftmodule -Xlinker -add_ast_path -Xlinker /Users/runner/work/red-pen-ios/red-pen-ios/ios/build/Build/Intermediates.noindex/LocalLLMClient.build/Debug-iphonesimulator/LocalLLMClientCore.build/Objects-normal/arm64/LocalLLMClientCore.swiftmodule -Xlinker -add_ast_path -Xlinker /Users/runner/work/red-pen-ios/red-pen-ios/ios/build/Build/Intermediates.noindex/LocalLLMClient.build/Debug-iphonesimulator/LocalLLMClientMacros.build/Objects-normal/arm64/LocalLLMClientMacros.swiftmodule -Xlinker -add_ast_path -Xlinker /Users/runner/work/red-pen-ios/red-pen-ios/ios/build/Build/Intermediates.noindex/LocalLLMClient.build/Debug-iphonesimulator/LocalLLMClientLlama.build/Objects-normal/arm64/LocalLLMClientLlama.swiftmodule

ConstructStubExecutorLinkFileList /Users/runner/work/red-pen-ios/red-pen-ios/ios/build/Build/Intermediates.noindex/RedPen.build/Debug-iphonesimulator/RedPen.build/RedPen-ExecutorLinkFileList-normal-arm64.txt (in target 'RedPen' from project 'RedPen')
    cd /Users/runner/work/red-pen-ios/red-pen-ios/ios
    construct-stub-executor-link-file-list /Users/runner/work/red-pen-ios/red-pen-ios/ios/build/Build/Products/Debug-iphonesimulator/RedPen.app/RedPen.debug.dylib /Applications/Xcode_26.6.app/Contents/Developer/Platforms/iPhoneSimulator.platform/Developer/usr/lib/libPreviewsJITStubExecutor_no_swift_entry_point.a /Applications/Xcode_26.6.app/Contents/Developer/Platforms/iPhoneSimulator.platform/Developer/usr/lib/libPreviewsJITStubExecutor.a --output /Users/runner/work/red-pen-ios/red-pen-ios/ios/build/Build/Intermediates.noindex/RedPen.build/Debug-iphonesimulator/RedPen.build/RedPen-ExecutorLinkFileList-normal-arm64.txt
note: Using stub executor library with Swift entry point. (in target 'RedPen' from project 'RedPen')

Ld /Users/runner/work/red-pen-ios/red-pen-ios/ios/build/Build/Products/Debug-iphonesimulator/RedPen.app/RedPen normal (in target 'RedPen' from project 'RedPen')
    cd /Users/runner/work/red-pen-ios/red-pen-ios/ios
    /Applications/Xcode_26.6.app/Contents/Developer/Toolchains/XcodeDefault.xctoolchain/usr/bin/clang -Xlinker -reproducible -target arm64-apple-ios26.0-simulator -isysroot /Applications/Xcode_26.6.app/Contents/Developer/Platforms/iPhoneSimulator.platform/Developer/SDKs/iPhoneSimulator26.5.sdk -O0 -L/Users/runner/work/red-pen-ios/red-pen-ios/ios/build/Build/Products/Debug-iphonesimulator -F/Users/runner/work/red-pen-ios/red-pen-ios/ios/build/Build/Products/Debug-iphonesimulator/PackageFrameworks -F/Users/runner/work/red-pen-ios/red-pen-ios/ios/build/Build/Products/Debug-iphonesimulator/PackageFrameworks -F/Users/runner/work/red-pen-ios/red-pen-ios/ios/build/Build/Products/Debug-iphonesimulator/PackageFrameworks -F/Users/runner/work/red-pen-ios/red-pen-ios/ios/build/Build/Products/Debug-iphonesimulator/PackageFrameworks -F/Users/runner/work/red-pen-ios/red-pen-ios/ios/build/Build/Products/Debug-iphonesimulator/PackageFrameworks -F/Users/runner/work/red-pen-ios/red-pen-ios/ios/build/Build/Products/Debug-iphonesimulator/PackageFrameworks -F/Users/runner/work/red-pen-ios/red-pen-ios/ios/build/Build/Products/Debug-iphonesimulator/PackageFrameworks -F/Users/runner/work/red-pen-ios/red-pen-ios/ios/build/Build/Products/Debug-iphonesimulator/PackageFrameworks -F/Users/runner/work/red-pen-ios/red-pen-ios/ios/build/Build/Products/Debug-iphonesimulator/PackageFrameworks -F/Users/runner/work/red-pen-ios/red-pen-ios/ios/build/Build/Products/Debug-iphonesimulator -Xlinker -rpath -Xlinker @executable_path -Xlinker -rpath -Xlinker /Users/runner/work/red-pen-ios/red-pen-ios/ios/build/Build/Products/Debug-iphonesimulator/PackageFrameworks -Xlinker -rpath -Xlinker @executable_path/Frameworks -rdynamic -Xlinker -no_deduplicate -Xlinker -objc_abi_version -Xlinker 2 -e ___debug_blank_executor_main -Xlinker -sectcreate -Xlinker __TEXT -Xlinker __debug_dylib -Xlinker /Users/runner/work/red-pen-ios/red-pen-ios/ios/build/Build/Intermediates.noindex/RedPen.build/Debug-iphonesimulator/RedPen.build/RedPen-DebugDylibPath-normal-arm64.txt -Xlinker -sectcreate -Xlinker __TEXT -Xlinker __debug_instlnm -Xlinker /Users/runner/work/red-pen-ios/red-pen-ios/ios/build/Build/Intermediates.noindex/RedPen.build/Debug-iphonesimulator/RedPen.build/RedPen-DebugDylibInstallName-normal-arm64.txt -Xlinker -filelist -Xlinker /Users/runner/work/red-pen-ios/red-pen-ios/ios/build/Build/Intermediates.noindex/RedPen.build/Debug-iphonesimulator/RedPen.build/RedPen-ExecutorLinkFileList-normal-arm64.txt /Users/runner/work/red-pen-ios/red-pen-ios/ios/build/Build/Products/Debug-iphonesimulator/RedPen.app/RedPen.debug.dylib -o /Users/runner/work/red-pen-ios/red-pen-ios/ios/build/Build/Products/Debug-iphonesimulator/RedPen.app/RedPen

CopySwiftLibs /Users/runner/work/red-pen-ios/red-pen-ios/ios/build/Build/Products/Debug-iphonesimulator/RedPen.app (in target 'RedPen' from project 'RedPen')
    cd /Users/runner/work/red-pen-ios/red-pen-ios/ios
    builtin-swiftStdLibTool --copy --verbose --scan-executable /Users/runner/work/red-pen-ios/red-pen-ios/ios/build/Build/Products/Debug-iphonesimulator/RedPen.app/RedPen.debug.dylib --scan-folder /Users/runner/work/red-pen-ios/red-pen-ios/ios/build/Build/Products/Debug-iphonesimulator/RedPen.app/Frameworks --scan-folder /Users/runner/work/red-pen-ios/red-pen-ios/ios/build/Build/Products/Debug-iphonesimulator/RedPen.app/PlugIns --scan-folder /Users/runner/work/red-pen-ios/red-pen-ios/ios/build/Build/Products/Debug-iphonesimulator/RedPen.app/SystemExtensions --scan-folder /Users/runner/work/red-pen-ios/red-pen-ios/ios/build/Build/Products/Debug-iphonesimulator/RedPen.app/Extensions --platform iphonesimulator --toolchain /var/run/com.apple.security.cryptexd/mnt/com.apple.MobileAsset.MetalToolchain-v17.6.109.0.6Ukyi4/Metal.xctoolchain --toolchain /Applications/Xcode_26.6.app/Contents/Developer/Toolchains/XcodeDefault.xctoolchain --destination /Users/runner/work/red-pen-ios/red-pen-ios/ios/build/Build/Products/Debug-iphonesimulator/RedPen.app/Frameworks --strip-bitcode --strip-bitcode-tool /Applications/Xcode_26.6.app/Contents/Developer/Toolchains/XcodeDefault.xctoolchain/usr/bin/bitcode_strip --emit-dependency-info /Users/runner/work/red-pen-ios/red-pen-ios/ios/build/Build/Intermediates.noindex/RedPen.build/Debug-iphonesimulator/RedPen.build/SwiftStdLibToolInputDependencies.dep --filter-for-swift-os
Ignoring --strip-bitcode because --sign was not passed

ExtractAppIntentsMetadata (in target 'RedPen' from project 'RedPen')
    cd /Users/runner/work/red-pen-ios/red-pen-ios/ios
    /Applications/Xcode_26.6.app/Contents/Developer/Toolchains/XcodeDefault.xctoolchain/usr/bin/appintentsmetadataprocessor --toolchain-dir /var/run/com.apple.security.cryptexd/mnt/com.apple.MobileAsset.MetalToolchain-v17.6.109.0.6Ukyi4/Metal.xctoolchain --module-name RedPen --sdk-root /Applications/Xcode_26.6.app/Contents/Developer/Platforms/iPhoneSimulator.platform/Developer/SDKs/iPhoneSimulator26.5.sdk --xcode-version 17F113 --platform-family iOS --deployment-target 26.0 --bundle-identifier com.cramdown.app --output /Users/runner/work/red-pen-ios/red-pen-ios/ios/build/Build/Products/Debug-iphonesimulator/RedPen.app --target-triple arm64-apple-ios26.0-simulator --binary-file /Users/runner/work/red-pen-ios/red-pen-ios/ios/build/Build/Products/Debug-iphonesimulator/RedPen.app/RedPen --dependency-file /Users/runner/work/red-pen-ios/red-pen-ios/ios/build/Build/Intermediates.noindex/RedPen.build/Debug-iphonesimulator/RedPen.build/Objects-normal/arm64/RedPen_dependency_info.dat --stringsdata-file /Users/runner/work/red-pen-ios/red-pen-ios/ios/build/Build/Intermediates.noindex/RedPen.build/Debug-iphonesimulator/RedPen.build/Objects-normal/arm64/ExtractedAppShortcutsMetadata.stringsdata --source-file-list /Users/runner/work/red-pen-ios/red-pen-ios/ios/build/Build/Intermediates.noindex/RedPen.build/Debug-iphonesimulator/RedPen.build/Objects-normal/arm64/RedPen.SwiftFileList --metadata-file-list /Users/runner/work/red-pen-ios/red-pen-ios/ios/build/Build/Intermediates.noindex/RedPen.build/Debug-iphonesimulator/RedPen.build/RedPen.DependencyMetadataFileList --static-metadata-file-list /Users/runner/work/red-pen-ios/red-pen-ios/ios/build/Build/Intermediates.noindex/RedPen.build/Debug-iphonesimulator/RedPen.build/RedPen.DependencyStaticMetadataFileList --swift-const-vals-list /Users/runner/work/red-pen-ios/red-pen-ios/ios/build/Build/Intermediates.noindex/RedPen.build/Debug-iphonesimulator/RedPen.build/Objects-normal/arm64/RedPen.SwiftConstValuesFileList --compile-time-extraction --deployment-aware-processing --validate-assistant-intents --no-app-shortcuts-localization
2026-09-19 07:39:12.725 appintentsmetadataprocessor[7615:25028] Starting appintentsmetadataprocessor export
2026-09-19 07:39:12.779 appintentsmetadataprocessor[7615:25028] Writing Metadata.appintents
2026-09-19 07:39:12.779 appintentsmetadataprocessor[7615:25028] Metadata root: /Users/runner/work/red-pen-ios/red-pen-ios/ios/build/Build/Products/Debug-iphonesimulator/RedPen.app/Metadata.appintents

AppIntentsSSUTraining (in target 'RedPen' from project 'RedPen')
    cd /Users/runner/work/red-pen-ios/red-pen-ios/ios
    /Applications/Xcode_26.6.app/Contents/Developer/Toolchains/XcodeDefault.xctoolchain/usr/bin/appintentsnltrainingprocessor --infoplist-path /Users/runner/work/red-pen-ios/red-pen-ios/ios/build/Build/Products/Debug-iphonesimulator/RedPen.app/Info.plist --temp-dir-path /Users/runner/work/red-pen-ios/red-pen-ios/ios/build/Build/Intermediates.noindex/RedPen.build/Debug-iphonesimulator/RedPen.build/ssu --bundle-id com.cramdown.app --product-path /Users/runner/work/red-pen-ios/red-pen-ios/ios/build/Build/Products/Debug-iphonesimulator/RedPen.app --extracted-metadata-path /Users/runner/work/red-pen-ios/red-pen-ios/ios/build/Build/Products/Debug-iphonesimulator/RedPen.app/Metadata.appintents --metadata-file-list /Users/runner/work/red-pen-ios/red-pen-ios/ios/build/Build/Intermediates.noindex/RedPen.build/Debug-iphonesimulator/RedPen.build/RedPen.DependencyMetadataFileList --source-file /Users/runner/work/red-pen-ios/red-pen-ios/ios/build/Build/Products/Debug-iphonesimulator/RedPen.app/Info.plist --archive-ssu-assets
2026-09-19 07:39:12.831 appintentsnltrainingprocessor[7616:25036] Parsing options for appintentsnltrainingprocessor
2026-09-19 07:39:12.832 appintentsnltrainingprocessor[7616:25036] Starting AppIntents SSU YAML Generation
2026-09-19 07:39:12.856 appintentsnltrainingprocessor[7616:25036] Training 'Export a deck from ${+applicationName}|Make a ${+applicationName} deck' for en
2026-09-19 07:39:12.856 appintentsnltrainingprocessor[7616:25036] Training 'Export every ${+applicationName} deck' for en
2026-09-19 07:39:12.857 appintentsnltrainingprocessor[7616:25036] Training Negative Phrases '' for en
2026-09-19 07:39:12.857 appintentsnltrainingprocessor[7616:25036] Application name 'CramDown' for en
2026-09-19 07:39:12.871 appintentsnltrainingprocessor[7616:25036] Generated AppIntents SSU YAML files in file:///Users/runner/work/red-pen-ios/red-pen-ios/ios/build/Build/Intermediates.noindex/RedPen.build/Debug-iphonesimulator/RedPen.build/ssu/
2026-09-19 07:39:12.871 appintentsnltrainingprocessor[7616:25036] Copied AppIntents SSU YAML files to file:///Users/runner/work/red-pen-ios/red-pen-ios/ios/build/Build/Products/Debug-iphonesimulator/RedPen.app/Metadata.appintents/
Archiving all locales.
[------------------------------------------------------------] 0% archiving en[🁢🁢🁢🁢🁢🁢🁢🁢🁢🁢🁢🁢🁢🁢🁢🁢🁢🁢🁢🁢🁢🁢🁢🁢🁢🁢🁢🁢🁢🁢🁢🁢🁢🁢🁢🁢🁢🁢🁢🁢🁢🁢🁢🁢🁢🁢🁢🁢🁢🁢🁢🁢🁢🁢🁢🁢🁢🁢🁢🁢] 100% archived en[🁢🁢🁢🁢🁢🁢🁢🁢🁢🁢🁢🁢🁢🁢🁢🁢🁢🁢🁢🁢🁢🁢🁢🁢🁢🁢🁢🁢🁢🁢🁢🁢🁢🁢🁢🁢🁢🁢🁢🁢🁢🁢🁢🁢🁢🁢🁢🁢🁢🁢🁢🁢🁢🁢🁢🁢🁢🁢🁢🁢] 100% archived 1 locales/Users/runner/work/red-pen-ios/red-pen-ios/ios/build/Build/Products/Debug-iphonesimulator/RedPen.app/Metadata.appintents/nlu
/Users/runner/work/red-pen-ios/red-pen-ios/ios/build/Build/Products/Debug-iphonesimulator/RedPen.app/Metadata.appintents/nlu/dd5c923a972702ac102591f23a122f9e.version


RegisterExecutionPolicyException /Users/runner/work/red-pen-ios/red-pen-ios/ios/build/Build/Products/Debug-iphonesimulator/RedPen.app (in target 'RedPen' from project 'RedPen')
    cd /Users/runner/work/red-pen-ios/red-pen-ios/ios
    builtin-RegisterExecutionPolicyException /Users/runner/work/red-pen-ios/red-pen-ios/ios/build/Build/Products/Debug-iphonesimulator/RedPen.app

Validate /Users/runner/work/red-pen-ios/red-pen-ios/ios/build/Build/Products/Debug-iphonesimulator/RedPen.app (in target 'RedPen' from project 'RedPen')
    cd /Users/runner/work/red-pen-ios/red-pen-ios/ios
    builtin-validationUtility /Users/runner/work/red-pen-ios/red-pen-ios/ios/build/Build/Products/Debug-iphonesimulator/RedPen.app -shallow-bundle -infoplist-subpath Info.plist

Touch /Users/runner/work/red-pen-ios/red-pen-ios/ios/build/Build/Products/Debug-iphonesimulator/RedPen.app (in target 'RedPen' from project 'RedPen')
    cd /Users/runner/work/red-pen-ios/red-pen-ios/ios
    /usr/bin/touch -c /Users/runner/work/red-pen-ios/red-pen-ios/ios/build/Build/Products/Debug-iphonesimulator/RedPen.app

** BUILD SUCCEEDED **

