
compile rc=0
ok   light: the relief falls on the palette's base
ok   light low: the highlight is lighter than the base
ok   light low: the shade is darker than the base
ok   light low: highlight and shade read apart, softly
ok   light low: each light shows on the base
ok   light low: the highlight falls up and left, the shade down and right
ok   light low: the highlight is white
ok   light low: white at 0.7 to 0.9
ok   light low: #A3B1C6 at 0.5 to 0.65
ok   light low: the same input gives the same relief
ok   light low: raised drops its lights outside, pressed in casts them inside
ok   light low: pressed in is raised mirrored
ok   light low: pressed in keeps the lights where they are
ok   light low: a control's edge reads at least 3:1 on the base
ok   light low: a card has no edge
ok   light low: a control's face is a card's with the edge
ok   light low: pressed in keeps the edge
ok   light low: Increase Contrast edges a card
ok   light low: Increase Contrast strengthens a control's edge, past a card's
ok   light low: Increase Contrast deepens the shade
ok   light low: Increase Contrast keeps the geometry and the highlight
ok   light low: Increase Contrast pressed in mirrors too
ok   light mid: the highlight is lighter than the base
ok   light mid: the shade is darker than the base
ok   light mid: highlight and shade read apart, softly
ok   light mid: each light shows on the base
ok   light mid: the highlight falls up and left, the shade down and right
ok   light mid: the highlight is white
ok   light mid: white at 0.7 to 0.9
ok   light mid: #A3B1C6 at 0.5 to 0.65
ok   light mid: stands further off than the lift below
ok   light mid: reads at least as strongly as the lift below
ok   light mid: the same input gives the same relief
ok   light mid: raised drops its lights outside, pressed in casts them inside
ok   light mid: pressed in is raised mirrored
ok   light mid: pressed in keeps the lights where they are
ok   light mid: a control's edge reads at least 3:1 on the base
ok   light mid: a card has no edge
ok   light mid: a control's face is a card's with the edge
ok   light mid: pressed in keeps the edge
ok   light mid: Increase Contrast edges a card
ok   light mid: Increase Contrast strengthens a control's edge, past a card's
ok   light mid: Increase Contrast deepens the shade
ok   light mid: Increase Contrast keeps the geometry and the highlight
ok   light mid: Increase Contrast pressed in mirrors too
ok   light high: the highlight is lighter than the base
ok   light high: the shade is darker than the base
ok   light high: highlight and shade read apart, softly
ok   light high: each light shows on the base
ok   light high: the highlight falls up and left, the shade down and right
ok   light high: the highlight is white
ok   light high: white at 0.7 to 0.9
ok   light high: #A3B1C6 at 0.5 to 0.65
ok   light high: stands further off than the lift below
ok   light high: reads at least as strongly as the lift below
ok   light high: the same input gives the same relief
ok   light high: raised drops its lights outside, pressed in casts them inside
ok   light high: pressed in is raised mirrored
ok   light high: pressed in keeps the lights where they are
ok   light high: a control's edge reads at least 3:1 on the base
ok   light high: a card has no edge
ok   light high: a control's face is a card's with the edge
ok   light high: pressed in keeps the edge
ok   light high: Increase Contrast edges a card
ok   light high: Increase Contrast strengthens a control's edge, past a card's
ok   light high: Increase Contrast deepens the shade
ok   light high: Increase Contrast keeps the geometry and the highlight
ok   light high: Increase Contrast pressed in mirrors too
ok   light peak: the highlight is lighter than the base
ok   light peak: the shade is darker than the base
ok   light peak: highlight and shade read apart, softly
ok   light peak: each light shows on the base
ok   light peak: the highlight falls up and left, the shade down and right
ok   light peak: the highlight is white
ok   light peak: white at 0.7 to 0.9
ok   light peak: #A3B1C6 at 0.5 to 0.65
ok   light peak: stands further off than the lift below
ok   light peak: reads at least as strongly as the lift below
ok   light peak: the same input gives the same relief
ok   light peak: raised drops its lights outside, pressed in casts them inside
ok   light peak: pressed in is raised mirrored
ok   light peak: pressed in keeps the lights where they are
ok   light peak: a control's edge reads at least 3:1 on the base
ok   light peak: a card has no edge
ok   light peak: a control's face is a card's with the edge
ok   light peak: pressed in keeps the edge
ok   light peak: Increase Contrast edges a card
ok   light peak: Increase Contrast strengthens a control's edge, past a card's
ok   light peak: Increase Contrast deepens the shade
ok   light peak: Increase Contrast keeps the geometry and the highlight
ok   light peak: Increase Contrast pressed in mirrors too
ok   dark: the relief falls on the palette's base
ok   dark low: the highlight is lighter than the base
ok   dark low: the shade is darker than the base
ok   dark low: highlight and shade read apart, softly
ok   dark low: each light shows on the base
ok   dark low: the highlight falls up and left, the shade down and right
ok   dark low: the highlight is white
ok   dark low: white at 0.05 to 0.09
ok   dark low: black at 0.45 to 0.6
ok   dark low: no white glare
ok   dark low: the same input gives the same relief
ok   dark low: raised drops its lights outside, pressed in casts them inside
ok   dark low: pressed in is raised mirrored
ok   dark low: pressed in keeps the lights where they are
ok   dark low: a control's edge reads at least 3:1 on the base
ok   dark low: a card has no edge
ok   dark low: a control's face is a card's with the edge
ok   dark low: pressed in keeps the edge
ok   dark low: Increase Contrast edges a card
ok   dark low: Increase Contrast strengthens a control's edge, past a card's
ok   dark low: Increase Contrast deepens the shade
ok   dark low: Increase Contrast keeps the geometry and the highlight
ok   dark low: Increase Contrast pressed in mirrors too
ok   dark mid: the highlight is lighter than the base
ok   dark mid: the shade is darker than the base
ok   dark mid: highlight and shade read apart, softly
ok   dark mid: each light shows on the base
ok   dark mid: the highlight falls up and left, the shade down and right
ok   dark mid: the highlight is white
ok   dark mid: white at 0.05 to 0.09
ok   dark mid: black at 0.45 to 0.6
ok   dark mid: no white glare
ok   dark mid: stands further off than the lift below
ok   dark mid: reads at least as strongly as the lift below
ok   dark mid: the same input gives the same relief
ok   dark mid: raised drops its lights outside, pressed in casts them inside
ok   dark mid: pressed in is raised mirrored
ok   dark mid: pressed in keeps the lights where they are
ok   dark mid: a control's edge reads at least 3:1 on the base
ok   dark mid: a card has no edge
ok   dark mid: a control's face is a card's with the edge
ok   dark mid: pressed in keeps the edge
ok   dark mid: Increase Contrast edges a card
ok   dark mid: Increase Contrast strengthens a control's edge, past a card's
ok   dark mid: Increase Contrast deepens the shade
ok   dark mid: Increase Contrast keeps the geometry and the highlight
ok   dark mid: Increase Contrast pressed in mirrors too
ok   dark high: the highlight is lighter than the base
ok   dark high: the shade is darker than the base
ok   dark high: highlight and shade read apart, softly
ok   dark high: each light shows on the base
ok   dark high: the highlight falls up and left, the shade down and right
ok   dark high: the highlight is white
ok   dark high: white at 0.05 to 0.09
ok   dark high: black at 0.45 to 0.6
ok   dark high: no white glare
ok   dark high: stands further off than the lift below
ok   dark high: reads at least as strongly as the lift below
ok   dark high: the same input gives the same relief
ok   dark high: raised drops its lights outside, pressed in casts them inside
ok   dark high: pressed in is raised mirrored
ok   dark high: pressed in keeps the lights where they are
ok   dark high: a control's edge reads at least 3:1 on the base
ok   dark high: a card has no edge
ok   dark high: a control's face is a card's with the edge
ok   dark high: pressed in keeps the edge
ok   dark high: Increase Contrast edges a card
ok   dark high: Increase Contrast strengthens a control's edge, past a card's
ok   dark high: Increase Contrast deepens the shade
ok   dark high: Increase Contrast keeps the geometry and the highlight
ok   dark high: Increase Contrast pressed in mirrors too
ok   dark peak: the highlight is lighter than the base
ok   dark peak: the shade is darker than the base
ok   dark peak: highlight and shade read apart, softly
ok   dark peak: each light shows on the base
ok   dark peak: the highlight falls up and left, the shade down and right
ok   dark peak: the highlight is white
ok   dark peak: white at 0.05 to 0.09
ok   dark peak: black at 0.45 to 0.6
ok   dark peak: no white glare
ok   dark peak: stands further off than the lift below
ok   dark peak: reads at least as strongly as the lift below
ok   dark peak: the same input gives the same relief
ok   dark peak: raised drops its lights outside, pressed in casts them inside
ok   dark peak: pressed in is raised mirrored
ok   dark peak: pressed in keeps the lights where they are
ok   dark peak: a control's edge reads at least 3:1 on the base
ok   dark peak: a card has no edge
ok   dark peak: a control's face is a card's with the edge
ok   dark peak: pressed in keeps the edge
ok   dark peak: Increase Contrast edges a card
ok   dark peak: Increase Contrast strengthens a control's edge, past a card's
ok   dark peak: Increase Contrast deepens the shade
ok   dark peak: Increase Contrast keeps the geometry and the highlight
ok   dark peak: Increase Contrast pressed in mirrors too
ok   the lifts are ordered low to peak
ok   pressed in sinks one lift, never below low
ok   a light on its own colour at full strength is that colour
ok   a light at no strength leaves the base
ok   light visibility at 0.0
ok   light visibility at 0.0001
ok   light visibility at 0.0002
ok   press constants
ok   quick curve controls
ok   Bezier 0: x=t, y=quick(t)
ok   glide 0
ok   Bezier 1: x=t, y=quick(t)
ok   glide 1
ok   Bezier 2: x=t, y=quick(t)
ok   glide 2
ok   Bezier 3: x=t, y=quick(t)
ok   glide 3
ok   Bezier 4: x=t, y=quick(t)
ok   glide 4
ok   Bezier 5: x=t, y=quick(t)
ok   glide 5
ok   Bezier 6: x=t, y=quick(t)
ok   glide 6
ok   Bezier 7: x=t, y=quick(t)
ok   glide 7
ok   Bezier 8: x=t, y=quick(t)
ok   glide 8
ok   Bezier 9: x=t, y=quick(t)
ok   glide 9
ok   Bezier 10: x=t, y=quick(t)
ok   glide 10
ok   Bezier 11: x=t, y=quick(t)
ok   glide 11
ok   Bezier 12: x=t, y=quick(t)
ok   glide 12
ok   Bezier 13: x=t, y=quick(t)
ok   glide 13
ok   Bezier 14: x=t, y=quick(t)
ok   glide 14
ok   Bezier 15: x=t, y=quick(t)
ok   glide 15
ok   Bezier 16: x=t, y=quick(t)
ok   glide 16
ok   Bezier 17: x=t, y=quick(t)
ok   glide 17
ok   Bezier 18: x=t, y=quick(t)
ok   glide 18
ok   Bezier 19: x=t, y=quick(t)
ok   glide 19
ok   Bezier 20: x=t, y=quick(t)
ok   glide 20
ok   progress clamps
ok   release completes click
ok   softness low
ok   low/false/false: a pressable face is a control's, edged
ok   low/false/false: an icon tile's is a card's
ok   low/false/false: depth clamps
ok   blur low/false/false/-1.0
ok   blur low/false/false/0.0
ok   blur low/false/false/0.5
ok   blur low/false/false/1.0
ok   blur low/false/false/2.0
ok   low/false/false: resting lights
ok   low/false/false: pressed lights
ok   spec low/false/false/0/0
ok   spec low/false/false/0/1
ok   spec low/false/false/0/2
ok   edge 0
ok   continuous low/false/false/0
ok   spec low/false/false/1/0
ok   spec low/false/false/1/1
ok   spec low/false/false/1/2
ok   edge 1
ok   continuous low/false/false/1
ok   spec low/false/false/2/0
ok   spec low/false/false/2/1
ok   spec low/false/false/2/2
ok   edge 2
ok   continuous low/false/false/2
ok   spec low/false/false/3/0
ok   spec low/false/false/3/1
ok   spec low/false/false/3/2
ok   edge 3
ok   continuous low/false/false/3
ok   spec low/false/false/4/0
ok   spec low/false/false/4/1
ok   spec low/false/false/4/2
ok   edge 4
ok   continuous low/false/false/4
ok   spec low/false/false/5/0
ok   spec low/false/false/5/1
ok   spec low/false/false/5/2
ok   edge 5
ok   continuous low/false/false/5
ok   spec low/false/false/6/0
ok   spec low/false/false/6/1
ok   spec low/false/false/6/2
ok   edge 6
ok   continuous low/false/false/6
ok   spec low/false/false/7/0
ok   spec low/false/false/7/1
ok   spec low/false/false/7/2
ok   edge 7
ok   continuous low/false/false/7
ok   spec low/false/false/8/0
ok   spec low/false/false/8/1
ok   spec low/false/false/8/2
ok   edge 8
ok   continuous low/false/false/8
ok   spec low/false/false/9/0
ok   spec low/false/false/9/1
ok   spec low/false/false/9/2
ok   edge 9
ok   continuous low/false/false/9
ok   spec low/false/false/10/0
ok   spec low/false/false/10/1
ok   spec low/false/false/10/2
ok   edge 10
ok   continuous low/false/false/10
ok   spec low/false/false/11/0
ok   spec low/false/false/11/1
ok   spec low/false/false/11/2
ok   edge 11
ok   continuous low/false/false/11
ok   spec low/false/false/12/0
ok   spec low/false/false/12/1
ok   spec low/false/false/12/2
ok   edge 12
ok   continuous low/false/false/12
ok   spec low/false/false/13/0
ok   spec low/false/false/13/1
ok   spec low/false/false/13/2
ok   edge 13
ok   continuous low/false/false/13
ok   spec low/false/false/14/0
ok   spec low/false/false/14/1
ok   spec low/false/false/14/2
ok   edge 14
ok   continuous low/false/false/14
ok   spec low/false/false/15/0
ok   spec low/false/false/15/1
ok   spec low/false/false/15/2
ok   edge 15
ok   continuous low/false/false/15
ok   spec low/false/false/16/0
ok   spec low/false/false/16/1
ok   spec low/false/false/16/2
ok   edge 16
ok   continuous low/false/false/16
ok   spec low/false/false/17/0
ok   spec low/false/false/17/1
ok   spec low/false/false/17/2
ok   edge 17
ok   continuous low/false/false/17
ok   spec low/false/false/18/0
ok   spec low/false/false/18/1
ok   spec low/false/false/18/2
ok   edge 18
ok   continuous low/false/false/18
ok   spec low/false/false/19/0
ok   spec low/false/false/19/1
ok   spec low/false/false/19/2
ok   edge 19
ok   continuous low/false/false/19
ok   spec low/false/false/20/0
ok   spec low/false/false/20/1
ok   spec low/false/false/20/2
ok   edge 20
ok   continuous low/false/false/20
ok   spec low/false/false/21/0
ok   spec low/false/false/21/1
ok   spec low/false/false/21/2
ok   edge 21
ok   continuous low/false/false/21
ok   spec low/false/false/22/0
ok   spec low/false/false/22/1
ok   spec low/false/false/22/2
ok   edge 22
ok   continuous low/false/false/22
ok   spec low/false/false/23/0
ok   spec low/false/false/23/1
ok   spec low/false/false/23/2
ok   edge 23
ok   continuous low/false/false/23
ok   spec low/false/false/24/0
ok   spec low/false/false/24/1
ok   spec low/false/false/24/2
ok   edge 24
ok   continuous low/false/false/24
ok   spec low/false/false/25/0
ok   spec low/false/false/25/1
ok   spec low/false/false/25/2
ok   edge 25
ok   continuous low/false/false/25
ok   spec low/false/false/26/0
ok   spec low/false/false/26/1
ok   spec low/false/false/26/2
ok   edge 26
ok   continuous low/false/false/26
ok   spec low/false/false/27/0
ok   spec low/false/false/27/1
ok   spec low/false/false/27/2
ok   edge 27
ok   continuous low/false/false/27
ok   spec low/false/false/28/0
ok   spec low/false/false/28/1
ok   spec low/false/false/28/2
ok   edge 28
ok   continuous low/false/false/28
ok   spec low/false/false/29/0
ok   spec low/false/false/29/1
ok   spec low/false/false/29/2
ok   edge 29
ok   continuous low/false/false/29
ok   spec low/false/false/30/0
ok   spec low/false/false/30/1
ok   spec low/false/false/30/2
ok   edge 30
ok   continuous low/false/false/30
ok   spec low/false/false/31/0
ok   spec low/false/false/31/1
ok   spec low/false/false/31/2
ok   edge 31
ok   continuous low/false/false/31
ok   spec low/false/false/32/0
ok   spec low/false/false/32/1
ok   spec low/false/false/32/2
ok   edge 32
ok   continuous low/false/false/32
ok   spec low/false/false/33/0
ok   spec low/false/false/33/1
ok   spec low/false/false/33/2
ok   edge 33
ok   continuous low/false/false/33
ok   spec low/false/false/34/0
ok   spec low/false/false/34/1
ok   spec low/false/false/34/2
ok   edge 34
ok   continuous low/false/false/34
ok   spec low/false/false/35/0
ok   spec low/false/false/35/1
ok   spec low/false/false/35/2
ok   edge 35
ok   continuous low/false/false/35
ok   spec low/false/false/36/0
ok   spec low/false/false/36/1
ok   spec low/false/false/36/2
ok   edge 36
ok   continuous low/false/false/36
ok   spec low/false/false/37/0
ok   spec low/false/false/37/1
ok   spec low/false/false/37/2
ok   edge 37
ok   continuous low/false/false/37
ok   spec low/false/false/38/0
ok   spec low/false/false/38/1
ok   spec low/false/false/38/2
ok   edge 38
ok   continuous low/false/false/38
ok   spec low/false/false/39/0
ok   spec low/false/false/39/1
ok   spec low/false/false/39/2
ok   edge 39
ok   continuous low/false/false/39
ok   spec low/false/false/40/0
ok   spec low/false/false/40/1
ok   spec low/false/false/40/2
ok   edge 40
ok   continuous low/false/false/40
ok   spec low/false/false/41/0
ok   spec low/false/false/41/1
ok   spec low/false/false/41/2
ok   edge 41
ok   continuous low/false/false/41
ok   spec low/false/false/42/0
ok   spec low/false/false/42/1
ok   spec low/false/false/42/2
ok   edge 42
ok   continuous low/false/false/42
ok   spec low/false/false/43/0
ok   spec low/false/false/43/1
ok   spec low/false/false/43/2
ok   edge 43
ok   continuous low/false/false/43
ok   spec low/false/false/44/0
ok   spec low/false/false/44/1
ok   spec low/false/false/44/2
ok   edge 44
ok   continuous low/false/false/44
ok   spec low/false/false/45/0
ok   spec low/false/false/45/1
ok   spec low/false/false/45/2
ok   edge 45
ok   continuous low/false/false/45
ok   spec low/false/false/46/0
ok   spec low/false/false/46/1
ok   spec low/false/false/46/2
ok   edge 46
ok   continuous low/false/false/46
ok   spec low/false/false/47/0
ok   spec low/false/false/47/1
ok   spec low/false/false/47/2
ok   edge 47
ok   continuous low/false/false/47
ok   spec low/false/false/48/0
ok   spec low/false/false/48/1
ok   spec low/false/false/48/2
ok   edge 48
ok   continuous low/false/false/48
ok   spec low/false/false/49/0
ok   spec low/false/false/49/1
ok   spec low/false/false/49/2
ok   edge 49
ok   continuous low/false/false/49
ok   spec low/false/false/50/0
ok   spec low/false/false/50/1
ok   spec low/false/false/50/2
ok   edge 50
ok   continuous low/false/false/50
ok   spec low/false/false/51/0
ok   spec low/false/false/51/1
ok   spec low/false/false/51/2
ok   edge 51
ok   continuous low/false/false/51
ok   spec low/false/false/52/0
ok   spec low/false/false/52/1
ok   spec low/false/false/52/2
ok   edge 52
ok   continuous low/false/false/52
ok   spec low/false/false/53/0
ok   spec low/false/false/53/1
ok   spec low/false/false/53/2
ok   edge 53
ok   continuous low/false/false/53
ok   spec low/false/false/54/0
ok   spec low/false/false/54/1
ok   spec low/false/false/54/2
ok   edge 54
ok   continuous low/false/false/54
ok   spec low/false/false/55/0
ok   spec low/false/false/55/1
ok   spec low/false/false/55/2
ok   edge 55
ok   continuous low/false/false/55
ok   spec low/false/false/56/0
ok   spec low/false/false/56/1
ok   spec low/false/false/56/2
ok   edge 56
ok   continuous low/false/false/56
ok   spec low/false/false/57/0
ok   spec low/false/false/57/1
ok   spec low/false/false/57/2
ok   edge 57
ok   continuous low/false/false/57
ok   spec low/false/false/58/0
ok   spec low/false/false/58/1
ok   spec low/false/false/58/2
ok   edge 58
ok   continuous low/false/false/58
ok   spec low/false/false/59/0
ok   spec low/false/false/59/1
ok   spec low/false/false/59/2
ok   edge 59
ok   continuous low/false/false/59
ok   spec low/false/false/60/0
ok   spec low/false/false/60/1
ok   spec low/false/false/60/2
ok   edge 60
ok   continuous low/false/false/60
ok   spec low/false/false/61/0
ok   spec low/false/false/61/1
ok   spec low/false/false/61/2
ok   edge 61
ok   continuous low/false/false/61
ok   spec low/false/false/62/0
ok   spec low/false/false/62/1
ok   spec low/false/false/62/2
ok   edge 62
ok   continuous low/false/false/62
ok   spec low/false/false/63/0
ok   spec low/false/false/63/1
ok   spec low/false/false/63/2
ok   edge 63
ok   continuous low/false/false/63
ok   spec low/false/false/64/0
ok   spec low/false/false/64/1
ok   spec low/false/false/64/2
ok   edge 64
ok   continuous low/false/false/64
ok   spec low/false/false/65/0
ok   spec low/false/false/65/1
ok   spec low/false/false/65/2
ok   edge 65
ok   continuous low/false/false/65
ok   spec low/false/false/66/0
ok   spec low/false/false/66/1
ok   spec low/false/false/66/2
ok   edge 66
ok   continuous low/false/false/66
ok   spec low/false/false/67/0
ok   spec low/false/false/67/1
ok   spec low/false/false/67/2
ok   edge 67
ok   continuous low/false/false/67
ok   spec low/false/false/68/0
ok   spec low/false/false/68/1
ok   spec low/false/false/68/2
ok   edge 68
ok   continuous low/false/false/68
ok   spec low/false/false/69/0
ok   spec low/false/false/69/1
ok   spec low/false/false/69/2
ok   edge 69
ok   continuous low/false/false/69
ok   spec low/false/false/70/0
ok   spec low/false/false/70/1
ok   spec low/false/false/70/2
ok   edge 70
ok   continuous low/false/false/70
ok   spec low/false/false/71/0
ok   spec low/false/false/71/1
ok   spec low/false/false/71/2
ok   edge 71
ok   continuous low/false/false/71
ok   spec low/false/false/72/0
ok   spec low/false/false/72/1
ok   spec low/false/false/72/2
ok   edge 72
ok   continuous low/false/false/72
ok   spec low/false/false/73/0
ok   spec low/false/false/73/1
ok   spec low/false/false/73/2
ok   edge 73
ok   continuous low/false/false/73
ok   spec low/false/false/74/0
ok   spec low/false/false/74/1
ok   spec low/false/false/74/2
ok   edge 74
ok   continuous low/false/false/74
ok   spec low/false/false/75/0
ok   spec low/false/false/75/1
ok   spec low/false/false/75/2
ok   edge 75
ok   continuous low/false/false/75
ok   spec low/false/false/76/0
ok   spec low/false/false/76/1
ok   spec low/false/false/76/2
ok   edge 76
ok   continuous low/false/false/76
ok   spec low/false/false/77/0
ok   spec low/false/false/77/1
ok   spec low/false/false/77/2
ok   edge 77
ok   continuous low/false/false/77
ok   spec low/false/false/78/0
ok   spec low/false/false/78/1
ok   spec low/false/false/78/2
ok   edge 78
ok   continuous low/false/false/78
ok   spec low/false/false/79/0
ok   spec low/false/false/79/1
ok   spec low/false/false/79/2
ok   edge 79
ok   continuous low/false/false/79
ok   spec low/false/false/80/0
ok   spec low/false/false/80/1
ok   spec low/false/false/80/2
ok   edge 80
ok   continuous low/false/false/80
ok   spec low/false/false/81/0
ok   spec low/false/false/81/1
ok   spec low/false/false/81/2
ok   edge 81
ok   continuous low/false/false/81
ok   spec low/false/false/82/0
ok   spec low/false/false/82/1
ok   spec low/false/false/82/2
ok   edge 82
ok   continuous low/false/false/82
ok   spec low/false/false/83/0
ok   spec low/false/false/83/1
ok   spec low/false/false/83/2
ok   edge 83
ok   continuous low/false/false/83
ok   spec low/false/false/84/0
ok   spec low/false/false/84/1
ok   spec low/false/false/84/2
ok   edge 84
ok   continuous low/false/false/84
ok   spec low/false/false/85/0
ok   spec low/false/false/85/1
ok   spec low/false/false/85/2
ok   edge 85
ok   continuous low/false/false/85
ok   spec low/false/false/86/0
ok   spec low/false/false/86/1
ok   spec low/false/false/86/2
ok   edge 86
ok   continuous low/false/false/86
ok   spec low/false/false/87/0
ok   spec low/false/false/87/1
ok   spec low/false/false/87/2
ok   edge 87
ok   continuous low/false/false/87
ok   spec low/false/false/88/0
ok   spec low/false/false/88/1
ok   spec low/false/false/88/2
ok   edge 88
ok   continuous low/false/false/88
ok   spec low/false/false/89/0
ok   spec low/false/false/89/1
ok   spec low/false/false/89/2
ok   edge 89
ok   continuous low/false/false/89
ok   spec low/false/false/90/0
ok   spec low/false/false/90/1
ok   spec low/false/false/90/2
ok   edge 90
ok   continuous low/false/false/90
ok   spec low/false/false/91/0
ok   spec low/false/false/91/1
ok   spec low/false/false/91/2
ok   edge 91
ok   continuous low/false/false/91
ok   spec low/false/false/92/0
ok   spec low/false/false/92/1
ok   spec low/false/false/92/2
ok   edge 92
ok   continuous low/false/false/92
ok   spec low/false/false/93/0
ok   spec low/false/false/93/1
ok   spec low/false/false/93/2
ok   edge 93
ok   continuous low/false/false/93
ok   spec low/false/false/94/0
ok   spec low/false/false/94/1
ok   spec low/false/false/94/2
ok   edge 94
ok   continuous low/false/false/94
ok   spec low/false/false/95/0
ok   spec low/false/false/95/1
ok   spec low/false/false/95/2
ok   edge 95
ok   continuous low/false/false/95
ok   spec low/false/false/96/0
ok   spec low/false/false/96/1
ok   spec low/false/false/96/2
ok   edge 96
ok   continuous low/false/false/96
ok   spec low/false/false/97/0
ok   spec low/false/false/97/1
ok   spec low/false/false/97/2
ok   edge 97
ok   continuous low/false/false/97
ok   spec low/false/false/98/0
ok   spec low/false/false/98/1
ok   spec low/false/false/98/2
ok   edge 98
ok   continuous low/false/false/98
ok   spec low/false/false/99/0
ok   spec low/false/false/99/1
ok   spec low/false/false/99/2
ok   edge 99
ok   continuous low/false/false/99
ok   spec low/false/false/100/0
ok   spec low/false/false/100/1
ok   spec low/false/false/100/2
ok   edge 100
ok   continuous low/false/false/100
ok   low/false/true: a pressable face is a control's, edged
ok   low/false/true: an icon tile's is a card's
ok   low/false/true: depth clamps
ok   blur low/false/true/-1.0
ok   blur low/false/true/0.0
ok   blur low/false/true/0.5
ok   blur low/false/true/1.0
ok   blur low/false/true/2.0
ok   low/false/true: resting lights
ok   low/false/true: pressed lights
ok   spec low/false/true/0/0
ok   spec low/false/true/0/1
ok   spec low/false/true/0/2
ok   edge 0
ok   continuous low/false/true/0
ok   spec low/false/true/1/0
ok   spec low/false/true/1/1
ok   spec low/false/true/1/2
ok   edge 1
ok   continuous low/false/true/1
ok   spec low/false/true/2/0
ok   spec low/false/true/2/1
ok   spec low/false/true/2/2
ok   edge 2
ok   continuous low/false/true/2
ok   spec low/false/true/3/0
ok   spec low/false/true/3/1
ok   spec low/false/true/3/2
ok   edge 3
ok   continuous low/false/true/3
ok   spec low/false/true/4/0
ok   spec low/false/true/4/1
ok   spec low/false/true/4/2
ok   edge 4
ok   continuous low/false/true/4
ok   spec low/false/true/5/0
ok   spec low/false/true/5/1
ok   spec low/false/true/5/2
ok   edge 5
ok   continuous low/false/true/5
ok   spec low/false/true/6/0
ok   spec low/false/true/6/1
ok   spec low/false/true/6/2
ok   edge 6
ok   continuous low/false/true/6
ok   spec low/false/true/7/0
ok   spec low/false/true/7/1
ok   spec low/false/true/7/2
ok   edge 7
ok   continuous low/false/true/7
ok   spec low/false/true/8/0
ok   spec low/false/true/8/1
ok   spec low/false/true/8/2
ok   edge 8
ok   continuous low/false/true/8
ok   spec low/false/true/9/0
ok   spec low/false/true/9/1
ok   spec low/false/true/9/2
ok   edge 9
ok   continuous low/false/true/9
ok   spec low/false/true/10/0
ok   spec low/false/true/10/1
ok   spec low/false/true/10/2
ok   edge 10
ok   continuous low/false/true/10
ok   spec low/false/true/11/0
ok   spec low/false/true/11/1
ok   spec low/false/true/11/2
ok   edge 11
ok   continuous low/false/true/11
ok   spec low/false/true/12/0
ok   spec low/false/true/12/1
ok   spec low/false/true/12/2
ok   edge 12
ok   continuous low/false/true/12
ok   spec low/false/true/13/0
ok   spec low/false/true/13/1
ok   spec low/false/true/13/2
ok   edge 13
ok   continuous low/false/true/13
ok   spec low/false/true/14/0
ok   spec low/false/true/14/1
ok   spec low/false/true/14/2
ok   edge 14
ok   continuous low/false/true/14
ok   spec low/false/true/15/0
ok   spec low/false/true/15/1
ok   spec low/false/true/15/2
ok   edge 15
ok   continuous low/false/true/15
ok   spec low/false/true/16/0
ok   spec low/false/true/16/1
ok   spec low/false/true/16/2
ok   edge 16
ok   continuous low/false/true/16
ok   spec low/false/true/17/0
ok   spec low/false/true/17/1
ok   spec low/false/true/17/2
ok   edge 17
ok   continuous low/false/true/17
ok   spec low/false/true/18/0
ok   spec low/false/true/18/1
ok   spec low/false/true/18/2
ok   edge 18
ok   continuous low/false/true/18
ok   spec low/false/true/19/0
ok   spec low/false/true/19/1
ok   spec low/false/true/19/2
ok   edge 19
ok   continuous low/false/true/19
ok   spec low/false/true/20/0
ok   spec low/false/true/20/1
ok   spec low/false/true/20/2
ok   edge 20
ok   continuous low/false/true/20
ok   spec low/false/true/21/0
ok   spec low/false/true/21/1
ok   spec low/false/true/21/2
ok   edge 21
ok   continuous low/false/true/21
ok   spec low/false/true/22/0
ok   spec low/false/true/22/1
ok   spec low/false/true/22/2
ok   edge 22
ok   continuous low/false/true/22
ok   spec low/false/true/23/0
ok   spec low/false/true/23/1
ok   spec low/false/true/23/2
ok   edge 23
ok   continuous low/false/true/23
ok   spec low/false/true/24/0
ok   spec low/false/true/24/1
ok   spec low/false/true/24/2
ok   edge 24
ok   continuous low/false/true/24
ok   spec low/false/true/25/0
ok   spec low/false/true/25/1
ok   spec low/false/true/25/2
ok   edge 25
ok   continuous low/false/true/25
ok   spec low/false/true/26/0
ok   spec low/false/true/26/1
ok   spec low/false/true/26/2
ok   edge 26
ok   continuous low/false/true/26
ok   spec low/false/true/27/0
ok   spec low/false/true/27/1
ok   spec low/false/true/27/2
ok   edge 27
ok   continuous low/false/true/27
ok   spec low/false/true/28/0
ok   spec low/false/true/28/1
ok   spec low/false/true/28/2
ok   edge 28
ok   continuous low/false/true/28
ok   spec low/false/true/29/0
ok   spec low/false/true/29/1
ok   spec low/false/true/29/2
ok   edge 29
ok   continuous low/false/true/29
ok   spec low/false/true/30/0
ok   spec low/false/true/30/1
ok   spec low/false/true/30/2
ok   edge 30
ok   continuous low/false/true/30
ok   spec low/false/true/31/0
ok   spec low/false/true/31/1
ok   spec low/false/true/31/2
ok   edge 31
ok   continuous low/false/true/31
ok   spec low/false/true/32/0
ok   spec low/false/true/32/1
ok   spec low/false/true/32/2
ok   edge 32
ok   continuous low/false/true/32
ok   spec low/false/true/33/0
ok   spec low/false/true/33/1
ok   spec low/false/true/33/2
ok   edge 33
ok   continuous low/false/true/33
ok   spec low/false/true/34/0
ok   spec low/false/true/34/1
ok   spec low/false/true/34/2
ok   edge 34
ok   continuous low/false/true/34
ok   spec low/false/true/35/0
ok   spec low/false/true/35/1
ok   spec low/false/true/35/2
ok   edge 35
ok   continuous low/false/true/35
ok   spec low/false/true/36/0
ok   spec low/false/true/36/1
ok   spec low/false/true/36/2
ok   edge 36
ok   continuous low/false/true/36
ok   spec low/false/true/37/0
ok   spec low/false/true/37/1
ok   spec low/false/true/37/2
ok   edge 37
ok   continuous low/false/true/37
ok   spec low/false/true/38/0
ok   spec low/false/true/38/1
ok   spec low/false/true/38/2
ok   edge 38
ok   continuous low/false/true/38
ok   spec low/false/true/39/0
ok   spec low/false/true/39/1
ok   spec low/false/true/39/2
ok   edge 39
ok   continuous low/false/true/39
ok   spec low/false/true/40/0
ok   spec low/false/true/40/1
ok   spec low/false/true/40/2
ok   edge 40
ok   continuous low/false/true/40
ok   spec low/false/true/41/0
ok   spec low/false/true/41/1
ok   spec low/false/true/41/2
ok   edge 41
ok   continuous low/false/true/41
ok   spec low/false/true/42/0
ok   spec low/false/true/42/1
ok   spec low/false/true/42/2
ok   edge 42
ok   continuous low/false/true/42
ok   spec low/false/true/43/0
ok   spec low/false/true/43/1
ok   spec low/false/true/43/2
ok   edge 43
ok   continuous low/false/true/43
ok   spec low/false/true/44/0
ok   spec low/false/true/44/1
ok   spec low/false/true/44/2
ok   edge 44
ok   continuous low/false/true/44
ok   spec low/false/true/45/0
ok   spec low/false/true/45/1
ok   spec low/false/true/45/2
ok   edge 45
ok   continuous low/false/true/45
ok   spec low/false/true/46/0
ok   spec low/false/true/46/1
ok   spec low/false/true/46/2
ok   edge 46
ok   continuous low/false/true/46
ok   spec low/false/true/47/0
ok   spec low/false/true/47/1
ok   spec low/false/true/47/2
ok   edge 47
ok   continuous low/false/true/47
ok   spec low/false/true/48/0
ok   spec low/false/true/48/1
ok   spec low/false/true/48/2
ok   edge 48
ok   continuous low/false/true/48
ok   spec low/false/true/49/0
ok   spec low/false/true/49/1
ok   spec low/false/true/49/2
ok   edge 49
ok   continuous low/false/true/49
ok   spec low/false/true/50/0
ok   spec low/false/true/50/1
ok   spec low/false/true/50/2
ok   edge 50
ok   continuous low/false/true/50
ok   spec low/false/true/51/0
ok   spec low/false/true/51/1
ok   spec low/false/true/51/2
ok   edge 51
ok   continuous low/false/true/51
ok   spec low/false/true/52/0
ok   spec low/false/true/52/1
ok   spec low/false/true/52/2
ok   edge 52
ok   continuous low/false/true/52
ok   spec low/false/true/53/0
ok   spec low/false/true/53/1
ok   spec low/false/true/53/2
ok   edge 53
ok   continuous low/false/true/53
ok   spec low/false/true/54/0
ok   spec low/false/true/54/1
ok   spec low/false/true/54/2
ok   edge 54
ok   continuous low/false/true/54
ok   spec low/false/true/55/0
ok   spec low/false/true/55/1
ok   spec low/false/true/55/2
ok   edge 55
ok   continuous low/false/true/55
ok   spec low/false/true/56/0
ok   spec low/false/true/56/1
ok   spec low/false/true/56/2
ok   edge 56
ok   continuous low/false/true/56
ok   spec low/false/true/57/0
ok   spec low/false/true/57/1
ok   spec low/false/true/57/2
ok   edge 57
ok   continuous low/false/true/57
ok   spec low/false/true/58/0
ok   spec low/false/true/58/1
ok   spec low/false/true/58/2
ok   edge 58
ok   continuous low/false/true/58
ok   spec low/false/true/59/0
ok   spec low/false/true/59/1
ok   spec low/false/true/59/2
ok   edge 59
ok   continuous low/false/true/59
ok   spec low/false/true/60/0
ok   spec low/false/true/60/1
ok   spec low/false/true/60/2
ok   edge 60
ok   continuous low/false/true/60
ok   spec low/false/true/61/0
ok   spec low/false/true/61/1
ok   spec low/false/true/61/2
ok   edge 61
ok   continuous low/false/true/61
ok   spec low/false/true/62/0
ok   spec low/false/true/62/1
ok   spec low/false/true/62/2
ok   edge 62
ok   continuous low/false/true/62
ok   spec low/false/true/63/0
ok   spec low/false/true/63/1
ok   spec low/false/true/63/2
ok   edge 63
ok   continuous low/false/true/63
ok   spec low/false/true/64/0
ok   spec low/false/true/64/1
ok   spec low/false/true/64/2
ok   edge 64
ok   continuous low/false/true/64
ok   spec low/false/true/65/0
ok   spec low/false/true/65/1
ok   spec low/false/true/65/2
ok   edge 65
ok   continuous low/false/true/65
ok   spec low/false/true/66/0
ok   spec low/false/true/66/1
ok   spec low/false/true/66/2
ok   edge 66
ok   continuous low/false/true/66
ok   spec low/false/true/67/0
ok   spec low/false/true/67/1
ok   spec low/false/true/67/2
ok   edge 67
ok   continuous low/false/true/67
ok   spec low/false/true/68/0
ok   spec low/false/true/68/1
ok   spec low/false/true/68/2
ok   edge 68
ok   continuous low/false/true/68
ok   spec low/false/true/69/0
ok   spec low/false/true/69/1
ok   spec low/false/true/69/2
ok   edge 69
ok   continuous low/false/true/69
ok   spec low/false/true/70/0
ok   spec low/false/true/70/1
ok   spec low/false/true/70/2
ok   edge 70
ok   continuous low/false/true/70
ok   spec low/false/true/71/0
ok   spec low/false/true/71/1
ok   spec low/false/true/71/2
ok   edge 71
ok   continuous low/false/true/71
ok   spec low/false/true/72/0
ok   spec low/false/true/72/1
ok   spec low/false/true/72/2
ok   edge 72
ok   continuous low/false/true/72
ok   spec low/false/true/73/0
ok   spec low/false/true/73/1
ok   spec low/false/true/73/2
ok   edge 73
ok   continuous low/false/true/73
ok   spec low/false/true/74/0
ok   spec low/false/true/74/1
ok   spec low/false/true/74/2
ok   edge 74
ok   continuous low/false/true/74
ok   spec low/false/true/75/0
ok   spec low/false/true/75/1
ok   spec low/false/true/75/2
ok   edge 75
ok   continuous low/false/true/75
ok   spec low/false/true/76/0
ok   spec low/false/true/76/1
ok   spec low/false/true/76/2
ok   edge 76
ok   continuous low/false/true/76
ok   spec low/false/true/77/0
ok   spec low/false/true/77/1
ok   spec low/false/true/77/2
ok   edge 77
ok   continuous low/false/true/77
ok   spec low/false/true/78/0
ok   spec low/false/true/78/1
ok   spec low/false/true/78/2
ok   edge 78
ok   continuous low/false/true/78
ok   spec low/false/true/79/0
ok   spec low/false/true/79/1
ok   spec low/false/true/79/2
ok   edge 79
ok   continuous low/false/true/79
ok   spec low/false/true/80/0
ok   spec low/false/true/80/1
ok   spec low/false/true/80/2
ok   edge 80
ok   continuous low/false/true/80
ok   spec low/false/true/81/0
ok   spec low/false/true/81/1
ok   spec low/false/true/81/2
ok   edge 81
ok   continuous low/false/true/81
ok   spec low/false/true/82/0
ok   spec low/false/true/82/1
ok   spec low/false/true/82/2
ok   edge 82
ok   continuous low/false/true/82
ok   spec low/false/true/83/0
ok   spec low/false/true/83/1
ok   spec low/false/true/83/2
ok   edge 83
ok   continuous low/false/true/83
ok   spec low/false/true/84/0
ok   spec low/false/true/84/1
ok   spec low/false/true/84/2
ok   edge 84
ok   continuous low/false/true/84
ok   spec low/false/true/85/0
ok   spec low/false/true/85/1
ok   spec low/false/true/85/2
ok   edge 85
ok   continuous low/false/true/85
ok   spec low/false/true/86/0
ok   spec low/false/true/86/1
ok   spec low/false/true/86/2
ok   edge 86
ok   continuous low/false/true/86
ok   spec low/false/true/87/0
ok   spec low/false/true/87/1
ok   spec low/false/true/87/2
ok   edge 87
ok   continuous low/false/true/87
ok   spec low/false/true/88/0
ok   spec low/false/true/88/1
ok   spec low/false/true/88/2
ok   edge 88
ok   continuous low/false/true/88
ok   spec low/false/true/89/0
ok   spec low/false/true/89/1
ok   spec low/false/true/89/2
ok   edge 89
ok   continuous low/false/true/89
ok   spec low/false/true/90/0
ok   spec low/false/true/90/1
ok   spec low/false/true/90/2
ok   edge 90
ok   continuous low/false/true/90
ok   spec low/false/true/91/0
ok   spec low/false/true/91/1
ok   spec low/false/true/91/2
ok   edge 91
ok   continuous low/false/true/91
ok   spec low/false/true/92/0
ok   spec low/false/true/92/1
ok   spec low/false/true/92/2
ok   edge 92
ok   continuous low/false/true/92
ok   spec low/false/true/93/0
ok   spec low/false/true/93/1
ok   spec low/false/true/93/2
ok   edge 93
ok   continuous low/false/true/93
ok   spec low/false/true/94/0
ok   spec low/false/true/94/1
ok   spec low/false/true/94/2
ok   edge 94
ok   continuous low/false/true/94
ok   spec low/false/true/95/0
ok   spec low/false/true/95/1
ok   spec low/false/true/95/2
ok   edge 95
ok   continuous low/false/true/95
ok   spec low/false/true/96/0
ok   spec low/false/true/96/1
ok   spec low/false/true/96/2
ok   edge 96
ok   continuous low/false/true/96
ok   spec low/false/true/97/0
ok   spec low/false/true/97/1
ok   spec low/false/true/97/2
ok   edge 97
ok   continuous low/false/true/97
ok   spec low/false/true/98/0
ok   spec low/false/true/98/1
ok   spec low/false/true/98/2
ok   edge 98
ok   continuous low/false/true/98
ok   spec low/false/true/99/0
ok   spec low/false/true/99/1
ok   spec low/false/true/99/2
ok   edge 99
ok   continuous low/false/true/99
ok   spec low/false/true/100/0
ok   spec low/false/true/100/1
ok   spec low/false/true/100/2
ok   edge 100
ok   continuous low/false/true/100
ok   low/true/false: a pressable face is a control's, edged
ok   low/true/false: an icon tile's is a card's
ok   low/true/false: depth clamps
ok   blur low/true/false/-1.0
ok   blur low/true/false/0.0
ok   blur low/true/false/0.5
ok   blur low/true/false/1.0
ok   blur low/true/false/2.0
ok   low/true/false: resting lights
ok   low/true/false: pressed lights
ok   spec low/true/false/0/0
ok   spec low/true/false/0/1
ok   spec low/true/false/0/2
ok   edge 0
ok   continuous low/true/false/0
ok   spec low/true/false/1/0
ok   spec low/true/false/1/1
ok   spec low/true/false/1/2
ok   edge 1
ok   continuous low/true/false/1
ok   spec low/true/false/2/0
ok   spec low/true/false/2/1
ok   spec low/true/false/2/2
ok   edge 2
ok   continuous low/true/false/2
ok   spec low/true/false/3/0
ok   spec low/true/false/3/1
ok   spec low/true/false/3/2
ok   edge 3
ok   continuous low/true/false/3
ok   spec low/true/false/4/0
ok   spec low/true/false/4/1
ok   spec low/true/false/4/2
ok   edge 4
ok   continuous low/true/false/4
ok   spec low/true/false/5/0
ok   spec low/true/false/5/1
ok   spec low/true/false/5/2
ok   edge 5
ok   continuous low/true/false/5
ok   spec low/true/false/6/0
ok   spec low/true/false/6/1
ok   spec low/true/false/6/2
ok   edge 6
ok   continuous low/true/false/6
ok   spec low/true/false/7/0
ok   spec low/true/false/7/1
ok   spec low/true/false/7/2
ok   edge 7
ok   continuous low/true/false/7
ok   spec low/true/false/8/0
ok   spec low/true/false/8/1
ok   spec low/true/false/8/2
ok   edge 8
ok   continuous low/true/false/8
ok   spec low/true/false/9/0
ok   spec low/true/false/9/1
ok   spec low/true/false/9/2
ok   edge 9
ok   continuous low/true/false/9
ok   spec low/true/false/10/0
ok   spec low/true/false/10/1
ok   spec low/true/false/10/2
ok   edge 10
ok   continuous low/true/false/10
ok   spec low/true/false/11/0
ok   spec low/true/false/11/1
ok   spec low/true/false/11/2
ok   edge 11
ok   continuous low/true/false/11
ok   spec low/true/false/12/0
ok   spec low/true/false/12/1
ok   spec low/true/false/12/2
ok   edge 12
ok   continuous low/true/false/12
ok   spec low/true/false/13/0
ok   spec low/true/false/13/1
ok   spec low/true/false/13/2
ok   edge 13
ok   continuous low/true/false/13
ok   spec low/true/false/14/0
ok   spec low/true/false/14/1
ok   spec low/true/false/14/2
ok   edge 14
ok   continuous low/true/false/14
ok   spec low/true/false/15/0
ok   spec low/true/false/15/1
ok   spec low/true/false/15/2
ok   edge 15
ok   continuous low/true/false/15
ok   spec low/true/false/16/0
ok   spec low/true/false/16/1
ok   spec low/true/false/16/2
ok   edge 16
ok   continuous low/true/false/16
ok   spec low/true/false/17/0
ok   spec low/true/false/17/1
ok   spec low/true/false/17/2
ok   edge 17
ok   continuous low/true/false/17
ok   spec low/true/false/18/0
ok   spec low/true/false/18/1
ok   spec low/true/false/18/2
ok   edge 18
ok   continuous low/true/false/18
ok   spec low/true/false/19/0
ok   spec low/true/false/19/1
ok   spec low/true/false/19/2
ok   edge 19
ok   continuous low/true/false/19
ok   spec low/true/false/20/0
ok   spec low/true/false/20/1
ok   spec low/true/false/20/2
ok   edge 20
ok   continuous low/true/false/20
ok   spec low/true/false/21/0
ok   spec low/true/false/21/1
ok   spec low/true/false/21/2
ok   edge 21
ok   continuous low/true/false/21
ok   spec low/true/false/22/0
ok   spec low/true/false/22/1
ok   spec low/true/false/22/2
ok   edge 22
ok   continuous low/true/false/22
ok   spec low/true/false/23/0
ok   spec low/true/false/23/1
ok   spec low/true/false/23/2
ok   edge 23
ok   continuous low/true/false/23
ok   spec low/true/false/24/0
ok   spec low/true/false/24/1
ok   spec low/true/false/24/2
ok   edge 24
ok   continuous low/true/false/24
ok   spec low/true/false/25/0
ok   spec low/true/false/25/1
ok   spec low/true/false/25/2
ok   edge 25
ok   continuous low/true/false/25
ok   spec low/true/false/26/0
ok   spec low/true/false/26/1
ok   spec low/true/false/26/2
ok   edge 26
ok   continuous low/true/false/26
ok   spec low/true/false/27/0
ok   spec low/true/false/27/1
ok   spec low/true/false/27/2
ok   edge 27
ok   continuous low/true/false/27
ok   spec low/true/false/28/0
ok   spec low/true/false/28/1
ok   spec low/true/false/28/2
ok   edge 28
ok   continuous low/true/false/28
ok   spec low/true/false/29/0
ok   spec low/true/false/29/1
ok   spec low/true/false/29/2
ok   edge 29
ok   continuous low/true/false/29
ok   spec low/true/false/30/0
ok   spec low/true/false/30/1
ok   spec low/true/false/30/2
ok   edge 30
ok   continuous low/true/false/30
ok   spec low/true/false/31/0
ok   spec low/true/false/31/1
ok   spec low/true/false/31/2
ok   edge 31
ok   continuous low/true/false/31
ok   spec low/true/false/32/0
ok   spec low/true/false/32/1
ok   spec low/true/false/32/2
ok   edge 32
ok   continuous low/true/false/32
ok   spec low/true/false/33/0
ok   spec low/true/false/33/1
ok   spec low/true/false/33/2
ok   edge 33
ok   continuous low/true/false/33
ok   spec low/true/false/34/0
ok   spec low/true/false/34/1
ok   spec low/true/false/34/2
ok   edge 34
ok   continuous low/true/false/34
ok   spec low/true/false/35/0
ok   spec low/true/false/35/1
ok   spec low/true/false/35/2
ok   edge 35
ok   continuous low/true/false/35
ok   spec low/true/false/36/0
ok   spec low/true/false/36/1
ok   spec low/true/false/36/2
ok   edge 36
ok   continuous low/true/false/36
ok   spec low/true/false/37/0
ok   spec low/true/false/37/1
ok   spec low/true/false/37/2
ok   edge 37
ok   continuous low/true/false/37
ok   spec low/true/false/38/0
ok   spec low/true/false/38/1
ok   spec low/true/false/38/2
ok   edge 38
ok   continuous low/true/false/38
ok   spec low/true/false/39/0
ok   spec low/true/false/39/1
ok   spec low/true/false/39/2
ok   edge 39
ok   continuous low/true/false/39
ok   spec low/true/false/40/0
ok   spec low/true/false/40/1
ok   spec low/true/false/40/2
ok   edge 40
ok   continuous low/true/false/40
ok   spec low/true/false/41/0
ok   spec low/true/false/41/1
ok   spec low/true/false/41/2
ok   edge 41
ok   continuous low/true/false/41
ok   spec low/true/false/42/0
ok   spec low/true/false/42/1
ok   spec low/true/false/42/2
ok   edge 42
ok   continuous low/true/false/42
ok   spec low/true/false/43/0
ok   spec low/true/false/43/1
ok   spec low/true/false/43/2
ok   edge 43
ok   continuous low/true/false/43
ok   spec low/true/false/44/0
ok   spec low/true/false/44/1
ok   spec low/true/false/44/2
ok   edge 44
ok   continuous low/true/false/44
ok   spec low/true/false/45/0
ok   spec low/true/false/45/1
ok   spec low/true/false/45/2
ok   edge 45
ok   continuous low/true/false/45
ok   spec low/true/false/46/0
ok   spec low/true/false/46/1
ok   spec low/true/false/46/2
ok   edge 46
ok   continuous low/true/false/46
ok   spec low/true/false/47/0
ok   spec low/true/false/47/1
ok   spec low/true/false/47/2
ok   edge 47
ok   continuous low/true/false/47
ok   spec low/true/false/48/0
ok   spec low/true/false/48/1
ok   spec low/true/false/48/2
ok   edge 48
ok   continuous low/true/false/48
ok   spec low/true/false/49/0
ok   spec low/true/false/49/1
ok   spec low/true/false/49/2
ok   edge 49
ok   continuous low/true/false/49
ok   spec low/true/false/50/0
ok   spec low/true/false/50/1
ok   spec low/true/false/50/2
ok   edge 50
ok   continuous low/true/false/50
ok   spec low/true/false/51/0
ok   spec low/true/false/51/1
ok   spec low/true/false/51/2
ok   edge 51
ok   continuous low/true/false/51
ok   spec low/true/false/52/0
ok   spec low/true/false/52/1
ok   spec low/true/false/52/2
ok   edge 52
ok   continuous low/true/false/52
ok   spec low/true/false/53/0
ok   spec low/true/false/53/1
ok   spec low/true/false/53/2
ok   edge 53
ok   continuous low/true/false/53
ok   spec low/true/false/54/0
ok   spec low/true/false/54/1
ok   spec low/true/false/54/2
ok   edge 54
ok   continuous low/true/false/54
ok   spec low/true/false/55/0
ok   spec low/true/false/55/1
ok   spec low/true/false/55/2
ok   edge 55
ok   continuous low/true/false/55
ok   spec low/true/false/56/0
ok   spec low/true/false/56/1
ok   spec low/true/false/56/2
ok   edge 56
ok   continuous low/true/false/56
ok   spec low/true/false/57/0
ok   spec low/true/false/57/1
ok   spec low/true/false/57/2
ok   edge 57
ok   continuous low/true/false/57
ok   spec low/true/false/58/0
ok   spec low/true/false/58/1
ok   spec low/true/false/58/2
ok   edge 58
ok   continuous low/true/false/58
ok   spec low/true/false/59/0
ok   spec low/true/false/59/1
ok   spec low/true/false/59/2
ok   edge 59
ok   continuous low/true/false/59
ok   spec low/true/false/60/0
ok   spec low/true/false/60/1
ok   spec low/true/false/60/2
ok   edge 60
ok   continuous low/true/false/60
ok   spec low/true/false/61/0
ok   spec low/true/false/61/1
ok   spec low/true/false/61/2
ok   edge 61
ok   continuous low/true/false/61
ok   spec low/true/false/62/0
ok   spec low/true/false/62/1
ok   spec low/true/false/62/2
ok   edge 62
ok   continuous low/true/false/62
ok   spec low/true/false/63/0
ok   spec low/true/false/63/1
ok   spec low/true/false/63/2
ok   edge 63
ok   continuous low/true/false/63
ok   spec low/true/false/64/0
ok   spec low/true/false/64/1
ok   spec low/true/false/64/2
ok   edge 64
ok   continuous low/true/false/64
ok   spec low/true/false/65/0
ok   spec low/true/false/65/1
ok   spec low/true/false/65/2
ok   edge 65
ok   continuous low/true/false/65
ok   spec low/true/false/66/0
ok   spec low/true/false/66/1
ok   spec low/true/false/66/2
ok   edge 66
ok   continuous low/true/false/66
ok   spec low/true/false/67/0
ok   spec low/true/false/67/1
ok   spec low/true/false/67/2
ok   edge 67
ok   continuous low/true/false/67
ok   spec low/true/false/68/0
ok   spec low/true/false/68/1
ok   spec low/true/false/68/2
ok   edge 68
ok   continuous low/true/false/68
ok   spec low/true/false/69/0
ok   spec low/true/false/69/1
ok   spec low/true/false/69/2
ok   edge 69
ok   continuous low/true/false/69
ok   spec low/true/false/70/0
ok   spec low/true/false/70/1
ok   spec low/true/false/70/2
ok   edge 70
ok   continuous low/true/false/70
ok   spec low/true/false/71/0
ok   spec low/true/false/71/1
ok   spec low/true/false/71/2
ok   edge 71
ok   continuous low/true/false/71
ok   spec low/true/false/72/0
ok   spec low/true/false/72/1
ok   spec low/true/false/72/2
ok   edge 72
ok   continuous low/true/false/72
ok   spec low/true/false/73/0
ok   spec low/true/false/73/1
ok   spec low/true/false/73/2
ok   edge 73
ok   continuous low/true/false/73
ok   spec low/true/false/74/0
ok   spec low/true/false/74/1
ok   spec low/true/false/74/2
ok   edge 74
ok   continuous low/true/false/74
ok   spec low/true/false/75/0
ok   spec low/true/false/75/1
ok   spec low/true/false/75/2
ok   edge 75
ok   continuous low/true/false/75
ok   spec low/true/false/76/0
ok   spec low/true/false/76/1
ok   spec low/true/false/76/2
ok   edge 76
ok   continuous low/true/false/76
ok   spec low/true/false/77/0
ok   spec low/true/false/77/1
ok   spec low/true/false/77/2
ok   edge 77
ok   continuous low/true/false/77
ok   spec low/true/false/78/0
ok   spec low/true/false/78/1
ok   spec low/true/false/78/2
ok   edge 78
ok   continuous low/true/false/78
ok   spec low/true/false/79/0
ok   spec low/true/false/79/1
ok   spec low/true/false/79/2
ok   edge 79
ok   continuous low/true/false/79
ok   spec low/true/false/80/0
ok   spec low/true/false/80/1
ok   spec low/true/false/80/2
ok   edge 80
ok   continuous low/true/false/80
ok   spec low/true/false/81/0
ok   spec low/true/false/81/1
ok   spec low/true/false/81/2
ok   edge 81
ok   continuous low/true/false/81
ok   spec low/true/false/82/0
ok   spec low/true/false/82/1
ok   spec low/true/false/82/2
ok   edge 82
ok   continuous low/true/false/82
ok   spec low/true/false/83/0
ok   spec low/true/false/83/1
ok   spec low/true/false/83/2
ok   edge 83
ok   continuous low/true/false/83
ok   spec low/true/false/84/0
ok   spec low/true/false/84/1
ok   spec low/true/false/84/2
ok   edge 84
ok   continuous low/true/false/84
ok   spec low/true/false/85/0
ok   spec low/true/false/85/1
ok   spec low/true/false/85/2
ok   edge 85
ok   continuous low/true/false/85
ok   spec low/true/false/86/0
ok   spec low/true/false/86/1
ok   spec low/true/false/86/2
ok   edge 86
ok   continuous low/true/false/86
ok   spec low/true/false/87/0
ok   spec low/true/false/87/1
ok   spec low/true/false/87/2
ok   edge 87
ok   continuous low/true/false/87
ok   spec low/true/false/88/0
ok   spec low/true/false/88/1
ok   spec low/true/false/88/2
ok   edge 88
ok   continuous low/true/false/88
ok   spec low/true/false/89/0
ok   spec low/true/false/89/1
ok   spec low/true/false/89/2
ok   edge 89
ok   continuous low/true/false/89
ok   spec low/true/false/90/0
ok   spec low/true/false/90/1
ok   spec low/true/false/90/2
ok   edge 90
ok   continuous low/true/false/90
ok   spec low/true/false/91/0
ok   spec low/true/false/91/1
ok   spec low/true/false/91/2
ok   edge 91
ok   continuous low/true/false/91
ok   spec low/true/false/92/0
ok   spec low/true/false/92/1
ok   spec low/true/false/92/2
ok   edge 92
ok   continuous low/true/false/92
ok   spec low/true/false/93/0
ok   spec low/true/false/93/1
ok   spec low/true/false/93/2
ok   edge 93
ok   continuous low/true/false/93
ok   spec low/true/false/94/0
ok   spec low/true/false/94/1
ok   spec low/true/false/94/2
ok   edge 94
ok   continuous low/true/false/94
ok   spec low/true/false/95/0
ok   spec low/true/false/95/1
ok   spec low/true/false/95/2
ok   edge 95
ok   continuous low/true/false/95
ok   spec low/true/false/96/0
ok   spec low/true/false/96/1
ok   spec low/true/false/96/2
ok   edge 96
ok   continuous low/true/false/96
ok   spec low/true/false/97/0
ok   spec low/true/false/97/1
ok   spec low/true/false/97/2
ok   edge 97
ok   continuous low/true/false/97
ok   spec low/true/false/98/0
ok   spec low/true/false/98/1
ok   spec low/true/false/98/2
ok   edge 98
ok   continuous low/true/false/98
ok   spec low/true/false/99/0
ok   spec low/true/false/99/1
ok   spec low/true/false/99/2
ok   edge 99
ok   continuous low/true/false/99
ok   spec low/true/false/100/0
ok   spec low/true/false/100/1
ok   spec low/true/false/100/2
ok   edge 100
ok   continuous low/true/false/100
ok   low/true/true: a pressable face is a control's, edged
ok   low/true/true: an icon tile's is a card's
ok   low/true/true: depth clamps
ok   blur low/true/true/-1.0
ok   blur low/true/true/0.0
ok   blur low/true/true/0.5
ok   blur low/true/true/1.0
ok   blur low/true/true/2.0
ok   low/true/true: resting lights
ok   low/true/true: pressed lights
ok   spec low/true/true/0/0
ok   spec low/true/true/0/1
ok   spec low/true/true/0/2
ok   edge 0
ok   continuous low/true/true/0
ok   spec low/true/true/1/0
ok   spec low/true/true/1/1
ok   spec low/true/true/1/2
ok   edge 1
ok   continuous low/true/true/1
ok   spec low/true/true/2/0
ok   spec low/true/true/2/1
ok   spec low/true/true/2/2
ok   edge 2
ok   continuous low/true/true/2
ok   spec low/true/true/3/0
ok   spec low/true/true/3/1
ok   spec low/true/true/3/2
ok   edge 3
ok   continuous low/true/true/3
ok   spec low/true/true/4/0
ok   spec low/true/true/4/1
ok   spec low/true/true/4/2
ok   edge 4
ok   continuous low/true/true/4
ok   spec low/true/true/5/0
ok   spec low/true/true/5/1
ok   spec low/true/true/5/2
ok   edge 5
ok   continuous low/true/true/5
ok   spec low/true/true/6/0
ok   spec low/true/true/6/1
ok   spec low/true/true/6/2
ok   edge 6
ok   continuous low/true/true/6
ok   spec low/true/true/7/0
ok   spec low/true/true/7/1
ok   spec low/true/true/7/2
ok   edge 7
ok   continuous low/true/true/7
ok   spec low/true/true/8/0
ok   spec low/true/true/8/1
ok   spec low/true/true/8/2
ok   edge 8
ok   continuous low/true/true/8
ok   spec low/true/true/9/0
ok   spec low/true/true/9/1
ok   spec low/true/true/9/2
ok   edge 9
ok   continuous low/true/true/9
ok   spec low/true/true/10/0
ok   spec low/true/true/10/1
ok   spec low/true/true/10/2
ok   edge 10
ok   continuous low/true/true/10
ok   spec low/true/true/11/0
ok   spec low/true/true/11/1
ok   spec low/true/true/11/2
ok   edge 11
ok   continuous low/true/true/11
ok   spec low/true/true/12/0
ok   spec low/true/true/12/1
ok   spec low/true/true/12/2
ok   edge 12
ok   continuous low/true/true/12
ok   spec low/true/true/13/0
ok   spec low/true/true/13/1
ok   spec low/true/true/13/2
ok   edge 13
ok   continuous low/true/true/13
ok   spec low/true/true/14/0
ok   spec low/true/true/14/1
ok   spec low/true/true/14/2
ok   edge 14
ok   continuous low/true/true/14
ok   spec low/true/true/15/0
ok   spec low/true/true/15/1
ok   spec low/true/true/15/2
ok   edge 15
ok   continuous low/true/true/15
ok   spec low/true/true/16/0
ok   spec low/true/true/16/1
ok   spec low/true/true/16/2
ok   edge 16
ok   continuous low/true/true/16
ok   spec low/true/true/17/0
ok   spec low/true/true/17/1
ok   spec low/true/true/17/2
ok   edge 17
ok   continuous low/true/true/17
ok   spec low/true/true/18/0
ok   spec low/true/true/18/1
ok   spec low/true/true/18/2
ok   edge 18
ok   continuous low/true/true/18
ok   spec low/true/true/19/0
ok   spec low/true/true/19/1
ok   spec low/true/true/19/2
ok   edge 19
ok   continuous low/true/true/19
ok   spec low/true/true/20/0
ok   spec low/true/true/20/1
ok   spec low/true/true/20/2
ok   edge 20
ok   continuous low/true/true/20
ok   spec low/true/true/21/0
ok   spec low/true/true/21/1
ok   spec low/true/true/21/2
ok   edge 21
ok   continuous low/true/true/21
ok   spec low/true/true/22/0
ok   spec low/true/true/22/1
ok   spec low/true/true/22/2
ok   edge 22
ok   continuous low/true/true/22
ok   spec low/true/true/23/0
ok   spec low/true/true/23/1
ok   spec low/true/true/23/2
ok   edge 23
ok   continuous low/true/true/23
ok   spec low/true/true/24/0
ok   spec low/true/true/24/1
ok   spec low/true/true/24/2
ok   edge 24
ok   continuous low/true/true/24
ok   spec low/true/true/25/0
ok   spec low/true/true/25/1
ok   spec low/true/true/25/2
ok   edge 25
ok   continuous low/true/true/25
ok   spec low/true/true/26/0
ok   spec low/true/true/26/1
ok   spec low/true/true/26/2
ok   edge 26
ok   continuous low/true/true/26
ok   spec low/true/true/27/0
ok   spec low/true/true/27/1
ok   spec low/true/true/27/2
ok   edge 27
ok   continuous low/true/true/27
ok   spec low/true/true/28/0
ok   spec low/true/true/28/1
ok   spec low/true/true/28/2
ok   edge 28
ok   continuous low/true/true/28
ok   spec low/true/true/29/0
ok   spec low/true/true/29/1
ok   spec low/true/true/29/2
ok   edge 29
ok   continuous low/true/true/29
ok   spec low/true/true/30/0
ok   spec low/true/true/30/1
ok   spec low/true/true/30/2
ok   edge 30
ok   continuous low/true/true/30
ok   spec low/true/true/31/0
ok   spec low/true/true/31/1
ok   spec low/true/true/31/2
ok   edge 31
ok   continuous low/true/true/31
ok   spec low/true/true/32/0
ok   spec low/true/true/32/1
ok   spec low/true/true/32/2
ok   edge 32
ok   continuous low/true/true/32
ok   spec low/true/true/33/0
ok   spec low/true/true/33/1
ok   spec low/true/true/33/2
ok   edge 33
ok   continuous low/true/true/33
ok   spec low/true/true/34/0
ok   spec low/true/true/34/1
ok   spec low/true/true/34/2
ok   edge 34
ok   continuous low/true/true/34
ok   spec low/true/true/35/0
ok   spec low/true/true/35/1
ok   spec low/true/true/35/2
ok   edge 35
ok   continuous low/true/true/35
ok   spec low/true/true/36/0
ok   spec low/true/true/36/1
ok   spec low/true/true/36/2
ok   edge 36
ok   continuous low/true/true/36
ok   spec low/true/true/37/0
ok   spec low/true/true/37/1
ok   spec low/true/true/37/2
ok   edge 37
ok   continuous low/true/true/37
ok   spec low/true/true/38/0
ok   spec low/true/true/38/1
ok   spec low/true/true/38/2
ok   edge 38
ok   continuous low/true/true/38
ok   spec low/true/true/39/0
ok   spec low/true/true/39/1
ok   spec low/true/true/39/2
ok   edge 39
ok   continuous low/true/true/39
ok   spec low/true/true/40/0
ok   spec low/true/true/40/1
ok   spec low/true/true/40/2
ok   edge 40
ok   continuous low/true/true/40
ok   spec low/true/true/41/0
ok   spec low/true/true/41/1
ok   spec low/true/true/41/2
ok   edge 41
ok   continuous low/true/true/41
ok   spec low/true/true/42/0
ok   spec low/true/true/42/1
ok   spec low/true/true/42/2
ok   edge 42
ok   continuous low/true/true/42
ok   spec low/true/true/43/0
ok   spec low/true/true/43/1
ok   spec low/true/true/43/2
ok   edge 43
ok   continuous low/true/true/43
ok   spec low/true/true/44/0
ok   spec low/true/true/44/1
ok   spec low/true/true/44/2
ok   edge 44
ok   continuous low/true/true/44
ok   spec low/true/true/45/0
ok   spec low/true/true/45/1
ok   spec low/true/true/45/2
ok   edge 45
ok   continuous low/true/true/45
ok   spec low/true/true/46/0
ok   spec low/true/true/46/1
ok   spec low/true/true/46/2
ok   edge 46
ok   continuous low/true/true/46
ok   spec low/true/true/47/0
ok   spec low/true/true/47/1
ok   spec low/true/true/47/2
ok   edge 47
ok   continuous low/true/true/47
ok   spec low/true/true/48/0
ok   spec low/true/true/48/1
ok   spec low/true/true/48/2
ok   edge 48
ok   continuous low/true/true/48
ok   spec low/true/true/49/0
ok   spec low/true/true/49/1
ok   spec low/true/true/49/2
ok   edge 49
ok   continuous low/true/true/49
ok   spec low/true/true/50/0
ok   spec low/true/true/50/1
ok   spec low/true/true/50/2
ok   edge 50
ok   continuous low/true/true/50
ok   spec low/true/true/51/0
ok   spec low/true/true/51/1
ok   spec low/true/true/51/2
ok   edge 51
ok   continuous low/true/true/51
ok   spec low/true/true/52/0
ok   spec low/true/true/52/1
ok   spec low/true/true/52/2
ok   edge 52
ok   continuous low/true/true/52
ok   spec low/true/true/53/0
ok   spec low/true/true/53/1
ok   spec low/true/true/53/2
ok   edge 53
ok   continuous low/true/true/53
ok   spec low/true/true/54/0
ok   spec low/true/true/54/1
ok   spec low/true/true/54/2
ok   edge 54
ok   continuous low/true/true/54
ok   spec low/true/true/55/0
ok   spec low/true/true/55/1
ok   spec low/true/true/55/2
ok   edge 55
ok   continuous low/true/true/55
ok   spec low/true/true/56/0
ok   spec low/true/true/56/1
ok   spec low/true/true/56/2
ok   edge 56
ok   continuous low/true/true/56
ok   spec low/true/true/57/0
ok   spec low/true/true/57/1
ok   spec low/true/true/57/2
ok   edge 57
ok   continuous low/true/true/57
ok   spec low/true/true/58/0
ok   spec low/true/true/58/1
ok   spec low/true/true/58/2
ok   edge 58
ok   continuous low/true/true/58
ok   spec low/true/true/59/0
ok   spec low/true/true/59/1
ok   spec low/true/true/59/2
ok   edge 59
ok   continuous low/true/true/59
ok   spec low/true/true/60/0
ok   spec low/true/true/60/1
ok   spec low/true/true/60/2
ok   edge 60
ok   continuous low/true/true/60
ok   spec low/true/true/61/0
ok   spec low/true/true/61/1
ok   spec low/true/true/61/2
ok   edge 61
ok   continuous low/true/true/61
ok   spec low/true/true/62/0
ok   spec low/true/true/62/1
ok   spec low/true/true/62/2
ok   edge 62
ok   continuous low/true/true/62
ok   spec low/true/true/63/0
ok   spec low/true/true/63/1
ok   spec low/true/true/63/2
ok   edge 63
ok   continuous low/true/true/63
ok   spec low/true/true/64/0
ok   spec low/true/true/64/1
ok   spec low/true/true/64/2
ok   edge 64
ok   continuous low/true/true/64
ok   spec low/true/true/65/0
ok   spec low/true/true/65/1
ok   spec low/true/true/65/2
ok   edge 65
ok   continuous low/true/true/65
ok   spec low/true/true/66/0
ok   spec low/true/true/66/1
ok   spec low/true/true/66/2
ok   edge 66
ok   continuous low/true/true/66
ok   spec low/true/true/67/0
ok   spec low/true/true/67/1
ok   spec low/true/true/67/2
ok   edge 67
ok   continuous low/true/true/67
ok   spec low/true/true/68/0
ok   spec low/true/true/68/1
ok   spec low/true/true/68/2
ok   edge 68
ok   continuous low/true/true/68
ok   spec low/true/true/69/0
ok   spec low/true/true/69/1
ok   spec low/true/true/69/2
ok   edge 69
ok   continuous low/true/true/69
ok   spec low/true/true/70/0
ok   spec low/true/true/70/1
ok   spec low/true/true/70/2
ok   edge 70
ok   continuous low/true/true/70
ok   spec low/true/true/71/0
ok   spec low/true/true/71/1
ok   spec low/true/true/71/2
ok   edge 71
ok   continuous low/true/true/71
ok   spec low/true/true/72/0
ok   spec low/true/true/72/1
ok   spec low/true/true/72/2
ok   edge 72
ok   continuous low/true/true/72
ok   spec low/true/true/73/0
ok   spec low/true/true/73/1
ok   spec low/true/true/73/2
ok   edge 73
ok   continuous low/true/true/73
ok   spec low/true/true/74/0
ok   spec low/true/true/74/1
ok   spec low/true/true/74/2
ok   edge 74
ok   continuous low/true/true/74
ok   spec low/true/true/75/0
ok   spec low/true/true/75/1
ok   spec low/true/true/75/2
ok   edge 75
ok   continuous low/true/true/75
ok   spec low/true/true/76/0
ok   spec low/true/true/76/1
ok   spec low/true/true/76/2
ok   edge 76
ok   continuous low/true/true/76
ok   spec low/true/true/77/0
ok   spec low/true/true/77/1
ok   spec low/true/true/77/2
ok   edge 77
ok   continuous low/true/true/77
ok   spec low/true/true/78/0
ok   spec low/true/true/78/1
ok   spec low/true/true/78/2
ok   edge 78
ok   continuous low/true/true/78
ok   spec low/true/true/79/0
ok   spec low/true/true/79/1
ok   spec low/true/true/79/2
ok   edge 79
ok   continuous low/true/true/79
ok   spec low/true/true/80/0
ok   spec low/true/true/80/1
ok   spec low/true/true/80/2
ok   edge 80
ok   continuous low/true/true/80
ok   spec low/true/true/81/0
ok   spec low/true/true/81/1
ok   spec low/true/true/81/2
ok   edge 81
ok   continuous low/true/true/81
ok   spec low/true/true/82/0
ok   spec low/true/true/82/1
ok   spec low/true/true/82/2
ok   edge 82
ok   continuous low/true/true/82
ok   spec low/true/true/83/0
ok   spec low/true/true/83/1
ok   spec low/true/true/83/2
ok   edge 83
ok   continuous low/true/true/83
ok   spec low/true/true/84/0
ok   spec low/true/true/84/1
ok   spec low/true/true/84/2
ok   edge 84
ok   continuous low/true/true/84
ok   spec low/true/true/85/0
ok   spec low/true/true/85/1
ok   spec low/true/true/85/2
ok   edge 85
ok   continuous low/true/true/85
ok   spec low/true/true/86/0
ok   spec low/true/true/86/1
ok   spec low/true/true/86/2
ok   edge 86
ok   continuous low/true/true/86
ok   spec low/true/true/87/0
ok   spec low/true/true/87/1
ok   spec low/true/true/87/2
ok   edge 87
ok   continuous low/true/true/87
ok   spec low/true/true/88/0
ok   spec low/true/true/88/1
ok   spec low/true/true/88/2
ok   edge 88
ok   continuous low/true/true/88
ok   spec low/true/true/89/0
ok   spec low/true/true/89/1
ok   spec low/true/true/89/2
ok   edge 89
ok   continuous low/true/true/89
ok   spec low/true/true/90/0
ok   spec low/true/true/90/1
ok   spec low/true/true/90/2
ok   edge 90
ok   continuous low/true/true/90
ok   spec low/true/true/91/0
ok   spec low/true/true/91/1
ok   spec low/true/true/91/2
ok   edge 91
ok   continuous low/true/true/91
ok   spec low/true/true/92/0
ok   spec low/true/true/92/1
ok   spec low/true/true/92/2
ok   edge 92
ok   continuous low/true/true/92
ok   spec low/true/true/93/0
ok   spec low/true/true/93/1
ok   spec low/true/true/93/2
ok   edge 93
ok   continuous low/true/true/93
ok   spec low/true/true/94/0
ok   spec low/true/true/94/1
ok   spec low/true/true/94/2
ok   edge 94
ok   continuous low/true/true/94
ok   spec low/true/true/95/0
ok   spec low/true/true/95/1
ok   spec low/true/true/95/2
ok   edge 95
ok   continuous low/true/true/95
ok   spec low/true/true/96/0
ok   spec low/true/true/96/1
ok   spec low/true/true/96/2
ok   edge 96
ok   continuous low/true/true/96
ok   spec low/true/true/97/0
ok   spec low/true/true/97/1
ok   spec low/true/true/97/2
ok   edge 97
ok   continuous low/true/true/97
ok   spec low/true/true/98/0
ok   spec low/true/true/98/1
ok   spec low/true/true/98/2
ok   edge 98
ok   continuous low/true/true/98
ok   spec low/true/true/99/0
ok   spec low/true/true/99/1
ok   spec low/true/true/99/2
ok   edge 99
ok   continuous low/true/true/99
ok   spec low/true/true/100/0
ok   spec low/true/true/100/1
ok   spec low/true/true/100/2
ok   edge 100
ok   continuous low/true/true/100
ok   softness mid
ok   mid/false/false: a pressable face is a control's, edged
ok   mid/false/false: an icon tile's is a card's
ok   mid/false/false: depth clamps
ok   blur mid/false/false/-1.0
ok   blur mid/false/false/0.0
ok   blur mid/false/false/0.5
ok   blur mid/false/false/1.0
ok   blur mid/false/false/2.0
ok   mid/false/false: resting lights
ok   mid/false/false: pressed lights
ok   spec mid/false/false/0/0
ok   spec mid/false/false/0/1
ok   spec mid/false/false/0/2
ok   edge 0
ok   continuous mid/false/false/0
ok   spec mid/false/false/1/0
ok   spec mid/false/false/1/1
ok   spec mid/false/false/1/2
ok   edge 1
ok   continuous mid/false/false/1
ok   spec mid/false/false/2/0
ok   spec mid/false/false/2/1
ok   spec mid/false/false/2/2
ok   edge 2
ok   continuous mid/false/false/2
ok   spec mid/false/false/3/0
ok   spec mid/false/false/3/1
ok   spec mid/false/false/3/2
ok   edge 3
ok   continuous mid/false/false/3
ok   spec mid/false/false/4/0
ok   spec mid/false/false/4/1
ok   spec mid/false/false/4/2
ok   edge 4
ok   continuous mid/false/false/4
ok   spec mid/false/false/5/0
ok   spec mid/false/false/5/1
ok   spec mid/false/false/5/2
ok   edge 5
ok   continuous mid/false/false/5
ok   spec mid/false/false/6/0
ok   spec mid/false/false/6/1
ok   spec mid/false/false/6/2
ok   edge 6
ok   continuous mid/false/false/6
ok   spec mid/false/false/7/0
ok   spec mid/false/false/7/1
ok   spec mid/false/false/7/2
ok   edge 7
ok   continuous mid/false/false/7
ok   spec mid/false/false/8/0
ok   spec mid/false/false/8/1
ok   spec mid/false/false/8/2
ok   edge 8
ok   continuous mid/false/false/8
ok   spec mid/false/false/9/0
ok   spec mid/false/false/9/1
ok   spec mid/false/false/9/2
ok   edge 9
ok   continuous mid/false/false/9
ok   spec mid/false/false/10/0
ok   spec mid/false/false/10/1
ok   spec mid/false/false/10/2
ok   edge 10
ok   continuous mid/false/false/10
ok   spec mid/false/false/11/0
ok   spec mid/false/false/11/1
ok   spec mid/false/false/11/2
ok   edge 11
ok   continuous mid/false/false/11
ok   spec mid/false/false/12/0
ok   spec mid/false/false/12/1
ok   spec mid/false/false/12/2
ok   edge 12
ok   continuous mid/false/false/12
ok   spec mid/false/false/13/0
ok   spec mid/false/false/13/1
ok   spec mid/false/false/13/2
ok   edge 13
ok   continuous mid/false/false/13
ok   spec mid/false/false/14/0
ok   spec mid/false/false/14/1
ok   spec mid/false/false/14/2
ok   edge 14
ok   continuous mid/false/false/14
ok   spec mid/false/false/15/0
ok   spec mid/false/false/15/1
ok   spec mid/false/false/15/2
ok   edge 15
ok   continuous mid/false/false/15
ok   spec mid/false/false/16/0
ok   spec mid/false/false/16/1
ok   spec mid/false/false/16/2
ok   edge 16
ok   continuous mid/false/false/16
ok   spec mid/false/false/17/0
ok   spec mid/false/false/17/1
ok   spec mid/false/false/17/2
ok   edge 17
ok   continuous mid/false/false/17
ok   spec mid/false/false/18/0
ok   spec mid/false/false/18/1
ok   spec mid/false/false/18/2
ok   edge 18
ok   continuous mid/false/false/18
ok   spec mid/false/false/19/0
ok   spec mid/false/false/19/1
ok   spec mid/false/false/19/2
ok   edge 19
ok   continuous mid/false/false/19
ok   spec mid/false/false/20/0
ok   spec mid/false/false/20/1
ok   spec mid/false/false/20/2
ok   edge 20
ok   continuous mid/false/false/20
ok   spec mid/false/false/21/0
ok   spec mid/false/false/21/1
ok   spec mid/false/false/21/2
ok   edge 21
ok   continuous mid/false/false/21
ok   spec mid/false/false/22/0
ok   spec mid/false/false/22/1
ok   spec mid/false/false/22/2
ok   edge 22
ok   continuous mid/false/false/22
ok   spec mid/false/false/23/0
ok   spec mid/false/false/23/1
ok   spec mid/false/false/23/2
ok   edge 23
ok   continuous mid/false/false/23
ok   spec mid/false/false/24/0
ok   spec mid/false/false/24/1
ok   spec mid/false/false/24/2
ok   edge 24
ok   continuous mid/false/false/24
ok   spec mid/false/false/25/0
ok   spec mid/false/false/25/1
ok   spec mid/false/false/25/2
ok   edge 25
ok   continuous mid/false/false/25
ok   spec mid/false/false/26/0
ok   spec mid/false/false/26/1
ok   spec mid/false/false/26/2
ok   edge 26
ok   continuous mid/false/false/26
ok   spec mid/false/false/27/0
ok   spec mid/false/false/27/1
ok   spec mid/false/false/27/2
ok   edge 27
ok   continuous mid/false/false/27
ok   spec mid/false/false/28/0
ok   spec mid/false/false/28/1
ok   spec mid/false/false/28/2
ok   edge 28
ok   continuous mid/false/false/28
ok   spec mid/false/false/29/0
ok   spec mid/false/false/29/1
ok   spec mid/false/false/29/2
ok   edge 29
ok   continuous mid/false/false/29
ok   spec mid/false/false/30/0
ok   spec mid/false/false/30/1
ok   spec mid/false/false/30/2
ok   edge 30
ok   continuous mid/false/false/30
ok   spec mid/false/false/31/0
ok   spec mid/false/false/31/1
ok   spec mid/false/false/31/2
ok   edge 31
ok   continuous mid/false/false/31
ok   spec mid/false/false/32/0
ok   spec mid/false/false/32/1
ok   spec mid/false/false/32/2
ok   edge 32
ok   continuous mid/false/false/32
ok   spec mid/false/false/33/0
ok   spec mid/false/false/33/1
ok   spec mid/false/false/33/2
ok   edge 33
ok   continuous mid/false/false/33
ok   spec mid/false/false/34/0
ok   spec mid/false/false/34/1
ok   spec mid/false/false/34/2
ok   edge 34
ok   continuous mid/false/false/34
ok   spec mid/false/false/35/0
ok   spec mid/false/false/35/1
ok   spec mid/false/false/35/2
ok   edge 35
ok   continuous mid/false/false/35
ok   spec mid/false/false/36/0
ok   spec mid/false/false/36/1
ok   spec mid/false/false/36/2
ok   edge 36
ok   continuous mid/false/false/36
ok   spec mid/false/false/37/0
ok   spec mid/false/false/37/1
ok   spec mid/false/false/37/2
ok   edge 37
ok   continuous mid/false/false/37
ok   spec mid/false/false/38/0
ok   spec mid/false/false/38/1
ok   spec mid/false/false/38/2
ok   edge 38
ok   continuous mid/false/false/38
ok   spec mid/false/false/39/0
ok   spec mid/false/false/39/1
ok   spec mid/false/false/39/2
ok   edge 39
ok   continuous mid/false/false/39
ok   spec mid/false/false/40/0
ok   spec mid/false/false/40/1
ok   spec mid/false/false/40/2
ok   edge 40
ok   continuous mid/false/false/40
ok   spec mid/false/false/41/0
ok   spec mid/false/false/41/1
ok   spec mid/false/false/41/2
ok   edge 41
ok   continuous mid/false/false/41
ok   spec mid/false/false/42/0
ok   spec mid/false/false/42/1
ok   spec mid/false/false/42/2
ok   edge 42
ok   continuous mid/false/false/42
ok   spec mid/false/false/43/0
ok   spec mid/false/false/43/1
ok   spec mid/false/false/43/2
ok   edge 43
ok   continuous mid/false/false/43
ok   spec mid/false/false/44/0
ok   spec mid/false/false/44/1
ok   spec mid/false/false/44/2
ok   edge 44
ok   continuous mid/false/false/44
ok   spec mid/false/false/45/0
ok   spec mid/false/false/45/1
ok   spec mid/false/false/45/2
ok   edge 45
ok   continuous mid/false/false/45
ok   spec mid/false/false/46/0
ok   spec mid/false/false/46/1
ok   spec mid/false/false/46/2
ok   edge 46
ok   continuous mid/false/false/46
ok   spec mid/false/false/47/0
ok   spec mid/false/false/47/1
ok   spec mid/false/false/47/2
ok   edge 47
ok   continuous mid/false/false/47
ok   spec mid/false/false/48/0
ok   spec mid/false/false/48/1
ok   spec mid/false/false/48/2
ok   edge 48
ok   continuous mid/false/false/48
ok   spec mid/false/false/49/0
ok   spec mid/false/false/49/1
ok   spec mid/false/false/49/2
ok   edge 49
ok   continuous mid/false/false/49
ok   spec mid/false/false/50/0
ok   spec mid/false/false/50/1
ok   spec mid/false/false/50/2
ok   edge 50
ok   continuous mid/false/false/50
ok   spec mid/false/false/51/0
ok   spec mid/false/false/51/1
ok   spec mid/false/false/51/2
ok   edge 51
ok   continuous mid/false/false/51
ok   spec mid/false/false/52/0
ok   spec mid/false/false/52/1
ok   spec mid/false/false/52/2
ok   edge 52
ok   continuous mid/false/false/52
ok   spec mid/false/false/53/0
ok   spec mid/false/false/53/1
ok   spec mid/false/false/53/2
ok   edge 53
ok   continuous mid/false/false/53
ok   spec mid/false/false/54/0
ok   spec mid/false/false/54/1
ok   spec mid/false/false/54/2
ok   edge 54
ok   continuous mid/false/false/54
ok   spec mid/false/false/55/0
ok   spec mid/false/false/55/1
ok   spec mid/false/false/55/2
ok   edge 55
ok   continuous mid/false/false/55
ok   spec mid/false/false/56/0
ok   spec mid/false/false/56/1
ok   spec mid/false/false/56/2
ok   edge 56
ok   continuous mid/false/false/56
ok   spec mid/false/false/57/0
ok   spec mid/false/false/57/1
ok   spec mid/false/false/57/2
ok   edge 57
ok   continuous mid/false/false/57
ok   spec mid/false/false/58/0
ok   spec mid/false/false/58/1
ok   spec mid/false/false/58/2
ok   edge 58
ok   continuous mid/false/false/58
ok   spec mid/false/false/59/0
ok   spec mid/false/false/59/1
ok   spec mid/false/false/59/2
ok   edge 59
ok   continuous mid/false/false/59
ok   spec mid/false/false/60/0
ok   spec mid/false/false/60/1
ok   spec mid/false/false/60/2
ok   edge 60
ok   continuous mid/false/false/60
ok   spec mid/false/false/61/0
ok   spec mid/false/false/61/1
ok   spec mid/false/false/61/2
ok   edge 61
ok   continuous mid/false/false/61
ok   spec mid/false/false/62/0
ok   spec mid/false/false/62/1
ok   spec mid/false/false/62/2
ok   edge 62
ok   continuous mid/false/false/62
ok   spec mid/false/false/63/0
ok   spec mid/false/false/63/1
ok   spec mid/false/false/63/2
ok   edge 63
ok   continuous mid/false/false/63
ok   spec mid/false/false/64/0
ok   spec mid/false/false/64/1
ok   spec mid/false/false/64/2
ok   edge 64
ok   continuous mid/false/false/64
ok   spec mid/false/false/65/0
ok   spec mid/false/false/65/1
ok   spec mid/false/false/65/2
ok   edge 65
ok   continuous mid/false/false/65
ok   spec mid/false/false/66/0
ok   spec mid/false/false/66/1
ok   spec mid/false/false/66/2
ok   edge 66
ok   continuous mid/false/false/66
ok   spec mid/false/false/67/0
ok   spec mid/false/false/67/1
ok   spec mid/false/false/67/2
ok   edge 67
ok   continuous mid/false/false/67
ok   spec mid/false/false/68/0
ok   spec mid/false/false/68/1
ok   spec mid/false/false/68/2
ok   edge 68
ok   continuous mid/false/false/68
ok   spec mid/false/false/69/0
ok   spec mid/false/false/69/1
ok   spec mid/false/false/69/2
ok   edge 69
ok   continuous mid/false/false/69
ok   spec mid/false/false/70/0
ok   spec mid/false/false/70/1
ok   spec mid/false/false/70/2
ok   edge 70
ok   continuous mid/false/false/70
ok   spec mid/false/false/71/0
ok   spec mid/false/false/71/1
ok   spec mid/false/false/71/2
ok   edge 71
ok   continuous mid/false/false/71
ok   spec mid/false/false/72/0
ok   spec mid/false/false/72/1
ok   spec mid/false/false/72/2
ok   edge 72
ok   continuous mid/false/false/72
ok   spec mid/false/false/73/0
ok   spec mid/false/false/73/1
ok   spec mid/false/false/73/2
ok   edge 73
ok   continuous mid/false/false/73
ok   spec mid/false/false/74/0
ok   spec mid/false/false/74/1
ok   spec mid/false/false/74/2
ok   edge 74
ok   continuous mid/false/false/74
ok   spec mid/false/false/75/0
ok   spec mid/false/false/75/1
ok   spec mid/false/false/75/2
ok   edge 75
ok   continuous mid/false/false/75
ok   spec mid/false/false/76/0
ok   spec mid/false/false/76/1
ok   spec mid/false/false/76/2
ok   edge 76
ok   continuous mid/false/false/76
ok   spec mid/false/false/77/0
ok   spec mid/false/false/77/1
ok   spec mid/false/false/77/2
ok   edge 77
ok   continuous mid/false/false/77
ok   spec mid/false/false/78/0
ok   spec mid/false/false/78/1
ok   spec mid/false/false/78/2
ok   edge 78
ok   continuous mid/false/false/78
ok   spec mid/false/false/79/0
ok   spec mid/false/false/79/1
ok   spec mid/false/false/79/2
ok   edge 79
ok   continuous mid/false/false/79
ok   spec mid/false/false/80/0
ok   spec mid/false/false/80/1
ok   spec mid/false/false/80/2
ok   edge 80
ok   continuous mid/false/false/80
ok   spec mid/false/false/81/0
ok   spec mid/false/false/81/1
ok   spec mid/false/false/81/2
ok   edge 81
ok   continuous mid/false/false/81
ok   spec mid/false/false/82/0
ok   spec mid/false/false/82/1
ok   spec mid/false/false/82/2
ok   edge 82
ok   continuous mid/false/false/82
ok   spec mid/false/false/83/0
ok   spec mid/false/false/83/1
ok   spec mid/false/false/83/2
ok   edge 83
ok   continuous mid/false/false/83
ok   spec mid/false/false/84/0
ok   spec mid/false/false/84/1
ok   spec mid/false/false/84/2
ok   edge 84
ok   continuous mid/false/false/84
ok   spec mid/false/false/85/0
ok   spec mid/false/false/85/1
ok   spec mid/false/false/85/2
ok   edge 85
ok   continuous mid/false/false/85
ok   spec mid/false/false/86/0
ok   spec mid/false/false/86/1
ok   spec mid/false/false/86/2
ok   edge 86
ok   continuous mid/false/false/86
ok   spec mid/false/false/87/0
ok   spec mid/false/false/87/1
ok   spec mid/false/false/87/2
ok   edge 87
ok   continuous mid/false/false/87
ok   spec mid/false/false/88/0
ok   spec mid/false/false/88/1
ok   spec mid/false/false/88/2
ok   edge 88
ok   continuous mid/false/false/88
ok   spec mid/false/false/89/0
ok   spec mid/false/false/89/1
ok   spec mid/false/false/89/2
ok   edge 89
ok   continuous mid/false/false/89
ok   spec mid/false/false/90/0
ok   spec mid/false/false/90/1
ok   spec mid/false/false/90/2
ok   edge 90
ok   continuous mid/false/false/90
ok   spec mid/false/false/91/0
ok   spec mid/false/false/91/1
ok   spec mid/false/false/91/2
ok   edge 91
ok   continuous mid/false/false/91
ok   spec mid/false/false/92/0
ok   spec mid/false/false/92/1
ok   spec mid/false/false/92/2
ok   edge 92
ok   continuous mid/false/false/92
ok   spec mid/false/false/93/0
ok   spec mid/false/false/93/1
ok   spec mid/false/false/93/2
ok   edge 93
ok   continuous mid/false/false/93
ok   spec mid/false/false/94/0
ok   spec mid/false/false/94/1
ok   spec mid/false/false/94/2
ok   edge 94
ok   continuous mid/false/false/94
ok   spec mid/false/false/95/0
ok   spec mid/false/false/95/1
ok   spec mid/false/false/95/2
ok   edge 95
ok   continuous mid/false/false/95
ok   spec mid/false/false/96/0
ok   spec mid/false/false/96/1
ok   spec mid/false/false/96/2
ok   edge 96
ok   continuous mid/false/false/96
ok   spec mid/false/false/97/0
ok   spec mid/false/false/97/1
ok   spec mid/false/false/97/2
ok   edge 97
ok   continuous mid/false/false/97
ok   spec mid/false/false/98/0
ok   spec mid/false/false/98/1
ok   spec mid/false/false/98/2
ok   edge 98
ok   continuous mid/false/false/98
ok   spec mid/false/false/99/0
ok   spec mid/false/false/99/1
ok   spec mid/false/false/99/2
ok   edge 99
ok   continuous mid/false/false/99
ok   spec mid/false/false/100/0
ok   spec mid/false/false/100/1
ok   spec mid/false/false/100/2
ok   edge 100
ok   continuous mid/false/false/100
ok   mid/false/true: a pressable face is a control's, edged
ok   mid/false/true: an icon tile's is a card's
ok   mid/false/true: depth clamps
ok   blur mid/false/true/-1.0
ok   blur mid/false/true/0.0
ok   blur mid/false/true/0.5
ok   blur mid/false/true/1.0
ok   blur mid/false/true/2.0
ok   mid/false/true: resting lights
ok   mid/false/true: pressed lights
ok   spec mid/false/true/0/0
ok   spec mid/false/true/0/1
ok   spec mid/false/true/0/2
ok   edge 0
ok   continuous mid/false/true/0
ok   spec mid/false/true/1/0
ok   spec mid/false/true/1/1
ok   spec mid/false/true/1/2
ok   edge 1
ok   continuous mid/false/true/1
ok   spec mid/false/true/2/0
ok   spec mid/false/true/2/1
ok   spec mid/false/true/2/2
ok   edge 2
ok   continuous mid/false/true/2
ok   spec mid/false/true/3/0
ok   spec mid/false/true/3/1
ok   spec mid/false/true/3/2
ok   edge 3
ok   continuous mid/false/true/3
ok   spec mid/false/true/4/0
ok   spec mid/false/true/4/1
ok   spec mid/false/true/4/2
ok   edge 4
ok   continuous mid/false/true/4
ok   spec mid/false/true/5/0
ok   spec mid/false/true/5/1
ok   spec mid/false/true/5/2
ok   edge 5
ok   continuous mid/false/true/5
ok   spec mid/false/true/6/0
ok   spec mid/false/true/6/1
ok   spec mid/false/true/6/2
ok   edge 6
ok   continuous mid/false/true/6
ok   spec mid/false/true/7/0
ok   spec mid/false/true/7/1
ok   spec mid/false/true/7/2
ok   edge 7
ok   continuous mid/false/true/7
ok   spec mid/false/true/8/0
ok   spec mid/false/true/8/1
ok   spec mid/false/true/8/2
ok   edge 8
ok   continuous mid/false/true/8
ok   spec mid/false/true/9/0
ok   spec mid/false/true/9/1
ok   spec mid/false/true/9/2
ok   edge 9
ok   continuous mid/false/true/9
ok   spec mid/false/true/10/0
ok   spec mid/false/true/10/1
ok   spec mid/false/true/10/2
ok   edge 10
ok   continuous mid/false/true/10
ok   spec mid/false/true/11/0
ok   spec mid/false/true/11/1
ok   spec mid/false/true/11/2
ok   edge 11
ok   continuous mid/false/true/11
ok   spec mid/false/true/12/0
ok   spec mid/false/true/12/1
ok   spec mid/false/true/12/2
ok   edge 12
ok   continuous mid/false/true/12
ok   spec mid/false/true/13/0
ok   spec mid/false/true/13/1
ok   spec mid/false/true/13/2
ok   edge 13
ok   continuous mid/false/true/13
ok   spec mid/false/true/14/0
ok   spec mid/false/true/14/1
ok   spec mid/false/true/14/2
ok   edge 14
ok   continuous mid/false/true/14
ok   spec mid/false/true/15/0
ok   spec mid/false/true/15/1
ok   spec mid/false/true/15/2
ok   edge 15
ok   continuous mid/false/true/15
ok   spec mid/false/true/16/0
ok   spec mid/false/true/16/1
ok   spec mid/false/true/16/2
ok   edge 16
ok   continuous mid/false/true/16
ok   spec mid/false/true/17/0
ok   spec mid/false/true/17/1
ok   spec mid/false/true/17/2
ok   edge 17
ok   continuous mid/false/true/17
ok   spec mid/false/true/18/0
ok   spec mid/false/true/18/1
ok   spec mid/false/true/18/2
ok   edge 18
ok   continuous mid/false/true/18
ok   spec mid/false/true/19/0
ok   spec mid/false/true/19/1
ok   spec mid/false/true/19/2
ok   edge 19
ok   continuous mid/false/true/19
ok   spec mid/false/true/20/0
ok   spec mid/false/true/20/1
ok   spec mid/false/true/20/2
ok   edge 20
ok   continuous mid/false/true/20
ok   spec mid/false/true/21/0
ok   spec mid/false/true/21/1
ok   spec mid/false/true/21/2
ok   edge 21
ok   continuous mid/false/true/21
ok   spec mid/false/true/22/0
ok   spec mid/false/true/22/1
ok   spec mid/false/true/22/2
ok   edge 22
ok   continuous mid/false/true/22
ok   spec mid/false/true/23/0
ok   spec mid/false/true/23/1
ok   spec mid/false/true/23/2
ok   edge 23
ok   continuous mid/false/true/23
ok   spec mid/false/true/24/0
ok   spec mid/false/true/24/1
ok   spec mid/false/true/24/2
ok   edge 24
ok   continuous mid/false/true/24
ok   spec mid/false/true/25/0
ok   spec mid/false/true/25/1
ok   spec mid/false/true/25/2
ok   edge 25
ok   continuous mid/false/true/25
ok   spec mid/false/true/26/0
ok   spec mid/false/true/26/1
ok   spec mid/false/true/26/2
ok   edge 26
ok   continuous mid/false/true/26
ok   spec mid/false/true/27/0
ok   spec mid/false/true/27/1
ok   spec mid/false/true/27/2
ok   edge 27
ok   continuous mid/false/true/27
ok   spec mid/false/true/28/0
ok   spec mid/false/true/28/1
ok   spec mid/false/true/28/2
ok   edge 28
ok   continuous mid/false/true/28
ok   spec mid/false/true/29/0
ok   spec mid/false/true/29/1
ok   spec mid/false/true/29/2
ok   edge 29
ok   continuous mid/false/true/29
ok   spec mid/false/true/30/0
ok   spec mid/false/true/30/1
ok   spec mid/false/true/30/2
ok   edge 30
ok   continuous mid/false/true/30
ok   spec mid/false/true/31/0
ok   spec mid/false/true/31/1
ok   spec mid/false/true/31/2
ok   edge 31
ok   continuous mid/false/true/31
ok   spec mid/false/true/32/0
ok   spec mid/false/true/32/1
ok   spec mid/false/true/32/2
ok   edge 32
ok   continuous mid/false/true/32
ok   spec mid/false/true/33/0
ok   spec mid/false/true/33/1
ok   spec mid/false/true/33/2
ok   edge 33
ok   continuous mid/false/true/33
ok   spec mid/false/true/34/0
ok   spec mid/false/true/34/1
ok   spec mid/false/true/34/2
ok   edge 34
ok   continuous mid/false/true/34
ok   spec mid/false/true/35/0
ok   spec mid/false/true/35/1
ok   spec mid/false/true/35/2
ok   edge 35
ok   continuous mid/false/true/35
ok   spec mid/false/true/36/0
ok   spec mid/false/true/36/1
ok   spec mid/false/true/36/2
ok   edge 36
ok   continuous mid/false/true/36
ok   spec mid/false/true/37/0
ok   spec mid/false/true/37/1
ok   spec mid/false/true/37/2
ok   edge 37
ok   continuous mid/false/true/37
ok   spec mid/false/true/38/0
ok   spec mid/false/true/38/1
ok   spec mid/false/true/38/2
ok   edge 38
ok   continuous mid/false/true/38
ok   spec mid/false/true/39/0
ok   spec mid/false/true/39/1
ok   spec mid/false/true/39/2
ok   edge 39
ok   continuous mid/false/true/39
ok   spec mid/false/true/40/0
ok   spec mid/false/true/40/1
ok   spec mid/false/true/40/2
ok   edge 40
ok   continuous mid/false/true/40
ok   spec mid/false/true/41/0
ok   spec mid/false/true/41/1
ok   spec mid/false/true/41/2
ok   edge 41
ok   continuous mid/false/true/41
ok   spec mid/false/true/42/0
ok   spec mid/false/true/42/1
ok   spec mid/false/true/42/2
ok   edge 42
ok   continuous mid/false/true/42
ok   spec mid/false/true/43/0
ok   spec mid/false/true/43/1
ok   spec mid/false/true/43/2
ok   edge 43
ok   continuous mid/false/true/43
ok   spec mid/false/true/44/0
ok   spec mid/false/true/44/1
ok   spec mid/false/true/44/2
ok   edge 44
ok   continuous mid/false/true/44
ok   spec mid/false/true/45/0
ok   spec mid/false/true/45/1
ok   spec mid/false/true/45/2
ok   edge 45
ok   continuous mid/false/true/45
ok   spec mid/false/true/46/0
ok   spec mid/false/true/46/1
ok   spec mid/false/true/46/2
ok   edge 46
ok   continuous mid/false/true/46
ok   spec mid/false/true/47/0
ok   spec mid/false/true/47/1
ok   spec mid/false/true/47/2
ok   edge 47
ok   continuous mid/false/true/47
ok   spec mid/false/true/48/0
ok   spec mid/false/true/48/1
ok   spec mid/false/true/48/2
ok   edge 48
ok   continuous mid/false/true/48
ok   spec mid/false/true/49/0
ok   spec mid/false/true/49/1
ok   spec mid/false/true/49/2
ok   edge 49
ok   continuous mid/false/true/49
ok   spec mid/false/true/50/0
ok   spec mid/false/true/50/1
ok   spec mid/false/true/50/2
ok   edge 50
ok   continuous mid/false/true/50
ok   spec mid/false/true/51/0
ok   spec mid/false/true/51/1
ok   spec mid/false/true/51/2
ok   edge 51
ok   continuous mid/false/true/51
ok   spec mid/false/true/52/0
ok   spec mid/false/true/52/1
ok   spec mid/false/true/52/2
ok   edge 52
ok   continuous mid/false/true/52
ok   spec mid/false/true/53/0
ok   spec mid/false/true/53/1
ok   spec mid/false/true/53/2
ok   edge 53
ok   continuous mid/false/true/53
ok   spec mid/false/true/54/0
ok   spec mid/false/true/54/1
ok   spec mid/false/true/54/2
ok   edge 54
ok   continuous mid/false/true/54
ok   spec mid/false/true/55/0
ok   spec mid/false/true/55/1
ok   spec mid/false/true/55/2
ok   edge 55
ok   continuous mid/false/true/55
ok   spec mid/false/true/56/0
ok   spec mid/false/true/56/1
ok   spec mid/false/true/56/2
ok   edge 56
ok   continuous mid/false/true/56
ok   spec mid/false/true/57/0
ok   spec mid/false/true/57/1
ok   spec mid/false/true/57/2
ok   edge 57
ok   continuous mid/false/true/57
ok   spec mid/false/true/58/0
ok   spec mid/false/true/58/1
ok   spec mid/false/true/58/2
ok   edge 58
ok   continuous mid/false/true/58
ok   spec mid/false/true/59/0
ok   spec mid/false/true/59/1
ok   spec mid/false/true/59/2
ok   edge 59
ok   continuous mid/false/true/59
ok   spec mid/false/true/60/0
ok   spec mid/false/true/60/1
ok   spec mid/false/true/60/2
ok   edge 60
ok   continuous mid/false/true/60
ok   spec mid/false/true/61/0
ok   spec mid/false/true/61/1
ok   spec mid/false/true/61/2
ok   edge 61
ok   continuous mid/false/true/61
ok   spec mid/false/true/62/0
ok   spec mid/false/true/62/1
ok   spec mid/false/true/62/2
ok   edge 62
ok   continuous mid/false/true/62
ok   spec mid/false/true/63/0
ok   spec mid/false/true/63/1
ok   spec mid/false/true/63/2
ok   edge 63
ok   continuous mid/false/true/63
ok   spec mid/false/true/64/0
ok   spec mid/false/true/64/1
ok   spec mid/false/true/64/2
ok   edge 64
ok   continuous mid/false/true/64
ok   spec mid/false/true/65/0
ok   spec mid/false/true/65/1
ok   spec mid/false/true/65/2
ok   edge 65
ok   continuous mid/false/true/65
ok   spec mid/false/true/66/0
ok   spec mid/false/true/66/1
ok   spec mid/false/true/66/2
ok   edge 66
ok   continuous mid/false/true/66
ok   spec mid/false/true/67/0
ok   spec mid/false/true/67/1
ok   spec mid/false/true/67/2
ok   edge 67
ok   continuous mid/false/true/67
ok   spec mid/false/true/68/0
ok   spec mid/false/true/68/1
ok   spec mid/false/true/68/2
ok   edge 68
ok   continuous mid/false/true/68
ok   spec mid/false/true/69/0
ok   spec mid/false/true/69/1
ok   spec mid/false/true/69/2
ok   edge 69
ok   continuous mid/false/true/69
ok   spec mid/false/true/70/0
ok   spec mid/false/true/70/1
ok   spec mid/false/true/70/2
ok   edge 70
ok   continuous mid/false/true/70
ok   spec mid/false/true/71/0
ok   spec mid/false/true/71/1
ok   spec mid/false/true/71/2
ok   edge 71
ok   continuous mid/false/true/71
ok   spec mid/false/true/72/0
ok   spec mid/false/true/72/1
ok   spec mid/false/true/72/2
ok   edge 72
ok   continuous mid/false/true/72
ok   spec mid/false/true/73/0
ok   spec mid/false/true/73/1
ok   spec mid/false/true/73/2
ok   edge 73
ok   continuous mid/false/true/73
ok   spec mid/false/true/74/0
ok   spec mid/false/true/74/1
ok   spec mid/false/true/74/2
ok   edge 74
ok   continuous mid/false/true/74
ok   spec mid/false/true/75/0
ok   spec mid/false/true/75/1
ok   spec mid/false/true/75/2
ok   edge 75
ok   continuous mid/false/true/75
ok   spec mid/false/true/76/0
ok   spec mid/false/true/76/1
ok   spec mid/false/true/76/2
ok   edge 76
ok   continuous mid/false/true/76
ok   spec mid/false/true/77/0
ok   spec mid/false/true/77/1
ok   spec mid/false/true/77/2
ok   edge 77
ok   continuous mid/false/true/77
ok   spec mid/false/true/78/0
ok   spec mid/false/true/78/1
ok   spec mid/false/true/78/2
ok   edge 78
ok   continuous mid/false/true/78
ok   spec mid/false/true/79/0
ok   spec mid/false/true/79/1
ok   spec mid/false/true/79/2
ok   edge 79
ok   continuous mid/false/true/79
ok   spec mid/false/true/80/0
ok   spec mid/false/true/80/1
ok   spec mid/false/true/80/2
ok   edge 80
ok   continuous mid/false/true/80
ok   spec mid/false/true/81/0
ok   spec mid/false/true/81/1
ok   spec mid/false/true/81/2
ok   edge 81
ok   continuous mid/false/true/81
ok   spec mid/false/true/82/0
ok   spec mid/false/true/82/1
ok   spec mid/false/true/82/2
ok   edge 82
ok   continuous mid/false/true/82
ok   spec mid/false/true/83/0
ok   spec mid/false/true/83/1
ok   spec mid/false/true/83/2
ok   edge 83
ok   continuous mid/false/true/83
ok   spec mid/false/true/84/0
ok   spec mid/false/true/84/1
ok   spec mid/false/true/84/2
ok   edge 84
ok   continuous mid/false/true/84
ok   spec mid/false/true/85/0
ok   spec mid/false/true/85/1
ok   spec mid/false/true/85/2
ok   edge 85
ok   continuous mid/false/true/85
ok   spec mid/false/true/86/0
ok   spec mid/false/true/86/1
ok   spec mid/false/true/86/2
ok   edge 86
ok   continuous mid/false/true/86
ok   spec mid/false/true/87/0
ok   spec mid/false/true/87/1
ok   spec mid/false/true/87/2
ok   edge 87
ok   continuous mid/false/true/87
ok   spec mid/false/true/88/0
ok   spec mid/false/true/88/1
ok   spec mid/false/true/88/2
ok   edge 88
ok   continuous mid/false/true/88
ok   spec mid/false/true/89/0
ok   spec mid/false/true/89/1
ok   spec mid/false/true/89/2
ok   edge 89
ok   continuous mid/false/true/89
ok   spec mid/false/true/90/0
ok   spec mid/false/true/90/1
ok   spec mid/false/true/90/2
ok   edge 90
ok   continuous mid/false/true/90
ok   spec mid/false/true/91/0
ok   spec mid/false/true/91/1
ok   spec mid/false/true/91/2
ok   edge 91
ok   continuous mid/false/true/91
ok   spec mid/false/true/92/0
ok   spec mid/false/true/92/1
ok   spec mid/false/true/92/2
ok   edge 92
ok   continuous mid/false/true/92
ok   spec mid/false/true/93/0
ok   spec mid/false/true/93/1
ok   spec mid/false/true/93/2
ok   edge 93
ok   continuous mid/false/true/93
ok   spec mid/false/true/94/0
ok   spec mid/false/true/94/1
ok   spec mid/false/true/94/2
ok   edge 94
ok   continuous mid/false/true/94
ok   spec mid/false/true/95/0
ok   spec mid/false/true/95/1
ok   spec mid/false/true/95/2
ok   edge 95
ok   continuous mid/false/true/95
ok   spec mid/false/true/96/0
ok   spec mid/false/true/96/1
ok   spec mid/false/true/96/2
ok   edge 96
ok   continuous mid/false/true/96
ok   spec mid/false/true/97/0
ok   spec mid/false/true/97/1
ok   spec mid/false/true/97/2
ok   edge 97
ok   continuous mid/false/true/97
ok   spec mid/false/true/98/0
ok   spec mid/false/true/98/1
ok   spec mid/false/true/98/2
ok   edge 98
ok   continuous mid/false/true/98
ok   spec mid/false/true/99/0
ok   spec mid/false/true/99/1
ok   spec mid/false/true/99/2
ok   edge 99
ok   continuous mid/false/true/99
ok   spec mid/false/true/100/0
ok   spec mid/false/true/100/1
ok   spec mid/false/true/100/2
ok   edge 100
ok   continuous mid/false/true/100
ok   mid/true/false: a pressable face is a control's, edged
ok   mid/true/false: an icon tile's is a card's
ok   mid/true/false: depth clamps
ok   blur mid/true/false/-1.0
ok   blur mid/true/false/0.0
ok   blur mid/true/false/0.5
ok   blur mid/true/false/1.0
ok   blur mid/true/false/2.0
ok   mid/true/false: resting lights
ok   mid/true/false: pressed lights
ok   spec mid/true/false/0/0
ok   spec mid/true/false/0/1
ok   spec mid/true/false/0/2
ok   edge 0
ok   continuous mid/true/false/0
ok   spec mid/true/false/1/0
ok   spec mid/true/false/1/1
ok   spec mid/true/false/1/2
ok   edge 1
ok   continuous mid/true/false/1
ok   spec mid/true/false/2/0
ok   spec mid/true/false/2/1
ok   spec mid/true/false/2/2
ok   edge 2
ok   continuous mid/true/false/2
ok   spec mid/true/false/3/0
ok   spec mid/true/false/3/1
ok   spec mid/true/false/3/2
ok   edge 3
ok   continuous mid/true/false/3
ok   spec mid/true/false/4/0
ok   spec mid/true/false/4/1
ok   spec mid/true/false/4/2
ok   edge 4
ok   continuous mid/true/false/4
ok   spec mid/true/false/5/0
ok   spec mid/true/false/5/1
ok   spec mid/true/false/5/2
ok   edge 5
ok   continuous mid/true/false/5
ok   spec mid/true/false/6/0
ok   spec mid/true/false/6/1
ok   spec mid/true/false/6/2
ok   edge 6
ok   continuous mid/true/false/6
ok   spec mid/true/false/7/0
ok   spec mid/true/false/7/1
ok   spec mid/true/false/7/2
ok   edge 7
ok   continuous mid/true/false/7
ok   spec mid/true/false/8/0
ok   spec mid/true/false/8/1
ok   spec mid/true/false/8/2
ok   edge 8
ok   continuous mid/true/false/8
ok   spec mid/true/false/9/0
ok   spec mid/true/false/9/1
ok   spec mid/true/false/9/2
ok   edge 9
ok   continuous mid/true/false/9
ok   spec mid/true/false/10/0
ok   spec mid/true/false/10/1
ok   spec mid/true/false/10/2
ok   edge 10
ok   continuous mid/true/false/10
ok   spec mid/true/false/11/0
ok   spec mid/true/false/11/1
ok   spec mid/true/false/11/2
ok   edge 11
ok   continuous mid/true/false/11
ok   spec mid/true/false/12/0
ok   spec mid/true/false/12/1
ok   spec mid/true/false/12/2
ok   edge 12
ok   continuous mid/true/false/12
ok   spec mid/true/false/13/0
ok   spec mid/true/false/13/1
ok   spec mid/true/false/13/2
ok   edge 13
ok   continuous mid/true/false/13
ok   spec mid/true/false/14/0
ok   spec mid/true/false/14/1
ok   spec mid/true/false/14/2
ok   edge 14
ok   continuous mid/true/false/14
ok   spec mid/true/false/15/0
ok   spec mid/true/false/15/1
ok   spec mid/true/false/15/2
ok   edge 15
ok   continuous mid/true/false/15
ok   spec mid/true/false/16/0
ok   spec mid/true/false/16/1
ok   spec mid/true/false/16/2
ok   edge 16
ok   continuous mid/true/false/16
ok   spec mid/true/false/17/0
ok   spec mid/true/false/17/1
ok   spec mid/true/false/17/2
ok   edge 17
ok   continuous mid/true/false/17
ok   spec mid/true/false/18/0
ok   spec mid/true/false/18/1
ok   spec mid/true/false/18/2
ok   edge 18
ok   continuous mid/true/false/18
ok   spec mid/true/false/19/0
ok   spec mid/true/false/19/1
ok   spec mid/true/false/19/2
ok   edge 19
ok   continuous mid/true/false/19
ok   spec mid/true/false/20/0
ok   spec mid/true/false/20/1
ok   spec mid/true/false/20/2
ok   edge 20
ok   continuous mid/true/false/20
ok   spec mid/true/false/21/0
ok   spec mid/true/false/21/1
ok   spec mid/true/false/21/2
ok   edge 21
ok   continuous mid/true/false/21
ok   spec mid/true/false/22/0
ok   spec mid/true/false/22/1
ok   spec mid/true/false/22/2
ok   edge 22
ok   continuous mid/true/false/22
ok   spec mid/true/false/23/0
ok   spec mid/true/false/23/1
ok   spec mid/true/false/23/2
ok   edge 23
ok   continuous mid/true/false/23
ok   spec mid/true/false/24/0
ok   spec mid/true/false/24/1
ok   spec mid/true/false/24/2
ok   edge 24
ok   continuous mid/true/false/24
ok   spec mid/true/false/25/0
ok   spec mid/true/false/25/1
ok   spec mid/true/false/25/2
ok   edge 25
ok   continuous mid/true/false/25
ok   spec mid/true/false/26/0
ok   spec mid/true/false/26/1
ok   spec mid/true/false/26/2
ok   edge 26
ok   continuous mid/true/false/26
ok   spec mid/true/false/27/0
ok   spec mid/true/false/27/1
ok   spec mid/true/false/27/2
ok   edge 27
ok   continuous mid/true/false/27
ok   spec mid/true/false/28/0
ok   spec mid/true/false/28/1
ok   spec mid/true/false/28/2
ok   edge 28
ok   continuous mid/true/false/28
ok   spec mid/true/false/29/0
ok   spec mid/true/false/29/1
ok   spec mid/true/false/29/2
ok   edge 29
ok   continuous mid/true/false/29
ok   spec mid/true/false/30/0
ok   spec mid/true/false/30/1
ok   spec mid/true/false/30/2
ok   edge 30
ok   continuous mid/true/false/30
ok   spec mid/true/false/31/0
ok   spec mid/true/false/31/1
ok   spec mid/true/false/31/2
ok   edge 31
ok   continuous mid/true/false/31
ok   spec mid/true/false/32/0
ok   spec mid/true/false/32/1
ok   spec mid/true/false/32/2
ok   edge 32
ok   continuous mid/true/false/32
ok   spec mid/true/false/33/0
ok   spec mid/true/false/33/1
ok   spec mid/true/false/33/2
ok   edge 33
ok   continuous mid/true/false/33
ok   spec mid/true/false/34/0
ok   spec mid/true/false/34/1
ok   spec mid/true/false/34/2
ok   edge 34
ok   continuous mid/true/false/34
ok   spec mid/true/false/35/0
ok   spec mid/true/false/35/1
ok   spec mid/true/false/35/2
ok   edge 35
ok   continuous mid/true/false/35
ok   spec mid/true/false/36/0
ok   spec mid/true/false/36/1
ok   spec mid/true/false/36/2
ok   edge 36
ok   continuous mid/true/false/36
ok   spec mid/true/false/37/0
ok   spec mid/true/false/37/1
ok   spec mid/true/false/37/2
ok   edge 37
ok   continuous mid/true/false/37
ok   spec mid/true/false/38/0
ok   spec mid/true/false/38/1
ok   spec mid/true/false/38/2
ok   edge 38
ok   continuous mid/true/false/38
ok   spec mid/true/false/39/0
ok   spec mid/true/false/39/1
ok   spec mid/true/false/39/2
ok   edge 39
ok   continuous mid/true/false/39
ok   spec mid/true/false/40/0
ok   spec mid/true/false/40/1
ok   spec mid/true/false/40/2
ok   edge 40
ok   continuous mid/true/false/40
ok   spec mid/true/false/41/0
ok   spec mid/true/false/41/1
ok   spec mid/true/false/41/2
ok   edge 41
ok   continuous mid/true/false/41
ok   spec mid/true/false/42/0
ok   spec mid/true/false/42/1
ok   spec mid/true/false/42/2
ok   edge 42
ok   continuous mid/true/false/42
ok   spec mid/true/false/43/0
ok   spec mid/true/false/43/1
ok   spec mid/true/false/43/2
ok   edge 43
ok   continuous mid/true/false/43
ok   spec mid/true/false/44/0
ok   spec mid/true/false/44/1
ok   spec mid/true/false/44/2
ok   edge 44
ok   continuous mid/true/false/44
ok   spec mid/true/false/45/0
ok   spec mid/true/false/45/1
ok   spec mid/true/false/45/2
ok   edge 45
ok   continuous mid/true/false/45
ok   spec mid/true/false/46/0
ok   spec mid/true/false/46/1
ok   spec mid/true/false/46/2
ok   edge 46
ok   continuous mid/true/false/46
ok   spec mid/true/false/47/0
ok   spec mid/true/false/47/1
ok   spec mid/true/false/47/2
ok   edge 47
ok   continuous mid/true/false/47
ok   spec mid/true/false/48/0
ok   spec mid/true/false/48/1
ok   spec mid/true/false/48/2
ok   edge 48
ok   continuous mid/true/false/48
ok   spec mid/true/false/49/0
ok   spec mid/true/false/49/1
ok   spec mid/true/false/49/2
ok   edge 49
ok   continuous mid/true/false/49
ok   spec mid/true/false/50/0
ok   spec mid/true/false/50/1
ok   spec mid/true/false/50/2
ok   edge 50
ok   continuous mid/true/false/50
ok   spec mid/true/false/51/0
ok   spec mid/true/false/51/1
ok   spec mid/true/false/51/2
ok   edge 51
ok   continuous mid/true/false/51
ok   spec mid/true/false/52/0
ok   spec mid/true/false/52/1
ok   spec mid/true/false/52/2
ok   edge 52
ok   continuous mid/true/false/52
ok   spec mid/true/false/53/0
ok   spec mid/true/false/53/1
ok   spec mid/true/false/53/2
ok   edge 53
ok   continuous mid/true/false/53
ok   spec mid/true/false/54/0
ok   spec mid/true/false/54/1
ok   spec mid/true/false/54/2
ok   edge 54
ok   continuous mid/true/false/54
ok   spec mid/true/false/55/0
ok   spec mid/true/false/55/1
ok   spec mid/true/false/55/2
ok   edge 55
ok   continuous mid/true/false/55
ok   spec mid/true/false/56/0
ok   spec mid/true/false/56/1
ok   spec mid/true/false/56/2
ok   edge 56
ok   continuous mid/true/false/56
ok   spec mid/true/false/57/0
ok   spec mid/true/false/57/1
ok   spec mid/true/false/57/2
ok   edge 57
ok   continuous mid/true/false/57
ok   spec mid/true/false/58/0
ok   spec mid/true/false/58/1
ok   spec mid/true/false/58/2
ok   edge 58
ok   continuous mid/true/false/58
ok   spec mid/true/false/59/0
ok   spec mid/true/false/59/1
ok   spec mid/true/false/59/2
ok   edge 59
ok   continuous mid/true/false/59
ok   spec mid/true/false/60/0
ok   spec mid/true/false/60/1
ok   spec mid/true/false/60/2
ok   edge 60
ok   continuous mid/true/false/60
ok   spec mid/true/false/61/0
ok   spec mid/true/false/61/1
ok   spec mid/true/false/61/2
ok   edge 61
ok   continuous mid/true/false/61
ok   spec mid/true/false/62/0
ok   spec mid/true/false/62/1
ok   spec mid/true/false/62/2
ok   edge 62
ok   continuous mid/true/false/62
ok   spec mid/true/false/63/0
ok   spec mid/true/false/63/1
ok   spec mid/true/false/63/2
ok   edge 63
ok   continuous mid/true/false/63
ok   spec mid/true/false/64/0
ok   spec mid/true/false/64/1
ok   spec mid/true/false/64/2
ok   edge 64
ok   continuous mid/true/false/64
ok   spec mid/true/false/65/0
ok   spec mid/true/false/65/1
ok   spec mid/true/false/65/2
ok   edge 65
ok   continuous mid/true/false/65
ok   spec mid/true/false/66/0
ok   spec mid/true/false/66/1
ok   spec mid/true/false/66/2
ok   edge 66
ok   continuous mid/true/false/66
ok   spec mid/true/false/67/0
ok   spec mid/true/false/67/1
ok   spec mid/true/false/67/2
ok   edge 67
ok   continuous mid/true/false/67
ok   spec mid/true/false/68/0
ok   spec mid/true/false/68/1
ok   spec mid/true/false/68/2
ok   edge 68
ok   continuous mid/true/false/68
ok   spec mid/true/false/69/0
ok   spec mid/true/false/69/1
ok   spec mid/true/false/69/2
ok   edge 69
ok   continuous mid/true/false/69
ok   spec mid/true/false/70/0
ok   spec mid/true/false/70/1
ok   spec mid/true/false/70/2
ok   edge 70
ok   continuous mid/true/false/70
ok   spec mid/true/false/71/0
ok   spec mid/true/false/71/1
ok   spec mid/true/false/71/2
ok   edge 71
ok   continuous mid/true/false/71
ok   spec mid/true/false/72/0
ok   spec mid/true/false/72/1
ok   spec mid/true/false/72/2
ok   edge 72
ok   continuous mid/true/false/72
ok   spec mid/true/false/73/0
ok   spec mid/true/false/73/1
ok   spec mid/true/false/73/2
ok   edge 73
ok   continuous mid/true/false/73
ok   spec mid/true/false/74/0
ok   spec mid/true/false/74/1
ok   spec mid/true/false/74/2
ok   edge 74
ok   continuous mid/true/false/74
ok   spec mid/true/false/75/0
ok   spec mid/true/false/75/1
ok   spec mid/true/false/75/2
ok   edge 75
ok   continuous mid/true/false/75
ok   spec mid/true/false/76/0
ok   spec mid/true/false/76/1
ok   spec mid/true/false/76/2
ok   edge 76
ok   continuous mid/true/false/76
ok   spec mid/true/false/77/0
ok   spec mid/true/false/77/1
ok   spec mid/true/false/77/2
ok   edge 77
ok   continuous mid/true/false/77
ok   spec mid/true/false/78/0
ok   spec mid/true/false/78/1
ok   spec mid/true/false/78/2
ok   edge 78
ok   continuous mid/true/false/78
ok   spec mid/true/false/79/0
ok   spec mid/true/false/79/1
ok   spec mid/true/false/79/2
ok   edge 79
ok   continuous mid/true/false/79
ok   spec mid/true/false/80/0
ok   spec mid/true/false/80/1
ok   spec mid/true/false/80/2
ok   edge 80
ok   continuous mid/true/false/80
ok   spec mid/true/false/81/0
ok   spec mid/true/false/81/1
ok   spec mid/true/false/81/2
ok   edge 81
ok   continuous mid/true/false/81
ok   spec mid/true/false/82/0
ok   spec mid/true/false/82/1
ok   spec mid/true/false/82/2
ok   edge 82
ok   continuous mid/true/false/82
ok   spec mid/true/false/83/0
ok   spec mid/true/false/83/1
ok   spec mid/true/false/83/2
ok   edge 83
ok   continuous mid/true/false/83
ok   spec mid/true/false/84/0
ok   spec mid/true/false/84/1
ok   spec mid/true/false/84/2
ok   edge 84
ok   continuous mid/true/false/84
ok   spec mid/true/false/85/0
ok   spec mid/true/false/85/1
ok   spec mid/true/false/85/2
ok   edge 85
ok   continuous mid/true/false/85
ok   spec mid/true/false/86/0
ok   spec mid/true/false/86/1
ok   spec mid/true/false/86/2
ok   edge 86
ok   continuous mid/true/false/86
ok   spec mid/true/false/87/0
ok   spec mid/true/false/87/1
ok   spec mid/true/false/87/2
ok   edge 87
ok   continuous mid/true/false/87
ok   spec mid/true/false/88/0
ok   spec mid/true/false/88/1
ok   spec mid/true/false/88/2
ok   edge 88
ok   continuous mid/true/false/88
ok   spec mid/true/false/89/0
ok   spec mid/true/false/89/1
ok   spec mid/true/false/89/2
ok   edge 89
ok   continuous mid/true/false/89
ok   spec mid/true/false/90/0
ok   spec mid/true/false/90/1
ok   spec mid/true/false/90/2
ok   edge 90
ok   continuous mid/true/false/90
ok   spec mid/true/false/91/0
ok   spec mid/true/false/91/1
ok   spec mid/true/false/91/2
ok   edge 91
ok   continuous mid/true/false/91
ok   spec mid/true/false/92/0
ok   spec mid/true/false/92/1
ok   spec mid/true/false/92/2
ok   edge 92
ok   continuous mid/true/false/92
ok   spec mid/true/false/93/0
ok   spec mid/true/false/93/1
ok   spec mid/true/false/93/2
ok   edge 93
ok   continuous mid/true/false/93
ok   spec mid/true/false/94/0
ok   spec mid/true/false/94/1
ok   spec mid/true/false/94/2
ok   edge 94
ok   continuous mid/true/false/94
ok   spec mid/true/false/95/0
ok   spec mid/true/false/95/1
ok   spec mid/true/false/95/2
ok   edge 95
ok   continuous mid/true/false/95
ok   spec mid/true/false/96/0
ok   spec mid/true/false/96/1
ok   spec mid/true/false/96/2
ok   edge 96
ok   continuous mid/true/false/96
ok   spec mid/true/false/97/0
ok   spec mid/true/false/97/1
ok   spec mid/true/false/97/2
ok   edge 97
ok   continuous mid/true/false/97
ok   spec mid/true/false/98/0
ok   spec mid/true/false/98/1
ok   spec mid/true/false/98/2
ok   edge 98
ok   continuous mid/true/false/98
ok   spec mid/true/false/99/0
ok   spec mid/true/false/99/1
ok   spec mid/true/false/99/2
ok   edge 99
ok   continuous mid/true/false/99
ok   spec mid/true/false/100/0
ok   spec mid/true/false/100/1
ok   spec mid/true/false/100/2
ok   edge 100
ok   continuous mid/true/false/100
ok   mid/true/true: a pressable face is a control's, edged
ok   mid/true/true: an icon tile's is a card's
ok   mid/true/true: depth clamps
ok   blur mid/true/true/-1.0
ok   blur mid/true/true/0.0
ok   blur mid/true/true/0.5
ok   blur mid/true/true/1.0
ok   blur mid/true/true/2.0
ok   mid/true/true: resting lights
ok   mid/true/true: pressed lights
ok   spec mid/true/true/0/0
ok   spec mid/true/true/0/1
ok   spec mid/true/true/0/2
ok   edge 0
ok   continuous mid/true/true/0
ok   spec mid/true/true/1/0
ok   spec mid/true/true/1/1
ok   spec mid/true/true/1/2
ok   edge 1
ok   continuous mid/true/true/1
ok   spec mid/true/true/2/0
ok   spec mid/true/true/2/1
ok   spec mid/true/true/2/2
ok   edge 2
ok   continuous mid/true/true/2
ok   spec mid/true/true/3/0
ok   spec mid/true/true/3/1
ok   spec mid/true/true/3/2
ok   edge 3
ok   continuous mid/true/true/3
ok   spec mid/true/true/4/0
ok   spec mid/true/true/4/1
ok   spec mid/true/true/4/2
ok   edge 4
ok   continuous mid/true/true/4
ok   spec mid/true/true/5/0
ok   spec mid/true/true/5/1
ok   spec mid/true/true/5/2
ok   edge 5
ok   continuous mid/true/true/5
ok   spec mid/true/true/6/0
ok   spec mid/true/true/6/1
ok   spec mid/true/true/6/2
ok   edge 6
ok   continuous mid/true/true/6
ok   spec mid/true/true/7/0
ok   spec mid/true/true/7/1
ok   spec mid/true/true/7/2
ok   edge 7
ok   continuous mid/true/true/7
ok   spec mid/true/true/8/0
ok   spec mid/true/true/8/1
ok   spec mid/true/true/8/2
ok   edge 8
ok   continuous mid/true/true/8
ok   spec mid/true/true/9/0
ok   spec mid/true/true/9/1
ok   spec mid/true/true/9/2
ok   edge 9
ok   continuous mid/true/true/9
ok   spec mid/true/true/10/0
ok   spec mid/true/true/10/1
ok   spec mid/true/true/10/2
ok   edge 10
ok   continuous mid/true/true/10
ok   spec mid/true/true/11/0
ok   spec mid/true/true/11/1
ok   spec mid/true/true/11/2
ok   edge 11
ok   continuous mid/true/true/11
ok   spec mid/true/true/12/0
ok   spec mid/true/true/12/1
ok   spec mid/true/true/12/2
ok   edge 12
ok   continuous mid/true/true/12
ok   spec mid/true/true/13/0
ok   spec mid/true/true/13/1
ok   spec mid/true/true/13/2
ok   edge 13
ok   continuous mid/true/true/13
ok   spec mid/true/true/14/0
ok   spec mid/true/true/14/1
ok   spec mid/true/true/14/2
ok   edge 14
ok   continuous mid/true/true/14
ok   spec mid/true/true/15/0
ok   spec mid/true/true/15/1
ok   spec mid/true/true/15/2
ok   edge 15
ok   continuous mid/true/true/15
ok   spec mid/true/true/16/0
ok   spec mid/true/true/16/1
ok   spec mid/true/true/16/2
ok   edge 16
ok   continuous mid/true/true/16
ok   spec mid/true/true/17/0
ok   spec mid/true/true/17/1
ok   spec mid/true/true/17/2
ok   edge 17
ok   continuous mid/true/true/17
ok   spec mid/true/true/18/0
ok   spec mid/true/true/18/1
ok   spec mid/true/true/18/2
ok   edge 18
ok   continuous mid/true/true/18
ok   spec mid/true/true/19/0
ok   spec mid/true/true/19/1
ok   spec mid/true/true/19/2
ok   edge 19
ok   continuous mid/true/true/19
ok   spec mid/true/true/20/0
ok   spec mid/true/true/20/1
ok   spec mid/true/true/20/2
ok   edge 20
ok   continuous mid/true/true/20
ok   spec mid/true/true/21/0
ok   spec mid/true/true/21/1
ok   spec mid/true/true/21/2
ok   edge 21
ok   continuous mid/true/true/21
ok   spec mid/true/true/22/0
ok   spec mid/true/true/22/1
ok   spec mid/true/true/22/2
ok   edge 22
ok   continuous mid/true/true/22
ok   spec mid/true/true/23/0
ok   spec mid/true/true/23/1
ok   spec mid/true/true/23/2
ok   edge 23
ok   continuous mid/true/true/23
ok   spec mid/true/true/24/0
ok   spec mid/true/true/24/1
ok   spec mid/true/true/24/2
ok   edge 24
ok   continuous mid/true/true/24
ok   spec mid/true/true/25/0
ok   spec mid/true/true/25/1
ok   spec mid/true/true/25/2
ok   edge 25
ok   continuous mid/true/true/25
ok   spec mid/true/true/26/0
ok   spec mid/true/true/26/1
ok   spec mid/true/true/26/2
ok   edge 26
ok   continuous mid/true/true/26
ok   spec mid/true/true/27/0
ok   spec mid/true/true/27/1
ok   spec mid/true/true/27/2
ok   edge 27
ok   continuous mid/true/true/27
ok   spec mid/true/true/28/0
ok   spec mid/true/true/28/1
ok   spec mid/true/true/28/2
ok   edge 28
ok   continuous mid/true/true/28
ok   spec mid/true/true/29/0
ok   spec mid/true/true/29/1
ok   spec mid/true/true/29/2
ok   edge 29
ok   continuous mid/true/true/29
ok   spec mid/true/true/30/0
ok   spec mid/true/true/30/1
ok   spec mid/true/true/30/2
ok   edge 30
ok   continuous mid/true/true/30
ok   spec mid/true/true/31/0
ok   spec mid/true/true/31/1
ok   spec mid/true/true/31/2
ok   edge 31
ok   continuous mid/true/true/31
ok   spec mid/true/true/32/0
ok   spec mid/true/true/32/1
ok   spec mid/true/true/32/2
ok   edge 32
ok   continuous mid/true/true/32
ok   spec mid/true/true/33/0
ok   spec mid/true/true/33/1
ok   spec mid/true/true/33/2
ok   edge 33
ok   continuous mid/true/true/33
ok   spec mid/true/true/34/0
ok   spec mid/true/true/34/1
ok   spec mid/true/true/34/2
ok   edge 34
ok   continuous mid/true/true/34
ok   spec mid/true/true/35/0
ok   spec mid/true/true/35/1
ok   spec mid/true/true/35/2
ok   edge 35
ok   continuous mid/true/true/35
ok   spec mid/true/true/36/0
ok   spec mid/true/true/36/1
ok   spec mid/true/true/36/2
ok   edge 36
ok   continuous mid/true/true/36
ok   spec mid/true/true/37/0
ok   spec mid/true/true/37/1
ok   spec mid/true/true/37/2
ok   edge 37
ok   continuous mid/true/true/37
ok   spec mid/true/true/38/0
ok   spec mid/true/true/38/1
ok   spec mid/true/true/38/2
ok   edge 38
ok   continuous mid/true/true/38
ok   spec mid/true/true/39/0
ok   spec mid/true/true/39/1
ok   spec mid/true/true/39/2
ok   edge 39
ok   continuous mid/true/true/39
ok   spec mid/true/true/40/0
ok   spec mid/true/true/40/1
ok   spec mid/true/true/40/2
ok   edge 40
ok   continuous mid/true/true/40
ok   spec mid/true/true/41/0
ok   spec mid/true/true/41/1
ok   spec mid/true/true/41/2
ok   edge 41
ok   continuous mid/true/true/41
ok   spec mid/true/true/42/0
ok   spec mid/true/true/42/1
ok   spec mid/true/true/42/2
ok   edge 42
ok   continuous mid/true/true/42
ok   spec mid/true/true/43/0
ok   spec mid/true/true/43/1
ok   spec mid/true/true/43/2
ok   edge 43
ok   continuous mid/true/true/43
ok   spec mid/true/true/44/0
ok   spec mid/true/true/44/1
ok   spec mid/true/true/44/2
ok   edge 44
ok   continuous mid/true/true/44
ok   spec mid/true/true/45/0
ok   spec mid/true/true/45/1
ok   spec mid/true/true/45/2
ok   edge 45
ok   continuous mid/true/true/45
ok   spec mid/true/true/46/0
ok   spec mid/true/true/46/1
ok   spec mid/true/true/46/2
ok   edge 46
ok   continuous mid/true/true/46
ok   spec mid/true/true/47/0
ok   spec mid/true/true/47/1
ok   spec mid/true/true/47/2
ok   edge 47
ok   continuous mid/true/true/47
ok   spec mid/true/true/48/0
ok   spec mid/true/true/48/1
ok   spec mid/true/true/48/2
ok   edge 48
ok   continuous mid/true/true/48
ok   spec mid/true/true/49/0
ok   spec mid/true/true/49/1
ok   spec mid/true/true/49/2
ok   edge 49
ok   continuous mid/true/true/49
ok   spec mid/true/true/50/0
ok   spec mid/true/true/50/1
ok   spec mid/true/true/50/2
ok   edge 50
ok   continuous mid/true/true/50
ok   spec mid/true/true/51/0
ok   spec mid/true/true/51/1
ok   spec mid/true/true/51/2
ok   edge 51
ok   continuous mid/true/true/51
ok   spec mid/true/true/52/0
ok   spec mid/true/true/52/1
ok   spec mid/true/true/52/2
ok   edge 52
ok   continuous mid/true/true/52
ok   spec mid/true/true/53/0
ok   spec mid/true/true/53/1
ok   spec mid/true/true/53/2
ok   edge 53
ok   continuous mid/true/true/53
ok   spec mid/true/true/54/0
ok   spec mid/true/true/54/1
ok   spec mid/true/true/54/2
ok   edge 54
ok   continuous mid/true/true/54
ok   spec mid/true/true/55/0
ok   spec mid/true/true/55/1
ok   spec mid/true/true/55/2
ok   edge 55
ok   continuous mid/true/true/55
ok   spec mid/true/true/56/0
ok   spec mid/true/true/56/1
ok   spec mid/true/true/56/2
ok   edge 56
ok   continuous mid/true/true/56
ok   spec mid/true/true/57/0
ok   spec mid/true/true/57/1
ok   spec mid/true/true/57/2
ok   edge 57
ok   continuous mid/true/true/57
ok   spec mid/true/true/58/0
ok   spec mid/true/true/58/1
ok   spec mid/true/true/58/2
ok   edge 58
ok   continuous mid/true/true/58
ok   spec mid/true/true/59/0
ok   spec mid/true/true/59/1
ok   spec mid/true/true/59/2
ok   edge 59
ok   continuous mid/true/true/59
ok   spec mid/true/true/60/0
ok   spec mid/true/true/60/1
ok   spec mid/true/true/60/2
ok   edge 60
ok   continuous mid/true/true/60
ok   spec mid/true/true/61/0
ok   spec mid/true/true/61/1
ok   spec mid/true/true/61/2
ok   edge 61
ok   continuous mid/true/true/61
ok   spec mid/true/true/62/0
ok   spec mid/true/true/62/1
ok   spec mid/true/true/62/2
ok   edge 62
ok   continuous mid/true/true/62
ok   spec mid/true/true/63/0
ok   spec mid/true/true/63/1
ok   spec mid/true/true/63/2
ok   edge 63
ok   continuous mid/true/true/63
ok   spec mid/true/true/64/0
ok   spec mid/true/true/64/1
ok   spec mid/true/true/64/2
ok   edge 64
ok   continuous mid/true/true/64
ok   spec mid/true/true/65/0
ok   spec mid/true/true/65/1
ok   spec mid/true/true/65/2
ok   edge 65
ok   continuous mid/true/true/65
ok   spec mid/true/true/66/0
ok   spec mid/true/true/66/1
ok   spec mid/true/true/66/2
ok   edge 66
ok   continuous mid/true/true/66
ok   spec mid/true/true/67/0
ok   spec mid/true/true/67/1
ok   spec mid/true/true/67/2
ok   edge 67
ok   continuous mid/true/true/67
ok   spec mid/true/true/68/0
ok   spec mid/true/true/68/1
ok   spec mid/true/true/68/2
ok   edge 68
ok   continuous mid/true/true/68
ok   spec mid/true/true/69/0
ok   spec mid/true/true/69/1
ok   spec mid/true/true/69/2
ok   edge 69
ok   continuous mid/true/true/69
ok   spec mid/true/true/70/0
ok   spec mid/true/true/70/1
ok   spec mid/true/true/70/2
ok   edge 70
ok   continuous mid/true/true/70
ok   spec mid/true/true/71/0
ok   spec mid/true/true/71/1
ok   spec mid/true/true/71/2
ok   edge 71
ok   continuous mid/true/true/71
ok   spec mid/true/true/72/0
ok   spec mid/true/true/72/1
ok   spec mid/true/true/72/2
ok   edge 72
ok   continuous mid/true/true/72
ok   spec mid/true/true/73/0
ok   spec mid/true/true/73/1
ok   spec mid/true/true/73/2
ok   edge 73
ok   continuous mid/true/true/73
ok   spec mid/true/true/74/0
ok   spec mid/true/true/74/1
ok   spec mid/true/true/74/2
ok   edge 74
ok   continuous mid/true/true/74
ok   spec mid/true/true/75/0
ok   spec mid/true/true/75/1
ok   spec mid/true/true/75/2
ok   edge 75
ok   continuous mid/true/true/75
ok   spec mid/true/true/76/0
ok   spec mid/true/true/76/1
ok   spec mid/true/true/76/2
ok   edge 76
ok   continuous mid/true/true/76
ok   spec mid/true/true/77/0
ok   spec mid/true/true/77/1
ok   spec mid/true/true/77/2
ok   edge 77
ok   continuous mid/true/true/77
ok   spec mid/true/true/78/0
ok   spec mid/true/true/78/1
ok   spec mid/true/true/78/2
ok   edge 78
ok   continuous mid/true/true/78
ok   spec mid/true/true/79/0
ok   spec mid/true/true/79/1
ok   spec mid/true/true/79/2
ok   edge 79
ok   continuous mid/true/true/79
ok   spec mid/true/true/80/0
ok   spec mid/true/true/80/1
ok   spec mid/true/true/80/2
ok   edge 80
ok   continuous mid/true/true/80
ok   spec mid/true/true/81/0
ok   spec mid/true/true/81/1
ok   spec mid/true/true/81/2
ok   edge 81
ok   continuous mid/true/true/81
ok   spec mid/true/true/82/0
ok   spec mid/true/true/82/1
ok   spec mid/true/true/82/2
ok   edge 82
ok   continuous mid/true/true/82
ok   spec mid/true/true/83/0
ok   spec mid/true/true/83/1
ok   spec mid/true/true/83/2
ok   edge 83
ok   continuous mid/true/true/83
ok   spec mid/true/true/84/0
ok   spec mid/true/true/84/1
ok   spec mid/true/true/84/2
ok   edge 84
ok   continuous mid/true/true/84
ok   spec mid/true/true/85/0
ok   spec mid/true/true/85/1
ok   spec mid/true/true/85/2
ok   edge 85
ok   continuous mid/true/true/85
ok   spec mid/true/true/86/0
ok   spec mid/true/true/86/1
ok   spec mid/true/true/86/2
ok   edge 86
ok   continuous mid/true/true/86
ok   spec mid/true/true/87/0
ok   spec mid/true/true/87/1
ok   spec mid/true/true/87/2
ok   edge 87
ok   continuous mid/true/true/87
ok   spec mid/true/true/88/0
ok   spec mid/true/true/88/1
ok   spec mid/true/true/88/2
ok   edge 88
ok   continuous mid/true/true/88
ok   spec mid/true/true/89/0
ok   spec mid/true/true/89/1
ok   spec mid/true/true/89/2
ok   edge 89
ok   continuous mid/true/true/89
ok   spec mid/true/true/90/0
ok   spec mid/true/true/90/1
ok   spec mid/true/true/90/2
ok   edge 90
ok   continuous mid/true/true/90
ok   spec mid/true/true/91/0
ok   spec mid/true/true/91/1
ok   spec mid/true/true/91/2
ok   edge 91
ok   continuous mid/true/true/91
ok   spec mid/true/true/92/0
ok   spec mid/true/true/92/1
ok   spec mid/true/true/92/2
ok   edge 92
ok   continuous mid/true/true/92
ok   spec mid/true/true/93/0
ok   spec mid/true/true/93/1
ok   spec mid/true/true/93/2
ok   edge 93
ok   continuous mid/true/true/93
ok   spec mid/true/true/94/0
ok   spec mid/true/true/94/1
ok   spec mid/true/true/94/2
ok   edge 94
ok   continuous mid/true/true/94
ok   spec mid/true/true/95/0
ok   spec mid/true/true/95/1
ok   spec mid/true/true/95/2
ok   edge 95
ok   continuous mid/true/true/95
ok   spec mid/true/true/96/0
ok   spec mid/true/true/96/1
ok   spec mid/true/true/96/2
ok   edge 96
ok   continuous mid/true/true/96
ok   spec mid/true/true/97/0
ok   spec mid/true/true/97/1
ok   spec mid/true/true/97/2
ok   edge 97
ok   continuous mid/true/true/97
ok   spec mid/true/true/98/0
ok   spec mid/true/true/98/1
ok   spec mid/true/true/98/2
ok   edge 98
ok   continuous mid/true/true/98
ok   spec mid/true/true/99/0
ok   spec mid/true/true/99/1
ok   spec mid/true/true/99/2
ok   edge 99
ok   continuous mid/true/true/99
ok   spec mid/true/true/100/0
ok   spec mid/true/true/100/1
ok   spec mid/true/true/100/2
ok   edge 100
ok   continuous mid/true/true/100
ok   softness high
ok   high/false/false: a pressable face is a control's, edged
ok   high/false/false: an icon tile's is a card's
ok   high/false/false: depth clamps
ok   blur high/false/false/-1.0
ok   blur high/false/false/0.0
ok   blur high/false/false/0.5
ok   blur high/false/false/1.0
ok   blur high/false/false/2.0
ok   high/false/false: resting lights
ok   high/false/false: pressed lights
ok   spec high/false/false/0/0
ok   spec high/false/false/0/1
ok   spec high/false/false/0/2
ok   edge 0
ok   continuous high/false/false/0
ok   spec high/false/false/1/0
ok   spec high/false/false/1/1
ok   spec high/false/false/1/2
ok   edge 1
ok   continuous high/false/false/1
ok   spec high/false/false/2/0
ok   spec high/false/false/2/1
ok   spec high/false/false/2/2
ok   edge 2
ok   continuous high/false/false/2
ok   spec high/false/false/3/0
ok   spec high/false/false/3/1
ok   spec high/false/false/3/2
ok   edge 3
ok   continuous high/false/false/3
ok   spec high/false/false/4/0
ok   spec high/false/false/4/1
ok   spec high/false/false/4/2
ok   edge 4
ok   continuous high/false/false/4
ok   spec high/false/false/5/0
ok   spec high/false/false/5/1
ok   spec high/false/false/5/2
ok   edge 5
ok   continuous high/false/false/5
ok   spec high/false/false/6/0
ok   spec high/false/false/6/1
ok   spec high/false/false/6/2
ok   edge 6
ok   continuous high/false/false/6
ok   spec high/false/false/7/0
ok   spec high/false/false/7/1
ok   spec high/false/false/7/2
ok   edge 7
ok   continuous high/false/false/7
ok   spec high/false/false/8/0
ok   spec high/false/false/8/1
ok   spec high/false/false/8/2
ok   edge 8
ok   continuous high/false/false/8
ok   spec high/false/false/9/0
ok   spec high/false/false/9/1
ok   spec high/false/false/9/2
ok   edge 9
ok   continuous high/false/false/9
ok   spec high/false/false/10/0
ok   spec high/false/false/10/1
ok   spec high/false/false/10/2
ok   edge 10
ok   continuous high/false/false/10
ok   spec high/false/false/11/0
ok   spec high/false/false/11/1
ok   spec high/false/false/11/2
ok   edge 11
ok   continuous high/false/false/11
ok   spec high/false/false/12/0
ok   spec high/false/false/12/1
ok   spec high/false/false/12/2
ok   edge 12
ok   continuous high/false/false/12
ok   spec high/false/false/13/0
ok   spec high/false/false/13/1
ok   spec high/false/false/13/2
ok   edge 13
ok   continuous high/false/false/13
ok   spec high/false/false/14/0
ok   spec high/false/false/14/1
ok   spec high/false/false/14/2
ok   edge 14
ok   continuous high/false/false/14
ok   spec high/false/false/15/0
ok   spec high/false/false/15/1
ok   spec high/false/false/15/2
ok   edge 15
ok   continuous high/false/false/15
ok   spec high/false/false/16/0
ok   spec high/false/false/16/1
ok   spec high/false/false/16/2
ok   edge 16
ok   continuous high/false/false/16
ok   spec high/false/false/17/0
ok   spec high/false/false/17/1
ok   spec high/false/false/17/2
ok   edge 17
ok   continuous high/false/false/17
ok   spec high/false/false/18/0
ok   spec high/false/false/18/1
ok   spec high/false/false/18/2
ok   edge 18
ok   continuous high/false/false/18
ok   spec high/false/false/19/0
ok   spec high/false/false/19/1
ok   spec high/false/false/19/2
ok   edge 19
ok   continuous high/false/false/19
ok   spec high/false/false/20/0
ok   spec high/false/false/20/1
ok   spec high/false/false/20/2
ok   edge 20
ok   continuous high/false/false/20
ok   spec high/false/false/21/0
ok   spec high/false/false/21/1
ok   spec high/false/false/21/2
ok   edge 21
ok   continuous high/false/false/21
ok   spec high/false/false/22/0
ok   spec high/false/false/22/1
ok   spec high/false/false/22/2
ok   edge 22
ok   continuous high/false/false/22
ok   spec high/false/false/23/0
ok   spec high/false/false/23/1
ok   spec high/false/false/23/2
ok   edge 23
ok   continuous high/false/false/23
ok   spec high/false/false/24/0
ok   spec high/false/false/24/1
ok   spec high/false/false/24/2
ok   edge 24
ok   continuous high/false/false/24
ok   spec high/false/false/25/0
ok   spec high/false/false/25/1
ok   spec high/false/false/25/2
ok   edge 25
ok   continuous high/false/false/25
ok   spec high/false/false/26/0
ok   spec high/false/false/26/1
ok   spec high/false/false/26/2
ok   edge 26
ok   continuous high/false/false/26
ok   spec high/false/false/27/0
ok   spec high/false/false/27/1
ok   spec high/false/false/27/2
ok   edge 27
ok   continuous high/false/false/27
ok   spec high/false/false/28/0
ok   spec high/false/false/28/1
ok   spec high/false/false/28/2
ok   edge 28
ok   continuous high/false/false/28
ok   spec high/false/false/29/0
ok   spec high/false/false/29/1
ok   spec high/false/false/29/2
ok   edge 29
ok   continuous high/false/false/29
ok   spec high/false/false/30/0
ok   spec high/false/false/30/1
ok   spec high/false/false/30/2
ok   edge 30
ok   continuous high/false/false/30
ok   spec high/false/false/31/0
ok   spec high/false/false/31/1
ok   spec high/false/false/31/2
ok   edge 31
ok   continuous high/false/false/31
ok   spec high/false/false/32/0
ok   spec high/false/false/32/1
ok   spec high/false/false/32/2
ok   edge 32
ok   continuous high/false/false/32
ok   spec high/false/false/33/0
ok   spec high/false/false/33/1
ok   spec high/false/false/33/2
ok   edge 33
ok   continuous high/false/false/33
ok   spec high/false/false/34/0
ok   spec high/false/false/34/1
ok   spec high/false/false/34/2
ok   edge 34
ok   continuous high/false/false/34
ok   spec high/false/false/35/0
ok   spec high/false/false/35/1
ok   spec high/false/false/35/2
ok   edge 35
ok   continuous high/false/false/35
ok   spec high/false/false/36/0
ok   spec high/false/false/36/1
ok   spec high/false/false/36/2
ok   edge 36
ok   continuous high/false/false/36
ok   spec high/false/false/37/0
ok   spec high/false/false/37/1
ok   spec high/false/false/37/2
ok   edge 37
ok   continuous high/false/false/37
ok   spec high/false/false/38/0
ok   spec high/false/false/38/1
ok   spec high/false/false/38/2
ok   edge 38
ok   continuous high/false/false/38
ok   spec high/false/false/39/0
ok   spec high/false/false/39/1
ok   spec high/false/false/39/2
ok   edge 39
ok   continuous high/false/false/39
ok   spec high/false/false/40/0
ok   spec high/false/false/40/1
ok   spec high/false/false/40/2
ok   edge 40
ok   continuous high/false/false/40
ok   spec high/false/false/41/0
ok   spec high/false/false/41/1
ok   spec high/false/false/41/2
ok   edge 41
ok   continuous high/false/false/41
ok   spec high/false/false/42/0
ok   spec high/false/false/42/1
ok   spec high/false/false/42/2
ok   edge 42
ok   continuous high/false/false/42
ok   spec high/false/false/43/0
ok   spec high/false/false/43/1
ok   spec high/false/false/43/2
ok   edge 43
ok   continuous high/false/false/43
ok   spec high/false/false/44/0
ok   spec high/false/false/44/1
ok   spec high/false/false/44/2
ok   edge 44
ok   continuous high/false/false/44
ok   spec high/false/false/45/0
ok   spec high/false/false/45/1
ok   spec high/false/false/45/2
ok   edge 45
ok   continuous high/false/false/45
ok   spec high/false/false/46/0
ok   spec high/false/false/46/1
ok   spec high/false/false/46/2
ok   edge 46
ok   continuous high/false/false/46
ok   spec high/false/false/47/0
ok   spec high/false/false/47/1
ok   spec high/false/false/47/2
ok   edge 47
ok   continuous high/false/false/47
ok   spec high/false/false/48/0
ok   spec high/false/false/48/1
ok   spec high/false/false/48/2
ok   edge 48
ok   continuous high/false/false/48
ok   spec high/false/false/49/0
ok   spec high/false/false/49/1
ok   spec high/false/false/49/2
ok   edge 49
ok   continuous high/false/false/49
ok   spec high/false/false/50/0
ok   spec high/false/false/50/1
ok   spec high/false/false/50/2
ok   edge 50
ok   continuous high/false/false/50
ok   spec high/false/false/51/0
ok   spec high/false/false/51/1
ok   spec high/false/false/51/2
ok   edge 51
ok   continuous high/false/false/51
ok   spec high/false/false/52/0
ok   spec high/false/false/52/1
ok   spec high/false/false/52/2
ok   edge 52
ok   continuous high/false/false/52
ok   spec high/false/false/53/0
ok   spec high/false/false/53/1
ok   spec high/false/false/53/2
ok   edge 53
ok   continuous high/false/false/53
ok   spec high/false/false/54/0
ok   spec high/false/false/54/1
ok   spec high/false/false/54/2
ok   edge 54
ok   continuous high/false/false/54
ok   spec high/false/false/55/0
ok   spec high/false/false/55/1
ok   spec high/false/false/55/2
ok   edge 55
ok   continuous high/false/false/55
ok   spec high/false/false/56/0
ok   spec high/false/false/56/1
ok   spec high/false/false/56/2
ok   edge 56
ok   continuous high/false/false/56
ok   spec high/false/false/57/0
ok   spec high/false/false/57/1
ok   spec high/false/false/57/2
ok   edge 57
ok   continuous high/false/false/57
ok   spec high/false/false/58/0
ok   spec high/false/false/58/1
ok   spec high/false/false/58/2
ok   edge 58
ok   continuous high/false/false/58
ok   spec high/false/false/59/0
ok   spec high/false/false/59/1
ok   spec high/false/false/59/2
ok   edge 59
ok   continuous high/false/false/59
ok   spec high/false/false/60/0
ok   spec high/false/false/60/1
ok   spec high/false/false/60/2
ok   edge 60
ok   continuous high/false/false/60
ok   spec high/false/false/61/0
ok   spec high/false/false/61/1
ok   spec high/false/false/61/2
ok   edge 61
ok   continuous high/false/false/61
ok   spec high/false/false/62/0
ok   spec high/false/false/62/1
ok   spec high/false/false/62/2
ok   edge 62
ok   continuous high/false/false/62
ok   spec high/false/false/63/0
ok   spec high/false/false/63/1
ok   spec high/false/false/63/2
ok   edge 63
ok   continuous high/false/false/63
ok   spec high/false/false/64/0
ok   spec high/false/false/64/1
ok   spec high/false/false/64/2
ok   edge 64
ok   continuous high/false/false/64
ok   spec high/false/false/65/0
ok   spec high/false/false/65/1
ok   spec high/false/false/65/2
ok   edge 65
ok   continuous high/false/false/65
ok   spec high/false/false/66/0
ok   spec high/false/false/66/1
ok   spec high/false/false/66/2
ok   edge 66
ok   continuous high/false/false/66
ok   spec high/false/false/67/0
ok   spec high/false/false/67/1
ok   spec high/false/false/67/2
ok   edge 67
ok   continuous high/false/false/67
ok   spec high/false/false/68/0
ok   spec high/false/false/68/1
ok   spec high/false/false/68/2
ok   edge 68
ok   continuous high/false/false/68
ok   spec high/false/false/69/0
ok   spec high/false/false/69/1
ok   spec high/false/false/69/2
ok   edge 69
ok   continuous high/false/false/69
ok   spec high/false/false/70/0
ok   spec high/false/false/70/1
ok   spec high/false/false/70/2
ok   edge 70
ok   continuous high/false/false/70
ok   spec high/false/false/71/0
ok   spec high/false/false/71/1
ok   spec high/false/false/71/2
ok   edge 71
ok   continuous high/false/false/71
ok   spec high/false/false/72/0
ok   spec high/false/false/72/1
ok   spec high/false/false/72/2
ok   edge 72
ok   continuous high/false/false/72
ok   spec high/false/false/73/0
ok   spec high/false/false/73/1
ok   spec high/false/false/73/2
ok   edge 73
ok   continuous high/false/false/73
ok   spec high/false/false/74/0
ok   spec high/false/false/74/1
ok   spec high/false/false/74/2
ok   edge 74
ok   continuous high/false/false/74
ok   spec high/false/false/75/0
ok   spec high/false/false/75/1
ok   spec high/false/false/75/2
ok   edge 75
ok   continuous high/false/false/75
ok   spec high/false/false/76/0
ok   spec high/false/false/76/1
ok   spec high/false/false/76/2
ok   edge 76
ok   continuous high/false/false/76
ok   spec high/false/false/77/0
ok   spec high/false/false/77/1
ok   spec high/false/false/77/2
ok   edge 77
ok   continuous high/false/false/77
ok   spec high/false/false/78/0
ok   spec high/false/false/78/1
ok   spec high/false/false/78/2
ok   edge 78
ok   continuous high/false/false/78
ok   spec high/false/false/79/0
ok   spec high/false/false/79/1
ok   spec high/false/false/79/2
ok   edge 79
ok   continuous high/false/false/79
ok   spec high/false/false/80/0
ok   spec high/false/false/80/1
ok   spec high/false/false/80/2
ok   edge 80
ok   continuous high/false/false/80
ok   spec high/false/false/81/0
ok   spec high/false/false/81/1
ok   spec high/false/false/81/2
ok   edge 81
ok   continuous high/false/false/81
ok   spec high/false/false/82/0
ok   spec high/false/false/82/1
ok   spec high/false/false/82/2
ok   edge 82
ok   continuous high/false/false/82
ok   spec high/false/false/83/0
ok   spec high/false/false/83/1
ok   spec high/false/false/83/2
ok   edge 83
ok   continuous high/false/false/83
ok   spec high/false/false/84/0
ok   spec high/false/false/84/1
ok   spec high/false/false/84/2
ok   edge 84
ok   continuous high/false/false/84
ok   spec high/false/false/85/0
ok   spec high/false/false/85/1
ok   spec high/false/false/85/2
ok   edge 85
ok   continuous high/false/false/85
ok   spec high/false/false/86/0
ok   spec high/false/false/86/1
ok   spec high/false/false/86/2
ok   edge 86
ok   continuous high/false/false/86
ok   spec high/false/false/87/0
ok   spec high/false/false/87/1
ok   spec high/false/false/87/2
ok   edge 87
ok   continuous high/false/false/87
ok   spec high/false/false/88/0
ok   spec high/false/false/88/1
ok   spec high/false/false/88/2
ok   edge 88
ok   continuous high/false/false/88
ok   spec high/false/false/89/0
ok   spec high/false/false/89/1
ok   spec high/false/false/89/2
ok   edge 89
ok   continuous high/false/false/89
ok   spec high/false/false/90/0
ok   spec high/false/false/90/1
ok   spec high/false/false/90/2
ok   edge 90
ok   continuous high/false/false/90
ok   spec high/false/false/91/0
ok   spec high/false/false/91/1
ok   spec high/false/false/91/2
ok   edge 91
ok   continuous high/false/false/91
ok   spec high/false/false/92/0
ok   spec high/false/false/92/1
ok   spec high/false/false/92/2
ok   edge 92
ok   continuous high/false/false/92
ok   spec high/false/false/93/0
ok   spec high/false/false/93/1
ok   spec high/false/false/93/2
ok   edge 93
ok   continuous high/false/false/93
ok   spec high/false/false/94/0
ok   spec high/false/false/94/1
ok   spec high/false/false/94/2
ok   edge 94
ok   continuous high/false/false/94
ok   spec high/false/false/95/0
ok   spec high/false/false/95/1
ok   spec high/false/false/95/2
ok   edge 95
ok   continuous high/false/false/95
ok   spec high/false/false/96/0
ok   spec high/false/false/96/1
ok   spec high/false/false/96/2
ok   edge 96
ok   continuous high/false/false/96
ok   spec high/false/false/97/0
ok   spec high/false/false/97/1
ok   spec high/false/false/97/2
ok   edge 97
ok   continuous high/false/false/97
ok   spec high/false/false/98/0
ok   spec high/false/false/98/1
ok   spec high/false/false/98/2
ok   edge 98
ok   continuous high/false/false/98
ok   spec high/false/false/99/0
ok   spec high/false/false/99/1
ok   spec high/false/false/99/2
ok   edge 99
ok   continuous high/false/false/99
ok   spec high/false/false/100/0
ok   spec high/false/false/100/1
ok   spec high/false/false/100/2
ok   edge 100
ok   continuous high/false/false/100
ok   high/false/true: a pressable face is a control's, edged
ok   high/false/true: an icon tile's is a card's
ok   high/false/true: depth clamps
ok   blur high/false/true/-1.0
ok   blur high/false/true/0.0
ok   blur high/false/true/0.5
ok   blur high/false/true/1.0
ok   blur high/false/true/2.0
ok   high/false/true: resting lights
ok   high/false/true: pressed lights
ok   spec high/false/true/0/0
ok   spec high/false/true/0/1
ok   spec high/false/true/0/2
ok   edge 0
ok   continuous high/false/true/0
ok   spec high/false/true/1/0
ok   spec high/false/true/1/1
ok   spec high/false/true/1/2
ok   edge 1
ok   continuous high/false/true/1
ok   spec high/false/true/2/0
ok   spec high/false/true/2/1
ok   spec high/false/true/2/2
ok   edge 2
ok   continuous high/false/true/2
ok   spec high/false/true/3/0
ok   spec high/false/true/3/1
ok   spec high/false/true/3/2
ok   edge 3
ok   continuous high/false/true/3
ok   spec high/false/true/4/0
ok   spec high/false/true/4/1
ok   spec high/false/true/4/2
ok   edge 4
ok   continuous high/false/true/4
ok   spec high/false/true/5/0
ok   spec high/false/true/5/1
ok   spec high/false/true/5/2
ok   edge 5
ok   continuous high/false/true/5
ok   spec high/false/true/6/0
ok   spec high/false/true/6/1
ok   spec high/false/true/6/2
ok   edge 6
ok   continuous high/false/true/6
ok   spec high/false/true/7/0
ok   spec high/false/true/7/1
ok   spec high/false/true/7/2
ok   edge 7
ok   continuous high/false/true/7
ok   spec high/false/true/8/0
ok   spec high/false/true/8/1
ok   spec high/false/true/8/2
ok   edge 8
ok   continuous high/false/true/8
ok   spec high/false/true/9/0
ok   spec high/false/true/9/1
ok   spec high/false/true/9/2
ok   edge 9
ok   continuous high/false/true/9
ok   spec high/false/true/10/0
ok   spec high/false/true/10/1
ok   spec high/false/true/10/2
ok   edge 10
ok   continuous high/false/true/10
ok   spec high/false/true/11/0
ok   spec high/false/true/11/1
ok   spec high/false/true/11/2
ok   edge 11
ok   continuous high/false/true/11
ok   spec high/false/true/12/0
ok   spec high/false/true/12/1
ok   spec high/false/true/12/2
ok   edge 12
ok   continuous high/false/true/12
ok   spec high/false/true/13/0
ok   spec high/false/true/13/1
ok   spec high/false/true/13/2
ok   edge 13
ok   continuous high/false/true/13
ok   spec high/false/true/14/0
ok   spec high/false/true/14/1
ok   spec high/false/true/14/2
ok   edge 14
ok   continuous high/false/true/14
ok   spec high/false/true/15/0
ok   spec high/false/true/15/1
ok   spec high/false/true/15/2
ok   edge 15
ok   continuous high/false/true/15
ok   spec high/false/true/16/0
ok   spec high/false/true/16/1
ok   spec high/false/true/16/2
ok   edge 16
ok   continuous high/false/true/16
ok   spec high/false/true/17/0
ok   spec high/false/true/17/1
ok   spec high/false/true/17/2
ok   edge 17
ok   continuous high/false/true/17
ok   spec high/false/true/18/0
ok   spec high/false/true/18/1
ok   spec high/false/true/18/2
ok   edge 18
ok   continuous high/false/true/18
ok   spec high/false/true/19/0
ok   spec high/false/true/19/1
ok   spec high/false/true/19/2
ok   edge 19
ok   continuous high/false/true/19
ok   spec high/false/true/20/0
ok   spec high/false/true/20/1
ok   spec high/false/true/20/2
ok   edge 20
ok   continuous high/false/true/20
ok   spec high/false/true/21/0
ok   spec high/false/true/21/1
ok   spec high/false/true/21/2
ok   edge 21
ok   continuous high/false/true/21
ok   spec high/false/true/22/0
ok   spec high/false/true/22/1
ok   spec high/false/true/22/2
ok   edge 22
ok   continuous high/false/true/22
ok   spec high/false/true/23/0
ok   spec high/false/true/23/1
ok   spec high/false/true/23/2
ok   edge 23
ok   continuous high/false/true/23
ok   spec high/false/true/24/0
ok   spec high/false/true/24/1
ok   spec high/false/true/24/2
ok   edge 24
ok   continuous high/false/true/24
ok   spec high/false/true/25/0
ok   spec high/false/true/25/1
ok   spec high/false/true/25/2
ok   edge 25
ok   continuous high/false/true/25
ok   spec high/false/true/26/0
ok   spec high/false/true/26/1
ok   spec high/false/true/26/2
ok   edge 26
ok   continuous high/false/true/26
ok   spec high/false/true/27/0
ok   spec high/false/true/27/1
ok   spec high/false/true/27/2
ok   edge 27
ok   continuous high/false/true/27
ok   spec high/false/true/28/0
ok   spec high/false/true/28/1
ok   spec high/false/true/28/2
ok   edge 28
ok   continuous high/false/true/28
ok   spec high/false/true/29/0
ok   spec high/false/true/29/1
ok   spec high/false/true/29/2
ok   edge 29
ok   continuous high/false/true/29
ok   spec high/false/true/30/0
ok   spec high/false/true/30/1
ok   spec high/false/true/30/2
ok   edge 30
ok   continuous high/false/true/30
ok   spec high/false/true/31/0
ok   spec high/false/true/31/1
ok   spec high/false/true/31/2
ok   edge 31
ok   continuous high/false/true/31
ok   spec high/false/true/32/0
ok   spec high/false/true/32/1
ok   spec high/false/true/32/2
ok   edge 32
ok   continuous high/false/true/32
ok   spec high/false/true/33/0
ok   spec high/false/true/33/1
ok   spec high/false/true/33/2
ok   edge 33
ok   continuous high/false/true/33
ok   spec high/false/true/34/0
ok   spec high/false/true/34/1
ok   spec high/false/true/34/2
ok   edge 34
ok   continuous high/false/true/34
ok   spec high/false/true/35/0
ok   spec high/false/true/35/1
ok   spec high/false/true/35/2
ok   edge 35
ok   continuous high/false/true/35
ok   spec high/false/true/36/0
ok   spec high/false/true/36/1
ok   spec high/false/true/36/2
ok   edge 36
ok   continuous high/false/true/36
ok   spec high/false/true/37/0
ok   spec high/false/true/37/1
ok   spec high/false/true/37/2
ok   edge 37
ok   continuous high/false/true/37
ok   spec high/false/true/38/0
ok   spec high/false/true/38/1
ok   spec high/false/true/38/2
ok   edge 38
ok   continuous high/false/true/38
ok   spec high/false/true/39/0
ok   spec high/false/true/39/1
ok   spec high/false/true/39/2
ok   edge 39
ok   continuous high/false/true/39
ok   spec high/false/true/40/0
ok   spec high/false/true/40/1
ok   spec high/false/true/40/2
ok   edge 40
ok   continuous high/false/true/40
ok   spec high/false/true/41/0
ok   spec high/false/true/41/1
ok   spec high/false/true/41/2
ok   edge 41
ok   continuous high/false/true/41
ok   spec high/false/true/42/0
ok   spec high/false/true/42/1
ok   spec high/false/true/42/2
ok   edge 42
ok   continuous high/false/true/42
ok   spec high/false/true/43/0
ok   spec high/false/true/43/1
ok   spec high/false/true/43/2
ok   edge 43
ok   continuous high/false/true/43
ok   spec high/false/true/44/0
ok   spec high/false/true/44/1
ok   spec high/false/true/44/2
ok   edge 44
ok   continuous high/false/true/44
ok   spec high/false/true/45/0
ok   spec high/false/true/45/1
ok   spec high/false/true/45/2
ok   edge 45
ok   continuous high/false/true/45
ok   spec high/false/true/46/0
ok   spec high/false/true/46/1
ok   spec high/false/true/46/2
ok   edge 46
ok   continuous high/false/true/46
ok   spec high/false/true/47/0
ok   spec high/false/true/47/1
ok   spec high/false/true/47/2
ok   edge 47
ok   continuous high/false/true/47
ok   spec high/false/true/48/0
ok   spec high/false/true/48/1
ok   spec high/false/true/48/2
ok   edge 48
ok   continuous high/false/true/48
ok   spec high/false/true/49/0
ok   spec high/false/true/49/1
ok   spec high/false/true/49/2
ok   edge 49
ok   continuous high/false/true/49
ok   spec high/false/true/50/0
ok   spec high/false/true/50/1
ok   spec high/false/true/50/2
ok   edge 50
ok   continuous high/false/true/50
ok   spec high/false/true/51/0
ok   spec high/false/true/51/1
ok   spec high/false/true/51/2
ok   edge 51
ok   continuous high/false/true/51
ok   spec high/false/true/52/0
ok   spec high/false/true/52/1
ok   spec high/false/true/52/2
ok   edge 52
ok   continuous high/false/true/52
ok   spec high/false/true/53/0
ok   spec high/false/true/53/1
ok   spec high/false/true/53/2
ok   edge 53
ok   continuous high/false/true/53
ok   spec high/false/true/54/0
ok   spec high/false/true/54/1
ok   spec high/false/true/54/2
ok   edge 54
ok   continuous high/false/true/54
ok   spec high/false/true/55/0
ok   spec high/false/true/55/1
ok   spec high/false/true/55/2
ok   edge 55
ok   continuous high/false/true/55
ok   spec high/false/true/56/0
ok   spec high/false/true/56/1
ok   spec high/false/true/56/2
ok   edge 56
ok   continuous high/false/true/56
ok   spec high/false/true/57/0
ok   spec high/false/true/57/1
ok   spec high/false/true/57/2
ok   edge 57
ok   continuous high/false/true/57
ok   spec high/false/true/58/0
ok   spec high/false/true/58/1
ok   spec high/false/true/58/2
ok   edge 58
ok   continuous high/false/true/58
ok   spec high/false/true/59/0
ok   spec high/false/true/59/1
ok   spec high/false/true/59/2
ok   edge 59
ok   continuous high/false/true/59
ok   spec high/false/true/60/0
ok   spec high/false/true/60/1
ok   spec high/false/true/60/2
ok   edge 60
ok   continuous high/false/true/60
ok   spec high/false/true/61/0
ok   spec high/false/true/61/1
ok   spec high/false/true/61/2
ok   edge 61
ok   continuous high/false/true/61
ok   spec high/false/true/62/0
ok   spec high/false/true/62/1
ok   spec high/false/true/62/2
ok   edge 62
ok   continuous high/false/true/62
ok   spec high/false/true/63/0
ok   spec high/false/true/63/1
ok   spec high/false/true/63/2
ok   edge 63
ok   continuous high/false/true/63
ok   spec high/false/true/64/0
ok   spec high/false/true/64/1
ok   spec high/false/true/64/2
ok   edge 64
ok   continuous high/false/true/64
ok   spec high/false/true/65/0
ok   spec high/false/true/65/1
ok   spec high/false/true/65/2
ok   edge 65
ok   continuous high/false/true/65
ok   spec high/false/true/66/0
ok   spec high/false/true/66/1
ok   spec high/false/true/66/2
ok   edge 66
ok   continuous high/false/true/66
ok   spec high/false/true/67/0
ok   spec high/false/true/67/1
ok   spec high/false/true/67/2
ok   edge 67
ok   continuous high/false/true/67
ok   spec high/false/true/68/0
ok   spec high/false/true/68/1
ok   spec high/false/true/68/2
ok   edge 68
ok   continuous high/false/true/68
ok   spec high/false/true/69/0
ok   spec high/false/true/69/1
ok   spec high/false/true/69/2
ok   edge 69
ok   continuous high/false/true/69
ok   spec high/false/true/70/0
ok   spec high/false/true/70/1
ok   spec high/false/true/70/2
ok   edge 70
ok   continuous high/false/true/70
ok   spec high/false/true/71/0
ok   spec high/false/true/71/1
ok   spec high/false/true/71/2
ok   edge 71
ok   continuous high/false/true/71
ok   spec high/false/true/72/0
ok   spec high/false/true/72/1
ok   spec high/false/true/72/2
ok   edge 72
ok   continuous high/false/true/72
ok   spec high/false/true/73/0
ok   spec high/false/true/73/1
ok   spec high/false/true/73/2
ok   edge 73
ok   continuous high/false/true/73
ok   spec high/false/true/74/0
ok   spec high/false/true/74/1
ok   spec high/false/true/74/2
ok   edge 74
ok   continuous high/false/true/74
ok   spec high/false/true/75/0
ok   spec high/false/true/75/1
ok   spec high/false/true/75/2
ok   edge 75
ok   continuous high/false/true/75
ok   spec high/false/true/76/0
ok   spec high/false/true/76/1
ok   spec high/false/true/76/2
ok   edge 76
ok   continuous high/false/true/76
ok   spec high/false/true/77/0
ok   spec high/false/true/77/1
ok   spec high/false/true/77/2
ok   edge 77
ok   continuous high/false/true/77
ok   spec high/false/true/78/0
ok   spec high/false/true/78/1
ok   spec high/false/true/78/2
ok   edge 78
ok   continuous high/false/true/78
ok   spec high/false/true/79/0
ok   spec high/false/true/79/1
ok   spec high/false/true/79/2
ok   edge 79
ok   continuous high/false/true/79
ok   spec high/false/true/80/0
ok   spec high/false/true/80/1
ok   spec high/false/true/80/2
ok   edge 80
ok   continuous high/false/true/80
ok   spec high/false/true/81/0
ok   spec high/false/true/81/1
ok   spec high/false/true/81/2
ok   edge 81
ok   continuous high/false/true/81
ok   spec high/false/true/82/0
ok   spec high/false/true/82/1
ok   spec high/false/true/82/2
ok   edge 82
ok   continuous high/false/true/82
ok   spec high/false/true/83/0
ok   spec high/false/true/83/1
ok   spec high/false/true/83/2
ok   edge 83
ok   continuous high/false/true/83
ok   spec high/false/true/84/0
ok   spec high/false/true/84/1
ok   spec high/false/true/84/2
ok   edge 84
ok   continuous high/false/true/84
ok   spec high/false/true/85/0
ok   spec high/false/true/85/1
ok   spec high/false/true/85/2
ok   edge 85
ok   continuous high/false/true/85
ok   spec high/false/true/86/0
ok   spec high/false/true/86/1
ok   spec high/false/true/86/2
ok   edge 86
ok   continuous high/false/true/86
ok   spec high/false/true/87/0
ok   spec high/false/true/87/1
ok   spec high/false/true/87/2
ok   edge 87
ok   continuous high/false/true/87
ok   spec high/false/true/88/0
ok   spec high/false/true/88/1
ok   spec high/false/true/88/2
ok   edge 88
ok   continuous high/false/true/88
ok   spec high/false/true/89/0
ok   spec high/false/true/89/1
ok   spec high/false/true/89/2
ok   edge 89
ok   continuous high/false/true/89
ok   spec high/false/true/90/0
ok   spec high/false/true/90/1
ok   spec high/false/true/90/2
ok   edge 90
ok   continuous high/false/true/90
ok   spec high/false/true/91/0
ok   spec high/false/true/91/1
ok   spec high/false/true/91/2
ok   edge 91
ok   continuous high/false/true/91
ok   spec high/false/true/92/0
ok   spec high/false/true/92/1
ok   spec high/false/true/92/2
ok   edge 92
ok   continuous high/false/true/92
ok   spec high/false/true/93/0
ok   spec high/false/true/93/1
ok   spec high/false/true/93/2
ok   edge 93
ok   continuous high/false/true/93
ok   spec high/false/true/94/0
ok   spec high/false/true/94/1
ok   spec high/false/true/94/2
ok   edge 94
ok   continuous high/false/true/94
ok   spec high/false/true/95/0
ok   spec high/false/true/95/1
ok   spec high/false/true/95/2
ok   edge 95
ok   continuous high/false/true/95
ok   spec high/false/true/96/0
ok   spec high/false/true/96/1
ok   spec high/false/true/96/2
ok   edge 96
ok   continuous high/false/true/96
ok   spec high/false/true/97/0
ok   spec high/false/true/97/1
ok   spec high/false/true/97/2
ok   edge 97
ok   continuous high/false/true/97
ok   spec high/false/true/98/0
ok   spec high/false/true/98/1
ok   spec high/false/true/98/2
ok   edge 98
ok   continuous high/false/true/98
ok   spec high/false/true/99/0
ok   spec high/false/true/99/1
ok   spec high/false/true/99/2
ok   edge 99
ok   continuous high/false/true/99
ok   spec high/false/true/100/0
ok   spec high/false/true/100/1
ok   spec high/false/true/100/2
ok   edge 100
ok   continuous high/false/true/100
ok   high/true/false: a pressable face is a control's, edged
ok   high/true/false: an icon tile's is a card's
ok   high/true/false: depth clamps
ok   blur high/true/false/-1.0
ok   blur high/true/false/0.0
ok   blur high/true/false/0.5
ok   blur high/true/false/1.0
ok   blur high/true/false/2.0
ok   high/true/false: resting lights
ok   high/true/false: pressed lights
ok   spec high/true/false/0/0
ok   spec high/true/false/0/1
ok   spec high/true/false/0/2
ok   edge 0
ok   continuous high/true/false/0
ok   spec high/true/false/1/0
ok   spec high/true/false/1/1
ok   spec high/true/false/1/2
ok   edge 1
ok   continuous high/true/false/1
ok   spec high/true/false/2/0
ok   spec high/true/false/2/1
ok   spec high/true/false/2/2
ok   edge 2
ok   continuous high/true/false/2
ok   spec high/true/false/3/0
ok   spec high/true/false/3/1
ok   spec high/true/false/3/2
ok   edge 3
ok   continuous high/true/false/3
ok   spec high/true/false/4/0
ok   spec high/true/false/4/1
ok   spec high/true/false/4/2
ok   edge 4
ok   continuous high/true/false/4
ok   spec high/true/false/5/0
ok   spec high/true/false/5/1
ok   spec high/true/false/5/2
ok   edge 5
ok   continuous high/true/false/5
ok   spec high/true/false/6/0
ok   spec high/true/false/6/1
ok   spec high/true/false/6/2
ok   edge 6
ok   continuous high/true/false/6
ok   spec high/true/false/7/0
ok   spec high/true/false/7/1
ok   spec high/true/false/7/2
ok   edge 7
ok   continuous high/true/false/7
ok   spec high/true/false/8/0
ok   spec high/true/false/8/1
ok   spec high/true/false/8/2
ok   edge 8
ok   continuous high/true/false/8
ok   spec high/true/false/9/0
ok   spec high/true/false/9/1
ok   spec high/true/false/9/2
ok   edge 9
ok   continuous high/true/false/9
ok   spec high/true/false/10/0
ok   spec high/true/false/10/1
ok   spec high/true/false/10/2
ok   edge 10
ok   continuous high/true/false/10
ok   spec high/true/false/11/0
ok   spec high/true/false/11/1
ok   spec high/true/false/11/2
ok   edge 11
ok   continuous high/true/false/11
ok   spec high/true/false/12/0
ok   spec high/true/false/12/1
ok   spec high/true/false/12/2
ok   edge 12
ok   continuous high/true/false/12
ok   spec high/true/false/13/0
ok   spec high/true/false/13/1
ok   spec high/true/false/13/2
ok   edge 13
ok   continuous high/true/false/13
ok   spec high/true/false/14/0
ok   spec high/true/false/14/1
ok   spec high/true/false/14/2
ok   edge 14
ok   continuous high/true/false/14
ok   spec high/true/false/15/0
ok   spec high/true/false/15/1
ok   spec high/true/false/15/2
ok   edge 15
ok   continuous high/true/false/15
ok   spec high/true/false/16/0
ok   spec high/true/false/16/1
ok   spec high/true/false/16/2
ok   edge 16
ok   continuous high/true/false/16
ok   spec high/true/false/17/0
ok   spec high/true/false/17/1
ok   spec high/true/false/17/2
ok   edge 17
ok   continuous high/true/false/17
ok   spec high/true/false/18/0
ok   spec high/true/false/18/1
ok   spec high/true/false/18/2
ok   edge 18
ok   continuous high/true/false/18
ok   spec high/true/false/19/0
ok   spec high/true/false/19/1
ok   spec high/true/false/19/2
ok   edge 19
ok   continuous high/true/false/19
ok   spec high/true/false/20/0
ok   spec high/true/false/20/1
ok   spec high/true/false/20/2
ok   edge 20
ok   continuous high/true/false/20
ok   spec high/true/false/21/0
ok   spec high/true/false/21/1
ok   spec high/true/false/21/2
ok   edge 21
ok   continuous high/true/false/21
ok   spec high/true/false/22/0
ok   spec high/true/false/22/1
ok   spec high/true/false/22/2
ok   edge 22
ok   continuous high/true/false/22
ok   spec high/true/false/23/0
ok   spec high/true/false/23/1
ok   spec high/true/false/23/2
ok   edge 23
ok   continuous high/true/false/23
ok   spec high/true/false/24/0
ok   spec high/true/false/24/1
ok   spec high/true/false/24/2
ok   edge 24
ok   continuous high/true/false/24
ok   spec high/true/false/25/0
ok   spec high/true/false/25/1
ok   spec high/true/false/25/2
ok   edge 25
ok   continuous high/true/false/25
ok   spec high/true/false/26/0
ok   spec high/true/false/26/1
ok   spec high/true/false/26/2
ok   edge 26
ok   continuous high/true/false/26
ok   spec high/true/false/27/0
ok   spec high/true/false/27/1
ok   spec high/true/false/27/2
ok   edge 27
ok   continuous high/true/false/27
ok   spec high/true/false/28/0
ok   spec high/true/false/28/1
ok   spec high/true/false/28/2
ok   edge 28
ok   continuous high/true/false/28
ok   spec high/true/false/29/0
ok   spec high/true/false/29/1
ok   spec high/true/false/29/2
ok   edge 29
ok   continuous high/true/false/29
ok   spec high/true/false/30/0
ok   spec high/true/false/30/1
ok   spec high/true/false/30/2
ok   edge 30
ok   continuous high/true/false/30
ok   spec high/true/false/31/0
ok   spec high/true/false/31/1
ok   spec high/true/false/31/2
ok   edge 31
ok   continuous high/true/false/31
ok   spec high/true/false/32/0
ok   spec high/true/false/32/1
ok   spec high/true/false/32/2
ok   edge 32
ok   continuous high/true/false/32
ok   spec high/true/false/33/0
ok   spec high/true/false/33/1
ok   spec high/true/false/33/2
ok   edge 33
ok   continuous high/true/false/33
ok   spec high/true/false/34/0
ok   spec high/true/false/34/1
ok   spec high/true/false/34/2
ok   edge 34
ok   continuous high/true/false/34
ok   spec high/true/false/35/0
ok   spec high/true/false/35/1
ok   spec high/true/false/35/2
ok   edge 35
ok   continuous high/true/false/35
ok   spec high/true/false/36/0
ok   spec high/true/false/36/1
ok   spec high/true/false/36/2
ok   edge 36
ok   continuous high/true/false/36
ok   spec high/true/false/37/0
ok   spec high/true/false/37/1
ok   spec high/true/false/37/2
ok   edge 37
ok   continuous high/true/false/37
ok   spec high/true/false/38/0
ok   spec high/true/false/38/1
ok   spec high/true/false/38/2
ok   edge 38
ok   continuous high/true/false/38
ok   spec high/true/false/39/0
ok   spec high/true/false/39/1
ok   spec high/true/false/39/2
ok   edge 39
ok   continuous high/true/false/39
ok   spec high/true/false/40/0
ok   spec high/true/false/40/1
ok   spec high/true/false/40/2
ok   edge 40
ok   continuous high/true/false/40
ok   spec high/true/false/41/0
ok   spec high/true/false/41/1
ok   spec high/true/false/41/2
ok   edge 41
ok   continuous high/true/false/41
ok   spec high/true/false/42/0
ok   spec high/true/false/42/1
ok   spec high/true/false/42/2
ok   edge 42
ok   continuous high/true/false/42
ok   spec high/true/false/43/0
ok   spec high/true/false/43/1
ok   spec high/true/false/43/2
ok   edge 43
ok   continuous high/true/false/43
ok   spec high/true/false/44/0
ok   spec high/true/false/44/1
ok   spec high/true/false/44/2
ok   edge 44
ok   continuous high/true/false/44
ok   spec high/true/false/45/0
ok   spec high/true/false/45/1
ok   spec high/true/false/45/2
ok   edge 45
ok   continuous high/true/false/45
ok   spec high/true/false/46/0
ok   spec high/true/false/46/1
ok   spec high/true/false/46/2
ok   edge 46
ok   continuous high/true/false/46
ok   spec high/true/false/47/0
ok   spec high/true/false/47/1
ok   spec high/true/false/47/2
ok   edge 47
ok   continuous high/true/false/47
ok   spec high/true/false/48/0
ok   spec high/true/false/48/1
ok   spec high/true/false/48/2
ok   edge 48
ok   continuous high/true/false/48
ok   spec high/true/false/49/0
ok   spec high/true/false/49/1
ok   spec high/true/false/49/2
ok   edge 49
ok   continuous high/true/false/49
ok   spec high/true/false/50/0
ok   spec high/true/false/50/1
ok   spec high/true/false/50/2
ok   edge 50
ok   continuous high/true/false/50
ok   spec high/true/false/51/0
ok   spec high/true/false/51/1
ok   spec high/true/false/51/2
ok   edge 51
ok   continuous high/true/false/51
ok   spec high/true/false/52/0
ok   spec high/true/false/52/1
ok   spec high/true/false/52/2
ok   edge 52
ok   continuous high/true/false/52
ok   spec high/true/false/53/0
ok   spec high/true/false/53/1
ok   spec high/true/false/53/2
ok   edge 53
ok   continuous high/true/false/53
ok   spec high/true/false/54/0
ok   spec high/true/false/54/1
ok   spec high/true/false/54/2
ok   edge 54
ok   continuous high/true/false/54
ok   spec high/true/false/55/0
ok   spec high/true/false/55/1
ok   spec high/true/false/55/2
ok   edge 55
ok   continuous high/true/false/55
ok   spec high/true/false/56/0
ok   spec high/true/false/56/1
ok   spec high/true/false/56/2
ok   edge 56
ok   continuous high/true/false/56
ok   spec high/true/false/57/0
ok   spec high/true/false/57/1
ok   spec high/true/false/57/2
ok   edge 57
ok   continuous high/true/false/57
ok   spec high/true/false/58/0
ok   spec high/true/false/58/1
ok   spec high/true/false/58/2
ok   edge 58
ok   continuous high/true/false/58
ok   spec high/true/false/59/0
ok   spec high/true/false/59/1
ok   spec high/true/false/59/2
ok   edge 59
ok   continuous high/true/false/59
ok   spec high/true/false/60/0
ok   spec high/true/false/60/1
ok   spec high/true/false/60/2
ok   edge 60
ok   continuous high/true/false/60
ok   spec high/true/false/61/0
ok   spec high/true/false/61/1
ok   spec high/true/false/61/2
ok   edge 61
ok   continuous high/true/false/61
ok   spec high/true/false/62/0
ok   spec high/true/false/62/1
ok   spec high/true/false/62/2
ok   edge 62
ok   continuous high/true/false/62
ok   spec high/true/false/63/0
ok   spec high/true/false/63/1
ok   spec high/true/false/63/2
ok   edge 63
ok   continuous high/true/false/63
ok   spec high/true/false/64/0
ok   spec high/true/false/64/1
ok   spec high/true/false/64/2
ok   edge 64
ok   continuous high/true/false/64
ok   spec high/true/false/65/0
ok   spec high/true/false/65/1
ok   spec high/true/false/65/2
ok   edge 65
ok   continuous high/true/false/65
ok   spec high/true/false/66/0
ok   spec high/true/false/66/1
ok   spec high/true/false/66/2
ok   edge 66
ok   continuous high/true/false/66
ok   spec high/true/false/67/0
ok   spec high/true/false/67/1
ok   spec high/true/false/67/2
ok   edge 67
ok   continuous high/true/false/67
ok   spec high/true/false/68/0
ok   spec high/true/false/68/1
ok   spec high/true/false/68/2
ok   edge 68
ok   continuous high/true/false/68
ok   spec high/true/false/69/0
ok   spec high/true/false/69/1
ok   spec high/true/false/69/2
ok   edge 69
ok   continuous high/true/false/69
ok   spec high/true/false/70/0
ok   spec high/true/false/70/1
ok   spec high/true/false/70/2
ok   edge 70
ok   continuous high/true/false/70
ok   spec high/true/false/71/0
ok   spec high/true/false/71/1
ok   spec high/true/false/71/2
ok   edge 71
ok   continuous high/true/false/71
ok   spec high/true/false/72/0
ok   spec high/true/false/72/1
ok   spec high/true/false/72/2
ok   edge 72
ok   continuous high/true/false/72
ok   spec high/true/false/73/0
ok   spec high/true/false/73/1
ok   spec high/true/false/73/2
ok   edge 73
ok   continuous high/true/false/73
ok   spec high/true/false/74/0
ok   spec high/true/false/74/1
ok   spec high/true/false/74/2
ok   edge 74
ok   continuous high/true/false/74
ok   spec high/true/false/75/0
ok   spec high/true/false/75/1
ok   spec high/true/false/75/2
ok   edge 75
ok   continuous high/true/false/75
ok   spec high/true/false/76/0
ok   spec high/true/false/76/1
ok   spec high/true/false/76/2
ok   edge 76
ok   continuous high/true/false/76
ok   spec high/true/false/77/0
ok   spec high/true/false/77/1
ok   spec high/true/false/77/2
ok   edge 77
ok   continuous high/true/false/77
ok   spec high/true/false/78/0
ok   spec high/true/false/78/1
ok   spec high/true/false/78/2
ok   edge 78
ok   continuous high/true/false/78
ok   spec high/true/false/79/0
ok   spec high/true/false/79/1
ok   spec high/true/false/79/2
ok   edge 79
ok   continuous high/true/false/79
ok   spec high/true/false/80/0
ok   spec high/true/false/80/1
ok   spec high/true/false/80/2
ok   edge 80
ok   continuous high/true/false/80
ok   spec high/true/false/81/0
ok   spec high/true/false/81/1
ok   spec high/true/false/81/2
ok   edge 81
ok   continuous high/true/false/81
ok   spec high/true/false/82/0
ok   spec high/true/false/82/1
ok   spec high/true/false/82/2
ok   edge 82
ok   continuous high/true/false/82
ok   spec high/true/false/83/0
ok   spec high/true/false/83/1
ok   spec high/true/false/83/2
ok   edge 83
ok   continuous high/true/false/83
ok   spec high/true/false/84/0
ok   spec high/true/false/84/1
ok   spec high/true/false/84/2
ok   edge 84
ok   continuous high/true/false/84
ok   spec high/true/false/85/0
ok   spec high/true/false/85/1
ok   spec high/true/false/85/2
ok   edge 85
ok   continuous high/true/false/85
ok   spec high/true/false/86/0
ok   spec high/true/false/86/1
ok   spec high/true/false/86/2
ok   edge 86
ok   continuous high/true/false/86
ok   spec high/true/false/87/0
ok   spec high/true/false/87/1
ok   spec high/true/false/87/2
ok   edge 87
ok   continuous high/true/false/87
ok   spec high/true/false/88/0
ok   spec high/true/false/88/1
ok   spec high/true/false/88/2
ok   edge 88
ok   continuous high/true/false/88
ok   spec high/true/false/89/0
ok   spec high/true/false/89/1
ok   spec high/true/false/89/2
ok   edge 89
ok   continuous high/true/false/89
ok   spec high/true/false/90/0
ok   spec high/true/false/90/1
ok   spec high/true/false/90/2
ok   edge 90
ok   continuous high/true/false/90
ok   spec high/true/false/91/0
ok   spec high/true/false/91/1
ok   spec high/true/false/91/2
ok   edge 91
ok   continuous high/true/false/91
ok   spec high/true/false/92/0
ok   spec high/true/false/92/1
ok   spec high/true/false/92/2
ok   edge 92
ok   continuous high/true/false/92
ok   spec high/true/false/93/0
ok   spec high/true/false/93/1
ok   spec high/true/false/93/2
ok   edge 93
ok   continuous high/true/false/93
ok   spec high/true/false/94/0
ok   spec high/true/false/94/1
ok   spec high/true/false/94/2
ok   edge 94
ok   continuous high/true/false/94
ok   spec high/true/false/95/0
ok   spec high/true/false/95/1
ok   spec high/true/false/95/2
ok   edge 95
ok   continuous high/true/false/95
ok   spec high/true/false/96/0
ok   spec high/true/false/96/1
ok   spec high/true/false/96/2
ok   edge 96
ok   continuous high/true/false/96
ok   spec high/true/false/97/0
ok   spec high/true/false/97/1
ok   spec high/true/false/97/2
ok   edge 97
ok   continuous high/true/false/97
ok   spec high/true/false/98/0
ok   spec high/true/false/98/1
ok   spec high/true/false/98/2
ok   edge 98
ok   continuous high/true/false/98
ok   spec high/true/false/99/0
ok   spec high/true/false/99/1
ok   spec high/true/false/99/2
ok   edge 99
ok   continuous high/true/false/99
ok   spec high/true/false/100/0
ok   spec high/true/false/100/1
ok   spec high/true/false/100/2
ok   edge 100
ok   continuous high/true/false/100
ok   high/true/true: a pressable face is a control's, edged
ok   high/true/true: an icon tile's is a card's
ok   high/true/true: depth clamps
ok   blur high/true/true/-1.0
ok   blur high/true/true/0.0
ok   blur high/true/true/0.5
ok   blur high/true/true/1.0
ok   blur high/true/true/2.0
ok   high/true/true: resting lights
ok   high/true/true: pressed lights
ok   spec high/true/true/0/0
ok   spec high/true/true/0/1
ok   spec high/true/true/0/2
ok   edge 0
ok   continuous high/true/true/0
ok   spec high/true/true/1/0
ok   spec high/true/true/1/1
ok   spec high/true/true/1/2
ok   edge 1
ok   continuous high/true/true/1
ok   spec high/true/true/2/0
ok   spec high/true/true/2/1
ok   spec high/true/true/2/2
ok   edge 2
ok   continuous high/true/true/2
ok   spec high/true/true/3/0
ok   spec high/true/true/3/1
ok   spec high/true/true/3/2
ok   edge 3
ok   continuous high/true/true/3
ok   spec high/true/true/4/0
ok   spec high/true/true/4/1
ok   spec high/true/true/4/2
ok   edge 4
ok   continuous high/true/true/4
ok   spec high/true/true/5/0
ok   spec high/true/true/5/1
ok   spec high/true/true/5/2
ok   edge 5
ok   continuous high/true/true/5
ok   spec high/true/true/6/0
ok   spec high/true/true/6/1
ok   spec high/true/true/6/2
ok   edge 6
ok   continuous high/true/true/6
ok   spec high/true/true/7/0
ok   spec high/true/true/7/1
ok   spec high/true/true/7/2
ok   edge 7
ok   continuous high/true/true/7
ok   spec high/true/true/8/0
ok   spec high/true/true/8/1
ok   spec high/true/true/8/2
ok   edge 8
ok   continuous high/true/true/8
ok   spec high/true/true/9/0
ok   spec high/true/true/9/1
ok   spec high/true/true/9/2
ok   edge 9
ok   continuous high/true/true/9
ok   spec high/true/true/10/0
ok   spec high/true/true/10/1
ok   spec high/true/true/10/2
ok   edge 10
ok   continuous high/true/true/10
ok   spec high/true/true/11/0
ok   spec high/true/true/11/1
ok   spec high/true/true/11/2
ok   edge 11
ok   continuous high/true/true/11
ok   spec high/true/true/12/0
ok   spec high/true/true/12/1
ok   spec high/true/true/12/2
ok   edge 12
ok   continuous high/true/true/12
ok   spec high/true/true/13/0
ok   spec high/true/true/13/1
ok   spec high/true/true/13/2
ok   edge 13
ok   continuous high/true/true/13
ok   spec high/true/true/14/0
ok   spec high/true/true/14/1
ok   spec high/true/true/14/2
ok   edge 14
ok   continuous high/true/true/14
ok   spec high/true/true/15/0
ok   spec high/true/true/15/1
ok   spec high/true/true/15/2
ok   edge 15
ok   continuous high/true/true/15
ok   spec high/true/true/16/0
ok   spec high/true/true/16/1
ok   spec high/true/true/16/2
ok   edge 16
ok   continuous high/true/true/16
ok   spec high/true/true/17/0
ok   spec high/true/true/17/1
ok   spec high/true/true/17/2
ok   edge 17
ok   continuous high/true/true/17
ok   spec high/true/true/18/0
ok   spec high/true/true/18/1
ok   spec high/true/true/18/2
ok   edge 18
ok   continuous high/true/true/18
ok   spec high/true/true/19/0
ok   spec high/true/true/19/1
ok   spec high/true/true/19/2
ok   edge 19
ok   continuous high/true/true/19
ok   spec high/true/true/20/0
ok   spec high/true/true/20/1
ok   spec high/true/true/20/2
ok   edge 20
ok   continuous high/true/true/20
ok   spec high/true/true/21/0
ok   spec high/true/true/21/1
ok   spec high/true/true/21/2
ok   edge 21
ok   continuous high/true/true/21
ok   spec high/true/true/22/0
ok   spec high/true/true/22/1
ok   spec high/true/true/22/2
ok   edge 22
ok   continuous high/true/true/22
ok   spec high/true/true/23/0
ok   spec high/true/true/23/1
ok   spec high/true/true/23/2
ok   edge 23
ok   continuous high/true/true/23
ok   spec high/true/true/24/0
ok   spec high/true/true/24/1
ok   spec high/true/true/24/2
ok   edge 24
ok   continuous high/true/true/24
ok   spec high/true/true/25/0
ok   spec high/true/true/25/1
ok   spec high/true/true/25/2
ok   edge 25
ok   continuous high/true/true/25
ok   spec high/true/true/26/0
ok   spec high/true/true/26/1
ok   spec high/true/true/26/2
ok   edge 26
ok   continuous high/true/true/26
ok   spec high/true/true/27/0
ok   spec high/true/true/27/1
ok   spec high/true/true/27/2
ok   edge 27
ok   continuous high/true/true/27
ok   spec high/true/true/28/0
ok   spec high/true/true/28/1
ok   spec high/true/true/28/2
ok   edge 28
ok   continuous high/true/true/28
ok   spec high/true/true/29/0
ok   spec high/true/true/29/1
ok   spec high/true/true/29/2
ok   edge 29
ok   continuous high/true/true/29
ok   spec high/true/true/30/0
ok   spec high/true/true/30/1
ok   spec high/true/true/30/2
ok   edge 30
ok   continuous high/true/true/30
ok   spec high/true/true/31/0
ok   spec high/true/true/31/1
ok   spec high/true/true/31/2
ok   edge 31
ok   continuous high/true/true/31
ok   spec high/true/true/32/0
ok   spec high/true/true/32/1
ok   spec high/true/true/32/2
ok   edge 32
ok   continuous high/true/true/32
ok   spec high/true/true/33/0
ok   spec high/true/true/33/1
ok   spec high/true/true/33/2
ok   edge 33
ok   continuous high/true/true/33
ok   spec high/true/true/34/0
ok   spec high/true/true/34/1
ok   spec high/true/true/34/2
ok   edge 34
ok   continuous high/true/true/34
ok   spec high/true/true/35/0
ok   spec high/true/true/35/1
ok   spec high/true/true/35/2
ok   edge 35
ok   continuous high/true/true/35
ok   spec high/true/true/36/0
ok   spec high/true/true/36/1
ok   spec high/true/true/36/2
ok   edge 36
ok   continuous high/true/true/36
ok   spec high/true/true/37/0
ok   spec high/true/true/37/1
ok   spec high/true/true/37/2
ok   edge 37
ok   continuous high/true/true/37
ok   spec high/true/true/38/0
ok   spec high/true/true/38/1
ok   spec high/true/true/38/2
ok   edge 38
ok   continuous high/true/true/38
ok   spec high/true/true/39/0
ok   spec high/true/true/39/1
ok   spec high/true/true/39/2
ok   edge 39
ok   continuous high/true/true/39
ok   spec high/true/true/40/0
ok   spec high/true/true/40/1
ok   spec high/true/true/40/2
ok   edge 40
ok   continuous high/true/true/40
ok   spec high/true/true/41/0
ok   spec high/true/true/41/1
ok   spec high/true/true/41/2
ok   edge 41
ok   continuous high/true/true/41
ok   spec high/true/true/42/0
ok   spec high/true/true/42/1
ok   spec high/true/true/42/2
ok   edge 42
ok   continuous high/true/true/42
ok   spec high/true/true/43/0
ok   spec high/true/true/43/1
ok   spec high/true/true/43/2
ok   edge 43
ok   continuous high/true/true/43
ok   spec high/true/true/44/0
ok   spec high/true/true/44/1
ok   spec high/true/true/44/2
ok   edge 44
ok   continuous high/true/true/44
ok   spec high/true/true/45/0
ok   spec high/true/true/45/1
ok   spec high/true/true/45/2
ok   edge 45
ok   continuous high/true/true/45
ok   spec high/true/true/46/0
ok   spec high/true/true/46/1
ok   spec high/true/true/46/2
ok   edge 46
ok   continuous high/true/true/46
ok   spec high/true/true/47/0
ok   spec high/true/true/47/1
ok   spec high/true/true/47/2
ok   edge 47
ok   continuous high/true/true/47
ok   spec high/true/true/48/0
ok   spec high/true/true/48/1
ok   spec high/true/true/48/2
ok   edge 48
ok   continuous high/true/true/48
ok   spec high/true/true/49/0
ok   spec high/true/true/49/1
ok   spec high/true/true/49/2
ok   edge 49
ok   continuous high/true/true/49
ok   spec high/true/true/50/0
ok   spec high/true/true/50/1
ok   spec high/true/true/50/2
ok   edge 50
ok   continuous high/true/true/50
ok   spec high/true/true/51/0
ok   spec high/true/true/51/1
ok   spec high/true/true/51/2
ok   edge 51
ok   continuous high/true/true/51
ok   spec high/true/true/52/0
ok   spec high/true/true/52/1
ok   spec high/true/true/52/2
ok   edge 52
ok   continuous high/true/true/52
ok   spec high/true/true/53/0
ok   spec high/true/true/53/1
ok   spec high/true/true/53/2
ok   edge 53
ok   continuous high/true/true/53
ok   spec high/true/true/54/0
ok   spec high/true/true/54/1
ok   spec high/true/true/54/2
ok   edge 54
ok   continuous high/true/true/54
ok   spec high/true/true/55/0
ok   spec high/true/true/55/1
ok   spec high/true/true/55/2
ok   edge 55
ok   continuous high/true/true/55
ok   spec high/true/true/56/0
ok   spec high/true/true/56/1
ok   spec high/true/true/56/2
ok   edge 56
ok   continuous high/true/true/56
ok   spec high/true/true/57/0
ok   spec high/true/true/57/1
ok   spec high/true/true/57/2
ok   edge 57
ok   continuous high/true/true/57
ok   spec high/true/true/58/0
ok   spec high/true/true/58/1
ok   spec high/true/true/58/2
ok   edge 58
ok   continuous high/true/true/58
ok   spec high/true/true/59/0
ok   spec high/true/true/59/1
ok   spec high/true/true/59/2
ok   edge 59
ok   continuous high/true/true/59
ok   spec high/true/true/60/0
ok   spec high/true/true/60/1
ok   spec high/true/true/60/2
ok   edge 60
ok   continuous high/true/true/60
ok   spec high/true/true/61/0
ok   spec high/true/true/61/1
ok   spec high/true/true/61/2
ok   edge 61
ok   continuous high/true/true/61
ok   spec high/true/true/62/0
ok   spec high/true/true/62/1
ok   spec high/true/true/62/2
ok   edge 62
ok   continuous high/true/true/62
ok   spec high/true/true/63/0
ok   spec high/true/true/63/1
ok   spec high/true/true/63/2
ok   edge 63
ok   continuous high/true/true/63
ok   spec high/true/true/64/0
ok   spec high/true/true/64/1
ok   spec high/true/true/64/2
ok   edge 64
ok   continuous high/true/true/64
ok   spec high/true/true/65/0
ok   spec high/true/true/65/1
ok   spec high/true/true/65/2
ok   edge 65
ok   continuous high/true/true/65
ok   spec high/true/true/66/0
ok   spec high/true/true/66/1
ok   spec high/true/true/66/2
ok   edge 66
ok   continuous high/true/true/66
ok   spec high/true/true/67/0
ok   spec high/true/true/67/1
ok   spec high/true/true/67/2
ok   edge 67
ok   continuous high/true/true/67
ok   spec high/true/true/68/0
ok   spec high/true/true/68/1
ok   spec high/true/true/68/2
ok   edge 68
ok   continuous high/true/true/68
ok   spec high/true/true/69/0
ok   spec high/true/true/69/1
ok   spec high/true/true/69/2
ok   edge 69
ok   continuous high/true/true/69
ok   spec high/true/true/70/0
ok   spec high/true/true/70/1
ok   spec high/true/true/70/2
ok   edge 70
ok   continuous high/true/true/70
ok   spec high/true/true/71/0
ok   spec high/true/true/71/1
ok   spec high/true/true/71/2
ok   edge 71
ok   continuous high/true/true/71
ok   spec high/true/true/72/0
ok   spec high/true/true/72/1
ok   spec high/true/true/72/2
ok   edge 72
ok   continuous high/true/true/72
ok   spec high/true/true/73/0
ok   spec high/true/true/73/1
ok   spec high/true/true/73/2
ok   edge 73
ok   continuous high/true/true/73
ok   spec high/true/true/74/0
ok   spec high/true/true/74/1
ok   spec high/true/true/74/2
ok   edge 74
ok   continuous high/true/true/74
ok   spec high/true/true/75/0
ok   spec high/true/true/75/1
ok   spec high/true/true/75/2
ok   edge 75
ok   continuous high/true/true/75
ok   spec high/true/true/76/0
ok   spec high/true/true/76/1
ok   spec high/true/true/76/2
ok   edge 76
ok   continuous high/true/true/76
ok   spec high/true/true/77/0
ok   spec high/true/true/77/1
ok   spec high/true/true/77/2
ok   edge 77
ok   continuous high/true/true/77
ok   spec high/true/true/78/0
ok   spec high/true/true/78/1
ok   spec high/true/true/78/2
ok   edge 78
ok   continuous high/true/true/78
ok   spec high/true/true/79/0
ok   spec high/true/true/79/1
ok   spec high/true/true/79/2
ok   edge 79
ok   continuous high/true/true/79
ok   spec high/true/true/80/0
ok   spec high/true/true/80/1
ok   spec high/true/true/80/2
ok   edge 80
ok   continuous high/true/true/80
ok   spec high/true/true/81/0
ok   spec high/true/true/81/1
ok   spec high/true/true/81/2
ok   edge 81
ok   continuous high/true/true/81
ok   spec high/true/true/82/0
ok   spec high/true/true/82/1
ok   spec high/true/true/82/2
ok   edge 82
ok   continuous high/true/true/82
ok   spec high/true/true/83/0
ok   spec high/true/true/83/1
ok   spec high/true/true/83/2
ok   edge 83
ok   continuous high/true/true/83
ok   spec high/true/true/84/0
ok   spec high/true/true/84/1
ok   spec high/true/true/84/2
ok   edge 84
ok   continuous high/true/true/84
ok   spec high/true/true/85/0
ok   spec high/true/true/85/1
ok   spec high/true/true/85/2
ok   edge 85
ok   continuous high/true/true/85
ok   spec high/true/true/86/0
ok   spec high/true/true/86/1
ok   spec high/true/true/86/2
ok   edge 86
ok   continuous high/true/true/86
ok   spec high/true/true/87/0
ok   spec high/true/true/87/1
ok   spec high/true/true/87/2
ok   edge 87
ok   continuous high/true/true/87
ok   spec high/true/true/88/0
ok   spec high/true/true/88/1
ok   spec high/true/true/88/2
ok   edge 88
ok   continuous high/true/true/88
ok   spec high/true/true/89/0
ok   spec high/true/true/89/1
ok   spec high/true/true/89/2
ok   edge 89
ok   continuous high/true/true/89
ok   spec high/true/true/90/0
ok   spec high/true/true/90/1
ok   spec high/true/true/90/2
ok   edge 90
ok   continuous high/true/true/90
ok   spec high/true/true/91/0
ok   spec high/true/true/91/1
ok   spec high/true/true/91/2
ok   edge 91
ok   continuous high/true/true/91
ok   spec high/true/true/92/0
ok   spec high/true/true/92/1
ok   spec high/true/true/92/2
ok   edge 92
ok   continuous high/true/true/92
ok   spec high/true/true/93/0
ok   spec high/true/true/93/1
ok   spec high/true/true/93/2
ok   edge 93
ok   continuous high/true/true/93
ok   spec high/true/true/94/0
ok   spec high/true/true/94/1
ok   spec high/true/true/94/2
ok   edge 94
ok   continuous high/true/true/94
ok   spec high/true/true/95/0
ok   spec high/true/true/95/1
ok   spec high/true/true/95/2
ok   edge 95
ok   continuous high/true/true/95
ok   spec high/true/true/96/0
ok   spec high/true/true/96/1
ok   spec high/true/true/96/2
ok   edge 96
ok   continuous high/true/true/96
ok   spec high/true/true/97/0
ok   spec high/true/true/97/1
ok   spec high/true/true/97/2
ok   edge 97
ok   continuous high/true/true/97
ok   spec high/true/true/98/0
ok   spec high/true/true/98/1
ok   spec high/true/true/98/2
ok   edge 98
ok   continuous high/true/true/98
ok   spec high/true/true/99/0
ok   spec high/true/true/99/1
ok   spec high/true/true/99/2
ok   edge 99
ok   continuous high/true/true/99
ok   spec high/true/true/100/0
ok   spec high/true/true/100/1
ok   spec high/true/true/100/2
ok   edge 100
ok   continuous high/true/true/100
ok   softness peak
ok   peak/false/false: a pressable face is a control's, edged
ok   peak/false/false: an icon tile's is a card's
ok   peak/false/false: depth clamps
ok   blur peak/false/false/-1.0
ok   blur peak/false/false/0.0
ok   blur peak/false/false/0.5
ok   blur peak/false/false/1.0
ok   blur peak/false/false/2.0
ok   peak/false/false: resting lights
ok   peak/false/false: pressed lights
ok   spec peak/false/false/0/0
ok   spec peak/false/false/0/1
ok   spec peak/false/false/0/2
ok   edge 0
ok   continuous peak/false/false/0
ok   spec peak/false/false/1/0
ok   spec peak/false/false/1/1
ok   spec peak/false/false/1/2
ok   edge 1
ok   continuous peak/false/false/1
ok   spec peak/false/false/2/0
ok   spec peak/false/false/2/1
ok   spec peak/false/false/2/2
ok   edge 2
ok   continuous peak/false/false/2
ok   spec peak/false/false/3/0
ok   spec peak/false/false/3/1
ok   spec peak/false/false/3/2
ok   edge 3
ok   continuous peak/false/false/3
ok   spec peak/false/false/4/0
ok   spec peak/false/false/4/1
ok   spec peak/false/false/4/2
ok   edge 4
ok   continuous peak/false/false/4
ok   spec peak/false/false/5/0
ok   spec peak/false/false/5/1
ok   spec peak/false/false/5/2
ok   edge 5
ok   continuous peak/false/false/5
ok   spec peak/false/false/6/0
ok   spec peak/false/false/6/1
ok   spec peak/false/false/6/2
ok   edge 6
ok   continuous peak/false/false/6
ok   spec peak/false/false/7/0
ok   spec peak/false/false/7/1
ok   spec peak/false/false/7/2
ok   edge 7
ok   continuous peak/false/false/7
ok   spec peak/false/false/8/0
ok   spec peak/false/false/8/1
ok   spec peak/false/false/8/2
ok   edge 8
ok   continuous peak/false/false/8
ok   spec peak/false/false/9/0
ok   spec peak/false/false/9/1
ok   spec peak/false/false/9/2
ok   edge 9
ok   continuous peak/false/false/9
ok   spec peak/false/false/10/0
ok   spec peak/false/false/10/1
ok   spec peak/false/false/10/2
ok   edge 10
ok   continuous peak/false/false/10
ok   spec peak/false/false/11/0
ok   spec peak/false/false/11/1
ok   spec peak/false/false/11/2
ok   edge 11
ok   continuous peak/false/false/11
ok   spec peak/false/false/12/0
ok   spec peak/false/false/12/1
ok   spec peak/false/false/12/2
ok   edge 12
ok   continuous peak/false/false/12
ok   spec peak/false/false/13/0
ok   spec peak/false/false/13/1
ok   spec peak/false/false/13/2
ok   edge 13
ok   continuous peak/false/false/13
ok   spec peak/false/false/14/0
ok   spec peak/false/false/14/1
ok   spec peak/false/false/14/2
ok   edge 14
ok   continuous peak/false/false/14
ok   spec peak/false/false/15/0
ok   spec peak/false/false/15/1
ok   spec peak/false/false/15/2
ok   edge 15
ok   continuous peak/false/false/15
ok   spec peak/false/false/16/0
ok   spec peak/false/false/16/1
ok   spec peak/false/false/16/2
ok   edge 16
ok   continuous peak/false/false/16
ok   spec peak/false/false/17/0
ok   spec peak/false/false/17/1
ok   spec peak/false/false/17/2
ok   edge 17
ok   continuous peak/false/false/17
ok   spec peak/false/false/18/0
ok   spec peak/false/false/18/1
ok   spec peak/false/false/18/2
ok   edge 18
ok   continuous peak/false/false/18
ok   spec peak/false/false/19/0
ok   spec peak/false/false/19/1
ok   spec peak/false/false/19/2
ok   edge 19
ok   continuous peak/false/false/19
ok   spec peak/false/false/20/0
ok   spec peak/false/false/20/1
ok   spec peak/false/false/20/2
ok   edge 20
ok   continuous peak/false/false/20
ok   spec peak/false/false/21/0
ok   spec peak/false/false/21/1
ok   spec peak/false/false/21/2
ok   edge 21
ok   continuous peak/false/false/21
ok   spec peak/false/false/22/0
ok   spec peak/false/false/22/1
ok   spec peak/false/false/22/2
ok   edge 22
ok   continuous peak/false/false/22
ok   spec peak/false/false/23/0
ok   spec peak/false/false/23/1
ok   spec peak/false/false/23/2
ok   edge 23
ok   continuous peak/false/false/23
ok   spec peak/false/false/24/0
ok   spec peak/false/false/24/1
ok   spec peak/false/false/24/2
ok   edge 24
ok   continuous peak/false/false/24
ok   spec peak/false/false/25/0
ok   spec peak/false/false/25/1
ok   spec peak/false/false/25/2
ok   edge 25
ok   continuous peak/false/false/25
ok   spec peak/false/false/26/0
ok   spec peak/false/false/26/1
ok   spec peak/false/false/26/2
ok   edge 26
ok   continuous peak/false/false/26
ok   spec peak/false/false/27/0
ok   spec peak/false/false/27/1
ok   spec peak/false/false/27/2
ok   edge 27
ok   continuous peak/false/false/27
ok   spec peak/false/false/28/0
ok   spec peak/false/false/28/1
ok   spec peak/false/false/28/2
ok   edge 28
ok   continuous peak/false/false/28
ok   spec peak/false/false/29/0
ok   spec peak/false/false/29/1
ok   spec peak/false/false/29/2
ok   edge 29
ok   continuous peak/false/false/29
ok   spec peak/false/false/30/0
ok   spec peak/false/false/30/1
ok   spec peak/false/false/30/2
ok   edge 30
ok   continuous peak/false/false/30
ok   spec peak/false/false/31/0
ok   spec peak/false/false/31/1
ok   spec peak/false/false/31/2
ok   edge 31
ok   continuous peak/false/false/31
ok   spec peak/false/false/32/0
ok   spec peak/false/false/32/1
ok   spec peak/false/false/32/2
ok   edge 32
ok   continuous peak/false/false/32
ok   spec peak/false/false/33/0
ok   spec peak/false/false/33/1
ok   spec peak/false/false/33/2
ok   edge 33
ok   continuous peak/false/false/33
ok   spec peak/false/false/34/0
ok   spec peak/false/false/34/1
ok   spec peak/false/false/34/2
ok   edge 34
ok   continuous peak/false/false/34
ok   spec peak/false/false/35/0
ok   spec peak/false/false/35/1
ok   spec peak/false/false/35/2
ok   edge 35
ok   continuous peak/false/false/35
ok   spec peak/false/false/36/0
ok   spec peak/false/false/36/1
ok   spec peak/false/false/36/2
ok   edge 36
ok   continuous peak/false/false/36
ok   spec peak/false/false/37/0
ok   spec peak/false/false/37/1
ok   spec peak/false/false/37/2
ok   edge 37
ok   continuous peak/false/false/37
ok   spec peak/false/false/38/0
ok   spec peak/false/false/38/1
ok   spec peak/false/false/38/2
ok   edge 38
ok   continuous peak/false/false/38
ok   spec peak/false/false/39/0
ok   spec peak/false/false/39/1
ok   spec peak/false/false/39/2
ok   edge 39
ok   continuous peak/false/false/39
ok   spec peak/false/false/40/0
ok   spec peak/false/false/40/1
ok   spec peak/false/false/40/2
ok   edge 40
ok   continuous peak/false/false/40
ok   spec peak/false/false/41/0
ok   spec peak/false/false/41/1
ok   spec peak/false/false/41/2
ok   edge 41
ok   continuous peak/false/false/41
ok   spec peak/false/false/42/0
ok   spec peak/false/false/42/1
ok   spec peak/false/false/42/2
ok   edge 42
ok   continuous peak/false/false/42
ok   spec peak/false/false/43/0
ok   spec peak/false/false/43/1
ok   spec peak/false/false/43/2
ok   edge 43
ok   continuous peak/false/false/43
ok   spec peak/false/false/44/0
ok   spec peak/false/false/44/1
ok   spec peak/false/false/44/2
ok   edge 44
ok   continuous peak/false/false/44
ok   spec peak/false/false/45/0
ok   spec peak/false/false/45/1
ok   spec peak/false/false/45/2
ok   edge 45
ok   continuous peak/false/false/45
ok   spec peak/false/false/46/0
ok   spec peak/false/false/46/1
ok   spec peak/false/false/46/2
ok   edge 46
ok   continuous peak/false/false/46
ok   spec peak/false/false/47/0
ok   spec peak/false/false/47/1
ok   spec peak/false/false/47/2
ok   edge 47
ok   continuous peak/false/false/47
ok   spec peak/false/false/48/0
ok   spec peak/false/false/48/1
ok   spec peak/false/false/48/2
ok   edge 48
ok   continuous peak/false/false/48
ok   spec peak/false/false/49/0
ok   spec peak/false/false/49/1
ok   spec peak/false/false/49/2
ok   edge 49
ok   continuous peak/false/false/49
ok   spec peak/false/false/50/0
ok   spec peak/false/false/50/1
ok   spec peak/false/false/50/2
ok   edge 50
ok   continuous peak/false/false/50
ok   spec peak/false/false/51/0
ok   spec peak/false/false/51/1
ok   spec peak/false/false/51/2
ok   edge 51
ok   continuous peak/false/false/51
ok   spec peak/false/false/52/0
ok   spec peak/false/false/52/1
ok   spec peak/false/false/52/2
ok   edge 52
ok   continuous peak/false/false/52
ok   spec peak/false/false/53/0
ok   spec peak/false/false/53/1
ok   spec peak/false/false/53/2
ok   edge 53
ok   continuous peak/false/false/53
ok   spec peak/false/false/54/0
ok   spec peak/false/false/54/1
ok   spec peak/false/false/54/2
ok   edge 54
ok   continuous peak/false/false/54
ok   spec peak/false/false/55/0
ok   spec peak/false/false/55/1
ok   spec peak/false/false/55/2
ok   edge 55
ok   continuous peak/false/false/55
ok   spec peak/false/false/56/0
ok   spec peak/false/false/56/1
ok   spec peak/false/false/56/2
ok   edge 56
ok   continuous peak/false/false/56
ok   spec peak/false/false/57/0
ok   spec peak/false/false/57/1
ok   spec peak/false/false/57/2
ok   edge 57
ok   continuous peak/false/false/57
ok   spec peak/false/false/58/0
ok   spec peak/false/false/58/1
ok   spec peak/false/false/58/2
ok   edge 58
ok   continuous peak/false/false/58
ok   spec peak/false/false/59/0
ok   spec peak/false/false/59/1
ok   spec peak/false/false/59/2
ok   edge 59
ok   continuous peak/false/false/59
ok   spec peak/false/false/60/0
ok   spec peak/false/false/60/1
ok   spec peak/false/false/60/2
ok   edge 60
ok   continuous peak/false/false/60
ok   spec peak/false/false/61/0
ok   spec peak/false/false/61/1
ok   spec peak/false/false/61/2
ok   edge 61
ok   continuous peak/false/false/61
ok   spec peak/false/false/62/0
ok   spec peak/false/false/62/1
ok   spec peak/false/false/62/2
ok   edge 62
ok   continuous peak/false/false/62
ok   spec peak/false/false/63/0
ok   spec peak/false/false/63/1
ok   spec peak/false/false/63/2
ok   edge 63
ok   continuous peak/false/false/63
ok   spec peak/false/false/64/0
ok   spec peak/false/false/64/1
ok   spec peak/false/false/64/2
ok   edge 64
ok   continuous peak/false/false/64
ok   spec peak/false/false/65/0
ok   spec peak/false/false/65/1
ok   spec peak/false/false/65/2
ok   edge 65
ok   continuous peak/false/false/65
ok   spec peak/false/false/66/0
ok   spec peak/false/false/66/1
ok   spec peak/false/false/66/2
ok   edge 66
ok   continuous peak/false/false/66
ok   spec peak/false/false/67/0
ok   spec peak/false/false/67/1
ok   spec peak/false/false/67/2
ok   edge 67
ok   continuous peak/false/false/67
ok   spec peak/false/false/68/0
ok   spec peak/false/false/68/1
ok   spec peak/false/false/68/2
ok   edge 68
ok   continuous peak/false/false/68
ok   spec peak/false/false/69/0
ok   spec peak/false/false/69/1
ok   spec peak/false/false/69/2
ok   edge 69
ok   continuous peak/false/false/69
ok   spec peak/false/false/70/0
ok   spec peak/false/false/70/1
ok   spec peak/false/false/70/2
ok   edge 70
ok   continuous peak/false/false/70
ok   spec peak/false/false/71/0
ok   spec peak/false/false/71/1
ok   spec peak/false/false/71/2
ok   edge 71
ok   continuous peak/false/false/71
ok   spec peak/false/false/72/0
ok   spec peak/false/false/72/1
ok   spec peak/false/false/72/2
ok   edge 72
ok   continuous peak/false/false/72
ok   spec peak/false/false/73/0
ok   spec peak/false/false/73/1
ok   spec peak/false/false/73/2
ok   edge 73
ok   continuous peak/false/false/73
ok   spec peak/false/false/74/0
ok   spec peak/false/false/74/1
ok   spec peak/false/false/74/2
ok   edge 74
ok   continuous peak/false/false/74
ok   spec peak/false/false/75/0
ok   spec peak/false/false/75/1
ok   spec peak/false/false/75/2
ok   edge 75
ok   continuous peak/false/false/75
ok   spec peak/false/false/76/0
ok   spec peak/false/false/76/1
ok   spec peak/false/false/76/2
ok   edge 76
ok   continuous peak/false/false/76
ok   spec peak/false/false/77/0
ok   spec peak/false/false/77/1
ok   spec peak/false/false/77/2
ok   edge 77
ok   continuous peak/false/false/77
ok   spec peak/false/false/78/0
ok   spec peak/false/false/78/1
ok   spec peak/false/false/78/2
ok   edge 78
ok   continuous peak/false/false/78
ok   spec peak/false/false/79/0
ok   spec peak/false/false/79/1
ok   spec peak/false/false/79/2
ok   edge 79
ok   continuous peak/false/false/79
ok   spec peak/false/false/80/0
ok   spec peak/false/false/80/1
ok   spec peak/false/false/80/2
ok   edge 80
ok   continuous peak/false/false/80
ok   spec peak/false/false/81/0
ok   spec peak/false/false/81/1
ok   spec peak/false/false/81/2
ok   edge 81
ok   continuous peak/false/false/81
ok   spec peak/false/false/82/0
ok   spec peak/false/false/82/1
ok   spec peak/false/false/82/2
ok   edge 82
ok   continuous peak/false/false/82
ok   spec peak/false/false/83/0
ok   spec peak/false/false/83/1
ok   spec peak/false/false/83/2
ok   edge 83
ok   continuous peak/false/false/83
ok   spec peak/false/false/84/0
ok   spec peak/false/false/84/1
ok   spec peak/false/false/84/2
ok   edge 84
ok   continuous peak/false/false/84
ok   spec peak/false/false/85/0
ok   spec peak/false/false/85/1
ok   spec peak/false/false/85/2
ok   edge 85
ok   continuous peak/false/false/85
ok   spec peak/false/false/86/0
ok   spec peak/false/false/86/1
ok   spec peak/false/false/86/2
ok   edge 86
ok   continuous peak/false/false/86
ok   spec peak/false/false/87/0
ok   spec peak/false/false/87/1
ok   spec peak/false/false/87/2
ok   edge 87
ok   continuous peak/false/false/87
ok   spec peak/false/false/88/0
ok   spec peak/false/false/88/1
ok   spec peak/false/false/88/2
ok   edge 88
ok   continuous peak/false/false/88
ok   spec peak/false/false/89/0
ok   spec peak/false/false/89/1
ok   spec peak/false/false/89/2
ok   edge 89
ok   continuous peak/false/false/89
ok   spec peak/false/false/90/0
ok   spec peak/false/false/90/1
ok   spec peak/false/false/90/2
ok   edge 90
ok   continuous peak/false/false/90
ok   spec peak/false/false/91/0
ok   spec peak/false/false/91/1
ok   spec peak/false/false/91/2
ok   edge 91
ok   continuous peak/false/false/91
ok   spec peak/false/false/92/0
ok   spec peak/false/false/92/1
ok   spec peak/false/false/92/2
ok   edge 92
ok   continuous peak/false/false/92
ok   spec peak/false/false/93/0
ok   spec peak/false/false/93/1
ok   spec peak/false/false/93/2
ok   edge 93
ok   continuous peak/false/false/93
ok   spec peak/false/false/94/0
ok   spec peak/false/false/94/1
ok   spec peak/false/false/94/2
ok   edge 94
ok   continuous peak/false/false/94
ok   spec peak/false/false/95/0
ok   spec peak/false/false/95/1
ok   spec peak/false/false/95/2
ok   edge 95
ok   continuous peak/false/false/95
ok   spec peak/false/false/96/0
ok   spec peak/false/false/96/1
ok   spec peak/false/false/96/2
ok   edge 96
ok   continuous peak/false/false/96
ok   spec peak/false/false/97/0
ok   spec peak/false/false/97/1
ok   spec peak/false/false/97/2
ok   edge 97
ok   continuous peak/false/false/97
ok   spec peak/false/false/98/0
ok   spec peak/false/false/98/1
ok   spec peak/false/false/98/2
ok   edge 98
ok   continuous peak/false/false/98
ok   spec peak/false/false/99/0
ok   spec peak/false/false/99/1
ok   spec peak/false/false/99/2
ok   edge 99
ok   continuous peak/false/false/99
ok   spec peak/false/false/100/0
ok   spec peak/false/false/100/1
ok   spec peak/false/false/100/2
ok   edge 100
ok   continuous peak/false/false/100
ok   peak/false/true: a pressable face is a control's, edged
ok   peak/false/true: an icon tile's is a card's
ok   peak/false/true: depth clamps
ok   blur peak/false/true/-1.0
ok   blur peak/false/true/0.0
ok   blur peak/false/true/0.5
ok   blur peak/false/true/1.0
ok   blur peak/false/true/2.0
ok   peak/false/true: resting lights
ok   peak/false/true: pressed lights
ok   spec peak/false/true/0/0
ok   spec peak/false/true/0/1
ok   spec peak/false/true/0/2
ok   edge 0
ok   continuous peak/false/true/0
ok   spec peak/false/true/1/0
ok   spec peak/false/true/1/1
ok   spec peak/false/true/1/2
ok   edge 1
ok   continuous peak/false/true/1
ok   spec peak/false/true/2/0
ok   spec peak/false/true/2/1
ok   spec peak/false/true/2/2
ok   edge 2
ok   continuous peak/false/true/2
ok   spec peak/false/true/3/0
ok   spec peak/false/true/3/1
ok   spec peak/false/true/3/2
ok   edge 3
ok   continuous peak/false/true/3
ok   spec peak/false/true/4/0
ok   spec peak/false/true/4/1
ok   spec peak/false/true/4/2
ok   edge 4
ok   continuous peak/false/true/4
ok   spec peak/false/true/5/0
ok   spec peak/false/true/5/1
ok   spec peak/false/true/5/2
ok   edge 5
ok   continuous peak/false/true/5
ok   spec peak/false/true/6/0
ok   spec peak/false/true/6/1
ok   spec peak/false/true/6/2
ok   edge 6
ok   continuous peak/false/true/6
ok   spec peak/false/true/7/0
ok   spec peak/false/true/7/1
ok   spec peak/false/true/7/2
ok   edge 7
ok   continuous peak/false/true/7
ok   spec peak/false/true/8/0
ok   spec peak/false/true/8/1
ok   spec peak/false/true/8/2
ok   edge 8
ok   continuous peak/false/true/8
ok   spec peak/false/true/9/0
ok   spec peak/false/true/9/1
ok   spec peak/false/true/9/2
ok   edge 9
ok   continuous peak/false/true/9
ok   spec peak/false/true/10/0
ok   spec peak/false/true/10/1
ok   spec peak/false/true/10/2
ok   edge 10
ok   continuous peak/false/true/10
ok   spec peak/false/true/11/0
ok   spec peak/false/true/11/1
ok   spec peak/false/true/11/2
ok   edge 11
ok   continuous peak/false/true/11
ok   spec peak/false/true/12/0
ok   spec peak/false/true/12/1
ok   spec peak/false/true/12/2
ok   edge 12
ok   continuous peak/false/true/12
ok   spec peak/false/true/13/0
ok   spec peak/false/true/13/1
ok   spec peak/false/true/13/2
ok   edge 13
ok   continuous peak/false/true/13
ok   spec peak/false/true/14/0
ok   spec peak/false/true/14/1
ok   spec peak/false/true/14/2
ok   edge 14
ok   continuous peak/false/true/14
ok   spec peak/false/true/15/0
ok   spec peak/false/true/15/1
ok   spec peak/false/true/15/2
ok   edge 15
ok   continuous peak/false/true/15
ok   spec peak/false/true/16/0
ok   spec peak/false/true/16/1
ok   spec peak/false/true/16/2
ok   edge 16
ok   continuous peak/false/true/16
ok   spec peak/false/true/17/0
ok   spec peak/false/true/17/1
ok   spec peak/false/true/17/2
ok   edge 17
ok   continuous peak/false/true/17
ok   spec peak/false/true/18/0
ok   spec peak/false/true/18/1
ok   spec peak/false/true/18/2
ok   edge 18
ok   continuous peak/false/true/18
ok   spec peak/false/true/19/0
ok   spec peak/false/true/19/1
ok   spec peak/false/true/19/2
ok   edge 19
ok   continuous peak/false/true/19
ok   spec peak/false/true/20/0
ok   spec peak/false/true/20/1
ok   spec peak/false/true/20/2
ok   edge 20
ok   continuous peak/false/true/20
ok   spec peak/false/true/21/0
ok   spec peak/false/true/21/1
ok   spec peak/false/true/21/2
ok   edge 21
ok   continuous peak/false/true/21
ok   spec peak/false/true/22/0
ok   spec peak/false/true/22/1
ok   spec peak/false/true/22/2
ok   edge 22
ok   continuous peak/false/true/22
ok   spec peak/false/true/23/0
ok   spec peak/false/true/23/1
ok   spec peak/false/true/23/2
ok   edge 23
ok   continuous peak/false/true/23
ok   spec peak/false/true/24/0
ok   spec peak/false/true/24/1
ok   spec peak/false/true/24/2
ok   edge 24
ok   continuous peak/false/true/24
ok   spec peak/false/true/25/0
ok   spec peak/false/true/25/1
ok   spec peak/false/true/25/2
ok   edge 25
ok   continuous peak/false/true/25
ok   spec peak/false/true/26/0
ok   spec peak/false/true/26/1
ok   spec peak/false/true/26/2
ok   edge 26
ok   continuous peak/false/true/26
ok   spec peak/false/true/27/0
ok   spec peak/false/true/27/1
ok   spec peak/false/true/27/2
ok   edge 27
ok   continuous peak/false/true/27
ok   spec peak/false/true/28/0
ok   spec peak/false/true/28/1
ok   spec peak/false/true/28/2
ok   edge 28
ok   continuous peak/false/true/28
ok   spec peak/false/true/29/0
ok   spec peak/false/true/29/1
ok   spec peak/false/true/29/2
ok   edge 29
ok   continuous peak/false/true/29
ok   spec peak/false/true/30/0
ok   spec peak/false/true/30/1
ok   spec peak/false/true/30/2
ok   edge 30
ok   continuous peak/false/true/30
ok   spec peak/false/true/31/0
ok   spec peak/false/true/31/1
ok   spec peak/false/true/31/2
ok   edge 31
ok   continuous peak/false/true/31
ok   spec peak/false/true/32/0
ok   spec peak/false/true/32/1
ok   spec peak/false/true/32/2
ok   edge 32
ok   continuous peak/false/true/32
ok   spec peak/false/true/33/0
ok   spec peak/false/true/33/1
ok   spec peak/false/true/33/2
ok   edge 33
ok   continuous peak/false/true/33
ok   spec peak/false/true/34/0
ok   spec peak/false/true/34/1
ok   spec peak/false/true/34/2
ok   edge 34
ok   continuous peak/false/true/34
ok   spec peak/false/true/35/0
ok   spec peak/false/true/35/1
ok   spec peak/false/true/35/2
ok   edge 35
ok   continuous peak/false/true/35
ok   spec peak/false/true/36/0
ok   spec peak/false/true/36/1
ok   spec peak/false/true/36/2
ok   edge 36
ok   continuous peak/false/true/36
ok   spec peak/false/true/37/0
ok   spec peak/false/true/37/1
ok   spec peak/false/true/37/2
ok   edge 37
ok   continuous peak/false/true/37
ok   spec peak/false/true/38/0
ok   spec peak/false/true/38/1
ok   spec peak/false/true/38/2
ok   edge 38
ok   continuous peak/false/true/38
ok   spec peak/false/true/39/0
ok   spec peak/false/true/39/1
ok   spec peak/false/true/39/2
ok   edge 39
ok   continuous peak/false/true/39
ok   spec peak/false/true/40/0
ok   spec peak/false/true/40/1
ok   spec peak/false/true/40/2
ok   edge 40
ok   continuous peak/false/true/40
ok   spec peak/false/true/41/0
ok   spec peak/false/true/41/1
ok   spec peak/false/true/41/2
ok   edge 41
ok   continuous peak/false/true/41
ok   spec peak/false/true/42/0
ok   spec peak/false/true/42/1
ok   spec peak/false/true/42/2
ok   edge 42
ok   continuous peak/false/true/42
ok   spec peak/false/true/43/0
ok   spec peak/false/true/43/1
ok   spec peak/false/true/43/2
ok   edge 43
ok   continuous peak/false/true/43
ok   spec peak/false/true/44/0
ok   spec peak/false/true/44/1
ok   spec peak/false/true/44/2
ok   edge 44
ok   continuous peak/false/true/44
ok   spec peak/false/true/45/0
ok   spec peak/false/true/45/1
ok   spec peak/false/true/45/2
ok   edge 45
ok   continuous peak/false/true/45
ok   spec peak/false/true/46/0
ok   spec peak/false/true/46/1
ok   spec peak/false/true/46/2
ok   edge 46
ok   continuous peak/false/true/46
ok   spec peak/false/true/47/0
ok   spec peak/false/true/47/1
ok   spec peak/false/true/47/2
ok   edge 47
ok   continuous peak/false/true/47
ok   spec peak/false/true/48/0
ok   spec peak/false/true/48/1
ok   spec peak/false/true/48/2
ok   edge 48
ok   continuous peak/false/true/48
ok   spec peak/false/true/49/0
ok   spec peak/false/true/49/1
ok   spec peak/false/true/49/2
ok   edge 49
ok   continuous peak/false/true/49
ok   spec peak/false/true/50/0
ok   spec peak/false/true/50/1
ok   spec peak/false/true/50/2
ok   edge 50
ok   continuous peak/false/true/50
ok   spec peak/false/true/51/0
ok   spec peak/false/true/51/1
ok   spec peak/false/true/51/2
ok   edge 51
ok   continuous peak/false/true/51
ok   spec peak/false/true/52/0
ok   spec peak/false/true/52/1
ok   spec peak/false/true/52/2
ok   edge 52
ok   continuous peak/false/true/52
ok   spec peak/false/true/53/0
ok   spec peak/false/true/53/1
ok   spec peak/false/true/53/2
ok   edge 53
ok   continuous peak/false/true/53
ok   spec peak/false/true/54/0
ok   spec peak/false/true/54/1
ok   spec peak/false/true/54/2
ok   edge 54
ok   continuous peak/false/true/54
ok   spec peak/false/true/55/0
ok   spec peak/false/true/55/1
ok   spec peak/false/true/55/2
ok   edge 55
ok   continuous peak/false/true/55
ok   spec peak/false/true/56/0
ok   spec peak/false/true/56/1
ok   spec peak/false/true/56/2
ok   edge 56
ok   continuous peak/false/true/56
ok   spec peak/false/true/57/0
ok   spec peak/false/true/57/1
ok   spec peak/false/true/57/2
ok   edge 57
ok   continuous peak/false/true/57
ok   spec peak/false/true/58/0
ok   spec peak/false/true/58/1
ok   spec peak/false/true/58/2
ok   edge 58
ok   continuous peak/false/true/58
ok   spec peak/false/true/59/0
ok   spec peak/false/true/59/1
ok   spec peak/false/true/59/2
ok   edge 59
ok   continuous peak/false/true/59
ok   spec peak/false/true/60/0
ok   spec peak/false/true/60/1
ok   spec peak/false/true/60/2
ok   edge 60
ok   continuous peak/false/true/60
ok   spec peak/false/true/61/0
ok   spec peak/false/true/61/1
ok   spec peak/false/true/61/2
ok   edge 61
ok   continuous peak/false/true/61
ok   spec peak/false/true/62/0
ok   spec peak/false/true/62/1
ok   spec peak/false/true/62/2
ok   edge 62
ok   continuous peak/false/true/62
ok   spec peak/false/true/63/0
ok   spec peak/false/true/63/1
ok   spec peak/false/true/63/2
ok   edge 63
ok   continuous peak/false/true/63
ok   spec peak/false/true/64/0
ok   spec peak/false/true/64/1
ok   spec peak/false/true/64/2
ok   edge 64
ok   continuous peak/false/true/64
ok   spec peak/false/true/65/0
ok   spec peak/false/true/65/1
ok   spec peak/false/true/65/2
ok   edge 65
ok   continuous peak/false/true/65
ok   spec peak/false/true/66/0
ok   spec peak/false/true/66/1
ok   spec peak/false/true/66/2
ok   edge 66
ok   continuous peak/false/true/66
ok   spec peak/false/true/67/0
ok   spec peak/false/true/67/1
ok   spec peak/false/true/67/2
ok   edge 67
ok   continuous peak/false/true/67
ok   spec peak/false/true/68/0
ok   spec peak/false/true/68/1
ok   spec peak/false/true/68/2
ok   edge 68
ok   continuous peak/false/true/68
ok   spec peak/false/true/69/0
ok   spec peak/false/true/69/1
ok   spec peak/false/true/69/2
ok   edge 69
ok   continuous peak/false/true/69
ok   spec peak/false/true/70/0
ok   spec peak/false/true/70/1
ok   spec peak/false/true/70/2
ok   edge 70
ok   continuous peak/false/true/70
ok   spec peak/false/true/71/0
ok   spec peak/false/true/71/1
ok   spec peak/false/true/71/2
ok   edge 71
ok   continuous peak/false/true/71
ok   spec peak/false/true/72/0
ok   spec peak/false/true/72/1
ok   spec peak/false/true/72/2
ok   edge 72
ok   continuous peak/false/true/72
ok   spec peak/false/true/73/0
ok   spec peak/false/true/73/1
ok   spec peak/false/true/73/2
ok   edge 73
ok   continuous peak/false/true/73
ok   spec peak/false/true/74/0
ok   spec peak/false/true/74/1
ok   spec peak/false/true/74/2
ok   edge 74
ok   continuous peak/false/true/74
ok   spec peak/false/true/75/0
ok   spec peak/false/true/75/1
ok   spec peak/false/true/75/2
ok   edge 75
ok   continuous peak/false/true/75
ok   spec peak/false/true/76/0
ok   spec peak/false/true/76/1
ok   spec peak/false/true/76/2
ok   edge 76
ok   continuous peak/false/true/76
ok   spec peak/false/true/77/0
ok   spec peak/false/true/77/1
ok   spec peak/false/true/77/2
ok   edge 77
ok   continuous peak/false/true/77
ok   spec peak/false/true/78/0
ok   spec peak/false/true/78/1
ok   spec peak/false/true/78/2
ok   edge 78
ok   continuous peak/false/true/78
ok   spec peak/false/true/79/0
ok   spec peak/false/true/79/1
ok   spec peak/false/true/79/2
ok   edge 79
ok   continuous peak/false/true/79
ok   spec peak/false/true/80/0
ok   spec peak/false/true/80/1
ok   spec peak/false/true/80/2
ok   edge 80
ok   continuous peak/false/true/80
ok   spec peak/false/true/81/0
ok   spec peak/false/true/81/1
ok   spec peak/false/true/81/2
ok   edge 81
ok   continuous peak/false/true/81
ok   spec peak/false/true/82/0
ok   spec peak/false/true/82/1
ok   spec peak/false/true/82/2
ok   edge 82
ok   continuous peak/false/true/82
ok   spec peak/false/true/83/0
ok   spec peak/false/true/83/1
ok   spec peak/false/true/83/2
ok   edge 83
ok   continuous peak/false/true/83
ok   spec peak/false/true/84/0
ok   spec peak/false/true/84/1
ok   spec peak/false/true/84/2
ok   edge 84
ok   continuous peak/false/true/84
ok   spec peak/false/true/85/0
ok   spec peak/false/true/85/1
ok   spec peak/false/true/85/2
ok   edge 85
ok   continuous peak/false/true/85
ok   spec peak/false/true/86/0
ok   spec peak/false/true/86/1
ok   spec peak/false/true/86/2
ok   edge 86
ok   continuous peak/false/true/86
ok   spec peak/false/true/87/0
ok   spec peak/false/true/87/1
ok   spec peak/false/true/87/2
ok   edge 87
ok   continuous peak/false/true/87
ok   spec peak/false/true/88/0
ok   spec peak/false/true/88/1
ok   spec peak/false/true/88/2
ok   edge 88
ok   continuous peak/false/true/88
ok   spec peak/false/true/89/0
ok   spec peak/false/true/89/1
ok   spec peak/false/true/89/2
ok   edge 89
ok   continuous peak/false/true/89
ok   spec peak/false/true/90/0
ok   spec peak/false/true/90/1
ok   spec peak/false/true/90/2
ok   edge 90
ok   continuous peak/false/true/90
ok   spec peak/false/true/91/0
ok   spec peak/false/true/91/1
ok   spec peak/false/true/91/2
ok   edge 91
ok   continuous peak/false/true/91
ok   spec peak/false/true/92/0
ok   spec peak/false/true/92/1
ok   spec peak/false/true/92/2
ok   edge 92
ok   continuous peak/false/true/92
ok   spec peak/false/true/93/0
ok   spec peak/false/true/93/1
ok   spec peak/false/true/93/2
ok   edge 93
ok   continuous peak/false/true/93
ok   spec peak/false/true/94/0
ok   spec peak/false/true/94/1
ok   spec peak/false/true/94/2
ok   edge 94
ok   continuous peak/false/true/94
ok   spec peak/false/true/95/0
ok   spec peak/false/true/95/1
ok   spec peak/false/true/95/2
ok   edge 95
ok   continuous peak/false/true/95
ok   spec peak/false/true/96/0
ok   spec peak/false/true/96/1
ok   spec peak/false/true/96/2
ok   edge 96
ok   continuous peak/false/true/96
ok   spec peak/false/true/97/0
ok   spec peak/false/true/97/1
ok   spec peak/false/true/97/2
ok   edge 97
ok   continuous peak/false/true/97
ok   spec peak/false/true/98/0
ok   spec peak/false/true/98/1
ok   spec peak/false/true/98/2
ok   edge 98
ok   continuous peak/false/true/98
ok   spec peak/false/true/99/0
ok   spec peak/false/true/99/1
ok   spec peak/false/true/99/2
ok   edge 99
ok   continuous peak/false/true/99
ok   spec peak/false/true/100/0
ok   spec peak/false/true/100/1
ok   spec peak/false/true/100/2
ok   edge 100
ok   continuous peak/false/true/100
ok   peak/true/false: a pressable face is a control's, edged
ok   peak/true/false: an icon tile's is a card's
ok   peak/true/false: depth clamps
ok   blur peak/true/false/-1.0
ok   blur peak/true/false/0.0
ok   blur peak/true/false/0.5
ok   blur peak/true/false/1.0
ok   blur peak/true/false/2.0
ok   peak/true/false: resting lights
ok   peak/true/false: pressed lights
ok   spec peak/true/false/0/0
ok   spec peak/true/false/0/1
ok   spec peak/true/false/0/2
ok   edge 0
ok   continuous peak/true/false/0
ok   spec peak/true/false/1/0
ok   spec peak/true/false/1/1
ok   spec peak/true/false/1/2
ok   edge 1
ok   continuous peak/true/false/1
ok   spec peak/true/false/2/0
ok   spec peak/true/false/2/1
ok   spec peak/true/false/2/2
ok   edge 2
ok   continuous peak/true/false/2
ok   spec peak/true/false/3/0
ok   spec peak/true/false/3/1
ok   spec peak/true/false/3/2
ok   edge 3
ok   continuous peak/true/false/3
ok   spec peak/true/false/4/0
ok   spec peak/true/false/4/1
ok   spec peak/true/false/4/2
ok   edge 4
ok   continuous peak/true/false/4
ok   spec peak/true/false/5/0
ok   spec peak/true/false/5/1
ok   spec peak/true/false/5/2
ok   edge 5
ok   continuous peak/true/false/5
ok   spec peak/true/false/6/0
ok   spec peak/true/false/6/1
ok   spec peak/true/false/6/2
ok   edge 6
ok   continuous peak/true/false/6
ok   spec peak/true/false/7/0
ok   spec peak/true/false/7/1
ok   spec peak/true/false/7/2
ok   edge 7
ok   continuous peak/true/false/7
ok   spec peak/true/false/8/0
ok   spec peak/true/false/8/1
ok   spec peak/true/false/8/2
ok   edge 8
ok   continuous peak/true/false/8
ok   spec peak/true/false/9/0
ok   spec peak/true/false/9/1
ok   spec peak/true/false/9/2
ok   edge 9
ok   continuous peak/true/false/9
ok   spec peak/true/false/10/0
ok   spec peak/true/false/10/1
ok   spec peak/true/false/10/2
ok   edge 10
ok   continuous peak/true/false/10
ok   spec peak/true/false/11/0
ok   spec peak/true/false/11/1
ok   spec peak/true/false/11/2
ok   edge 11
ok   continuous peak/true/false/11
ok   spec peak/true/false/12/0
ok   spec peak/true/false/12/1
ok   spec peak/true/false/12/2
ok   edge 12
ok   continuous peak/true/false/12
ok   spec peak/true/false/13/0
ok   spec peak/true/false/13/1
ok   spec peak/true/false/13/2
ok   edge 13
ok   continuous peak/true/false/13
ok   spec peak/true/false/14/0
ok   spec peak/true/false/14/1
ok   spec peak/true/false/14/2
ok   edge 14
ok   continuous peak/true/false/14
ok   spec peak/true/false/15/0
ok   spec peak/true/false/15/1
ok   spec peak/true/false/15/2
ok   edge 15
ok   continuous peak/true/false/15
ok   spec peak/true/false/16/0
ok   spec peak/true/false/16/1
ok   spec peak/true/false/16/2
ok   edge 16
ok   continuous peak/true/false/16
ok   spec peak/true/false/17/0
ok   spec peak/true/false/17/1
ok   spec peak/true/false/17/2
ok   edge 17
ok   continuous peak/true/false/17
ok   spec peak/true/false/18/0
ok   spec peak/true/false/18/1
ok   spec peak/true/false/18/2
ok   edge 18
ok   continuous peak/true/false/18
ok   spec peak/true/false/19/0
ok   spec peak/true/false/19/1
ok   spec peak/true/false/19/2
ok   edge 19
ok   continuous peak/true/false/19
ok   spec peak/true/false/20/0
ok   spec peak/true/false/20/1
ok   spec peak/true/false/20/2
ok   edge 20
ok   continuous peak/true/false/20
ok   spec peak/true/false/21/0
ok   spec peak/true/false/21/1
ok   spec peak/true/false/21/2
ok   edge 21
ok   continuous peak/true/false/21
ok   spec peak/true/false/22/0
ok   spec peak/true/false/22/1
ok   spec peak/true/false/22/2
ok   edge 22
ok   continuous peak/true/false/22
ok   spec peak/true/false/23/0
ok   spec peak/true/false/23/1
ok   spec peak/true/false/23/2
ok   edge 23
ok   continuous peak/true/false/23
ok   spec peak/true/false/24/0
ok   spec peak/true/false/24/1
ok   spec peak/true/false/24/2
ok   edge 24
ok   continuous peak/true/false/24
ok   spec peak/true/false/25/0
ok   spec peak/true/false/25/1
ok   spec peak/true/false/25/2
ok   edge 25
ok   continuous peak/true/false/25
ok   spec peak/true/false/26/0
ok   spec peak/true/false/26/1
ok   spec peak/true/false/26/2
ok   edge 26
ok   continuous peak/true/false/26
ok   spec peak/true/false/27/0
ok   spec peak/true/false/27/1
ok   spec peak/true/false/27/2
ok   edge 27
ok   continuous peak/true/false/27
ok   spec peak/true/false/28/0
ok   spec peak/true/false/28/1
ok   spec peak/true/false/28/2
ok   edge 28
ok   continuous peak/true/false/28
ok   spec peak/true/false/29/0
ok   spec peak/true/false/29/1
ok   spec peak/true/false/29/2
ok   edge 29
ok   continuous peak/true/false/29
ok   spec peak/true/false/30/0
ok   spec peak/true/false/30/1
ok   spec peak/true/false/30/2
ok   edge 30
ok   continuous peak/true/false/30
ok   spec peak/true/false/31/0
ok   spec peak/true/false/31/1
ok   spec peak/true/false/31/2
ok   edge 31
ok   continuous peak/true/false/31
ok   spec peak/true/false/32/0
ok   spec peak/true/false/32/1
ok   spec peak/true/false/32/2
ok   edge 32
ok   continuous peak/true/false/32
ok   spec peak/true/false/33/0
ok   spec peak/true/false/33/1
ok   spec peak/true/false/33/2
ok   edge 33
ok   continuous peak/true/false/33
ok   spec peak/true/false/34/0
ok   spec peak/true/false/34/1
ok   spec peak/true/false/34/2
ok   edge 34
ok   continuous peak/true/false/34
ok   spec peak/true/false/35/0
ok   spec peak/true/false/35/1
ok   spec peak/true/false/35/2
ok   edge 35
ok   continuous peak/true/false/35
ok   spec peak/true/false/36/0
ok   spec peak/true/false/36/1
ok   spec peak/true/false/36/2
ok   edge 36
ok   continuous peak/true/false/36
ok   spec peak/true/false/37/0
ok   spec peak/true/false/37/1
ok   spec peak/true/false/37/2
ok   edge 37
ok   continuous peak/true/false/37
ok   spec peak/true/false/38/0
ok   spec peak/true/false/38/1
ok   spec peak/true/false/38/2
ok   edge 38
ok   continuous peak/true/false/38
ok   spec peak/true/false/39/0
ok   spec peak/true/false/39/1
ok   spec peak/true/false/39/2
ok   edge 39
ok   continuous peak/true/false/39
ok   spec peak/true/false/40/0
ok   spec peak/true/false/40/1
ok   spec peak/true/false/40/2
ok   edge 40
ok   continuous peak/true/false/40
ok   spec peak/true/false/41/0
ok   spec peak/true/false/41/1
ok   spec peak/true/false/41/2
ok   edge 41
ok   continuous peak/true/false/41
ok   spec peak/true/false/42/0
ok   spec peak/true/false/42/1
ok   spec peak/true/false/42/2
ok   edge 42
ok   continuous peak/true/false/42
ok   spec peak/true/false/43/0
ok   spec peak/true/false/43/1
ok   spec peak/true/false/43/2
ok   edge 43
ok   continuous peak/true/false/43
ok   spec peak/true/false/44/0
ok   spec peak/true/false/44/1
ok   spec peak/true/false/44/2
ok   edge 44
ok   continuous peak/true/false/44
ok   spec peak/true/false/45/0
ok   spec peak/true/false/45/1
ok   spec peak/true/false/45/2
ok   edge 45
ok   continuous peak/true/false/45
ok   spec peak/true/false/46/0
ok   spec peak/true/false/46/1
ok   spec peak/true/false/46/2
ok   edge 46
ok   continuous peak/true/false/46
ok   spec peak/true/false/47/0
ok   spec peak/true/false/47/1
ok   spec peak/true/false/47/2
ok   edge 47
ok   continuous peak/true/false/47
ok   spec peak/true/false/48/0
ok   spec peak/true/false/48/1
ok   spec peak/true/false/48/2
ok   edge 48
ok   continuous peak/true/false/48
ok   spec peak/true/false/49/0
ok   spec peak/true/false/49/1
ok   spec peak/true/false/49/2
ok   edge 49
ok   continuous peak/true/false/49
ok   spec peak/true/false/50/0
ok   spec peak/true/false/50/1
ok   spec peak/true/false/50/2
ok   edge 50
ok   continuous peak/true/false/50
ok   spec peak/true/false/51/0
ok   spec peak/true/false/51/1
ok   spec peak/true/false/51/2
ok   edge 51
ok   continuous peak/true/false/51
ok   spec peak/true/false/52/0
ok   spec peak/true/false/52/1
ok   spec peak/true/false/52/2
ok   edge 52
ok   continuous peak/true/false/52
ok   spec peak/true/false/53/0
ok   spec peak/true/false/53/1
ok   spec peak/true/false/53/2
ok   edge 53
ok   continuous peak/true/false/53
ok   spec peak/true/false/54/0
ok   spec peak/true/false/54/1
ok   spec peak/true/false/54/2
ok   edge 54
ok   continuous peak/true/false/54
ok   spec peak/true/false/55/0
ok   spec peak/true/false/55/1
ok   spec peak/true/false/55/2
ok   edge 55
ok   continuous peak/true/false/55
ok   spec peak/true/false/56/0
ok   spec peak/true/false/56/1
ok   spec peak/true/false/56/2
ok   edge 56
ok   continuous peak/true/false/56
ok   spec peak/true/false/57/0
ok   spec peak/true/false/57/1
ok   spec peak/true/false/57/2
ok   edge 57
ok   continuous peak/true/false/57
ok   spec peak/true/false/58/0
ok   spec peak/true/false/58/1
ok   spec peak/true/false/58/2
ok   edge 58
ok   continuous peak/true/false/58
ok   spec peak/true/false/59/0
ok   spec peak/true/false/59/1
ok   spec peak/true/false/59/2
ok   edge 59
ok   continuous peak/true/false/59
ok   spec peak/true/false/60/0
ok   spec peak/true/false/60/1
ok   spec peak/true/false/60/2
ok   edge 60
ok   continuous peak/true/false/60
ok   spec peak/true/false/61/0
ok   spec peak/true/false/61/1
ok   spec peak/true/false/61/2
ok   edge 61
ok   continuous peak/true/false/61
ok   spec peak/true/false/62/0
ok   spec peak/true/false/62/1
ok   spec peak/true/false/62/2
ok   edge 62
ok   continuous peak/true/false/62
ok   spec peak/true/false/63/0
ok   spec peak/true/false/63/1
ok   spec peak/true/false/63/2
ok   edge 63
ok   continuous peak/true/false/63
ok   spec peak/true/false/64/0
ok   spec peak/true/false/64/1
ok   spec peak/true/false/64/2
ok   edge 64
ok   continuous peak/true/false/64
ok   spec peak/true/false/65/0
ok   spec peak/true/false/65/1
ok   spec peak/true/false/65/2
ok   edge 65
ok   continuous peak/true/false/65
ok   spec peak/true/false/66/0
ok   spec peak/true/false/66/1
ok   spec peak/true/false/66/2
ok   edge 66
ok   continuous peak/true/false/66
ok   spec peak/true/false/67/0
ok   spec peak/true/false/67/1
ok   spec peak/true/false/67/2
ok   edge 67
ok   continuous peak/true/false/67
ok   spec peak/true/false/68/0
ok   spec peak/true/false/68/1
ok   spec peak/true/false/68/2
ok   edge 68
ok   continuous peak/true/false/68
ok   spec peak/true/false/69/0
ok   spec peak/true/false/69/1
ok   spec peak/true/false/69/2
ok   edge 69
ok   continuous peak/true/false/69
ok   spec peak/true/false/70/0
ok   spec peak/true/false/70/1
ok   spec peak/true/false/70/2
ok   edge 70
ok   continuous peak/true/false/70
ok   spec peak/true/false/71/0
ok   spec peak/true/false/71/1
ok   spec peak/true/false/71/2
ok   edge 71
ok   continuous peak/true/false/71
ok   spec peak/true/false/72/0
ok   spec peak/true/false/72/1
ok   spec peak/true/false/72/2
ok   edge 72
ok   continuous peak/true/false/72
ok   spec peak/true/false/73/0
ok   spec peak/true/false/73/1
ok   spec peak/true/false/73/2
ok   edge 73
ok   continuous peak/true/false/73
ok   spec peak/true/false/74/0
ok   spec peak/true/false/74/1
ok   spec peak/true/false/74/2
ok   edge 74
ok   continuous peak/true/false/74
ok   spec peak/true/false/75/0
ok   spec peak/true/false/75/1
ok   spec peak/true/false/75/2
ok   edge 75
ok   continuous peak/true/false/75
ok   spec peak/true/false/76/0
ok   spec peak/true/false/76/1
ok   spec peak/true/false/76/2
ok   edge 76
ok   continuous peak/true/false/76
ok   spec peak/true/false/77/0
ok   spec peak/true/false/77/1
ok   spec peak/true/false/77/2
ok   edge 77
ok   continuous peak/true/false/77
ok   spec peak/true/false/78/0
ok   spec peak/true/false/78/1
ok   spec peak/true/false/78/2
ok   edge 78
ok   continuous peak/true/false/78
ok   spec peak/true/false/79/0
ok   spec peak/true/false/79/1
ok   spec peak/true/false/79/2
ok   edge 79
ok   continuous peak/true/false/79
ok   spec peak/true/false/80/0
ok   spec peak/true/false/80/1
ok   spec peak/true/false/80/2
ok   edge 80
ok   continuous peak/true/false/80
ok   spec peak/true/false/81/0
ok   spec peak/true/false/81/1
ok   spec peak/true/false/81/2
ok   edge 81
ok   continuous peak/true/false/81
ok   spec peak/true/false/82/0
ok   spec peak/true/false/82/1
ok   spec peak/true/false/82/2
ok   edge 82
ok   continuous peak/true/false/82
ok   spec peak/true/false/83/0
ok   spec peak/true/false/83/1
ok   spec peak/true/false/83/2
ok   edge 83
ok   continuous peak/true/false/83
ok   spec peak/true/false/84/0
ok   spec peak/true/false/84/1
ok   spec peak/true/false/84/2
ok   edge 84
ok   continuous peak/true/false/84
ok   spec peak/true/false/85/0
ok   spec peak/true/false/85/1
ok   spec peak/true/false/85/2
ok   edge 85
ok   continuous peak/true/false/85
ok   spec peak/true/false/86/0
ok   spec peak/true/false/86/1
ok   spec peak/true/false/86/2
ok   edge 86
ok   continuous peak/true/false/86
ok   spec peak/true/false/87/0
ok   spec peak/true/false/87/1
ok   spec peak/true/false/87/2
ok   edge 87
ok   continuous peak/true/false/87
ok   spec peak/true/false/88/0
ok   spec peak/true/false/88/1
ok   spec peak/true/false/88/2
ok   edge 88
ok   continuous peak/true/false/88
ok   spec peak/true/false/89/0
ok   spec peak/true/false/89/1
ok   spec peak/true/false/89/2
ok   edge 89
ok   continuous peak/true/false/89
ok   spec peak/true/false/90/0
ok   spec peak/true/false/90/1
ok   spec peak/true/false/90/2
ok   edge 90
ok   continuous peak/true/false/90
ok   spec peak/true/false/91/0
ok   spec peak/true/false/91/1
ok   spec peak/true/false/91/2
ok   edge 91
ok   continuous peak/true/false/91
ok   spec peak/true/false/92/0
ok   spec peak/true/false/92/1
ok   spec peak/true/false/92/2
ok   edge 92
ok   continuous peak/true/false/92
ok   spec peak/true/false/93/0
ok   spec peak/true/false/93/1
ok   spec peak/true/false/93/2
ok   edge 93
ok   continuous peak/true/false/93
ok   spec peak/true/false/94/0
ok   spec peak/true/false/94/1
ok   spec peak/true/false/94/2
ok   edge 94
ok   continuous peak/true/false/94
ok   spec peak/true/false/95/0
ok   spec peak/true/false/95/1
ok   spec peak/true/false/95/2
ok   edge 95
ok   continuous peak/true/false/95
ok   spec peak/true/false/96/0
ok   spec peak/true/false/96/1
ok   spec peak/true/false/96/2
ok   edge 96
ok   continuous peak/true/false/96
ok   spec peak/true/false/97/0
ok   spec peak/true/false/97/1
ok   spec peak/true/false/97/2
ok   edge 97
ok   continuous peak/true/false/97
ok   spec peak/true/false/98/0
ok   spec peak/true/false/98/1
ok   spec peak/true/false/98/2
ok   edge 98
ok   continuous peak/true/false/98
ok   spec peak/true/false/99/0
ok   spec peak/true/false/99/1
ok   spec peak/true/false/99/2
ok   edge 99
ok   continuous peak/true/false/99
ok   spec peak/true/false/100/0
ok   spec peak/true/false/100/1
ok   spec peak/true/false/100/2
ok   edge 100
ok   continuous peak/true/false/100
ok   peak/true/true: a pressable face is a control's, edged
ok   peak/true/true: an icon tile's is a card's
ok   peak/true/true: depth clamps
ok   blur peak/true/true/-1.0
ok   blur peak/true/true/0.0
ok   blur peak/true/true/0.5
ok   blur peak/true/true/1.0
ok   blur peak/true/true/2.0
ok   peak/true/true: resting lights
ok   peak/true/true: pressed lights
ok   spec peak/true/true/0/0
ok   spec peak/true/true/0/1
ok   spec peak/true/true/0/2
ok   edge 0
ok   continuous peak/true/true/0
ok   spec peak/true/true/1/0
ok   spec peak/true/true/1/1
ok   spec peak/true/true/1/2
ok   edge 1
ok   continuous peak/true/true/1
ok   spec peak/true/true/2/0
ok   spec peak/true/true/2/1
ok   spec peak/true/true/2/2
ok   edge 2
ok   continuous peak/true/true/2
ok   spec peak/true/true/3/0
ok   spec peak/true/true/3/1
ok   spec peak/true/true/3/2
ok   edge 3
ok   continuous peak/true/true/3
ok   spec peak/true/true/4/0
ok   spec peak/true/true/4/1
ok   spec peak/true/true/4/2
ok   edge 4
ok   continuous peak/true/true/4
ok   spec peak/true/true/5/0
ok   spec peak/true/true/5/1
ok   spec peak/true/true/5/2
ok   edge 5
ok   continuous peak/true/true/5
ok   spec peak/true/true/6/0
ok   spec peak/true/true/6/1
ok   spec peak/true/true/6/2
ok   edge 6
ok   continuous peak/true/true/6
ok   spec peak/true/true/7/0
ok   spec peak/true/true/7/1
ok   spec peak/true/true/7/2
ok   edge 7
ok   continuous peak/true/true/7
ok   spec peak/true/true/8/0
ok   spec peak/true/true/8/1
ok   spec peak/true/true/8/2
ok   edge 8
ok   continuous peak/true/true/8
ok   spec peak/true/true/9/0
ok   spec peak/true/true/9/1
ok   spec peak/true/true/9/2
ok   edge 9
ok   continuous peak/true/true/9
ok   spec peak/true/true/10/0
ok   spec peak/true/true/10/1
ok   spec peak/true/true/10/2
ok   edge 10
ok   continuous peak/true/true/10
ok   spec peak/true/true/11/0
ok   spec peak/true/true/11/1
ok   spec peak/true/true/11/2
ok   edge 11
ok   continuous peak/true/true/11
ok   spec peak/true/true/12/0
ok   spec peak/true/true/12/1
ok   spec peak/true/true/12/2
ok   edge 12
ok   continuous peak/true/true/12
ok   spec peak/true/true/13/0
ok   spec peak/true/true/13/1
ok   spec peak/true/true/13/2
ok   edge 13
ok   continuous peak/true/true/13
ok   spec peak/true/true/14/0
ok   spec peak/true/true/14/1
ok   spec peak/true/true/14/2
ok   edge 14
ok   continuous peak/true/true/14
ok   spec peak/true/true/15/0
ok   spec peak/true/true/15/1
ok   spec peak/true/true/15/2
ok   edge 15
ok   continuous peak/true/true/15
ok   spec peak/true/true/16/0
ok   spec peak/true/true/16/1
ok   spec peak/true/true/16/2
ok   edge 16
ok   continuous peak/true/true/16
ok   spec peak/true/true/17/0
ok   spec peak/true/true/17/1
ok   spec peak/true/true/17/2
ok   edge 17
ok   continuous peak/true/true/17
ok   spec peak/true/true/18/0
ok   spec peak/true/true/18/1
ok   spec peak/true/true/18/2
ok   edge 18
ok   continuous peak/true/true/18
ok   spec peak/true/true/19/0
ok   spec peak/true/true/19/1
ok   spec peak/true/true/19/2
ok   edge 19
ok   continuous peak/true/true/19
ok   spec peak/true/true/20/0
ok   spec peak/true/true/20/1
ok   spec peak/true/true/20/2
ok   edge 20
ok   continuous peak/true/true/20
ok   spec peak/true/true/21/0
ok   spec peak/true/true/21/1
ok   spec peak/true/true/21/2
ok   edge 21
ok   continuous peak/true/true/21
ok   spec peak/true/true/22/0
ok   spec peak/true/true/22/1
ok   spec peak/true/true/22/2
ok   edge 22
ok   continuous peak/true/true/22
ok   spec peak/true/true/23/0
ok   spec peak/true/true/23/1
ok   spec peak/true/true/23/2
ok   edge 23
ok   continuous peak/true/true/23
ok   spec peak/true/true/24/0
ok   spec peak/true/true/24/1
ok   spec peak/true/true/24/2
ok   edge 24
ok   continuous peak/true/true/24
ok   spec peak/true/true/25/0
ok   spec peak/true/true/25/1
ok   spec peak/true/true/25/2
ok   edge 25
ok   continuous peak/true/true/25
ok   spec peak/true/true/26/0
ok   spec peak/true/true/26/1
ok   spec peak/true/true/26/2
ok   edge 26
ok   continuous peak/true/true/26
ok   spec peak/true/true/27/0
ok   spec peak/true/true/27/1
ok   spec peak/true/true/27/2
ok   edge 27
ok   continuous peak/true/true/27
ok   spec peak/true/true/28/0
ok   spec peak/true/true/28/1
ok   spec peak/true/true/28/2
ok   edge 28
ok   continuous peak/true/true/28
ok   spec peak/true/true/29/0
ok   spec peak/true/true/29/1
ok   spec peak/true/true/29/2
ok   edge 29
ok   continuous peak/true/true/29
ok   spec peak/true/true/30/0
ok   spec peak/true/true/30/1
ok   spec peak/true/true/30/2
ok   edge 30
ok   continuous peak/true/true/30
ok   spec peak/true/true/31/0
ok   spec peak/true/true/31/1
ok   spec peak/true/true/31/2
ok   edge 31
ok   continuous peak/true/true/31
ok   spec peak/true/true/32/0
ok   spec peak/true/true/32/1
ok   spec peak/true/true/32/2
ok   edge 32
ok   continuous peak/true/true/32
ok   spec peak/true/true/33/0
ok   spec peak/true/true/33/1
ok   spec peak/true/true/33/2
ok   edge 33
ok   continuous peak/true/true/33
ok   spec peak/true/true/34/0
ok   spec peak/true/true/34/1
ok   spec peak/true/true/34/2
ok   edge 34
ok   continuous peak/true/true/34
ok   spec peak/true/true/35/0
ok   spec peak/true/true/35/1
ok   spec peak/true/true/35/2
ok   edge 35
ok   continuous peak/true/true/35
ok   spec peak/true/true/36/0
ok   spec peak/true/true/36/1
ok   spec peak/true/true/36/2
ok   edge 36
ok   continuous peak/true/true/36
ok   spec peak/true/true/37/0
ok   spec peak/true/true/37/1
ok   spec peak/true/true/37/2
ok   edge 37
ok   continuous peak/true/true/37
ok   spec peak/true/true/38/0
ok   spec peak/true/true/38/1
ok   spec peak/true/true/38/2
ok   edge 38
ok   continuous peak/true/true/38
ok   spec peak/true/true/39/0
ok   spec peak/true/true/39/1
ok   spec peak/true/true/39/2
ok   edge 39
ok   continuous peak/true/true/39
ok   spec peak/true/true/40/0
ok   spec peak/true/true/40/1
ok   spec peak/true/true/40/2
ok   edge 40
ok   continuous peak/true/true/40
ok   spec peak/true/true/41/0
ok   spec peak/true/true/41/1
ok   spec peak/true/true/41/2
ok   edge 41
ok   continuous peak/true/true/41
ok   spec peak/true/true/42/0
ok   spec peak/true/true/42/1
ok   spec peak/true/true/42/2
ok   edge 42
ok   continuous peak/true/true/42
ok   spec peak/true/true/43/0
ok   spec peak/true/true/43/1
ok   spec peak/true/true/43/2
ok   edge 43
ok   continuous peak/true/true/43
ok   spec peak/true/true/44/0
ok   spec peak/true/true/44/1
ok   spec peak/true/true/44/2
ok   edge 44
ok   continuous peak/true/true/44
ok   spec peak/true/true/45/0
ok   spec peak/true/true/45/1
ok   spec peak/true/true/45/2
ok   edge 45
ok   continuous peak/true/true/45
ok   spec peak/true/true/46/0
ok   spec peak/true/true/46/1
ok   spec peak/true/true/46/2
ok   edge 46
ok   continuous peak/true/true/46
ok   spec peak/true/true/47/0
ok   spec peak/true/true/47/1
ok   spec peak/true/true/47/2
ok   edge 47
ok   continuous peak/true/true/47
ok   spec peak/true/true/48/0
ok   spec peak/true/true/48/1
ok   spec peak/true/true/48/2
ok   edge 48
ok   continuous peak/true/true/48
ok   spec peak/true/true/49/0
ok   spec peak/true/true/49/1
ok   spec peak/true/true/49/2
ok   edge 49
ok   continuous peak/true/true/49
ok   spec peak/true/true/50/0
ok   spec peak/true/true/50/1
ok   spec peak/true/true/50/2
ok   edge 50
ok   continuous peak/true/true/50
ok   spec peak/true/true/51/0
ok   spec peak/true/true/51/1
ok   spec peak/true/true/51/2
ok   edge 51
ok   continuous peak/true/true/51
ok   spec peak/true/true/52/0
ok   spec peak/true/true/52/1
ok   spec peak/true/true/52/2
ok   edge 52
ok   continuous peak/true/true/52
ok   spec peak/true/true/53/0
ok   spec peak/true/true/53/1
ok   spec peak/true/true/53/2
ok   edge 53
ok   continuous peak/true/true/53
ok   spec peak/true/true/54/0
ok   spec peak/true/true/54/1
ok   spec peak/true/true/54/2
ok   edge 54
ok   continuous peak/true/true/54
ok   spec peak/true/true/55/0
ok   spec peak/true/true/55/1
ok   spec peak/true/true/55/2
ok   edge 55
ok   continuous peak/true/true/55
ok   spec peak/true/true/56/0
ok   spec peak/true/true/56/1
ok   spec peak/true/true/56/2
ok   edge 56
ok   continuous peak/true/true/56
ok   spec peak/true/true/57/0
ok   spec peak/true/true/57/1
ok   spec peak/true/true/57/2
ok   edge 57
ok   continuous peak/true/true/57
ok   spec peak/true/true/58/0
ok   spec peak/true/true/58/1
ok   spec peak/true/true/58/2
ok   edge 58
ok   continuous peak/true/true/58
ok   spec peak/true/true/59/0
ok   spec peak/true/true/59/1
ok   spec peak/true/true/59/2
ok   edge 59
ok   continuous peak/true/true/59
ok   spec peak/true/true/60/0
ok   spec peak/true/true/60/1
ok   spec peak/true/true/60/2
ok   edge 60
ok   continuous peak/true/true/60
ok   spec peak/true/true/61/0
ok   spec peak/true/true/61/1
ok   spec peak/true/true/61/2
ok   edge 61
ok   continuous peak/true/true/61
ok   spec peak/true/true/62/0
ok   spec peak/true/true/62/1
ok   spec peak/true/true/62/2
ok   edge 62
ok   continuous peak/true/true/62
ok   spec peak/true/true/63/0
ok   spec peak/true/true/63/1
ok   spec peak/true/true/63/2
ok   edge 63
ok   continuous peak/true/true/63
ok   spec peak/true/true/64/0
ok   spec peak/true/true/64/1
ok   spec peak/true/true/64/2
ok   edge 64
ok   continuous peak/true/true/64
ok   spec peak/true/true/65/0
ok   spec peak/true/true/65/1
ok   spec peak/true/true/65/2
ok   edge 65
ok   continuous peak/true/true/65
ok   spec peak/true/true/66/0
ok   spec peak/true/true/66/1
ok   spec peak/true/true/66/2
ok   edge 66
ok   continuous peak/true/true/66
ok   spec peak/true/true/67/0
ok   spec peak/true/true/67/1
ok   spec peak/true/true/67/2
ok   edge 67
ok   continuous peak/true/true/67
ok   spec peak/true/true/68/0
ok   spec peak/true/true/68/1
ok   spec peak/true/true/68/2
ok   edge 68
ok   continuous peak/true/true/68
ok   spec peak/true/true/69/0
ok   spec peak/true/true/69/1
ok   spec peak/true/true/69/2
ok   edge 69
ok   continuous peak/true/true/69
ok   spec peak/true/true/70/0
ok   spec peak/true/true/70/1
ok   spec peak/true/true/70/2
ok   edge 70
ok   continuous peak/true/true/70
ok   spec peak/true/true/71/0
ok   spec peak/true/true/71/1
ok   spec peak/true/true/71/2
ok   edge 71
ok   continuous peak/true/true/71
ok   spec peak/true/true/72/0
ok   spec peak/true/true/72/1
ok   spec peak/true/true/72/2
ok   edge 72
ok   continuous peak/true/true/72
ok   spec peak/true/true/73/0
ok   spec peak/true/true/73/1
ok   spec peak/true/true/73/2
ok   edge 73
ok   continuous peak/true/true/73
ok   spec peak/true/true/74/0
ok   spec peak/true/true/74/1
ok   spec peak/true/true/74/2
ok   edge 74
ok   continuous peak/true/true/74
ok   spec peak/true/true/75/0
ok   spec peak/true/true/75/1
ok   spec peak/true/true/75/2
ok   edge 75
ok   continuous peak/true/true/75
ok   spec peak/true/true/76/0
ok   spec peak/true/true/76/1
ok   spec peak/true/true/76/2
ok   edge 76
ok   continuous peak/true/true/76
ok   spec peak/true/true/77/0
ok   spec peak/true/true/77/1
ok   spec peak/true/true/77/2
ok   edge 77
ok   continuous peak/true/true/77
ok   spec peak/true/true/78/0
ok   spec peak/true/true/78/1
ok   spec peak/true/true/78/2
ok   edge 78
ok   continuous peak/true/true/78
ok   spec peak/true/true/79/0
ok   spec peak/true/true/79/1
ok   spec peak/true/true/79/2
ok   edge 79
ok   continuous peak/true/true/79
ok   spec peak/true/true/80/0
ok   spec peak/true/true/80/1
ok   spec peak/true/true/80/2
ok   edge 80
ok   continuous peak/true/true/80
ok   spec peak/true/true/81/0
ok   spec peak/true/true/81/1
ok   spec peak/true/true/81/2
ok   edge 81
ok   continuous peak/true/true/81
ok   spec peak/true/true/82/0
ok   spec peak/true/true/82/1
ok   spec peak/true/true/82/2
ok   edge 82
ok   continuous peak/true/true/82
ok   spec peak/true/true/83/0
ok   spec peak/true/true/83/1
ok   spec peak/true/true/83/2
ok   edge 83
ok   continuous peak/true/true/83
ok   spec peak/true/true/84/0
ok   spec peak/true/true/84/1
ok   spec peak/true/true/84/2
ok   edge 84
ok   continuous peak/true/true/84
ok   spec peak/true/true/85/0
ok   spec peak/true/true/85/1
ok   spec peak/true/true/85/2
ok   edge 85
ok   continuous peak/true/true/85
ok   spec peak/true/true/86/0
ok   spec peak/true/true/86/1
ok   spec peak/true/true/86/2
ok   edge 86
ok   continuous peak/true/true/86
ok   spec peak/true/true/87/0
ok   spec peak/true/true/87/1
ok   spec peak/true/true/87/2
ok   edge 87
ok   continuous peak/true/true/87
ok   spec peak/true/true/88/0
ok   spec peak/true/true/88/1
ok   spec peak/true/true/88/2
ok   edge 88
ok   continuous peak/true/true/88
ok   spec peak/true/true/89/0
ok   spec peak/true/true/89/1
ok   spec peak/true/true/89/2
ok   edge 89
ok   continuous peak/true/true/89
ok   spec peak/true/true/90/0
ok   spec peak/true/true/90/1
ok   spec peak/true/true/90/2
ok   edge 90
ok   continuous peak/true/true/90
ok   spec peak/true/true/91/0
ok   spec peak/true/true/91/1
ok   spec peak/true/true/91/2
ok   edge 91
ok   continuous peak/true/true/91
ok   spec peak/true/true/92/0
ok   spec peak/true/true/92/1
ok   spec peak/true/true/92/2
ok   edge 92
ok   continuous peak/true/true/92
ok   spec peak/true/true/93/0
ok   spec peak/true/true/93/1
ok   spec peak/true/true/93/2
ok   edge 93
ok   continuous peak/true/true/93
ok   spec peak/true/true/94/0
ok   spec peak/true/true/94/1
ok   spec peak/true/true/94/2
ok   edge 94
ok   continuous peak/true/true/94
ok   spec peak/true/true/95/0
ok   spec peak/true/true/95/1
ok   spec peak/true/true/95/2
ok   edge 95
ok   continuous peak/true/true/95
ok   spec peak/true/true/96/0
ok   spec peak/true/true/96/1
ok   spec peak/true/true/96/2
ok   edge 96
ok   continuous peak/true/true/96
ok   spec peak/true/true/97/0
ok   spec peak/true/true/97/1
ok   spec peak/true/true/97/2
ok   edge 97
ok   continuous peak/true/true/97
ok   spec peak/true/true/98/0
ok   spec peak/true/true/98/1
ok   spec peak/true/true/98/2
ok   edge 98
ok   continuous peak/true/true/98
ok   spec peak/true/true/99/0
ok   spec peak/true/true/99/1
ok   spec peak/true/true/99/2
ok   edge 99
ok   continuous peak/true/true/99
ok   spec peak/true/true/100/0
ok   spec peak/true/true/100/1
ok   spec peak/true/true/100/2
ok   edge 100
ok   continuous peak/true/true/100
ok   paper constants
ok   paper ink false/false
ok   paper ink false/true
ok   paper ink true/false
ok   paper ink true/true
ok   paper panel excludes threshold
ok   paper smallest panel
ok   paper panel 428.0x926.0
ok   paper panel 926.0x428.0
ok   paper panel moved down
ok   paper panel never above the frame
ok   paper panel keeps room for its corners
ok   paper grid excludes endpoint
ok   paper grid includes next bold
ok   paper nonpositive grid empty
ok   paper band from zero is the frame grid
ok   paper band shifts into local positions
ok   paper band keeps the global bold lines
ok   paper band includes a line on its origin, excludes its end
ok   paper band above the origin counts bold lines the same way
ok   paper band empty for no length
ok   paper band lines sit on the frame's grid

ALL WARD RELIEF TESTS PASS

run rc=0